,Age,I18n,App Id,Build,Gender,Section,OS Version,Device Type,Handedness,Device Model,Games Scores,Install Mode,Participant ID,Client Time Zone,Games Play Count,Processor Count,Runtime Platform,System Memory Size,Times Finished Game,Graphics Device Name,Processor Frequency,Games Map Dialog Stage,Client Time Zone Offset,PID,Created At,Updated At
0,20,10,ACE Explorer,1.22.33,UNDEFINED,None,Windows 10,3,RIGHT,Chrome 132,"[{'score': 25280.0, 'gameName': 'BRT', 'highScore': 25280.0}, {'score': 9940.0, 'gameName': 'WTNumber', 'highScore': 9940.0}, {'score': 32160.0, 'gameName': 'Stroop', 'highScore': 32160.0}, {'score': 33530.0, 'gameName': 'TaskSwitch2', 'highScore': 33530.0}, {'score': 5680.0, 'gameName': 'SpatialSpanReverse', 'highScore': 5680.0}]",0,WPI6_174231530i78e83,Eastern Standard Time,"[{'gameName': 'BRT', 'playCount': 1, 'lastPlaySession': 0}, {'gameName': 'WTNumber', 'playCount': 1, 'lastPlaySession': 0}, {'gameName': 'Stroop', 'playCount': 1, 'lastPlaySession': 0}, {'gameName': 'SpatialSpanReverse', 'playCount': 1, 'lastPlaySession': 0}, {'gameName': 'TaskSwitch2', 'playCount': 1, 'lastPlaySession': 0}]",1,17,128,1,"ANGLE (NVIDIA, NVIDIA GeForce RTX 3070 Laptop GPU (0x0000249D) Direct3D11 vs_5_0 ps_5_0, D3D11)",0,2,-4,WPI6_174231530i78e83,2025-03-18T16:28:59.000000Z,2025-03-18T16:43:53.000000Z
1,19,10,ACE Explorer,1.22.33,UNDEFINED,None,Windows 10,3,RIGHT,Chrome 129,"[{'score': 20940.0, 'gameName': 'BRT', 'highScore': 20940.0}, {'score': 9940.0, 'gameName': 'WTNumber', 'highScore': 9940.0}, {'score': 19390.0, 'gameName': 'Stroop', 'highScore': 19390.0}, {'score': 14140.0, 'gameName': 'TaskSwitch2', 'highScore': 14140.0}, {'score': 6390.0, 'gameName': 'SpatialSpanReverse', 'highScore': 6390.0}]",0,WPI6_173b04029437i39,Eastern Standard Time,"[{'gameName': 'BRT', 'playCount': 1, 'lastPlaySession': 0}, {'gameName': 'WTNumber', 'playCount': 1, 'lastPlaySession': 0}, {'gameName': 'Stroop', 'playCount': 1, 'lastPlaySession': 0}, {'gameName': 'SpatialSpanReverse', 'playCount': 1, 'lastPlaySession': 0}, {'gameName': 'TaskSwitch2', 'playCount': 1, 'lastPlaySession': 0}]",1,17,128,1,"ANGLE (Intel, Intel(R) Iris(R) Xe Graphics (0x0000A7A1) Direct3D11 vs_5_0 ps_5_0, D3D11)",0,2,-4,WPI6_173b04029437i39,2024-10-31T19:30:15.000000Z,2024-11-01T15:47:16.000000Z
2,19,10,ACE Explorer,1.22.33,UNDEFINED,None,Windows 10,3,RIGHT,Chrome 133,"[{'score': 37550.0, 'gameName': 'BRT', 'highScore': 37550.0}, {'score': 9940.0, 'gameName': 'WTNumber', 'highScore': 9940.0}, {'score': 31660.0, 'gameName': 'Stroop', 'highScore': 31660.0}, {'score': 57220.0, 'gameName': 'TaskSwitch2', 'highScore': 57220.0}, {'score': 5680.0, 'gameName': 'SpatialSpanReverse', 'highScore': 5680.0}]",0,WPI6_17z42g312914732,Eastern Standard Time,"[{'gameName': 'BRT', 'playCount': 1, 'lastPlaySession': 0}, {'gameName': 'WTNumber', 'playCount': 1, 'lastPlaySession': 0}, {'gameName': 'Stroop', 'playCount': 1, 'lastPlaySession': 0}, {'gameName': 'SpatialSpanReverse', 'playCount': 1, 'lastPlaySession': 0}, {'gameName': 'TaskSwitch2', 'playCount': 1, 'lastPlaySession': 0}]",1,17,128,1,"ANGLE (AMD, AMD Radeon(TM) Graphics (0x00001681) Direct3D11 vs_5_0 ps_5_0, D3D11)",0,2,-4,WPI6_17z42g312914732,2025-03-18T15:49:00.000000Z,2025-03-18T16:05:56.000000Z
3,22,10,ACE Explorer,1.22.33,UNDEFINED,None,Windows 10,3,RIGHT,Chrome 131,"[{'score': 33840.0, 'gameName': 'BRT', 'highScore': 33840.0}, {'score': 9940.0, 'gameName': 'WTNumber', 'highScore': 9940.0}, {'score': 37750.0, 'gameName': 'Stroop', 'highScore': 37750.0}, {'score': 64390.0, 'gameName': 'TaskSwitch2', 'highScore': 64390.0}, {'score': 5680.0, 'gameName': 'SpatialSpanReverse', 'highScore': 5680.0}]",0,WPI6_173730609q4x876,Eastern Standard Time,"[{'gameName': 'BRT', 'playCount': 1, 'lastPlaySession': 0}, {'gameName': 'WTNumber', 'playCount': 1, 'lastPlaySession': 0}, {'gameName': 'Stroop', 'playCount': 1, 'lastPlaySession': 0}, {'gameName': 'SpatialSpanReverse', 'playCount': 1, 'lastPlaySession': 0}, {'gameName': 'TaskSwitch2', 'playCount': 1, 'lastPlaySession': 0}]",1,17,128,1,"ANGLE (Intel, Intel(R) Iris(R) Xe Graphics (0x00009A49) Direct3D11 vs_5_0 ps_5_0, D3D11)",0,2,-5,WPI6_173730609q4x876,2025-01-19T17:02:44.000000Z,2025-01-19T17:19:15.000000Z
4,35,10,ACE Explorer,1.24.0,FEMALE,None,Mac OS X 10_15_7,3,RIGHT,Chrome 129,"[{'score': 23920.0, 'gameName': 'BRT', 'highScore': 23920.0}, {'score': 9940.0, 'gameName': 'WTNumber', 'highScore': 9940.0}, {'score': 41810.0, 'gameName': 'Stroop', 'highScore': 41810.0}, {'score': 42280.0, 'gameName': 'TaskSwitch2', 'highScore': 42280.0}, {'score': 4260.0, 'gameName': 'SpatialSpanReverse', 'highScore': 4260.0}]",0,WPI6_alena1,Eastern Standard Time,"[{'gameName': 'BRT', 'playCount': 1, 'lastPlaySession': 0}, {'gameName': 'WTNumber', 'playCount': 1, 'lastPlaySession': 0}, {'gameName': 'Stroop', 'playCount': 1, 'lastPlaySession': 0}, {'gameName': 'SpatialSpanReverse', 'playCount': 1, 'lastPlaySession': 0}, {'gameName': 'TaskSwitch2', 'playCount': 1, 'lastPlaySession': 0}]",1,17,256,1,"ANGLE (Apple, ANGLE Metal Renderer: Apple M3 Pro, Unspecified Version)",0,2,-4,WPI6_alena1,2024-10-02T20:37:01.000000Z,2024-10-02T20:50:43.000000Z
5,19,10,ACE Explorer,1.22.33,UNDEFINED,None,Windows 10,3,RIGHT,Chrome 131,"[{'score': 46560.0, 'gameName': 'BRT', 'highScore': 46560.0}, {'score': 9940.0, 'gameName': 'WTNumber', 'highScore': 9940.0}, {'score': 81420.0, 'gameName': 'Stroop', 'highScore': 81420.0}, {'score': 42000.0, 'gameName': 'TaskSwitch2', 'highScore': 42000.0}, {'score': 6390.0, 'gameName': 'SpatialSpanReverse', 'highScore': 6390.0}]",0,WPI6_o1d733879690572,Eastern Standard Time,"[{'gameName': 'BRT', 'playCount': 1, 'lastPlaySession': 0}, {'gameName': 'WTNumber', 'playCount': 1, 'lastPlaySession': 0}, {'gameName': 'Stroop', 'playCount': 1, 'lastPlaySession': 0}, {'gameName': 'SpatialSpanReverse', 'playCount': 1, 'lastPlaySession': 0}, {'gameName': 'TaskSwitch2', 'playCount': 1, 'lastPlaySession': 0}]",1,17,128,1,"ANGLE (Intel, Intel(R) UHD Graphics (0x0000A7A8) Direct3D11 vs_5_0 ps_5_0, D3D11)",0,2,-5,WPI6_o1d733879690572,2024-12-11T01:15:59.000000Z,2024-12-11T01:32:21.000000Z
6,19,10,ACE Explorer,1.22.33,UNDEFINED,None,Mac OS X 10_15_7,3,RIGHT,Chrome 131,"[{'score': 35440.0, 'gameName': 'BRT', 'highScore': 35440.0}, {'score': 9940.0, 'gameName': 'WTNumber', 'highScore': 9940.0}, {'score': 26080.0, 'gameName': 'Stroop', 'highScore': 26080.0}, {'score': 46570.0, 'gameName': 'TaskSwitch2', 'highScore': 46570.0}, {'score': 4970.0, 'gameName': 'SpatialSpanReverse', 'highScore': 4970.0}]",0,WPI6_17338430c619k41,Eastern Standard Time,"[{'gameName': 'BRT', 'playCount': 1, 'lastPlaySession': 0}, {'gameName': 'WTNumber', 'playCount': 1, 'lastPlaySession': 0}, {'gameName': 'Stroop', 'playCount': 1, 'lastPlaySession': 0}, {'gameName': 'SpatialSpanReverse', 'playCount': 1, 'lastPlaySession': 0}, {'gameName': 'TaskSwitch2', 'playCount': 1, 'lastPlaySession': 0}]",1,17,128,1,"ANGLE (Apple, ANGLE Metal Renderer: Apple M2, Unspecified Version)",0,2,-5,WPI6_17338430c619k41,2024-12-10T15:05:47.000000Z,2024-12-10T15:20:46.000000Z
7,20,10,ACE Explorer,1.22.33,UNDEFINED,None,Mac OS X 10_15_7,3,RIGHT,Safari 17.2,"[{'score': 23860.0, 'gameName': 'BRT', 'highScore': 23860.0}, {'score': 9940.0, 'gameName': 'WTNumber', 'highScore': 9940.0}, {'score': 30370.0, 'gameName': 'Stroop', 'highScore': 30370.0}, {'score': 25030.0, 'gameName': 'TaskSwitch2', 'highScore': 25030.0}, {'score': 5680.0, 'gameName': 'SpatialSpanReverse', 'highScore': 5680.0}]",0,WPI6_z17l33879987190,Eastern Standard Time,"[{'gameName': 'BRT', 'playCount': 1, 'lastPlaySession': 0}, {'gameName': 'WTNumber', 'playCount': 1, 'lastPlaySession': 0}, {'gameName': 'Stroop', 'playCount': 1, 'lastPlaySession': 0}, {'gameName': 'SpatialSpanReverse', 'playCount': 1, 'lastPlaySession': 0}, {'gameName': 'TaskSwitch2', 'playCount': 1, 'lastPlaySession': 0}]",1,17,128,1,Apple GPU,0,2,-5,WPI6_z17l33879987190,2024-12-11T01:20:14.000000Z,2024-12-11T01:32:56.000000Z
8,35,10,ACE Explorer,1.22.33,UNDEFINED,None,Mac OS X 10_15_7,3,RIGHT,Chrome 129,"[{'score': 50160.0, 'gameName': 'BRT', 'highScore': 50160.0}, {'score': 9940.0, 'gameName': 'WTNumber', 'highScore': 9940.0}, {'score': 38120.0, 'gameName': 'Stroop', 'highScore': 38120.0}, {'score': 52850.0, 'gameName': 'TaskSwitch2', 'highScore': 52850.0}, {'score': 0.0, 'gameName': 'SpatialSpanReverse', 'highScore': 0.0}]",0,WPI6_y17a28670978573,Eastern Standard Time,"[{'gameName': 'BRT', 'playCount': 1, 'lastPlaySession': 0}, {'gameName': 'WTNumber', 'playCount': 1, 'lastPlaySession': 0}, {'gameName': 'Stroop', 'playCount': 1, 'lastPlaySession': 0}, {'gameName': 'SpatialSpanReverse', 'playCount': 1, 'lastPlaySession': 0}, {'gameName': 'TaskSwitch2', 'playCount': 1, 'lastPlaySession': 0}]",1,17,256,1,"ANGLE (Apple, ANGLE Metal Renderer: Apple M3 Pro, Unspecified Version)",0,2,-4,WPI6_y17a28670978573,2024-10-11T18:23:36.000000Z,2024-10-11T18:35:24.000000Z
9,26,10,ACE Explorer,1.24.0,FEMALE,None,Windows 10,3,LEFT,Chrome 129,"[{'score': 33750.0, 'gameName': 'BRT', 'highScore': 33750.0}, {'score': 9940.0, 'gameName': 'WTNumber', 'highScore': 9940.0}, {'score': 41500.0, 'gameName': 'Stroop', 'highScore': 41500.0}, {'score': 8230.0, 'gameName': 'TaskSwitch2', 'highScore': 8230.0}, {'score': 0.0, 'gameName': 'SpatialSpanReverse', 'highScore': 0.0}]",0,WPI6_test,Eastern Standard Time,"[{'gameName': 'BRT', 'playCount': 1, 'lastPlaySession': 0}, {'gameName': 'WTNumber', 'playCount': 1, 'lastPlaySession': 0}, {'gameName': 'Stroop', 'playCount': 1, 'lastPlaySession': 0}, {'gameName': 'SpatialSpanReverse', 'playCount': 1, 'lastPlaySession': 0}, {'gameName': 'TaskSwitch2', 'playCount': 1, 'lastPlaySession': 0}]",1,17,128,1,"ANGLE (Intel, Intel(R) Iris(R) Xe Graphics (0x00009A49) Direct3D11 vs_5_0 ps_5_0, D3D11)",0,2,-4,WPI6_test,2024-10-01T18:57:08.000000Z,2024-10-01T19:09:02.000000Z
10,20,10,ACE Explorer,1.22.33,UNDEFINED,None,Windows 10,3,RIGHT,Chrome 128,"[{'score': 54510.0, 'gameName': 'BRT', 'highScore': 54510.0}, {'score': 9940.0, 'gameName': 'WTNumber', 'highScore': 9940.0}, {'score': 46890.0, 'gameName': 'Stroop', 'highScore': 46890.0}, {'score': 30190.0, 'gameName': 'TaskSwitch2', 'highScore': 30190.0}, {'score': 7100.0, 'gameName': 'SpatialSpanReverse', 'highScore': 7100.0}]",0,WPI6_173y3b374550702,Eastern Standard Time,"[{'gameName': 'BRT', 'playCount': 1, 'lastPlaySession': 0}, {'gameName': 'WTNumber', 'playCount': 1, 'lastPlaySession': 0}, {'gameName': 'Stroop', 'playCount': 1, 'lastPlaySession': 0}, {'gameName': 'SpatialSpanReverse', 'playCount': 1, 'lastPlaySession': 0}, {'gameName': 'TaskSwitch2', 'playCount': 1, 'lastPlaySession': 0}]",1,17,128,1,"ANGLE (NVIDIA, NVIDIA GeForce RTX 4050 Laptop GPU (0x000028E1) Direct3D11 vs_5_0 ps_5_0, D3D11)",0,2,-5,WPI6_173y3b374550702,2024-12-05T04:57:43.000000Z,2024-12-05T05:10:38.000000Z
11,18,10,ACE Explorer,1.22.33,UNDEFINED,None,Windows 10,3,RIGHT,Chrome 130,"[{'score': 32170.0, 'gameName': 'BRT', 'highScore': 32170.0}, {'score': 9940.0, 'gameName': 'WTNumber', 'highScore': 9940.0}]",0,WPI6_1730519011tt682,GMT,"[{'gameName': 'BRT', 'playCount': 1, 'lastPlaySession': 0}, {'gameName': 'WTNumber', 'playCount': 1, 'lastPlaySession': 0}, {'gameName': 'Stroop', 'playCount': 0, 'lastPlaySession': -1}, {'gameName': 'SpatialSpanReverse', 'playCount': 0, 'lastPlaySession': -1}, {'gameName': 'TaskSwitch2', 'playCount': 0, 'lastPlaySession': -1}]",1,17,256,0,"ANGLE (Intel, Intel(R) UHD Graphics (0x00004626) Direct3D11 vs_5_0 ps_5_0, D3D11)",0,1,-4,WPI6_1730519011tt682,2024-11-02T03:44:34.000000Z,2024-11-02T03:48:47.000000Z
12,18,10,ACE Explorer,1.22.33,UNDEFINED,None,Windows 10,3,RIGHT,Chrome 130,"[{'score': 11630.0, 'gameName': 'BRT', 'highScore': 11630.0}, {'score': 9940.0, 'gameName': 'WTNumber', 'highScore': 9940.0}, {'score': 46470.0, 'gameName': 'Stroop', 'highScore': 46470.0}, {'score': 27180.0, 'gameName': 'TaskSwitch2', 'highScore': 27180.0}, {'score': 6390.0, 'gameName': 'SpatialSpanReverse', 'highScore': 6390.0}]",0,WPI6_17305q196215x98,GMT,"[{'gameName': 'BRT', 'playCount': 1, 'lastPlaySession': 0}, {'gameName': 'WTNumber', 'playCount': 1, 'lastPlaySession': 0}, {'gameName': 'Stroop', 'playCount': 1, 'lastPlaySession': 0}, {'gameName': 'SpatialSpanReverse', 'playCount': 1, 'lastPlaySession': 0}, {'gameName': 'TaskSwitch2', 'playCount': 1, 'lastPlaySession': 0}]",1,17,128,1,"ANGLE (Intel, Intel(R) UHD Graphics (0x00004626) Direct3D11 vs_5_0 ps_5_0, D3D11)",0,2,-4,WPI6_17305q196215x98,2024-11-02T03:54:09.000000Z,2024-11-02T04:07:45.000000Z
13,18,10,ACE Explorer,1.22.33,UNDEFINED,None,Windows 10,3,LEFT,Chrome 131,"[{'score': 29720.0, 'gameName': 'BRT', 'highScore': 29720.0}, {'score': 9940.0, 'gameName': 'WTNumber', 'highScore': 9940.0}, {'score': 44440.0, 'gameName': 'Stroop', 'highScore': 44440.0}, {'score': 35760.0, 'gameName': 'TaskSwitch2', 'highScore': 35760.0}, {'score': 6390.0, 'gameName': 'SpatialSpanReverse', 'highScore': 6390.0}]",0,WPI6_1732e040001i696,Eastern Standard Time,"[{'gameName': 'BRT', 'playCount': 1, 'lastPlaySession': 0}, {'gameName': 'WTNumber', 'playCount': 1, 'lastPlaySession': 0}, {'gameName': 'Stroop', 'playCount': 1, 'lastPlaySession': 0}, {'gameName': 'SpatialSpanReverse', 'playCount': 1, 'lastPlaySession': 0}, {'gameName': 'TaskSwitch2', 'playCount': 1, 'lastPlaySession': 0}]",1,17,128,1,"ANGLE (AMD, AMD Radeon(TM) Graphics (0x00001638) Direct3D11 vs_5_0 ps_5_0, D3D11)",0,2,-5,WPI6_1732e040001i696,2024-11-19T18:14:39.000000Z,2024-11-19T18:29:01.000000Z
14,21,10,ACE Explorer,1.22.33,UNDEFINED,None,Windows 10,3,RIGHT,Chrome 131,"[{'score': 25680.0, 'gameName': 'BRT', 'highScore': 25680.0}, {'score': 9940.0, 'gameName': 'WTNumber', 'highScore': 9940.0}, {'score': 58130.0, 'gameName': 'Stroop', 'highScore': 58130.0}, {'score': 51070.0, 'gameName': 'TaskSwitch2', 'highScore': 51070.0}, {'score': 6390.0, 'gameName': 'SpatialSpanReverse', 'highScore': 6390.0}]",0,WPI6_1733866534x70k0,Eastern Standard Time,"[{'gameName': 'BRT', 'playCount': 1, 'lastPlaySession': 0}, {'gameName': 'WTNumber', 'playCount': 1, 'lastPlaySession': 0}, {'gameName': 'Stroop', 'playCount': 1, 'lastPlaySession': 0}, {'gameName': 'SpatialSpanReverse', 'playCount': 1, 'lastPlaySession': 0}, {'gameName': 'TaskSwitch2', 'playCount': 1, 'lastPlaySession': 0}]",1,17,128,1,"ANGLE (Intel, Intel(R) UHD Graphics (0x00009BC4) Direct3D11 vs_5_0 ps_5_0, D3D11)",0,2,-5,WPI6_1733866534x70k0,2024-12-10T21:36:02.000000Z,2024-12-10T21:51:23.000000Z
15,20,10,ACE Explorer,1.22.33,UNDEFINED,None,Mac OS X 10_15_7,3,RIGHT,Chrome 131,"[{'score': 33110.0, 'gameName': 'BRT', 'highScore': 33110.0}, {'score': 9940.0, 'gameName': 'WTNumber', 'highScore': 9940.0}, {'score': 29640.0, 'gameName': 'Stroop', 'highScore': 29640.0}, {'score': 33860.0, 'gameName': 'TaskSwitch2', 'highScore': 33860.0}, {'score': 8520.0, 'gameName': 'SpatialSpanReverse', 'highScore': 8520.0}]",0,WPI6_17338t8102032o8,Eastern Standard Time,"[{'gameName': 'BRT', 'playCount': 1, 'lastPlaySession': 0}, {'gameName': 'WTNumber', 'playCount': 1, 'lastPlaySession': 0}, {'gameName': 'Stroop', 'playCount': 1, 'lastPlaySession': 0}, {'gameName': 'SpatialSpanReverse', 'playCount': 1, 'lastPlaySession': 0}, {'gameName': 'TaskSwitch2', 'playCount': 1, 'lastPlaySession': 0}]",1,17,256,1,"ANGLE (Apple, ANGLE Metal Renderer: Apple M1 Pro, Unspecified Version)",0,2,-5,WPI6_17338t8102032o8,2024-12-11T01:37:30.000000Z,2024-12-11T01:52:10.000000Z
16,20,10,ACE Explorer,1.22.33,UNDEFINED,None,Mac OS X 10_15_7,3,RIGHT,Chrome 129,"[{'score': 27640.0, 'gameName': 'BRT', 'highScore': 27640.0}, {'score': 9940.0, 'gameName': 'WTNumber', 'highScore': 9940.0}, {'score': 38820.0, 'gameName': 'Stroop', 'highScore': 38820.0}, {'score': 27350.0, 'gameName': 'TaskSwitch2', 'highScore': 27350.0}, {'score': 7100.0, 'gameName': 'SpatialSpanReverse', 'highScore': 7100.0}]",0,WPI6_17338487w25j007,Eastern Standard Time,"[{'gameName': 'BRT', 'playCount': 1, 'lastPlaySession': 0}, {'gameName': 'WTNumber', 'playCount': 1, 'lastPlaySession': 0}, {'gameName': 'Stroop', 'playCount': 1, 'lastPlaySession': 0}, {'gameName': 'SpatialSpanReverse', 'playCount': 1, 'lastPlaySession': 0}, {'gameName': 'TaskSwitch2', 'playCount': 1, 'lastPlaySession': 0}]",1,17,128,1,"ANGLE (Apple, ANGLE Metal Renderer: Apple M2 Pro, Unspecified Version)",0,2,-5,WPI6_17338487w25j007,2024-12-10T16:42:49.000000Z,2024-12-11T02:05:37.000000Z
17,20,10,ACE Explorer,1.22.33,UNDEFINED,None,Windows 10,3,RIGHT,Chrome 130,"[{'score': 26800.0, 'gameName': 'BRT', 'highScore': 26800.0}, {'score': 9940.0, 'gameName': 'WTNumber', 'highScore': 9940.0}, {'score': 50210.0, 'gameName': 'Stroop', 'highScore': 50210.0}, {'score': 25280.0, 'gameName': 'TaskSwitch2', 'highScore': 25280.0}, {'score': 5680.0, 'gameName': 'SpatialSpanReverse', 'highScore': 5680.0}]",0,WPI6_p173e3404848397,Eastern Standard Time,"[{'gameName': 'BRT', 'playCount': 1, 'lastPlaySession': 0}, {'gameName': 'WTNumber', 'playCount': 1, 'lastPlaySession': 0}, {'gameName': 'Stroop', 'playCount': 1, 'lastPlaySession': 0}, {'gameName': 'SpatialSpanReverse', 'playCount': 1, 'lastPlaySession': 0}, {'gameName': 'TaskSwitch2', 'playCount': 1, 'lastPlaySession': 0}]",1,17,256,1,"ANGLE (AMD, AMD Radeon (TM) Graphics (0x000015E7) Direct3D11 vs_5_0 ps_5_0, D3D11)",0,2,-5,WPI6_p173e3404848397,2024-12-05T13:21:23.000000Z,2024-12-05T13:35:31.000000Z
18,21,10,ACE Explorer,1.22.33,UNDEFINED,None,Windows 10,3,RIGHT,Chrome 130,"[{'score': 23720.0, 'gameName': 'BRT', 'highScore': 23720.0}, {'score': 9940.0, 'gameName': 'WTNumber', 'highScore': 9940.0}, {'score': 28230.0, 'gameName': 'Stroop', 'highScore': 28230.0}, {'score': 57790.0, 'gameName': 'TaskSwitch2', 'highScore': 57790.0}, {'score': 7810.0, 'gameName': 'SpatialSpanReverse', 'highScore': 7810.0}]",0,WPI6_173152o923x6087,Eastern Standard Time,"[{'gameName': 'BRT', 'playCount': 1, 'lastPlaySession': 0}, {'gameName': 'WTNumber', 'playCount': 1, 'lastPlaySession': 0}, {'gameName': 'Stroop', 'playCount': 1, 'lastPlaySession': 0}, {'gameName': 'SpatialSpanReverse', 'playCount': 1, 'lastPlaySession': 0}, {'gameName': 'TaskSwitch2', 'playCount': 1, 'lastPlaySession': 0}]",1,17,256,1,"ANGLE (Intel, Intel(R) UHD Graphics 620 (0x00003EA0) Direct3D11 vs_5_0 ps_5_0, D3D11)",0,2,-5,WPI6_173152o923x6087,2024-11-13T20:21:04.000000Z,2024-11-13T20:36:09.000000Z
19,19,10,ACE Explorer,1.22.33,UNDEFINED,None,Windows 10,3,RIGHT,Chrome 130,"[{'score': 37010.0, 'gameName': 'BRT', 'highScore': 37010.0}, {'score': 9940.0, 'gameName': 'WTNumber', 'highScore': 9940.0}, {'score': 23630.0, 'gameName': 'Stroop', 'highScore': 23630.0}, {'score': 16330.0, 'gameName': 'TaskSwitch2', 'highScore': 16330.0}, {'score': 6390.0, 'gameName': 'SpatialSpanReverse', 'highScore': 6390.0}]",0,WPI6_1731yu427650316,Eastern Standard Time,"[{'gameName': 'BRT', 'playCount': 1, 'lastPlaySession': 0}, {'gameName': 'WTNumber', 'playCount': 1, 'lastPlaySession': 0}, {'gameName': 'Stroop', 'playCount': 1, 'lastPlaySession': 0}, {'gameName': 'SpatialSpanReverse', 'playCount': 1, 'lastPlaySession': 0}, {'gameName': 'TaskSwitch2', 'playCount': 1, 'lastPlaySession': 0}]",1,17,128,1,"ANGLE (AMD, AMD Radeon (TM) Graphics (0x000015E7) Direct3D11 vs_5_0 ps_5_0, D3D11)",0,2,-5,WPI6_1731yu427650316,2024-11-12T16:07:57.000000Z,2024-11-12T16:22:17.000000Z
20,20,10,ACE Explorer,1.22.33,UNDEFINED,None,Windows 10,3,RIGHT,Chrome 130,"[{'score': 28140.0, 'gameName': 'BRT', 'highScore': 28140.0}, {'score': 9940.0, 'gameName': 'WTNumber', 'highScore': 9940.0}, {'score': 56760.0, 'gameName': 'Stroop', 'highScore': 56760.0}, {'score': 26190.0, 'gameName': 'TaskSwitch2', 'highScore': 26190.0}, {'score': 4970.0, 'gameName': 'SpatialSpanReverse', 'highScore': 4970.0}]",0,WPI6_1731u428574p274,Eastern Standard Time,"[{'gameName': 'BRT', 'playCount': 1, 'lastPlaySession': 0}, {'gameName': 'WTNumber', 'playCount': 1, 'lastPlaySession': 0}, {'gameName': 'Stroop', 'playCount': 1, 'lastPlaySession': 0}, {'gameName': 'SpatialSpanReverse', 'playCount': 1, 'lastPlaySession': 0}, {'gameName': 'TaskSwitch2', 'playCount': 1, 'lastPlaySession': 0}]",1,17,128,1,"ANGLE (Intel, Intel(R) Iris(R) Xe Graphics (0x00009A49) Direct3D11 vs_5_0 ps_5_0, D3D11)",0,2,-5,WPI6_1731u428574p274,2024-11-12T16:23:50.000000Z,2024-11-12T16:44:07.000000Z
21,17,10,ACE Explorer,1.22.33,UNDEFINED,None,Windows 10,3,RIGHT,Chrome 130,"[{'score': 41370.0, 'gameName': 'BRT', 'highScore': 41370.0}, {'score': 9940.0, 'gameName': 'WTNumber', 'highScore': 9940.0}, {'score': 66100.0, 'gameName': 'Stroop', 'highScore': 66100.0}, {'score': 5800.0, 'gameName': 'TaskSwitch2', 'highScore': 5800.0}, {'score': 6390.0, 'gameName': 'SpatialSpanReverse', 'highScore': 6390.0}]",0,WPI6_1r7320512a66565,Eastern Standard Time,"[{'gameName': 'BRT', 'playCount': 1, 'lastPlaySession': 0}, {'gameName': 'WTNumber', 'playCount': 1, 'lastPlaySession': 0}, {'gameName': 'Stroop', 'playCount': 1, 'lastPlaySession': 0}, {'gameName': 'SpatialSpanReverse', 'playCount': 1, 'lastPlaySession': 0}, {'gameName': 'TaskSwitch2', 'playCount': 1, 'lastPlaySession': 0}]",1,17,128,1,"ANGLE (AMD, AMD Radeon (TM) Graphics (0x000015E7) Direct3D11 vs_5_0 ps_5_0, D3D11)",0,2,-5,WPI6_1r7320512a66565,2024-11-19T21:22:20.000000Z,2024-11-19T21:40:12.000000Z
22,21,10,ACE Explorer,1.22.33,UNDEFINED,None,Windows 10,3,RIGHT,Chrome 130,"[{'score': 47450.0, 'gameName': 'BRT', 'highScore': 47450.0}, {'score': 9940.0, 'gameName': 'WTNumber', 'highScore': 9940.0}, {'score': 71800.0, 'gameName': 'Stroop', 'highScore': 71800.0}, {'score': 54460.0, 'gameName': 'TaskSwitch2', 'highScore': 54460.0}, {'score': 8520.0, 'gameName': 'SpatialSpanReverse', 'highScore': 8520.0}]",0,WPI6_j17320561193z94,Eastern Standard Time,"[{'gameName': 'BRT', 'playCount': 1, 'lastPlaySession': 0}, {'gameName': 'WTNumber', 'playCount': 1, 'lastPlaySession': 0}, {'gameName': 'Stroop', 'playCount': 1, 'lastPlaySession': 0}, {'gameName': 'SpatialSpanReverse', 'playCount': 1, 'lastPlaySession': 0}, {'gameName': 'TaskSwitch2', 'playCount': 1, 'lastPlaySession': 0}]",1,17,128,1,"ANGLE (NVIDIA, NVIDIA GeForce RTX 2060 SUPER (0x00001F06) Direct3D11 vs_5_0 ps_5_0, D3D11)",0,2,-5,WPI6_j17320561193z94,2024-11-19T22:42:31.000000Z,2024-11-19T22:57:51.000000Z
23,19,10,ACE Explorer,1.22.33,UNDEFINED,None,Windows 10,3,RIGHT,Chrome 131,"[{'score': 23470.0, 'gameName': 'BRT', 'highScore': 23470.0}, {'score': 9940.0, 'gameName': 'WTNumber', 'highScore': 9940.0}, {'score': 43400.0, 'gameName': 'Stroop', 'highScore': 43400.0}, {'score': 32280.0, 'gameName': 'TaskSwitch2', 'highScore': 32280.0}, {'score': 13490.0, 'gameName': 'SpatialSpanReverse', 'highScore': 13490.0}]",0,WPI6_17338825v5e9228,Eastern Standard Time,"[{'gameName': 'BRT', 'playCount': 1, 'lastPlaySession': 0}, {'gameName': 'WTNumber', 'playCount': 1, 'lastPlaySession': 0}, {'gameName': 'Stroop', 'playCount': 1, 'lastPlaySession': 0}, {'gameName': 'SpatialSpanReverse', 'playCount': 1, 'lastPlaySession': 0}, {'gameName': 'TaskSwitch2', 'playCount': 1, 'lastPlaySession': 0}]",1,17,128,1,"ANGLE (Intel, Intel(R) UHD Graphics (0x0000A7A8) Direct3D11 vs_5_0 ps_5_0, D3D11)",0,2,-5,WPI6_17338825v5e9228,2024-12-11T02:04:19.000000Z,2024-12-11T02:21:54.000000Z
24,19,10,ACE Explorer,1.22.33,UNDEFINED,None,Windows 10,3,RIGHT,Chrome 131,"[{'score': 29490.0, 'gameName': 'BRT', 'highScore': 29490.0}, {'score': 9940.0, 'gameName': 'WTNumber', 'highScore': 9940.0}, {'score': 49770.0, 'gameName': 'Stroop', 'highScore': 49770.0}, {'score': 42100.0, 'gameName': 'TaskSwitch2', 'highScore': 42100.0}, {'score': 7100.0, 'gameName': 'SpatialSpanReverse', 'highScore': 7100.0}]",0,WPI6_17g334u18281498,Eastern Standard Time,"[{'gameName': 'BRT', 'playCount': 1, 'lastPlaySession': 0}, {'gameName': 'WTNumber', 'playCount': 1, 'lastPlaySession': 0}, {'gameName': 'Stroop', 'playCount': 1, 'lastPlaySession': 0}, {'gameName': 'SpatialSpanReverse', 'playCount': 1, 'lastPlaySession': 0}, {'gameName': 'TaskSwitch2', 'playCount': 1, 'lastPlaySession': 0}]",1,17,128,1,"ANGLE (Intel, Intel(R) Iris(R) Xe Graphics (0x000046A6) Direct3D11 vs_5_0 ps_5_0, D3D11)",0,2,-5,WPI6_17g334u18281498,2024-12-05T17:06:34.000000Z,2024-12-05T17:24:46.000000Z
25,19,10,ACE Explorer,1.22.33,UNDEFINED,None,Mac OS X 10_15_7,3,RIGHT,Chrome 125,"[{'score': 30270.0, 'gameName': 'BRT', 'highScore': 30270.0}, {'score': 9940.0, 'gameName': 'WTNumber', 'highScore': 9940.0}, {'score': 52140.0, 'gameName': 'Stroop', 'highScore': 52140.0}, {'score': 44880.0, 'gameName': 'TaskSwitch2', 'highScore': 44880.0}, {'score': 7100.0, 'gameName': 'SpatialSpanReverse', 'highScore': 7100.0}]",0,WPI6_1732f06186998p5,Eastern Standard Time,"[{'gameName': 'BRT', 'playCount': 1, 'lastPlaySession': 0}, {'gameName': 'WTNumber', 'playCount': 1, 'lastPlaySession': 0}, {'gameName': 'Stroop', 'playCount': 1, 'lastPlaySession': 0}, {'gameName': 'SpatialSpanReverse', 'playCount': 1, 'lastPlaySession': 0}, {'gameName': 'TaskSwitch2', 'playCount': 1, 'lastPlaySession': 0}]",1,17,128,1,"ANGLE (Apple, ANGLE Metal Renderer: Apple M2, Unspecified Version)",0,2,-5,WPI6_1732f06186998p5,2024-11-20T00:19:32.000000Z,2024-11-20T00:33:27.000000Z
26,18,10,ACE Explorer,1.22.33,UNDEFINED,None,Windows 10,3,LEFT,Chrome 129,"[{'score': 39300.0, 'gameName': 'BRT', 'highScore': 39300.0}, {'score': 9940.0, 'gameName': 'WTNumber', 'highScore': 9940.0}, {'score': 27830.0, 'gameName': 'Stroop', 'highScore': 27830.0}, {'score': 62640.0, 'gameName': 'TaskSwitch2', 'highScore': 62640.0}, {'score': 5680.0, 'gameName': 'SpatialSpanReverse', 'highScore': 5680.0}]",0,WPI6_1c730p668698806,Eastern Standard Time,"[{'gameName': 'BRT', 'playCount': 1, 'lastPlaySession': 0}, {'gameName': 'WTNumber', 'playCount': 1, 'lastPlaySession': 0}, {'gameName': 'Stroop', 'playCount': 1, 'lastPlaySession': 0}, {'gameName': 'SpatialSpanReverse', 'playCount': 1, 'lastPlaySession': 0}, {'gameName': 'TaskSwitch2', 'playCount': 1, 'lastPlaySession': 0}]",1,17,128,1,"ANGLE (Intel, Intel(R) UHD Graphics (0x00008A56) Direct3D11 vs_5_0 ps_5_0, D3D11)",0,2,-5,WPI6_1c730p668698806,2024-11-03T21:19:32.000000Z,2024-11-03T21:34:51.000000Z
27,20,10,ACE Explorer,1.22.33,UNDEFINED,None,Windows 10,3,RIGHT,Chrome 130,"[{'score': 33920.0, 'gameName': 'BRT', 'highScore': 33920.0}, {'score': 9940.0, 'gameName': 'WTNumber', 'highScore': 9940.0}, {'score': 31090.0, 'gameName': 'Stroop', 'highScore': 31090.0}, {'score': 42750.0, 'gameName': 'TaskSwitch2', 'highScore': 42750.0}, {'score': 5680.0, 'gameName': 'SpatialSpanReverse', 'highScore': 5680.0}]",0,WPI6_17gc32670874638,Eastern Standard Time,"[{'gameName': 'BRT', 'playCount': 1, 'lastPlaySession': 0}, {'gameName': 'WTNumber', 'playCount': 1, 'lastPlaySession': 0}, {'gameName': 'Stroop', 'playCount': 1, 'lastPlaySession': 0}, {'gameName': 'SpatialSpanReverse', 'playCount': 1, 'lastPlaySession': 0}, {'gameName': 'TaskSwitch2', 'playCount': 1, 'lastPlaySession': 0}]",1,17,128,1,"ANGLE (Intel, Intel(R) Iris(R) Xe Graphics (0x000046A6) Direct3D11 vs_5_0 ps_5_0, D3D11)",0,2,-5,WPI6_17gc32670874638,2024-11-27T01:28:58.000000Z,2024-11-27T01:44:00.000000Z
28,19,10,ACE Explorer,1.22.33,UNDEFINED,None,Mac OS X 10.15,3,LEFT,Firefox 133,"[{'score': 60040.0, 'gameName': 'BRT', 'highScore': 60040.0}, {'score': 9940.0, 'gameName': 'WTNumber', 'highScore': 9940.0}, {'score': 27750.0, 'gameName': 'Stroop', 'highScore': 27750.0}, {'score': 33940.0, 'gameName': 'TaskSwitch2', 'highScore': 33940.0}, {'score': 5680.0, 'gameName': 'SpatialSpanReverse', 'highScore': 5680.0}]",0,WPI6_17m3326052i0740,Eastern Standard Time,"[{'gameName': 'BRT', 'playCount': 1, 'lastPlaySession': 0}, {'gameName': 'WTNumber', 'playCount': 1, 'lastPlaySession': 0}, {'gameName': 'Stroop', 'playCount': 1, 'lastPlaySession': 0}, {'gameName': 'SpatialSpanReverse', 'playCount': 1, 'lastPlaySession': 0}, {'gameName': 'TaskSwitch2', 'playCount': 1, 'lastPlaySession': 0}]",1,17,256,1,"Apple M1, or similar",0,2,-5,WPI6_17m3326052i0740,2024-12-03T21:15:49.000000Z,2024-12-03T21:31:19.000000Z
29,18,10,ACE Explorer,1.22.33,UNDEFINED,None,Windows 10,3,RIGHT,Chrome 131,"[{'score': 20710.0, 'gameName': 'BRT', 'highScore': 20710.0}, {'score': 9940.0, 'gameName': 'WTNumber', 'highScore': 9940.0}, {'score': 26800.0, 'gameName': 'Stroop', 'highScore': 26800.0}, {'score': 25100.0, 'gameName': 'TaskSwitch2', 'highScore': 25100.0}, {'score': 6390.0, 'gameName': 'SpatialSpanReverse', 'highScore': 6390.0}]",0,WPI6_173g35w09397341,Eastern Standard Time,"[{'gameName': 'BRT', 'playCount': 1, 'lastPlaySession': 0}, {'gameName': 'WTNumber', 'playCount': 1, 'lastPlaySession': 0}, {'gameName': 'Stroop', 'playCount': 1, 'lastPlaySession': 0}, {'gameName': 'SpatialSpanReverse', 'playCount': 1, 'lastPlaySession': 0}, {'gameName': 'TaskSwitch2', 'playCount': 1, 'lastPlaySession': 0}]",1,17,128,1,"ANGLE (Intel, Intel(R) Arc(TM) Graphics (0x00007D55) Direct3D11 vs_5_0 ps_5_0, D3D11)",0,2,-5,WPI6_173g35w09397341,2024-12-06T18:24:02.000000Z,2024-12-06T18:39:20.000000Z
30,19,10,ACE Explorer,1.22.33,UNDEFINED,None,Windows 10,3,RIGHT,Chrome 131,"[{'score': 32020.0, 'gameName': 'BRT', 'highScore': 32020.0}, {'score': 9940.0, 'gameName': 'WTNumber', 'highScore': 9940.0}, {'score': 65050.0, 'gameName': 'Stroop', 'highScore': 65050.0}, {'score': 9960.0, 'gameName': 'TaskSwitch2', 'highScore': 9960.0}]",0,WPI6_173q326165q8542,Eastern Standard Time,"[{'gameName': 'BRT', 'playCount': 1, 'lastPlaySession': 0}, {'gameName': 'WTNumber', 'playCount': 1, 'lastPlaySession': 0}, {'gameName': 'Stroop', 'playCount': 1, 'lastPlaySession': 0}, {'gameName': 'SpatialSpanReverse', 'playCount': 0, 'lastPlaySession': -1}, {'gameName': 'TaskSwitch2', 'playCount': 1, 'lastPlaySession': 0}]",1,17,128,0,"ANGLE (Intel, Intel(R) Iris(R) Xe Graphics (0x000046A6) Direct3D11 vs_5_0 ps_5_0, D3D11)",0,1,-5,WPI6_173q326165q8542,2024-12-03T21:35:32.000000Z,2024-12-03T21:45:46.000000Z
31,23,10,ACE Explorer,1.22.33,UNDEFINED,None,Windows 10,3,RIGHT,Chrome 131,"[{'score': 29820.0, 'gameName': 'BRT', 'highScore': 29820.0}, {'score': 9940.0, 'gameName': 'WTNumber', 'highScore': 9940.0}, {'score': 27770.0, 'gameName': 'Stroop', 'highScore': 27770.0}]",0,WPI6_173d3427z111169,Eastern Standard Time,"[{'gameName': 'BRT', 'playCount': 1, 'lastPlaySession': 0}, {'gameName': 'WTNumber', 'playCount': 1, 'lastPlaySession': 0}, {'gameName': 'Stroop', 'playCount': 1, 'lastPlaySession': 0}, {'gameName': 'SpatialSpanReverse', 'playCount': 0, 'lastPlaySession': -1}, {'gameName': 'TaskSwitch2', 'playCount': 0, 'lastPlaySession': -1}]",1,17,256,0,"ANGLE (Intel, Intel(R) UHD Graphics 630 (0x00003E9B) Direct3D11 vs_5_0 ps_5_0, D3D11)",0,1,-5,WPI6_173d3427z111169,2024-12-05T19:32:49.000000Z,2024-12-05T19:38:52.000000Z
32,20,10,ACE Explorer,1.22.33,UNDEFINED,None,Mac OS X 10_15_7,3,RIGHT,Safari 17.2,"[{'score': 42190.0, 'gameName': 'BRT', 'highScore': 42190.0}, {'score': 9940.0, 'gameName': 'WTNumber', 'highScore': 9940.0}, {'score': 68430.0, 'gameName': 'Stroop', 'highScore': 68430.0}, {'score': 46510.0, 'gameName': 'TaskSwitch2', 'highScore': 46510.0}, {'score': 7810.0, 'gameName': 'SpatialSpanReverse', 'highScore': 7810.0}]",0,WPI6_t173k3427113063,Eastern Standard Time,"[{'gameName': 'BRT', 'playCount': 1, 'lastPlaySession': 0}, {'gameName': 'WTNumber', 'playCount': 1, 'lastPlaySession': 0}, {'gameName': 'Stroop', 'playCount': 1, 'lastPlaySession': 0}, {'gameName': 'SpatialSpanReverse', 'playCount': 1, 'lastPlaySession': 0}, {'gameName': 'TaskSwitch2', 'playCount': 1, 'lastPlaySession': 0}]",1,17,128,1,Apple GPU,0,2,-5,WPI6_t173k3427113063,2024-12-05T19:32:31.000000Z,2024-12-05T19:47:09.000000Z
33,18,10,ACE Explorer,1.22.33,UNDEFINED,None,Windows 10,3,RIGHT,Chrome 131,"[{'score': 42780.0, 'gameName': 'BRT', 'highScore': 42780.0}, {'score': 9940.0, 'gameName': 'WTNumber', 'highScore': 9940.0}, {'score': 52500.0, 'gameName': 'Stroop', 'highScore': 52500.0}, {'score': 58350.0, 'gameName': 'TaskSwitch2', 'highScore': 58350.0}, {'score': 12070.0, 'gameName': 'SpatialSpanReverse', 'highScore': 12070.0}]",0,WPI6_q1r733262180904,Eastern Standard Time,"[{'gameName': 'BRT', 'playCount': 1, 'lastPlaySession': 0}, {'gameName': 'WTNumber', 'playCount': 1, 'lastPlaySession': 0}, {'gameName': 'Stroop', 'playCount': 1, 'lastPlaySession': 0}, {'gameName': 'SpatialSpanReverse', 'playCount': 1, 'lastPlaySession': 0}, {'gameName': 'TaskSwitch2', 'playCount': 1, 'lastPlaySession': 0}]",1,17,128,1,"ANGLE (Intel, Intel(R) Graphics (0x00007D45) Direct3D11 vs_5_0 ps_5_0, D3D11)",0,2,-5,WPI6_q1r733262180904,2024-12-03T21:44:23.000000Z,2024-12-03T22:02:10.000000Z
34,19,10,ACE Explorer,1.22.33,UNDEFINED,None,Mac OS X 10_15_7,3,RIGHT,Chrome 130,"[{'score': 31480.0, 'gameName': 'BRT', 'highScore': 31480.0}, {'score': 9940.0, 'gameName': 'WTNumber', 'highScore': 9940.0}, {'score': 36950.0, 'gameName': 'Stroop', 'highScore': 36950.0}, {'score': 24880.0, 'gameName': 'TaskSwitch2', 'highScore': 24880.0}, {'score': 7100.0, 'gameName': 'SpatialSpanReverse', 'highScore': 7100.0}]",0,WPI6_173377gk2367722,Eastern Standard Time,"[{'gameName': 'BRT', 'playCount': 1, 'lastPlaySession': 0}, {'gameName': 'WTNumber', 'playCount': 1, 'lastPlaySession': 0}, {'gameName': 'Stroop', 'playCount': 1, 'lastPlaySession': 0}, {'gameName': 'SpatialSpanReverse', 'playCount': 1, 'lastPlaySession': 0}, {'gameName': 'TaskSwitch2', 'playCount': 1, 'lastPlaySession': 0}]",1,17,128,1,"ANGLE (Apple, ANGLE Metal Renderer: Apple M2, Unspecified Version)",0,2,-5,WPI6_173377gk2367722,2024-12-09T19:28:52.000000Z,2024-12-09T19:51:48.000000Z
35,19,10,ACE Explorer,1.22.33,UNDEFINED,None,Mac OS X 10_15_7,3,RIGHT,Chrome 129,"[{'score': 32360.0, 'gameName': 'BRT', 'highScore': 32360.0}, {'score': 9940.0, 'gameName': 'WTNumber', 'highScore': 9940.0}, {'score': 49930.0, 'gameName': 'Stroop', 'highScore': 49930.0}, {'score': 59510.0, 'gameName': 'TaskSwitch2', 'highScore': 59510.0}, {'score': 8520.0, 'gameName': 'SpatialSpanReverse', 'highScore': 8520.0}]",0,WPI6_1732n11706z1483,Eastern Standard Time,"[{'gameName': 'BRT', 'playCount': 1, 'lastPlaySession': 0}, {'gameName': 'WTNumber', 'playCount': 1, 'lastPlaySession': 0}, {'gameName': 'Stroop', 'playCount': 1, 'lastPlaySession': 0}, {'gameName': 'SpatialSpanReverse', 'playCount': 1, 'lastPlaySession': 0}, {'gameName': 'TaskSwitch2', 'playCount': 1, 'lastPlaySession': 0}]",1,17,128,1,"ANGLE (Apple, ANGLE Metal Renderer: Apple M2, Unspecified Version)",0,2,-5,WPI6_1732n11706z1483,2024-11-20T15:38:16.000000Z,2024-11-20T16:17:07.000000Z
36,18,10,ACE Explorer,1.22.33,UNDEFINED,None,Windows 10,3,RIGHT,Chrome 131,"[{'score': 23760.0, 'gameName': 'BRT', 'highScore': 23760.0}, {'score': 9940.0, 'gameName': 'WTNumber', 'highScore': 9940.0}, {'score': 16950.0, 'gameName': 'Stroop', 'highScore': 16950.0}, {'score': 7080.0, 'gameName': 'TaskSwitch2', 'highScore': 7080.0}, {'score': 5680.0, 'gameName': 'SpatialSpanReverse', 'highScore': 5680.0}]",0,WPI6_1c73t3962767618,Eastern Standard Time,"[{'gameName': 'BRT', 'playCount': 1, 'lastPlaySession': 0}, {'gameName': 'WTNumber', 'playCount': 1, 'lastPlaySession': 0}, {'gameName': 'Stroop', 'playCount': 1, 'lastPlaySession': 0}, {'gameName': 'SpatialSpanReverse', 'playCount': 1, 'lastPlaySession': 0}, {'gameName': 'TaskSwitch2', 'playCount': 1, 'lastPlaySession': 0}]",1,17,128,1,"ANGLE (Intel, Intel(R) UHD Graphics (0x0000A7A8) Direct3D11 vs_5_0 ps_5_0, D3D11)",0,2,-5,WPI6_1c73t3962767618,2024-12-12T01:44:35.000000Z,2024-12-12T02:02:27.000000Z
37,18,10,ACE Explorer,1.22.33,UNDEFINED,None,Mac OS X 10_15_7,3,RIGHT,Chrome 131,"[{'score': 33140.0, 'gameName': 'BRT', 'highScore': 33140.0}, {'score': 9940.0, 'gameName': 'WTNumber', 'highScore': 9940.0}, {'score': 72620.0, 'gameName': 'Stroop', 'highScore': 72620.0}, {'score': 46770.0, 'gameName': 'TaskSwitch2', 'highScore': 46770.0}, {'score': 7100.0, 'gameName': 'SpatialSpanReverse', 'highScore': 7100.0}]",0,WPI6_17338x618132w85,Eastern Standard Time,"[{'gameName': 'BRT', 'playCount': 1, 'lastPlaySession': 0}, {'gameName': 'WTNumber', 'playCount': 1, 'lastPlaySession': 0}, {'gameName': 'Stroop', 'playCount': 1, 'lastPlaySession': 0}, {'gameName': 'SpatialSpanReverse', 'playCount': 1, 'lastPlaySession': 0}, {'gameName': 'TaskSwitch2', 'playCount': 1, 'lastPlaySession': 0}]",1,17,128,1,"ANGLE (Apple, ANGLE Metal Renderer: Apple M2, Unspecified Version)",0,2,-5,WPI6_17338x618132w85,2024-12-10T20:18:17.000000Z,2024-12-10T20:35:09.000000Z
38,20,10,ACE Explorer,1.22.33,UNDEFINED,None,Mac OS X 10_15_7,3,RIGHT,Safari 18.1,"[{'score': 23480.0, 'gameName': 'BRT', 'highScore': 23480.0}, {'score': 9940.0, 'gameName': 'WTNumber', 'highScore': 9940.0}, {'score': 28830.0, 'gameName': 'Stroop', 'highScore': 28830.0}, {'score': 48320.0, 'gameName': 'TaskSwitch2', 'highScore': 48320.0}, {'score': 5680.0, 'gameName': 'SpatialSpanReverse', 'highScore': 5680.0}]",0,WPI6_17321252q35c400,Eastern Standard Time,"[{'gameName': 'BRT', 'playCount': 1, 'lastPlaySession': 0}, {'gameName': 'WTNumber', 'playCount': 1, 'lastPlaySession': 0}, {'gameName': 'Stroop', 'playCount': 1, 'lastPlaySession': 0}, {'gameName': 'SpatialSpanReverse', 'playCount': 1, 'lastPlaySession': 0}, {'gameName': 'TaskSwitch2', 'playCount': 1, 'lastPlaySession': 0}]",1,17,128,1,Apple GPU,0,2,-5,WPI6_17321252q35c400,2024-11-20T17:54:27.000000Z,2024-11-20T18:08:29.000000Z
39,21,10,ACE Explorer,1.22.33,UNDEFINED,None,Windows 10,3,LEFT,Chrome 131,"[{'score': 26110.0, 'gameName': 'BRT', 'highScore': 26110.0}, {'score': 9940.0, 'gameName': 'WTNumber', 'highScore': 9940.0}, {'score': 86290.0, 'gameName': 'Stroop', 'highScore': 86290.0}, {'score': 48390.0, 'gameName': 'TaskSwitch2', 'highScore': 48390.0}, {'score': 8520.0, 'gameName': 'SpatialSpanReverse', 'highScore': 8520.0}]",0,WPI6_17321k3341129z9,Eastern Standard Time,"[{'gameName': 'BRT', 'playCount': 1, 'lastPlaySession': 0}, {'gameName': 'WTNumber', 'playCount': 1, 'lastPlaySession': 0}, {'gameName': 'Stroop', 'playCount': 1, 'lastPlaySession': 0}, {'gameName': 'SpatialSpanReverse', 'playCount': 1, 'lastPlaySession': 0}, {'gameName': 'TaskSwitch2', 'playCount': 1, 'lastPlaySession': 0}]",1,17,256,1,"ANGLE (AMD, AMD Radeon(TM) Graphics (0x00001638) Direct3D11 vs_5_0 ps_5_0, D3D11)",0,2,-5,WPI6_17321k3341129z9,2024-11-20T20:10:33.000000Z,2024-11-20T20:24:34.000000Z
40,18,10,ACE Explorer,1.22.33,UNDEFINED,None,Windows 10,3,LEFT,Chrome 131,"[{'score': 36810.0, 'gameName': 'BRT', 'highScore': 36810.0}, {'score': 9940.0, 'gameName': 'WTNumber', 'highScore': 9940.0}, {'score': 29130.0, 'gameName': 'Stroop', 'highScore': 29130.0}, {'score': 39520.0, 'gameName': 'TaskSwitch2', 'highScore': 39520.0}, {'score': 7810.0, 'gameName': 'SpatialSpanReverse', 'highScore': 7810.0}]",0,WPI6_1wq733864020191,Eastern Standard Time,"[{'gameName': 'BRT', 'playCount': 1, 'lastPlaySession': 0}, {'gameName': 'WTNumber', 'playCount': 1, 'lastPlaySession': 0}, {'gameName': 'Stroop', 'playCount': 1, 'lastPlaySession': 0}, {'gameName': 'SpatialSpanReverse', 'playCount': 1, 'lastPlaySession': 0}, {'gameName': 'TaskSwitch2', 'playCount': 1, 'lastPlaySession': 0}]",1,17,128,1,"ANGLE (Intel, Intel(R) UHD Graphics (0x0000A721) Direct3D11 vs_5_0 ps_5_0, D3D11)",0,2,-5,WPI6_1wq733864020191,2024-12-10T20:55:00.000000Z,2024-12-10T21:11:06.000000Z
41,18,10,ACE Explorer,1.22.33,UNDEFINED,None,Mac OS X 10_15_7,3,RIGHT,Safari 18,"[{'score': 27210.0, 'gameName': 'BRT', 'highScore': 27210.0}, {'score': 9940.0, 'gameName': 'WTNumber', 'highScore': 9940.0}, {'score': 27660.0, 'gameName': 'Stroop', 'highScore': 27660.0}, {'score': 33270.0, 'gameName': 'TaskSwitch2', 'highScore': 33270.0}, {'score': 4970.0, 'gameName': 'SpatialSpanReverse', 'highScore': 4970.0}]",0,WPI6_173o073186z1469,Eastern Standard Time,"[{'gameName': 'BRT', 'playCount': 1, 'lastPlaySession': 0}, {'gameName': 'WTNumber', 'playCount': 1, 'lastPlaySession': 0}, {'gameName': 'Stroop', 'playCount': 1, 'lastPlaySession': 0}, {'gameName': 'SpatialSpanReverse', 'playCount': 1, 'lastPlaySession': 0}, {'gameName': 'TaskSwitch2', 'playCount': 1, 'lastPlaySession': 0}]",1,17,128,1,Apple GPU,0,2,-5,WPI6_173o073186z1469,2024-11-04T14:51:52.000000Z,2024-11-04T15:11:03.000000Z
42,20,10,ACE Explorer,1.22.33,UNDEFINED,None,Mac OS X 10_15_7,3,RIGHT,Chrome 131,"[{'score': 36620.0, 'gameName': 'BRT', 'highScore': 36620.0}, {'score': 9940.0, 'gameName': 'WTNumber', 'highScore': 9940.0}, {'score': 51420.0, 'gameName': 'Stroop', 'highScore': 51420.0}, {'score': 42470.0, 'gameName': 'TaskSwitch2', 'highScore': 42470.0}, {'score': 7100.0, 'gameName': 'SpatialSpanReverse', 'highScore': 7100.0}]",0,WPI6_173343z22520d13,Eastern Standard Time,"[{'gameName': 'BRT', 'playCount': 1, 'lastPlaySession': 0}, {'gameName': 'WTNumber', 'playCount': 1, 'lastPlaySession': 0}, {'gameName': 'Stroop', 'playCount': 1, 'lastPlaySession': 0}, {'gameName': 'SpatialSpanReverse', 'playCount': 1, 'lastPlaySession': 0}, {'gameName': 'TaskSwitch2', 'playCount': 1, 'lastPlaySession': 0}]",1,17,256,1,"ANGLE (Apple, ANGLE Metal Renderer: Apple M2, Unspecified Version)",0,2,-5,WPI6_173343z22520d13,2024-12-05T20:57:57.000000Z,2024-12-05T21:13:02.000000Z
43,19,10,ACE Explorer,1.22.33,UNDEFINED,None,Windows 10,3,RIGHT,Chrome 131,"[{'score': 12920.0, 'gameName': 'BRT', 'highScore': 12920.0}, {'score': 9940.0, 'gameName': 'WTNumber', 'highScore': 9940.0}, {'score': 29690.0, 'gameName': 'Stroop', 'highScore': 29690.0}, {'score': 46610.0, 'gameName': 'TaskSwitch2', 'highScore': 46610.0}, {'score': 710.0, 'gameName': 'SpatialSpanReverse', 'highScore': 710.0}]",0,WPI6_1l7339482913t05,Eastern Standard Time,"[{'gameName': 'BRT', 'playCount': 1, 'lastPlaySession': 0}, {'gameName': 'WTNumber', 'playCount': 1, 'lastPlaySession': 0}, {'gameName': 'Stroop', 'playCount': 1, 'lastPlaySession': 0}, {'gameName': 'SpatialSpanReverse', 'playCount': 1, 'lastPlaySession': 0}, {'gameName': 'TaskSwitch2', 'playCount': 1, 'lastPlaySession': 0}]",1,17,128,1,"ANGLE (Intel, Intel(R) Iris(R) Xe Graphics (0x000046A6) Direct3D11 vs_5_0 ps_5_0, D3D11)",0,2,-5,WPI6_1l7339482913t05,2024-12-11T20:18:43.000000Z,2024-12-11T20:30:02.000000Z
44,19,10,ACE Explorer,1.22.33,UNDEFINED,None,Windows 10,3,RIGHT,Chrome 132,"[{'score': 34390.0, 'gameName': 'BRT', 'highScore': 34390.0}, {'score': 9940.0, 'gameName': 'WTNumber', 'highScore': 9940.0}, {'score': 20460.0, 'gameName': 'Stroop', 'highScore': 20460.0}, {'score': 15100.0, 'gameName': 'TaskSwitch2', 'highScore': 15100.0}, {'score': 4260.0, 'gameName': 'SpatialSpanReverse', 'highScore': 4260.0}]",0,WPI6_o173817567g7689,Eastern Standard Time,"[{'gameName': 'BRT', 'playCount': 1, 'lastPlaySession': 0}, {'gameName': 'WTNumber', 'playCount': 1, 'lastPlaySession': 0}, {'gameName': 'Stroop', 'playCount': 1, 'lastPlaySession': 0}, {'gameName': 'SpatialSpanReverse', 'playCount': 1, 'lastPlaySession': 0}, {'gameName': 'TaskSwitch2', 'playCount': 1, 'lastPlaySession': 0}]",1,17,128,1,"ANGLE (Intel, Intel(R) Iris(R) Xe Graphics (0x00009A49) Direct3D11 vs_5_0 ps_5_0, D3D11)",0,2,-5,WPI6_o173817567g7689,2025-01-29T18:35:18.000000Z,2025-01-29T18:52:00.000000Z
45,35,10,ACE Explorer,1.22.33,UNDEFINED,None,Mac OS X 10_15_7,3,RIGHT,Chrome 129,"[{'score': 7200.0, 'gameName': 'BRT', 'highScore': 7200.0}, {'score': 9940.0, 'gameName': 'WTNumber', 'highScore': 9940.0}, {'score': -14250.0, 'gameName': 'Stroop', 'highScore': -14250.0}, {'score': -2370.0, 'gameName': 'TaskSwitch2', 'highScore': -2370.0}, {'score': 0.0, 'gameName': 'SpatialSpanReverse', 'highScore': 0.0}]",0,WPI6_172961p31629m81,Eastern Standard Time,"[{'gameName': 'BRT', 'playCount': 1, 'lastPlaySession': 0}, {'gameName': 'WTNumber', 'playCount': 1, 'lastPlaySession': 0}, {'gameName': 'Stroop', 'playCount': 1, 'lastPlaySession': 0}, {'gameName': 'SpatialSpanReverse', 'playCount': 1, 'lastPlaySession': 0}, {'gameName': 'TaskSwitch2', 'playCount': 1, 'lastPlaySession': 0}]",1,17,256,1,"ANGLE (Apple, ANGLE Metal Renderer: Apple M3 Pro, Unspecified Version)",0,2,-4,WPI6_172961p31629m81,2024-10-22T16:11:07.000000Z,2024-10-22T16:37:37.000000Z
46,18,10,ACE Explorer,1.22.33,UNDEFINED,None,Windows 10,3,RIGHT,Chrome 129,"[{'score': 31650.0, 'gameName': 'BRT', 'highScore': 31650.0}, {'score': 9940.0, 'gameName': 'WTNumber', 'highScore': 9940.0}, {'score': 41700.0, 'gameName': 'Stroop', 'highScore': 41700.0}, {'score': 47000.0, 'gameName': 'TaskSwitch2', 'highScore': 47000.0}, {'score': 7810.0, 'gameName': 'SpatialSpanReverse', 'highScore': 7810.0}]",0,WPI6_172964653ia1639,Eastern Standard Time,"[{'gameName': 'BRT', 'playCount': 1, 'lastPlaySession': 0}, {'gameName': 'WTNumber', 'playCount': 1, 'lastPlaySession': 0}, {'gameName': 'Stroop', 'playCount': 1, 'lastPlaySession': 0}, {'gameName': 'SpatialSpanReverse', 'playCount': 1, 'lastPlaySession': 0}, {'gameName': 'TaskSwitch2', 'playCount': 1, 'lastPlaySession': 0}]",1,17,128,1,"ANGLE (AMD, AMD Radeon (TM) Graphics (0x000015E7) Direct3D11 vs_5_0 ps_5_0, D3D11)",0,2,-4,WPI6_172964653ia1639,2024-10-23T01:23:12.000000Z,2024-10-23T01:40:45.000000Z
47,20,10,ACE Explorer,1.22.33,UNDEFINED,None,Windows 10,3,RIGHT,Chrome 129,"[{'score': 27030.0, 'gameName': 'BRT', 'highScore': 27030.0}, {'score': 9940.0, 'gameName': 'WTNumber', 'highScore': 9940.0}, {'score': 77750.0, 'gameName': 'Stroop', 'highScore': 77750.0}, {'score': 54940.0, 'gameName': 'TaskSwitch2', 'highScore': 54940.0}, {'score': 5680.0, 'gameName': 'SpatialSpanReverse', 'highScore': 5680.0}]",0,WPI6_172964je1750738,Eastern Standard Time,"[{'gameName': 'BRT', 'playCount': 1, 'lastPlaySession': 0}, {'gameName': 'WTNumber', 'playCount': 1, 'lastPlaySession': 0}, {'gameName': 'Stroop', 'playCount': 1, 'lastPlaySession': 0}, {'gameName': 'SpatialSpanReverse', 'playCount': 1, 'lastPlaySession': 0}, {'gameName': 'TaskSwitch2', 'playCount': 1, 'lastPlaySession': 0}]",1,17,256,1,"ANGLE (AMD, AMD Radeon(TM) Graphics (0x0000164C) Direct3D11 vs_5_0 ps_5_0, D3D11)",0,2,-4,WPI6_172964je1750738,2024-10-23T00:03:00.000000Z,2024-10-23T00:16:23.000000Z
48,18,10,ACE Explorer,1.22.33,UNDEFINED,None,Mac OS X 10_15_7,3,LEFT,Safari 17.4,"[{'score': 33490.0, 'gameName': 'BRT', 'highScore': 33490.0}, {'score': 9940.0, 'gameName': 'WTNumber', 'highScore': 9940.0}, {'score': 33520.0, 'gameName': 'Stroop', 'highScore': 33520.0}, {'score': 31040.0, 'gameName': 'TaskSwitch2', 'highScore': 31040.0}, {'score': 2130.0, 'gameName': 'SpatialSpanReverse', 'highScore': 2130.0}]",0,WPI6_172z971436g3640,Eastern Standard Time,"[{'gameName': 'BRT', 'playCount': 1, 'lastPlaySession': 0}, {'gameName': 'WTNumber', 'playCount': 1, 'lastPlaySession': 0}, {'gameName': 'Stroop', 'playCount': 1, 'lastPlaySession': 0}, {'gameName': 'SpatialSpanReverse', 'playCount': 1, 'lastPlaySession': 0}, {'gameName': 'TaskSwitch2', 'playCount': 1, 'lastPlaySession': 0}]",1,17,128,1,Apple GPU,0,2,-4,WPI6_172z971436g3640,2024-10-23T20:14:30.000000Z,2024-10-23T20:27:41.000000Z
49,18,10,ACE Explorer,1.22.33,UNDEFINED,None,Windows 10,3,RIGHT,Chrome 130,"[{'score': 26280.0, 'gameName': 'BRT', 'highScore': 26280.0}, {'score': 9940.0, 'gameName': 'WTNumber', 'highScore': 9940.0}, {'score': 34050.0, 'gameName': 'Stroop', 'highScore': 34050.0}, {'score': 52750.0, 'gameName': 'TaskSwitch2', 'highScore': 52750.0}, {'score': 4970.0, 'gameName': 'SpatialSpanReverse', 'highScore': 4970.0}]",0,WPI6_17v297313h20163,Eastern Standard Time,"[{'gameName': 'BRT', 'playCount': 1, 'lastPlaySession': 0}, {'gameName': 'WTNumber', 'playCount': 1, 'lastPlaySession': 0}, {'gameName': 'Stroop', 'playCount': 1, 'lastPlaySession': 0}, {'gameName': 'SpatialSpanReverse', 'playCount': 1, 'lastPlaySession': 0}, {'gameName': 'TaskSwitch2', 'playCount': 1, 'lastPlaySession': 0}]",1,17,128,1,"ANGLE (AMD, AMD Radeon(TM) Graphics (0x00001681) Direct3D11 vs_5_0 ps_5_0, D3D11)",0,2,-4,WPI6_17v297313h20163,2024-10-24T00:55:54.000000Z,2024-10-24T01:11:47.000000Z
50,18,10,ACE Explorer,1.22.33,UNDEFINED,None,Windows 10,3,RIGHT,Chrome 131,"[{'score': 30380.0, 'gameName': 'BRT', 'highScore': 30380.0}, {'score': 9940.0, 'gameName': 'WTNumber', 'highScore': 9940.0}, {'score': 35800.0, 'gameName': 'Stroop', 'highScore': 35800.0}, {'score': 21160.0, 'gameName': 'TaskSwitch2', 'highScore': 21160.0}, {'score': 7100.0, 'gameName': 'SpatialSpanReverse', 'highScore': 7100.0}]",0,WPI6_1733687k3402p19,Eastern Standard Time,"[{'gameName': 'BRT', 'playCount': 1, 'lastPlaySession': 0}, {'gameName': 'WTNumber', 'playCount': 1, 'lastPlaySession': 0}, {'gameName': 'Stroop', 'playCount': 1, 'lastPlaySession': 0}, {'gameName': 'SpatialSpanReverse', 'playCount': 1, 'lastPlaySession': 0}, {'gameName': 'TaskSwitch2', 'playCount': 1, 'lastPlaySession': 0}]",1,17,256,1,"ANGLE (AMD, AMD Radeon 780M Graphics (0x00001900) Direct3D11 vs_5_0 ps_5_0, D3D11)",0,2,-5,WPI6_1733687k3402p19,2024-12-08T19:49:31.000000Z,2024-12-08T20:04:47.000000Z
51,18,10,ACE Explorer,1.22.33,UNDEFINED,None,Windows 10,3,LEFT,Chrome 131,"[{'score': 29850.0, 'gameName': 'BRT', 'highScore': 29850.0}, {'score': 9940.0, 'gameName': 'WTNumber', 'highScore': 9940.0}, {'score': 51390.0, 'gameName': 'Stroop', 'highScore': 51390.0}, {'score': 58180.0, 'gameName': 'TaskSwitch2', 'highScore': 58180.0}, {'score': 10650.0, 'gameName': 'SpatialSpanReverse', 'highScore': 10650.0}]",0,WPI6_173378039p08q93,Eastern Standard Time,"[{'gameName': 'BRT', 'playCount': 1, 'lastPlaySession': 0}, {'gameName': 'WTNumber', 'playCount': 1, 'lastPlaySession': 0}, {'gameName': 'Stroop', 'playCount': 1, 'lastPlaySession': 0}, {'gameName': 'SpatialSpanReverse', 'playCount': 1, 'lastPlaySession': 0}, {'gameName': 'TaskSwitch2', 'playCount': 1, 'lastPlaySession': 0}]",1,17,128,1,"ANGLE (AMD, AMD Radeon 780M Graphics (0x00001900) Direct3D11 vs_5_0 ps_5_0, D3D11)",0,2,-5,WPI6_173378039p08q93,2024-12-09T21:42:27.000000Z,2024-12-09T22:02:05.000000Z
52,20,10,ACE Explorer,1.22.33,UNDEFINED,None,Windows 10,3,RIGHT,Chrome 131,"[{'score': 34280.0, 'gameName': 'BRT', 'highScore': 34280.0}, {'score': 9940.0, 'gameName': 'WTNumber', 'highScore': 9940.0}, {'score': 58640.0, 'gameName': 'Stroop', 'highScore': 58640.0}, {'score': 70220.0, 'gameName': 'TaskSwitch2', 'highScore': 70220.0}, {'score': 7100.0, 'gameName': 'SpatialSpanReverse', 'highScore': 7100.0}]",0,WPI6_17f339q34159746,Eastern Standard Time,"[{'gameName': 'BRT', 'playCount': 1, 'lastPlaySession': 0}, {'gameName': 'WTNumber', 'playCount': 1, 'lastPlaySession': 0}, {'gameName': 'Stroop', 'playCount': 1, 'lastPlaySession': 0}, {'gameName': 'SpatialSpanReverse', 'playCount': 1, 'lastPlaySession': 0}, {'gameName': 'TaskSwitch2', 'playCount': 1, 'lastPlaySession': 0}]",1,17,128,1,"ANGLE (Intel, Intel(R) Iris(R) Xe Graphics (0x0000A7A0) Direct3D11 vs_5_0 ps_5_0, D3D11)",0,2,-5,WPI6_17f339q34159746,2024-12-11T16:24:19.000000Z,2024-12-11T16:40:12.000000Z
53,19,10,ACE Explorer,1.22.33,UNDEFINED,None,Windows 10,3,RIGHT,Chrome 131,"[{'score': 31230.0, 'gameName': 'BRT', 'highScore': 31230.0}, {'score': 9940.0, 'gameName': 'WTNumber', 'highScore': 9940.0}, {'score': 25570.0, 'gameName': 'Stroop', 'highScore': 25570.0}, {'score': 38350.0, 'gameName': 'TaskSwitch2', 'highScore': 38350.0}, {'score': 12780.0, 'gameName': 'SpatialSpanReverse', 'highScore': 12780.0}]",0,WPI6_1732n2e95074607,Eastern Standard Time,"[{'gameName': 'BRT', 'playCount': 1, 'lastPlaySession': 0}, {'gameName': 'WTNumber', 'playCount': 1, 'lastPlaySession': 0}, {'gameName': 'Stroop', 'playCount': 1, 'lastPlaySession': 0}, {'gameName': 'SpatialSpanReverse', 'playCount': 1, 'lastPlaySession': 0}, {'gameName': 'TaskSwitch2', 'playCount': 1, 'lastPlaySession': 0}]",1,17,256,1,"ANGLE (Intel, Intel(R) Iris(R) Xe Graphics (0x0000A7A1) Direct3D11 vs_5_0 ps_5_0, D3D11)",0,2,-5,WPI6_1732n2e95074607,2024-11-22T17:05:50.000000Z,2024-11-22T17:24:20.000000Z
54,19,10,ACE Explorer,1.22.33,UNDEFINED,None,Windows 10,3,RIGHT,Chrome 131,"[{'score': 40330.0, 'gameName': 'BRT', 'highScore': 40330.0}, {'score': 9940.0, 'gameName': 'WTNumber', 'highScore': 9940.0}, {'score': 29250.0, 'gameName': 'Stroop', 'highScore': 29250.0}, {'score': 13110.0, 'gameName': 'TaskSwitch2', 'highScore': 13110.0}, {'score': 4970.0, 'gameName': 'SpatialSpanReverse', 'highScore': 4970.0}]",0,WPI6_1c731899243p416,Eastern Standard Time,"[{'gameName': 'BRT', 'playCount': 1, 'lastPlaySession': 0}, {'gameName': 'WTNumber', 'playCount': 1, 'lastPlaySession': 0}, {'gameName': 'Stroop', 'playCount': 1, 'lastPlaySession': 0}, {'gameName': 'SpatialSpanReverse', 'playCount': 1, 'lastPlaySession': 0}, {'gameName': 'TaskSwitch2', 'playCount': 1, 'lastPlaySession': 0}]",1,17,128,1,"ANGLE (AMD, AMD Radeon (TM) Graphics (0x000015E7) Direct3D11 vs_5_0 ps_5_0, D3D11)",0,2,-5,WPI6_1c731899243p416,2024-11-18T03:09:03.000000Z,2024-11-18T03:27:48.000000Z
55,18,10,ACE Explorer,1.22.33,UNDEFINED,None,Windows 10,3,RIGHT,Firefox 131,"[{'score': 24940.0, 'gameName': 'BRT', 'highScore': 24940.0}, {'score': 9940.0, 'gameName': 'WTNumber', 'highScore': 9940.0}, {'score': 74790.0, 'gameName': 'Stroop', 'highScore': 74790.0}, {'score': 13170.0, 'gameName': 'TaskSwitch2', 'highScore': 13170.0}, {'score': 11360.0, 'gameName': 'SpatialSpanReverse', 'highScore': 11360.0}]",0,WPI6_p17b29773735995,Eastern Standard Time,"[{'gameName': 'BRT', 'playCount': 1, 'lastPlaySession': 0}, {'gameName': 'WTNumber', 'playCount': 1, 'lastPlaySession': 0}, {'gameName': 'Stroop', 'playCount': 1, 'lastPlaySession': 0}, {'gameName': 'SpatialSpanReverse', 'playCount': 1, 'lastPlaySession': 0}, {'gameName': 'TaskSwitch2', 'playCount': 1, 'lastPlaySession': 0}]",1,17,128,1,"ANGLE (Intel, Intel(R) HD Graphics Direct3D11 vs_5_0 ps_5_0), or similar",0,2,-4,WPI6_p17b29773735995,2024-10-24T12:43:19.000000Z,2024-10-24T13:02:30.000000Z
56,19,10,ACE Explorer,1.22.33,UNDEFINED,None,Windows 10,3,RIGHT,Chrome 129,"[{'score': 32290.0, 'gameName': 'BRT', 'highScore': 32290.0}, {'score': 9940.0, 'gameName': 'WTNumber', 'highScore': 9940.0}, {'score': 41210.0, 'gameName': 'Stroop', 'highScore': 41210.0}, {'score': 21730.0, 'gameName': 'TaskSwitch2', 'highScore': 21730.0}, {'score': 7100.0, 'gameName': 'SpatialSpanReverse', 'highScore': 7100.0}]",0,WPI6_173084465wg9125,Eastern Standard Time,"[{'gameName': 'BRT', 'playCount': 1, 'lastPlaySession': 0}, {'gameName': 'WTNumber', 'playCount': 1, 'lastPlaySession': 0}, {'gameName': 'Stroop', 'playCount': 1, 'lastPlaySession': 0}, {'gameName': 'SpatialSpanReverse', 'playCount': 1, 'lastPlaySession': 0}, {'gameName': 'TaskSwitch2', 'playCount': 1, 'lastPlaySession': 0}]",1,17,128,1,"ANGLE (Intel, Intel(R) Iris(R) Xe Graphics (0x0000A7A1) Direct3D11 vs_5_0 ps_5_0, D3D11)",0,2,-5,WPI6_173084465wg9125,2024-11-05T22:16:02.000000Z,2024-11-05T22:29:27.000000Z
57,22,10,ACE Explorer,1.22.33,UNDEFINED,None,Windows 10,3,RIGHT,Chrome 129,"[{'score': 20150.0, 'gameName': 'BRT', 'highScore': 20150.0}, {'score': 9940.0, 'gameName': 'WTNumber', 'highScore': 9940.0}, {'score': 43160.0, 'gameName': 'Stroop', 'highScore': 43160.0}, {'score': 48740.0, 'gameName': 'TaskSwitch2', 'highScore': 48740.0}, {'score': 6390.0, 'gameName': 'SpatialSpanReverse', 'highScore': 6390.0}]",0,WPI6_1s7297926890r26,Eastern Standard Time,"[{'gameName': 'BRT', 'playCount': 1, 'lastPlaySession': 0}, {'gameName': 'WTNumber', 'playCount': 1, 'lastPlaySession': 0}, {'gameName': 'Stroop', 'playCount': 1, 'lastPlaySession': 0}, {'gameName': 'SpatialSpanReverse', 'playCount': 1, 'lastPlaySession': 0}, {'gameName': 'TaskSwitch2', 'playCount': 1, 'lastPlaySession': 0}]",1,17,128,1,"ANGLE (Intel, Intel(R) Iris(R) Xe Graphics (0x00009A49) Direct3D11 vs_5_0 ps_5_0, D3D11)",0,2,-4,WPI6_1s7297926890r26,2024-10-24T17:59:30.000000Z,2024-10-24T21:32:55.000000Z
58,20,10,ACE Explorer,1.22.33,UNDEFINED,None,Mac OS X 10_15_7,3,RIGHT,Chrome 129,"[{'score': 40470.0, 'gameName': 'BRT', 'highScore': 40470.0}, {'score': 9940.0, 'gameName': 'WTNumber', 'highScore': 9940.0}, {'score': 39870.0, 'gameName': 'Stroop', 'highScore': 39870.0}, {'score': 24450.0, 'gameName': 'TaskSwitch2', 'highScore': 24450.0}, {'score': 5680.0, 'gameName': 'SpatialSpanReverse', 'highScore': 5680.0}]",0,WPI6_173388493v28x43,Eastern Standard Time,"[{'gameName': 'BRT', 'playCount': 1, 'lastPlaySession': 0}, {'gameName': 'WTNumber', 'playCount': 1, 'lastPlaySession': 0}, {'gameName': 'Stroop', 'playCount': 1, 'lastPlaySession': 0}, {'gameName': 'SpatialSpanReverse', 'playCount': 1, 'lastPlaySession': 0}, {'gameName': 'TaskSwitch2', 'playCount': 1, 'lastPlaySession': 0}]",1,17,128,1,"ANGLE (Apple, ANGLE Metal Renderer: Apple M2 Pro, Unspecified Version)",0,2,-5,WPI6_173388493v28x43,2024-12-11T06:56:52.000000Z,2024-12-11T07:19:06.000000Z
59,19,10,ACE Explorer,1.22.33,UNDEFINED,None,Mac OS X 10_15_7,3,RIGHT,Chrome 130,"[{'score': 38540.0, 'gameName': 'BRT', 'highScore': 38540.0}, {'score': 9940.0, 'gameName': 'WTNumber', 'highScore': 9940.0}, {'score': 35350.0, 'gameName': 'Stroop', 'highScore': 35350.0}, {'score': 40690.0, 'gameName': 'TaskSwitch2', 'highScore': 40690.0}, {'score': 7810.0, 'gameName': 'SpatialSpanReverse', 'highScore': 7810.0}]",0,WPI6_17t29952p498059,Eastern Standard Time,"[{'gameName': 'BRT', 'playCount': 1, 'lastPlaySession': 0}, {'gameName': 'WTNumber', 'playCount': 1, 'lastPlaySession': 0}, {'gameName': 'Stroop', 'playCount': 1, 'lastPlaySession': 0}, {'gameName': 'SpatialSpanReverse', 'playCount': 1, 'lastPlaySession': 0}, {'gameName': 'TaskSwitch2', 'playCount': 1, 'lastPlaySession': 0}]",1,17,256,1,"ANGLE (Intel, ANGLE Metal Renderer: Intel(R) Iris(TM) Plus Graphics 645, Unspecified Version)",0,2,-4,WPI6_17t29952p498059,2024-10-26T14:26:29.000000Z,2024-10-26T14:42:57.000000Z
60,19,10,ACE Explorer,1.22.33,UNDEFINED,None,Windows 10,3,RIGHT,Chrome 131,"[{'score': 35590.0, 'gameName': 'BRT', 'highScore': 35590.0}, {'score': 9940.0, 'gameName': 'WTNumber', 'highScore': 9940.0}, {'score': 40350.0, 'gameName': 'Stroop', 'highScore': 40350.0}, {'score': 78110.0, 'gameName': 'TaskSwitch2', 'highScore': 78110.0}, {'score': 7810.0, 'gameName': 'SpatialSpanReverse', 'highScore': 7810.0}]",0,WPI6_1y733962t796929,Eastern Standard Time,"[{'gameName': 'BRT', 'playCount': 1, 'lastPlaySession': 0}, {'gameName': 'WTNumber', 'playCount': 1, 'lastPlaySession': 0}, {'gameName': 'Stroop', 'playCount': 1, 'lastPlaySession': 0}, {'gameName': 'SpatialSpanReverse', 'playCount': 1, 'lastPlaySession': 0}, {'gameName': 'TaskSwitch2', 'playCount': 1, 'lastPlaySession': 0}]",1,17,256,1,"ANGLE (AMD, AMD Radeon(TM) Graphics (0x0000164C) Direct3D11 vs_5_0 ps_5_0, D3D11)",0,2,-5,WPI6_1y733962t796929,2024-12-12T00:20:26.000000Z,2024-12-12T00:35:49.000000Z
61,20,10,ACE Explorer,1.22.33,UNDEFINED,None,Mac OS X 10_15_7,3,RIGHT,Safari 17.2,"[{'score': 26630.0, 'gameName': 'BRT', 'highScore': 26630.0}, {'score': 9940.0, 'gameName': 'WTNumber', 'highScore': 9940.0}, {'score': 60660.0, 'gameName': 'Stroop', 'highScore': 60660.0}, {'score': 16310.0, 'gameName': 'TaskSwitch2', 'highScore': 16310.0}, {'score': 2840.0, 'gameName': 'SpatialSpanReverse', 'highScore': 2840.0}]",0,WPI6_173376y1l465318,Eastern Standard Time,"[{'gameName': 'BRT', 'playCount': 1, 'lastPlaySession': 0}, {'gameName': 'WTNumber', 'playCount': 1, 'lastPlaySession': 0}, {'gameName': 'Stroop', 'playCount': 1, 'lastPlaySession': 0}, {'gameName': 'SpatialSpanReverse', 'playCount': 1, 'lastPlaySession': 0}, {'gameName': 'TaskSwitch2', 'playCount': 1, 'lastPlaySession': 0}]",1,17,128,1,Apple GPU,0,2,-5,WPI6_173376y1l465318,2024-12-09T16:24:56.000000Z,2024-12-09T16:36:39.000000Z
62,18,10,ACE Explorer,1.22.33,UNDEFINED,None,Mac OS X 10_15_7,3,RIGHT,Chrome 130,"[{'score': 35360.0, 'gameName': 'BRT', 'highScore': 35360.0}, {'score': 9940.0, 'gameName': 'WTNumber', 'highScore': 9940.0}, {'score': 23270.0, 'gameName': 'Stroop', 'highScore': 23270.0}, {'score': 5850.0, 'gameName': 'TaskSwitch2', 'highScore': 5850.0}, {'score': 4260.0, 'gameName': 'SpatialSpanReverse', 'highScore': 4260.0}]",0,WPI6_im1729883307292,Eastern Standard Time,"[{'gameName': 'BRT', 'playCount': 1, 'lastPlaySession': 0}, {'gameName': 'WTNumber', 'playCount': 1, 'lastPlaySession': 0}, {'gameName': 'Stroop', 'playCount': 1, 'lastPlaySession': 0}, {'gameName': 'SpatialSpanReverse', 'playCount': 1, 'lastPlaySession': 0}, {'gameName': 'TaskSwitch2', 'playCount': 1, 'lastPlaySession': 0}]",1,17,256,1,"ANGLE (Apple, ANGLE Metal Renderer: Apple M3 Max, Unspecified Version)",0,2,-4,WPI6_im1729883307292,2024-10-25T19:09:55.000000Z,2024-10-25T19:33:16.000000Z
63,20,10,ACE Explorer,1.22.33,UNDEFINED,None,Windows 10,3,RIGHT,Chrome 130,"[{'score': 23680.0, 'gameName': 'BRT', 'highScore': 23680.0}, {'score': 9940.0, 'gameName': 'WTNumber', 'highScore': 9940.0}, {'score': 96540.0, 'gameName': 'Stroop', 'highScore': 96540.0}, {'score': 65310.0, 'gameName': 'TaskSwitch2', 'highScore': 65310.0}, {'score': 6390.0, 'gameName': 'SpatialSpanReverse', 'highScore': 6390.0}]",0,WPI6_172995d42826h37,Eastern Standard Time,"[{'gameName': 'BRT', 'playCount': 1, 'lastPlaySession': 0}, {'gameName': 'WTNumber', 'playCount': 1, 'lastPlaySession': 0}, {'gameName': 'Stroop', 'playCount': 1, 'lastPlaySession': 0}, {'gameName': 'SpatialSpanReverse', 'playCount': 1, 'lastPlaySession': 0}, {'gameName': 'TaskSwitch2', 'playCount': 1, 'lastPlaySession': 0}]",1,17,128,1,"ANGLE (Intel, Intel(R) Iris(R) Xe Graphics (0x00009A49) Direct3D11 vs_5_0 ps_5_0, D3D11)",0,2,-4,WPI6_172995d42826h37,2024-10-26T14:52:04.000000Z,2024-10-26T15:08:37.000000Z
64,20,10,ACE Explorer,1.22.33,UNDEFINED,None,Windows 10,3,RIGHT,Firefox 131,"[{'score': 34470.0, 'gameName': 'BRT', 'highScore': 34470.0}, {'score': 9940.0, 'gameName': 'WTNumber', 'highScore': 9940.0}, {'score': 52640.0, 'gameName': 'Stroop', 'highScore': 52640.0}, {'score': 32940.0, 'gameName': 'TaskSwitch2', 'highScore': 32940.0}, {'score': 9940.0, 'gameName': 'SpatialSpanReverse', 'highScore': 9940.0}]",0,WPI6_1v729990s628152,Eastern Standard Time,"[{'gameName': 'BRT', 'playCount': 1, 'lastPlaySession': 0}, {'gameName': 'WTNumber', 'playCount': 1, 'lastPlaySession': 0}, {'gameName': 'Stroop', 'playCount': 1, 'lastPlaySession': 0}, {'gameName': 'SpatialSpanReverse', 'playCount': 1, 'lastPlaySession': 0}, {'gameName': 'TaskSwitch2', 'playCount': 1, 'lastPlaySession': 0}]",1,17,128,1,"ANGLE (Intel, Intel(R) HD Graphics 400 Direct3D11 vs_5_0 ps_5_0), or similar",0,2,-4,WPI6_1v729990s628152,2024-10-27T00:57:41.000000Z,2024-10-27T01:12:18.000000Z
65,18,10,ACE Explorer,1.22.33,UNDEFINED,None,Mac OS X 10_15_7,3,RIGHT,Chrome 128,"[{'score': 38200.0, 'gameName': 'BRT', 'highScore': 38200.0}, {'score': 9940.0, 'gameName': 'WTNumber', 'highScore': 9940.0}, {'score': 38750.0, 'gameName': 'Stroop', 'highScore': 38750.0}, {'score': 48800.0, 'gameName': 'TaskSwitch2', 'highScore': 48800.0}, {'score': 6390.0, 'gameName': 'SpatialSpanReverse', 'highScore': 6390.0}]",0,WPI6_1o72998d8194381,Eastern Standard Time,"[{'gameName': 'BRT', 'playCount': 1, 'lastPlaySession': 0}, {'gameName': 'WTNumber', 'playCount': 1, 'lastPlaySession': 0}, {'gameName': 'Stroop', 'playCount': 1, 'lastPlaySession': 0}, {'gameName': 'SpatialSpanReverse', 'playCount': 1, 'lastPlaySession': 0}, {'gameName': 'TaskSwitch2', 'playCount': 1, 'lastPlaySession': 0}]",1,17,128,1,"ANGLE (Apple, ANGLE Metal Renderer: Apple M1, Unspecified Version)",0,2,-4,WPI6_1o72998d8194381,2024-10-27T00:17:26.000000Z,2024-10-27T00:38:47.000000Z
66,20,10,ACE Explorer,1.22.33,UNDEFINED,None,Mac OS X 10_15_7,3,LEFT,Chrome 128,"[{'score': 30630.0, 'gameName': 'BRT', 'highScore': 30630.0}, {'score': 9940.0, 'gameName': 'WTNumber', 'highScore': 9940.0}, {'score': 49900.0, 'gameName': 'Stroop', 'highScore': 49900.0}, {'score': 73160.0, 'gameName': 'TaskSwitch2', 'highScore': 73160.0}, {'score': 1420.0, 'gameName': 'SpatialSpanReverse', 'highScore': 1420.0}]",0,WPI6_17299937o1947y5,Eastern Standard Time,"[{'gameName': 'BRT', 'playCount': 2, 'lastPlaySession': 1}, {'gameName': 'WTNumber', 'playCount': 2, 'lastPlaySession': 1}, {'gameName': 'Stroop', 'playCount': 1, 'lastPlaySession': 0}, {'gameName': 'SpatialSpanReverse', 'playCount': 1, 'lastPlaySession': 0}, {'gameName': 'TaskSwitch2', 'playCount': 1, 'lastPlaySession': 0}]",1,17,128,1,"ANGLE (Apple, ANGLE Metal Renderer: Apple M2, Unspecified Version)",0,1,-4,WPI6_17299937o1947y5,2024-10-27T01:50:01.000000Z,2024-10-28T21:26:45.000000Z
67,21,10,ACE Explorer,1.22.33,UNDEFINED,None,Mac OS X 10_15_7,3,RIGHT,Chrome 130,"[{'score': 27050.0, 'gameName': 'BRT', 'highScore': 27050.0}, {'score': 9940.0, 'gameName': 'WTNumber', 'highScore': 9940.0}, {'score': 35110.0, 'gameName': 'Stroop', 'highScore': 35110.0}, {'score': 33720.0, 'gameName': 'TaskSwitch2', 'highScore': 33720.0}, {'score': 8520.0, 'gameName': 'SpatialSpanReverse', 'highScore': 8520.0}]",0,WPI6_1f730130297q771,Eastern Standard Time,"[{'gameName': 'BRT', 'playCount': 1, 'lastPlaySession': 0}, {'gameName': 'WTNumber', 'playCount': 1, 'lastPlaySession': 0}, {'gameName': 'Stroop', 'playCount': 1, 'lastPlaySession': 0}, {'gameName': 'SpatialSpanReverse', 'playCount': 1, 'lastPlaySession': 0}, {'gameName': 'TaskSwitch2', 'playCount': 1, 'lastPlaySession': 0}]",1,17,128,1,"ANGLE (Intel, ANGLE Metal Renderer: Intel(R) Iris(TM) Plus Graphics 655, Unspecified Version)",0,2,-4,WPI6_1f730130297q771,2024-10-28T15:45:53.000000Z,2024-10-28T16:01:57.000000Z
68,18,10,ACE Explorer,1.22.33,UNDEFINED,None,Mac OS X 10_15_7,3,RIGHT,Chrome 130,"[{'score': 43920.0, 'gameName': 'BRT', 'highScore': 43920.0}, {'score': 9940.0, 'gameName': 'WTNumber', 'highScore': 9940.0}, {'score': 49780.0, 'gameName': 'Stroop', 'highScore': 49780.0}, {'score': 47920.0, 'gameName': 'TaskSwitch2', 'highScore': 47920.0}, {'score': 1420.0, 'gameName': 'SpatialSpanReverse', 'highScore': 1420.0}]",0,WPI6_d173397n9368828,Eastern Standard Time,"[{'gameName': 'BRT', 'playCount': 1, 'lastPlaySession': 0}, {'gameName': 'WTNumber', 'playCount': 1, 'lastPlaySession': 0}, {'gameName': 'Stroop', 'playCount': 1, 'lastPlaySession': 0}, {'gameName': 'SpatialSpanReverse', 'playCount': 1, 'lastPlaySession': 0}, {'gameName': 'TaskSwitch2', 'playCount': 1, 'lastPlaySession': 0}]",1,17,128,1,"ANGLE (Apple, ANGLE Metal Renderer: Apple M1, Unspecified Version)",0,2,-5,WPI6_d173397n9368828,2024-12-12T04:56:38.000000Z,2024-12-12T05:12:48.000000Z
69,18,10,ACE Explorer,1.22.33,UNDEFINED,None,Windows 10,3,RIGHT,Chrome 130,"[{'score': 33190.0, 'gameName': 'BRT', 'highScore': 33190.0}, {'score': 9940.0, 'gameName': 'WTNumber', 'highScore': 9940.0}, {'score': 65890.0, 'gameName': 'Stroop', 'highScore': 65890.0}, {'score': 39540.0, 'gameName': 'TaskSwitch2', 'highScore': 39540.0}, {'score': 4970.0, 'gameName': 'SpatialSpanReverse', 'highScore': 4970.0}]",0,WPI6_1732480250p4l87,Eastern Standard Time,"[{'gameName': 'BRT', 'playCount': 1, 'lastPlaySession': 0}, {'gameName': 'WTNumber', 'playCount': 1, 'lastPlaySession': 0}, {'gameName': 'Stroop', 'playCount': 1, 'lastPlaySession': 0}, {'gameName': 'SpatialSpanReverse', 'playCount': 1, 'lastPlaySession': 0}, {'gameName': 'TaskSwitch2', 'playCount': 1, 'lastPlaySession': 0}]",1,17,128,1,"ANGLE (Intel, Intel(R) Iris(R) Xe Graphics (0x00009A49) Direct3D11 vs_5_0 ps_5_0, D3D11)",0,2,-5,WPI6_1732480250p4l87,2024-11-24T20:32:23.000000Z,2024-11-24T20:50:36.000000Z
70,18,10,ACE Explorer,1.22.33,UNDEFINED,None,Windows 10,3,RIGHT,Chrome 130,"[{'score': 28170.0, 'gameName': 'BRT', 'highScore': 28170.0}, {'score': 9940.0, 'gameName': 'WTNumber', 'highScore': 9940.0}, {'score': 61510.0, 'gameName': 'Stroop', 'highScore': 61510.0}, {'score': 27080.0, 'gameName': 'TaskSwitch2', 'highScore': 27080.0}, {'score': 6390.0, 'gameName': 'SpatialSpanReverse', 'highScore': 6390.0}]",0,WPI6_17302246zq87473,Eastern Standard Time,"[{'gameName': 'BRT', 'playCount': 1, 'lastPlaySession': 0}, {'gameName': 'WTNumber', 'playCount': 1, 'lastPlaySession': 0}, {'gameName': 'Stroop', 'playCount': 1, 'lastPlaySession': 0}, {'gameName': 'SpatialSpanReverse', 'playCount': 1, 'lastPlaySession': 0}, {'gameName': 'TaskSwitch2', 'playCount': 1, 'lastPlaySession': 0}]",1,17,256,1,"ANGLE (AMD, AMD RadeonT 680M (0x00001681) Direct3D11 vs_5_0 ps_5_0, D3D11)",0,2,-4,WPI6_17302246zq87473,2024-10-29T17:59:13.000000Z,2024-10-29T18:15:40.000000Z
71,21,10,ACE Explorer,1.22.33,UNDEFINED,None,Windows 10,3,RIGHT,Chrome 131,"[{'score': 22950.0, 'gameName': 'BRT', 'highScore': 22950.0}, {'score': 9940.0, 'gameName': 'WTNumber', 'highScore': 9940.0}, {'score': 31830.0, 'gameName': 'Stroop', 'highScore': 31830.0}, {'score': 72650.0, 'gameName': 'TaskSwitch2', 'highScore': 72650.0}, {'score': 6390.0, 'gameName': 'SpatialSpanReverse', 'highScore': 6390.0}]",0,WPI6_1731p98h6309774,Eastern Standard Time,"[{'gameName': 'BRT', 'playCount': 1, 'lastPlaySession': 0}, {'gameName': 'WTNumber', 'playCount': 1, 'lastPlaySession': 0}, {'gameName': 'Stroop', 'playCount': 1, 'lastPlaySession': 0}, {'gameName': 'SpatialSpanReverse', 'playCount': 1, 'lastPlaySession': 0}, {'gameName': 'TaskSwitch2', 'playCount': 1, 'lastPlaySession': 0}]",1,17,128,1,"ANGLE (AMD, AMD Radeon(TM) Graphics (0x0000164C) Direct3D11 vs_5_0 ps_5_0, D3D11)",0,2,-5,WPI6_1731p98h6309774,2024-11-19T03:19:07.000000Z,2024-11-19T03:32:51.000000Z
72,18,10,ACE Explorer,1.22.33,UNDEFINED,None,Mac OS X 10_15_7,3,RIGHT,Safari 17.6,"[{'score': 27450.0, 'gameName': 'BRT', 'highScore': 27450.0}, {'score': 9940.0, 'gameName': 'WTNumber', 'highScore': 9940.0}, {'score': 26930.0, 'gameName': 'Stroop', 'highScore': 26930.0}, {'score': 17800.0, 'gameName': 'TaskSwitch2', 'highScore': 17800.0}, {'score': 4970.0, 'gameName': 'SpatialSpanReverse', 'highScore': 4970.0}]",0,WPI6_17n3308449928h0,Eastern Standard Time,"[{'gameName': 'BRT', 'playCount': 1, 'lastPlaySession': 0}, {'gameName': 'WTNumber', 'playCount': 1, 'lastPlaySession': 0}, {'gameName': 'Stroop', 'playCount': 1, 'lastPlaySession': 0}, {'gameName': 'SpatialSpanReverse', 'playCount': 1, 'lastPlaySession': 0}, {'gameName': 'TaskSwitch2', 'playCount': 1, 'lastPlaySession': 0}]",1,17,128,1,Apple GPU,0,2,-5,WPI6_17n3308449928h0,2024-12-01T20:22:08.000000Z,2024-12-01T20:36:09.000000Z
73,19,10,ACE Explorer,1.22.33,UNDEFINED,None,Windows 10,3,RIGHT,Chrome 131,"[{'score': 33900.0, 'gameName': 'BRT', 'highScore': 33900.0}, {'score': 9940.0, 'gameName': 'WTNumber', 'highScore': 9940.0}, {'score': 59420.0, 'gameName': 'Stroop', 'highScore': 59420.0}, {'score': 60710.0, 'gameName': 'TaskSwitch2', 'highScore': 60710.0}, {'score': 5680.0, 'gameName': 'SpatialSpanReverse', 'highScore': 5680.0}]",0,WPI6_17331100hb17783,Eastern Standard Time,"[{'gameName': 'BRT', 'playCount': 1, 'lastPlaySession': 0}, {'gameName': 'WTNumber', 'playCount': 1, 'lastPlaySession': 0}, {'gameName': 'Stroop', 'playCount': 1, 'lastPlaySession': 0}, {'gameName': 'SpatialSpanReverse', 'playCount': 1, 'lastPlaySession': 0}, {'gameName': 'TaskSwitch2', 'playCount': 1, 'lastPlaySession': 0}]",1,17,256,1,"ANGLE (Intel, Intel(R) Iris(R) Xe Graphics (0x00009A49) Direct3D11 vs_5_0 ps_5_0, D3D11)",0,2,-5,WPI6_17331100hb17783,2024-12-02T03:28:14.000000Z,2024-12-02T03:42:12.000000Z
74,18,10,ACE Explorer,1.22.33,UNDEFINED,None,Windows 10,3,LEFT,Chrome 131,"[{'score': 31040.0, 'gameName': 'BRT', 'highScore': 31040.0}, {'score': 9940.0, 'gameName': 'WTNumber', 'highScore': 9940.0}, {'score': 60170.0, 'gameName': 'Stroop', 'highScore': 60170.0}, {'score': 37770.0, 'gameName': 'TaskSwitch2', 'highScore': 37770.0}, {'score': 5680.0, 'gameName': 'SpatialSpanReverse', 'highScore': 5680.0}]",0,WPI6_1d732z553804786,Eastern Standard Time,"[{'gameName': 'BRT', 'playCount': 1, 'lastPlaySession': 0}, {'gameName': 'WTNumber', 'playCount': 1, 'lastPlaySession': 0}, {'gameName': 'Stroop', 'playCount': 1, 'lastPlaySession': 0}, {'gameName': 'SpatialSpanReverse', 'playCount': 1, 'lastPlaySession': 0}, {'gameName': 'TaskSwitch2', 'playCount': 1, 'lastPlaySession': 0}]",1,17,128,1,"ANGLE (Intel, Intel(R) Arc(TM) Graphics (0x00007D55) Direct3D11 vs_5_0 ps_5_0, D3D11)",0,2,-5,WPI6_1d732z553804786,2024-11-25T16:58:14.000000Z,2024-11-25T17:13:17.000000Z
75,19,10,ACE Explorer,1.22.33,UNDEFINED,None,Windows 10,3,RIGHT,Chrome 130,"[{'score': 42240.0, 'gameName': 'BRT', 'highScore': 42240.0}, {'score': 9940.0, 'gameName': 'WTNumber', 'highScore': 9940.0}, {'score': 58470.0, 'gameName': 'Stroop', 'highScore': 58470.0}, {'score': 62370.0, 'gameName': 'TaskSwitch2', 'highScore': 62370.0}, {'score': 9230.0, 'gameName': 'SpatialSpanReverse', 'highScore': 9230.0}]",0,WPI6_1733110vd258966,Eastern Standard Time,"[{'gameName': 'BRT', 'playCount': 1, 'lastPlaySession': 0}, {'gameName': 'WTNumber', 'playCount': 1, 'lastPlaySession': 0}, {'gameName': 'Stroop', 'playCount': 1, 'lastPlaySession': 0}, {'gameName': 'SpatialSpanReverse', 'playCount': 1, 'lastPlaySession': 0}, {'gameName': 'TaskSwitch2', 'playCount': 1, 'lastPlaySession': 0}]",1,17,128,1,"ANGLE (NVIDIA, NVIDIA GeForce RTX 3050 Laptop GPU (0x000025E2) Direct3D11 vs_5_0 ps_5_0, D3D11)",0,2,-5,WPI6_1733110vd258966,2024-12-02T03:31:28.000000Z,2024-12-02T03:47:07.000000Z
76,19,10,ACE Explorer,1.22.33,UNDEFINED,None,Windows 10,3,RIGHT,Chrome 130,"[{'score': 28080.0, 'gameName': 'BRT', 'highScore': 28080.0}, {'score': 9940.0, 'gameName': 'WTNumber', 'highScore': 9940.0}, {'score': 72380.0, 'gameName': 'Stroop', 'highScore': 72380.0}, {'score': 22000.0, 'gameName': 'TaskSwitch2', 'highScore': 22000.0}, {'score': 6390.0, 'gameName': 'SpatialSpanReverse', 'highScore': 6390.0}]",0,WPI6_173v344849k3973,Eastern Standard Time,"[{'gameName': 'BRT', 'playCount': 1, 'lastPlaySession': 0}, {'gameName': 'WTNumber', 'playCount': 1, 'lastPlaySession': 0}, {'gameName': 'Stroop', 'playCount': 1, 'lastPlaySession': 0}, {'gameName': 'SpatialSpanReverse', 'playCount': 1, 'lastPlaySession': 0}, {'gameName': 'TaskSwitch2', 'playCount': 1, 'lastPlaySession': 0}]",1,17,128,1,"ANGLE (Intel, Intel(R) UHD Graphics 620 (0x00005917) Direct3D11 vs_5_0 ps_5_0, D3D11)",0,2,-5,WPI6_173v344849k3973,2024-12-06T01:30:17.000000Z,2024-12-06T01:45:59.000000Z
77,21,10,ACE Explorer,1.22.33,UNDEFINED,None,Windows 10,3,RIGHT,Chrome 131,"[{'score': 26780.0, 'gameName': 'BRT', 'highScore': 26780.0}, {'score': 9940.0, 'gameName': 'WTNumber', 'highScore': 9940.0}, {'score': 25400.0, 'gameName': 'Stroop', 'highScore': 25400.0}, {'score': 20460.0, 'gameName': 'TaskSwitch2', 'highScore': 20460.0}, {'score': 6390.0, 'gameName': 'SpatialSpanReverse', 'highScore': 6390.0}]",0,WPI6_17338709n4643h7,Eastern Standard Time,"[{'gameName': 'BRT', 'playCount': 1, 'lastPlaySession': 0}, {'gameName': 'WTNumber', 'playCount': 1, 'lastPlaySession': 0}, {'gameName': 'Stroop', 'playCount': 1, 'lastPlaySession': 0}, {'gameName': 'SpatialSpanReverse', 'playCount': 1, 'lastPlaySession': 0}, {'gameName': 'TaskSwitch2', 'playCount': 1, 'lastPlaySession': 0}]",1,17,256,1,"ANGLE (Intel, Intel(R) UHD Graphics (0x00009BC4) Direct3D11 vs_5_0 ps_5_0, D3D11)",0,2,-5,WPI6_17338709n4643h7,2024-12-10T22:50:16.000000Z,2024-12-10T23:07:38.000000Z
78,19,10,ACE Explorer,1.22.33,UNDEFINED,None,Windows 10,3,RIGHT,Chrome 131,"[{'score': 25860.0, 'gameName': 'BRT', 'highScore': 25860.0}, {'score': 9940.0, 'gameName': 'WTNumber', 'highScore': 9940.0}, {'score': 34250.0, 'gameName': 'Stroop', 'highScore': 34250.0}, {'score': 31400.0, 'gameName': 'TaskSwitch2', 'highScore': 31400.0}, {'score': 7810.0, 'gameName': 'SpatialSpanReverse', 'highScore': 7810.0}]",0,WPI6_y173o3868476910,Eastern Standard Time,"[{'gameName': 'BRT', 'playCount': 1, 'lastPlaySession': 0}, {'gameName': 'WTNumber', 'playCount': 1, 'lastPlaySession': 0}, {'gameName': 'Stroop', 'playCount': 1, 'lastPlaySession': 0}, {'gameName': 'SpatialSpanReverse', 'playCount': 1, 'lastPlaySession': 0}, {'gameName': 'TaskSwitch2', 'playCount': 1, 'lastPlaySession': 0}]",1,17,128,1,"ANGLE (NVIDIA, NVIDIA GeForce RTX 3070 Laptop GPU (0x0000249D) Direct3D11 vs_5_0 ps_5_0, D3D11)",0,2,-5,WPI6_y173o3868476910,2024-12-10T22:08:30.000000Z,2024-12-10T22:23:07.000000Z
79,21,10,ACE Explorer,1.22.33,UNDEFINED,None,Mac OS X 10_15_7,3,RIGHT,Chrome 128,"[{'score': 30330.0, 'gameName': 'BRT', 'highScore': 30330.0}, {'score': 9940.0, 'gameName': 'WTNumber', 'highScore': 9940.0}, {'score': 52540.0, 'gameName': 'Stroop', 'highScore': 52540.0}, {'score': 55000.0, 'gameName': 'TaskSwitch2', 'highScore': 55000.0}, {'score': 4970.0, 'gameName': 'SpatialSpanReverse', 'highScore': 4970.0}]",0,WPI6_v1o731016901691,Eastern Standard Time,"[{'gameName': 'BRT', 'playCount': 1, 'lastPlaySession': 0}, {'gameName': 'WTNumber', 'playCount': 1, 'lastPlaySession': 0}, {'gameName': 'Stroop', 'playCount': 1, 'lastPlaySession': 0}, {'gameName': 'SpatialSpanReverse', 'playCount': 1, 'lastPlaySession': 0}, {'gameName': 'TaskSwitch2', 'playCount': 1, 'lastPlaySession': 0}]",1,17,128,1,"ANGLE (Apple, ANGLE Metal Renderer: Apple M1, Unspecified Version)",0,2,-5,WPI6_v1o731016901691,2024-11-07T22:03:01.000000Z,2024-11-07T22:21:00.000000Z
80,19,10,ACE Explorer,1.22.33,UNDEFINED,None,Mac OS X 10_15_7,3,RIGHT,Chrome 127,"[{'score': 40820.0, 'gameName': 'BRT', 'highScore': 40820.0}, {'score': 9940.0, 'gameName': 'WTNumber', 'highScore': 9940.0}, {'score': 34150.0, 'gameName': 'Stroop', 'highScore': 34150.0}, {'score': 24500.0, 'gameName': 'TaskSwitch2', 'highScore': 24500.0}, {'score': 7100.0, 'gameName': 'SpatialSpanReverse', 'highScore': 7100.0}]",0,WPI6_173102fk4950044,Eastern Standard Time,"[{'gameName': 'BRT', 'playCount': 1, 'lastPlaySession': 0}, {'gameName': 'WTNumber', 'playCount': 1, 'lastPlaySession': 0}, {'gameName': 'Stroop', 'playCount': 1, 'lastPlaySession': 0}, {'gameName': 'SpatialSpanReverse', 'playCount': 1, 'lastPlaySession': 0}, {'gameName': 'TaskSwitch2', 'playCount': 1, 'lastPlaySession': 0}]",1,17,128,1,"ANGLE (Apple, ANGLE Metal Renderer: Apple M2, Unspecified Version)",0,2,-5,WPI6_173102fk4950044,2024-11-08T00:16:20.000000Z,2024-11-08T00:32:21.000000Z
81,20,10,ACE Explorer,1.22.33,UNDEFINED,None,Windows 10,3,RIGHT,Chrome 131,"[{'score': 36350.0, 'gameName': 'BRT', 'highScore': 36350.0}, {'score': 9940.0, 'gameName': 'WTNumber', 'highScore': 9940.0}, {'score': 52120.0, 'gameName': 'Stroop', 'highScore': 52120.0}, {'score': 27800.0, 'gameName': 'TaskSwitch2', 'highScore': 27800.0}, {'score': 5680.0, 'gameName': 'SpatialSpanReverse', 'highScore': 5680.0}]",0,WPI6_l1733792v298275,Eastern Standard Time,"[{'gameName': 'BRT', 'playCount': 1, 'lastPlaySession': 0}, {'gameName': 'WTNumber', 'playCount': 1, 'lastPlaySession': 0}, {'gameName': 'Stroop', 'playCount': 1, 'lastPlaySession': 0}, {'gameName': 'SpatialSpanReverse', 'playCount': 1, 'lastPlaySession': 0}, {'gameName': 'TaskSwitch2', 'playCount': 1, 'lastPlaySession': 0}]",1,17,256,1,"ANGLE (Intel, Intel(R) UHD Graphics (0x00009A60) Direct3D11 vs_5_0 ps_5_0, D3D11)",0,2,-5,WPI6_l1733792v298275,2024-12-10T00:59:00.000000Z,2024-12-10T01:26:11.000000Z
82,20,10,ACE Explorer,1.22.33,UNDEFINED,None,Windows 10,3,RIGHT,Chrome 131,"[{'score': 21680.0, 'gameName': 'BRT', 'highScore': 21680.0}, {'score': 9940.0, 'gameName': 'WTNumber', 'highScore': 9940.0}, {'score': 47750.0, 'gameName': 'Stroop', 'highScore': 47750.0}, {'score': 49180.0, 'gameName': 'TaskSwitch2', 'highScore': 49180.0}, {'score': 7810.0, 'gameName': 'SpatialSpanReverse', 'highScore': 7810.0}]",0,WPI6_1733a8059h60889,Eastern Standard Time,"[{'gameName': 'BRT', 'playCount': 1, 'lastPlaySession': 0}, {'gameName': 'WTNumber', 'playCount': 1, 'lastPlaySession': 0}, {'gameName': 'Stroop', 'playCount': 1, 'lastPlaySession': 0}, {'gameName': 'SpatialSpanReverse', 'playCount': 1, 'lastPlaySession': 0}, {'gameName': 'TaskSwitch2', 'playCount': 1, 'lastPlaySession': 0}]",1,17,128,1,"ANGLE (Intel, Intel(R) UHD Graphics (0x00009A60) Direct3D11 vs_5_0 ps_5_0, D3D11)",0,2,-5,WPI6_1733a8059h60889,2024-12-10T04:46:24.000000Z,2024-12-10T05:03:33.000000Z
83,20,10,ACE Explorer,1.22.33,UNDEFINED,None,Mac OS X 10_15_7,3,RIGHT,Chrome 129,"[{'score': 18140.0, 'gameName': 'BRT', 'highScore': 18140.0}, {'score': 9940.0, 'gameName': 'WTNumber', 'highScore': 9940.0}, {'score': 44070.0, 'gameName': 'Stroop', 'highScore': 44070.0}, {'score': 21570.0, 'gameName': 'TaskSwitch2', 'highScore': 21570.0}, {'score': 9230.0, 'gameName': 'SpatialSpanReverse', 'highScore': 9230.0}]",0,WPI6_173038474v3d659,Eastern Standard Time,"[{'gameName': 'BRT', 'playCount': 1, 'lastPlaySession': 0}, {'gameName': 'WTNumber', 'playCount': 1, 'lastPlaySession': 0}, {'gameName': 'Stroop', 'playCount': 1, 'lastPlaySession': 0}, {'gameName': 'SpatialSpanReverse', 'playCount': 1, 'lastPlaySession': 0}, {'gameName': 'TaskSwitch2', 'playCount': 1, 'lastPlaySession': 0}]",1,17,128,1,"ANGLE (Intel, ANGLE Metal Renderer: Intel(R) Iris(TM) Plus Graphics, Unspecified Version)",0,2,-4,WPI6_173038474v3d659,2024-10-31T14:28:03.000000Z,2024-10-31T14:59:56.000000Z
84,18,10,ACE Explorer,1.22.33,UNDEFINED,None,Windows 10,3,RIGHT,Chrome 131,"[{'score': 31000.0, 'gameName': 'BRT', 'highScore': 31000.0}, {'score': 9940.0, 'gameName': 'WTNumber', 'highScore': 9940.0}, {'score': 36490.0, 'gameName': 'Stroop', 'highScore': 36490.0}, {'score': 42990.0, 'gameName': 'TaskSwitch2', 'highScore': 42990.0}, {'score': 7810.0, 'gameName': 'SpatialSpanReverse', 'highScore': 7810.0}]",0,WPI6_17337j6800257n0,Eastern Standard Time,"[{'gameName': 'BRT', 'playCount': 1, 'lastPlaySession': 0}, {'gameName': 'WTNumber', 'playCount': 1, 'lastPlaySession': 0}, {'gameName': 'Stroop', 'playCount': 1, 'lastPlaySession': 0}, {'gameName': 'SpatialSpanReverse', 'playCount': 1, 'lastPlaySession': 0}, {'gameName': 'TaskSwitch2', 'playCount': 1, 'lastPlaySession': 0}]",1,17,128,1,"ANGLE (Intel, Intel(R) UHD Graphics (0x00004688) Direct3D11 vs_5_0 ps_5_0, D3D11)",0,2,-5,WPI6_17337j6800257n0,2024-12-09T18:14:32.000000Z,2024-12-09T18:32:39.000000Z
85,19,10,ACE Explorer,1.22.33,UNDEFINED,None,Windows 10,3,RIGHT,Chrome 131,"[{'score': 38490.0, 'gameName': 'BRT', 'highScore': 38490.0}, {'score': 9940.0, 'gameName': 'WTNumber', 'highScore': 9940.0}, {'score': 36250.0, 'gameName': 'Stroop', 'highScore': 36250.0}, {'score': 23080.0, 'gameName': 'TaskSwitch2', 'highScore': 23080.0}, {'score': 5680.0, 'gameName': 'SpatialSpanReverse', 'highScore': 5680.0}]",0,WPI6_1v733i955008467,Eastern Standard Time,"[{'gameName': 'BRT', 'playCount': 1, 'lastPlaySession': 0}, {'gameName': 'WTNumber', 'playCount': 1, 'lastPlaySession': 0}, {'gameName': 'Stroop', 'playCount': 1, 'lastPlaySession': 0}, {'gameName': 'SpatialSpanReverse', 'playCount': 1, 'lastPlaySession': 0}, {'gameName': 'TaskSwitch2', 'playCount': 1, 'lastPlaySession': 0}]",1,17,128,1,"ANGLE (AMD, AMD Radeon(TM) Graphics (0x00001681) Direct3D11 vs_5_0 ps_5_0, D3D11)",0,2,-5,WPI6_1v733i955008467,2024-12-11T22:11:43.000000Z,2024-12-11T22:24:14.000000Z
86,19,10,ACE Explorer,1.22.33,UNDEFINED,None,Windows 10,3,LEFT,Chrome 131,"[{'score': 27870.0, 'gameName': 'BRT', 'highScore': 27870.0}, {'score': 9940.0, 'gameName': 'WTNumber', 'highScore': 9940.0}, {'score': 39200.0, 'gameName': 'Stroop', 'highScore': 39200.0}, {'score': 38290.0, 'gameName': 'TaskSwitch2', 'highScore': 38290.0}, {'score': 8520.0, 'gameName': 'SpatialSpanReverse', 'highScore': 8520.0}]",0,WPI6_1733770t03c8588,Eastern Standard Time,"[{'gameName': 'BRT', 'playCount': 1, 'lastPlaySession': 0}, {'gameName': 'WTNumber', 'playCount': 1, 'lastPlaySession': 0}, {'gameName': 'Stroop', 'playCount': 1, 'lastPlaySession': 0}, {'gameName': 'SpatialSpanReverse', 'playCount': 1, 'lastPlaySession': 0}, {'gameName': 'TaskSwitch2', 'playCount': 1, 'lastPlaySession': 0}]",1,17,128,1,"ANGLE (Intel, Intel(R) UHD Graphics (0x0000A788) Direct3D11 vs_5_0 ps_5_0, D3D11)",0,2,-5,WPI6_1733770t03c8588,2024-12-09T18:47:52.000000Z,2024-12-09T19:04:07.000000Z
87,22,10,ACE Explorer,1.22.33,UNDEFINED,None,Windows 10,3,RIGHT,Chrome 130,"[{'score': 30080.0, 'gameName': 'BRT', 'highScore': 30080.0}, {'score': 9940.0, 'gameName': 'WTNumber', 'highScore': 9940.0}, {'score': 82070.0, 'gameName': 'Stroop', 'highScore': 82070.0}, {'score': 32790.0, 'gameName': 'TaskSwitch2', 'highScore': 32790.0}, {'score': 6390.0, 'gameName': 'SpatialSpanReverse', 'highScore': 6390.0}]",0,WPI6_1i73396523t4991,Eastern Standard Time,"[{'gameName': 'BRT', 'playCount': 1, 'lastPlaySession': 0}, {'gameName': 'WTNumber', 'playCount': 1, 'lastPlaySession': 0}, {'gameName': 'Stroop', 'playCount': 1, 'lastPlaySession': 0}, {'gameName': 'SpatialSpanReverse', 'playCount': 1, 'lastPlaySession': 0}, {'gameName': 'TaskSwitch2', 'playCount': 1, 'lastPlaySession': 0}]",1,17,128,1,"ANGLE (Intel, Intel(R) Iris(R) Xe Graphics (0x00009A49) Direct3D11 vs_5_0 ps_5_0, D3D11)",0,2,-5,WPI6_1i73396523t4991,2024-12-12T01:01:23.000000Z,2024-12-12T01:17:56.000000Z
88,21,10,ACE Explorer,1.22.33,UNDEFINED,None,Windows 10,3,RIGHT,Chrome 130,"[{'score': 35850.0, 'gameName': 'BRT', 'highScore': 35850.0}, {'score': 9940.0, 'gameName': 'WTNumber', 'highScore': 9940.0}, {'score': 64250.0, 'gameName': 'Stroop', 'highScore': 64250.0}, {'score': 37890.0, 'gameName': 'TaskSwitch2', 'highScore': 37890.0}, {'score': 10650.0, 'gameName': 'SpatialSpanReverse', 'highScore': 10650.0}]",0,WPI6_e1733y347534582,Eastern Standard Time,"[{'gameName': 'BRT', 'playCount': 1, 'lastPlaySession': 0}, {'gameName': 'WTNumber', 'playCount': 1, 'lastPlaySession': 0}, {'gameName': 'Stroop', 'playCount': 1, 'lastPlaySession': 0}, {'gameName': 'SpatialSpanReverse', 'playCount': 1, 'lastPlaySession': 0}, {'gameName': 'TaskSwitch2', 'playCount': 1, 'lastPlaySession': 0}]",1,17,128,1,"ANGLE (Intel, Intel(R) UHD Graphics (0x00009A60) Direct3D11 vs_5_0 ps_5_0, D3D11)",0,2,-5,WPI6_e1733y347534582,2024-12-04T21:26:36.000000Z,2024-12-04T21:45:37.000000Z
89,21,10,ACE Explorer,1.22.33,UNDEFINED,None,Windows 10,3,RIGHT,Chrome 130,"[{'score': 26030.0, 'gameName': 'BRT', 'highScore': 26030.0}, {'score': 9940.0, 'gameName': 'WTNumber', 'highScore': 9940.0}, {'score': 33500.0, 'gameName': 'Stroop', 'highScore': 33500.0}, {'score': 740.0, 'gameName': 'TaskSwitch2', 'highScore': 740.0}, {'score': 3550.0, 'gameName': 'SpatialSpanReverse', 'highScore': 3550.0}]",0,WPI6_1i7304e00496415,Eastern Standard Time,"[{'gameName': 'BRT', 'playCount': 1, 'lastPlaySession': 0}, {'gameName': 'WTNumber', 'playCount': 1, 'lastPlaySession': 0}, {'gameName': 'Stroop', 'playCount': 1, 'lastPlaySession': 0}, {'gameName': 'SpatialSpanReverse', 'playCount': 1, 'lastPlaySession': 0}, {'gameName': 'TaskSwitch2', 'playCount': 1, 'lastPlaySession': 0}]",1,17,256,1,"ANGLE (Intel, Intel(R) UHD Graphics 600 (0x00003185) Direct3D11 vs_5_0 ps_5_0, D3D11)",0,2,-4,WPI6_1i7304e00496415,2024-10-31T18:50:19.000000Z,2024-10-31T19:05:39.000000Z
90,18,10,ACE Explorer,1.22.33,UNDEFINED,None,Windows 10,3,RIGHT,Chrome 131,"[{'score': 53550.0, 'gameName': 'BRT', 'highScore': 53550.0}, {'score': 9940.0, 'gameName': 'WTNumber', 'highScore': 9940.0}, {'score': 36780.0, 'gameName': 'Stroop', 'highScore': 36780.0}, {'score': 39770.0, 'gameName': 'TaskSwitch2', 'highScore': 39770.0}, {'score': 6390.0, 'gameName': 'SpatialSpanReverse', 'highScore': 6390.0}]",0,WPI6_17z337n71914500,Eastern Standard Time,"[{'gameName': 'BRT', 'playCount': 1, 'lastPlaySession': 0}, {'gameName': 'WTNumber', 'playCount': 1, 'lastPlaySession': 0}, {'gameName': 'Stroop', 'playCount': 1, 'lastPlaySession': 0}, {'gameName': 'SpatialSpanReverse', 'playCount': 1, 'lastPlaySession': 0}, {'gameName': 'TaskSwitch2', 'playCount': 1, 'lastPlaySession': 0}]",1,17,128,1,"ANGLE (Intel, Intel(R) UHD Graphics (0x0000A788) Direct3D11 vs_5_0 ps_5_0, D3D11)",0,2,-5,WPI6_17z337n71914500,2024-12-09T19:19:06.000000Z,2024-12-09T19:38:11.000000Z
91,19,10,ACE Explorer,1.22.33,UNDEFINED,None,Mac OS X 10_15_7,3,RIGHT,Chrome 130,"[{'score': 24570.0, 'gameName': 'BRT', 'highScore': 24570.0}, {'score': 9940.0, 'gameName': 'WTNumber', 'highScore': 9940.0}, {'score': 57630.0, 'gameName': 'Stroop', 'highScore': 57630.0}, {'score': 38060.0, 'gameName': 'TaskSwitch2', 'highScore': 38060.0}, {'score': 6390.0, 'gameName': 'SpatialSpanReverse', 'highScore': 6390.0}]",0,WPI6_17pd30418782931,Eastern Standard Time,"[{'gameName': 'BRT', 'playCount': 1, 'lastPlaySession': 0}, {'gameName': 'WTNumber', 'playCount': 1, 'lastPlaySession': 0}, {'gameName': 'Stroop', 'playCount': 1, 'lastPlaySession': 0}, {'gameName': 'SpatialSpanReverse', 'playCount': 1, 'lastPlaySession': 0}, {'gameName': 'TaskSwitch2', 'playCount': 1, 'lastPlaySession': 0}]",1,17,128,1,"ANGLE (Apple, ANGLE Metal Renderer: Apple M2, Unspecified Version)",0,2,-4,WPI6_17pd30418782931,2024-10-31T23:53:58.000000Z,2024-11-01T00:08:14.000000Z
92,18,34,ACE Explorer,1.22.33,UNDEFINED,None,Windows 10,3,LEFT,Chrome 130,"[{'score': 31320.0, 'gameName': 'BRT', 'highScore': 31320.0}, {'score': 9940.0, 'gameName': 'WTNumber', 'highScore': 9940.0}, {'score': 46290.0, 'gameName': 'Stroop', 'highScore': 46290.0}, {'score': 37410.0, 'gameName': 'TaskSwitch2', 'highScore': 37410.0}, {'score': 6390.0, 'gameName': 'SpatialSpanReverse', 'highScore': 6390.0}]",0,WPI6_17h3110578387b4,Eastern Standard Time,"[{'gameName': 'BRT', 'playCount': 1, 'lastPlaySession': 0}, {'gameName': 'WTNumber', 'playCount': 1, 'lastPlaySession': 0}, {'gameName': 'Stroop', 'playCount': 1, 'lastPlaySession': 0}, {'gameName': 'SpatialSpanReverse', 'playCount': 1, 'lastPlaySession': 0}, {'gameName': 'TaskSwitch2', 'playCount': 1, 'lastPlaySession': 0}]",1,17,256,1,"ANGLE (Intel, Intel(R) UHD Graphics 620 (0x00005917) Direct3D11 vs_5_0 ps_5_0, D3D11)",0,2,-5,WPI6_17h3110578387b4,2024-11-08T22:44:07.000000Z,2024-11-08T23:01:23.000000Z
93,20,10,ACE Explorer,1.22.33,UNDEFINED,None,Windows 10,3,RIGHT,Chrome 131,"[{'score': 33120.0, 'gameName': 'BRT', 'highScore': 33120.0}, {'score': 9940.0, 'gameName': 'WTNumber', 'highScore': 9940.0}, {'score': 53430.0, 'gameName': 'Stroop', 'highScore': 53430.0}, {'score': 18500.0, 'gameName': 'TaskSwitch2', 'highScore': 18500.0}, {'score': 4970.0, 'gameName': 'SpatialSpanReverse', 'highScore': 4970.0}]",0,WPI6_1i7z33955583506,Eastern Standard Time,"[{'gameName': 'BRT', 'playCount': 1, 'lastPlaySession': 0}, {'gameName': 'WTNumber', 'playCount': 1, 'lastPlaySession': 0}, {'gameName': 'Stroop', 'playCount': 1, 'lastPlaySession': 0}, {'gameName': 'SpatialSpanReverse', 'playCount': 1, 'lastPlaySession': 0}, {'gameName': 'TaskSwitch2', 'playCount': 1, 'lastPlaySession': 0}]",1,17,128,1,"ANGLE (NVIDIA, NVIDIA GeForce RTX 3080 (0x00002206) Direct3D11 vs_5_0 ps_5_0, D3D11)",0,2,-5,WPI6_1i7z33955583506,2024-12-11T22:20:31.000000Z,2024-12-11T22:33:51.000000Z
94,21,10,ACE Explorer,1.22.33,UNDEFINED,None,Mac OS X 10_15_7,3,LEFT,Safari 16.6,"[{'score': 24170.0, 'gameName': 'BRT', 'highScore': 24170.0}, {'score': 9940.0, 'gameName': 'WTNumber', 'highScore': 9940.0}, {'score': 24830.0, 'gameName': 'Stroop', 'highScore': 24830.0}, {'score': 17090.0, 'gameName': 'TaskSwitch2', 'highScore': 17090.0}, {'score': 6390.0, 'gameName': 'SpatialSpanReverse', 'highScore': 6390.0}]",0,WPI6_17383534ok19345,Eastern Standard Time,"[{'gameName': 'BRT', 'playCount': 1, 'lastPlaySession': 0}, {'gameName': 'WTNumber', 'playCount': 1, 'lastPlaySession': 0}, {'gameName': 'Stroop', 'playCount': 1, 'lastPlaySession': 0}, {'gameName': 'SpatialSpanReverse', 'playCount': 1, 'lastPlaySession': 0}, {'gameName': 'TaskSwitch2', 'playCount': 1, 'lastPlaySession': 0}]",1,17,128,1,Apple GPU,0,2,-5,WPI6_17383534ok19345,2025-01-31T19:57:36.000000Z,2025-01-31T20:16:26.000000Z
95,18,10,ACE Explorer,1.22.33,UNDEFINED,None,Windows 10,3,RIGHT,Chrome 132,"[{'score': 19660.0, 'gameName': 'BRT', 'highScore': 19660.0}, {'score': 9940.0, 'gameName': 'WTNumber', 'highScore': 9940.0}, {'score': 24090.0, 'gameName': 'Stroop', 'highScore': 24090.0}, {'score': 53330.0, 'gameName': 'TaskSwitch2', 'highScore': 53330.0}, {'score': 9230.0, 'gameName': 'SpatialSpanReverse', 'highScore': 9230.0}]",0,WPI6_173838737tl8734,Eastern Standard Time,"[{'gameName': 'BRT', 'playCount': 1, 'lastPlaySession': 0}, {'gameName': 'WTNumber', 'playCount': 1, 'lastPlaySession': 0}, {'gameName': 'Stroop', 'playCount': 1, 'lastPlaySession': 0}, {'gameName': 'SpatialSpanReverse', 'playCount': 1, 'lastPlaySession': 0}, {'gameName': 'TaskSwitch2', 'playCount': 1, 'lastPlaySession': 0}]",1,17,256,1,"ANGLE (Intel, Intel(R) UHD Graphics (0x0000A7A8) Direct3D11 vs_5_0 ps_5_0, D3D11)",0,2,-5,WPI6_173838737tl8734,2025-02-01T05:24:10.000000Z,2025-02-01T05:38:09.000000Z
96,20,10,ACE Explorer,1.22.33,UNDEFINED,None,Mac OS X 10_15_7,3,RIGHT,Chrome 131,"[{'score': 55540.0, 'gameName': 'BRT', 'highScore': 55540.0}, {'score': 9940.0, 'gameName': 'WTNumber', 'highScore': 9940.0}, {'score': 61200.0, 'gameName': 'Stroop', 'highScore': 61200.0}, {'score': 50560.0, 'gameName': 'TaskSwitch2', 'highScore': 50560.0}, {'score': 7810.0, 'gameName': 'SpatialSpanReverse', 'highScore': 7810.0}]",0,WPI6_1738b721104t176,Eastern Standard Time,"[{'gameName': 'BRT', 'playCount': 1, 'lastPlaySession': 0}, {'gameName': 'WTNumber', 'playCount': 1, 'lastPlaySession': 0}, {'gameName': 'Stroop', 'playCount': 1, 'lastPlaySession': 0}, {'gameName': 'SpatialSpanReverse', 'playCount': 1, 'lastPlaySession': 0}, {'gameName': 'TaskSwitch2', 'playCount': 1, 'lastPlaySession': 0}]",1,17,128,1,"ANGLE (Apple, ANGLE Metal Renderer: Apple M1, Unspecified Version)",0,2,-5,WPI6_1738b721104t176,2025-02-05T02:05:48.000000Z,2025-02-05T02:23:27.000000Z
97,19,10,ACE Explorer,1.22.33,UNDEFINED,None,Windows 10,3,RIGHT,Chrome 132,"[{'score': 29100.0, 'gameName': 'BRT', 'highScore': 29100.0}, {'score': 9940.0, 'gameName': 'WTNumber', 'highScore': 9940.0}, {'score': 52050.0, 'gameName': 'Stroop', 'highScore': 52050.0}, {'score': 19290.0, 'gameName': 'TaskSwitch2', 'highScore': 19290.0}, {'score': 7810.0, 'gameName': 'SpatialSpanReverse', 'highScore': 7810.0}]",0,WPI6_1737e74876m2689,Eastern Standard Time,"[{'gameName': 'BRT', 'playCount': 1, 'lastPlaySession': 0}, {'gameName': 'WTNumber', 'playCount': 1, 'lastPlaySession': 0}, {'gameName': 'Stroop', 'playCount': 1, 'lastPlaySession': 0}, {'gameName': 'SpatialSpanReverse', 'playCount': 1, 'lastPlaySession': 0}, {'gameName': 'TaskSwitch2', 'playCount': 1, 'lastPlaySession': 0}]",1,17,128,1,"ANGLE (Intel, Intel(R) Iris(R) Xe Graphics (0x0000A7A0) Direct3D11 vs_5_0 ps_5_0, D3D11)",0,2,-5,WPI6_1737e74876m2689,2025-01-24T20:00:40.000000Z,2025-01-24T22:01:33.000000Z
98,21,10,ACE Explorer,1.22.33,UNDEFINED,None,Windows 10,3,RIGHT,Chrome 132,"[{'score': 29910.0, 'gameName': 'BRT', 'highScore': 29910.0}, {'score': 9940.0, 'gameName': 'WTNumber', 'highScore': 9940.0}, {'score': 27470.0, 'gameName': 'Stroop', 'highScore': 27470.0}, {'score': 15890.0, 'gameName': 'TaskSwitch2', 'highScore': 15890.0}]",0,WPI6_17u37n859249841,Eastern Standard Time,"[{'gameName': 'BRT', 'playCount': 1, 'lastPlaySession': 0}, {'gameName': 'WTNumber', 'playCount': 1, 'lastPlaySession': 0}, {'gameName': 'Stroop', 'playCount': 1, 'lastPlaySession': 0}, {'gameName': 'SpatialSpanReverse', 'playCount': 0, 'lastPlaySession': -1}, {'gameName': 'TaskSwitch2', 'playCount': 1, 'lastPlaySession': 0}]",1,17,128,0,"ANGLE (Intel, Intel(R) UHD Graphics (0x0000A788) Direct3D11 vs_5_0 ps_5_0, D3D11)",0,1,-5,WPI6_17u37n859249841,2025-01-26T02:41:15.000000Z,2025-01-26T02:50:34.000000Z
99,21,10,ACE Explorer,1.22.33,UNDEFINED,None,Windows 10,3,RIGHT,Chrome 132,"[{'score': 25000.0, 'gameName': 'BRT', 'highScore': 25000.0}, {'score': 9940.0, 'gameName': 'WTNumber', 'highScore': 9940.0}, {'score': 42730.0, 'gameName': 'Stroop', 'highScore': 42730.0}, {'score': 48550.0, 'gameName': 'TaskSwitch2', 'highScore': 48550.0}, {'score': 7100.0, 'gameName': 'SpatialSpanReverse', 'highScore': 7100.0}]",0,WPI6_17h37i859872534,Eastern Standard Time,"[{'gameName': 'BRT', 'playCount': 1, 'lastPlaySession': 0}, {'gameName': 'WTNumber', 'playCount': 1, 'lastPlaySession': 0}, {'gameName': 'Stroop', 'playCount': 1, 'lastPlaySession': 0}, {'gameName': 'SpatialSpanReverse', 'playCount': 1, 'lastPlaySession': 0}, {'gameName': 'TaskSwitch2', 'playCount': 1, 'lastPlaySession': 0}]",1,17,256,1,"ANGLE (Intel, Intel(R) UHD Graphics (0x0000A788) Direct3D11 vs_5_0 ps_5_0, D3D11)",0,2,-5,WPI6_17h37i859872534,2025-01-26T02:51:35.000000Z,2025-01-26T03:06:14.000000Z
100,18,10,ACE Explorer,1.22.33,UNDEFINED,None,Windows 10,3,RIGHT,Chrome 132,"[{'score': 26540.0, 'gameName': 'BRT', 'highScore': 26540.0}, {'score': 9940.0, 'gameName': 'WTNumber', 'highScore': 9940.0}, {'score': 47850.0, 'gameName': 'Stroop', 'highScore': 47850.0}, {'score': 55500.0, 'gameName': 'TaskSwitch2', 'highScore': 55500.0}, {'score': 8520.0, 'gameName': 'SpatialSpanReverse', 'highScore': 8520.0}]",0,WPI6_17396q4267631u4,Eastern Standard Time,"[{'gameName': 'BRT', 'playCount': 1, 'lastPlaySession': 0}, {'gameName': 'WTNumber', 'playCount': 1, 'lastPlaySession': 0}, {'gameName': 'Stroop', 'playCount': 1, 'lastPlaySession': 0}, {'gameName': 'SpatialSpanReverse', 'playCount': 1, 'lastPlaySession': 0}, {'gameName': 'TaskSwitch2', 'playCount': 1, 'lastPlaySession': 0}]",1,17,128,1,"ANGLE (Intel, Intel(R) Arc(TM) Graphics (0x00007D55) Direct3D11 vs_5_0 ps_5_0, D3D11)",0,2,-5,WPI6_17396q4267631u4,2025-02-15T18:05:13.000000Z,2025-02-15T18:20:12.000000Z
101,20,10,ACE Explorer,1.22.33,UNDEFINED,None,Mac OS X 10_15_7,3,RIGHT,Safari 18.1,"[{'score': 21400.0, 'gameName': 'BRT', 'highScore': 21400.0}, {'score': 9940.0, 'gameName': 'WTNumber', 'highScore': 9940.0}, {'score': 41950.0, 'gameName': 'Stroop', 'highScore': 41950.0}, {'score': 29760.0, 'gameName': 'TaskSwitch2', 'highScore': 29760.0}, {'score': 7100.0, 'gameName': 'SpatialSpanReverse', 'highScore': 7100.0}]",0,WPI6_1l736995524u302,Eastern Standard Time,"[{'gameName': 'BRT', 'playCount': 1, 'lastPlaySession': 0}, {'gameName': 'WTNumber', 'playCount': 1, 'lastPlaySession': 0}, {'gameName': 'Stroop', 'playCount': 1, 'lastPlaySession': 0}, {'gameName': 'SpatialSpanReverse', 'playCount': 1, 'lastPlaySession': 0}, {'gameName': 'TaskSwitch2', 'playCount': 1, 'lastPlaySession': 0}]",1,17,128,1,Apple GPU,0,2,-5,WPI6_1l736995524u302,2025-01-16T02:45:47.000000Z,2025-01-16T03:09:24.000000Z
102,19,10,ACE Explorer,1.22.33,UNDEFINED,None,Windows 10,3,RIGHT,Chrome 131,"[{'score': 31540.0, 'gameName': 'BRT', 'highScore': 31540.0}, {'score': 9940.0, 'gameName': 'WTNumber', 'highScore': 9940.0}, {'score': 28200.0, 'gameName': 'Stroop', 'highScore': 28200.0}, {'score': 50280.0, 'gameName': 'TaskSwitch2', 'highScore': 50280.0}, {'score': 9230.0, 'gameName': 'SpatialSpanReverse', 'highScore': 9230.0}]",0,WPI6_1m73704443z1595,Eastern Standard Time,"[{'gameName': 'BRT', 'playCount': 1, 'lastPlaySession': 0}, {'gameName': 'WTNumber', 'playCount': 1, 'lastPlaySession': 0}, {'gameName': 'Stroop', 'playCount': 1, 'lastPlaySession': 0}, {'gameName': 'SpatialSpanReverse', 'playCount': 1, 'lastPlaySession': 0}, {'gameName': 'TaskSwitch2', 'playCount': 1, 'lastPlaySession': 0}]",1,17,128,1,"ANGLE (Intel, Intel(R) Iris(R) Xe Graphics (0x0000A7A1) Direct3D11 vs_5_0 ps_5_0, D3D11)",0,2,-5,WPI6_1m73704443z1595,2025-01-16T16:22:06.000000Z,2025-01-16T16:38:26.000000Z
103,18,10,ACE Explorer,1.22.33,UNDEFINED,None,Windows 10,3,RIGHT,Chrome 132,"[{'score': 35220.0, 'gameName': 'BRT', 'highScore': 35220.0}, {'score': 9940.0, 'gameName': 'WTNumber', 'highScore': 9940.0}, {'score': 47440.0, 'gameName': 'Stroop', 'highScore': 47440.0}, {'score': 38810.0, 'gameName': 'TaskSwitch2', 'highScore': 38810.0}, {'score': 12780.0, 'gameName': 'SpatialSpanReverse', 'highScore': 12780.0}]",0,WPI6_1738hs860820486,Eastern Standard Time,"[{'gameName': 'BRT', 'playCount': 1, 'lastPlaySession': 0}, {'gameName': 'WTNumber', 'playCount': 1, 'lastPlaySession': 0}, {'gameName': 'Stroop', 'playCount': 1, 'lastPlaySession': 0}, {'gameName': 'SpatialSpanReverse', 'playCount': 1, 'lastPlaySession': 0}, {'gameName': 'TaskSwitch2', 'playCount': 1, 'lastPlaySession': 0}]",1,17,256,1,"ANGLE (Intel, Intel(R) Iris(R) Xe Graphics (0x0000A7A1) Direct3D11 vs_5_0 ps_5_0, D3D11)",0,2,-5,WPI6_1738hs860820486,2025-02-06T16:54:51.000000Z,2025-02-06T17:13:41.000000Z
104,19,10,ACE Explorer,1.22.33,UNDEFINED,None,Windows 10,3,LEFT,Chrome 133,"[{'score': 32110.0, 'gameName': 'BRT', 'highScore': 32110.0}, {'score': 9940.0, 'gameName': 'WTNumber', 'highScore': 9940.0}, {'score': 55040.0, 'gameName': 'Stroop', 'highScore': 55040.0}, {'score': 42420.0, 'gameName': 'TaskSwitch2', 'highScore': 42420.0}, {'score': 6390.0, 'gameName': 'SpatialSpanReverse', 'highScore': 6390.0}]",0,WPI6_kp1739744908873,Eastern Standard Time,"[{'gameName': 'BRT', 'playCount': 1, 'lastPlaySession': 0}, {'gameName': 'WTNumber', 'playCount': 1, 'lastPlaySession': 0}, {'gameName': 'Stroop', 'playCount': 1, 'lastPlaySession': 0}, {'gameName': 'SpatialSpanReverse', 'playCount': 1, 'lastPlaySession': 0}, {'gameName': 'TaskSwitch2', 'playCount': 1, 'lastPlaySession': 0}]",1,17,128,1,"ANGLE (NVIDIA, NVIDIA GeForce RTX 4060 Laptop GPU (0x000028A0) Direct3D11 vs_5_0 ps_5_0, D3D11)",0,2,-5,WPI6_kp1739744908873,2025-02-16T22:28:59.000000Z,2025-02-16T22:44:43.000000Z
105,19,10,ACE Explorer,1.22.33,UNDEFINED,None,Windows 10,3,RIGHT,Chrome 132,"[{'score': 39060.0, 'gameName': 'BRT', 'highScore': 39060.0}, {'score': 9940.0, 'gameName': 'WTNumber', 'highScore': 9940.0}, {'score': 40930.0, 'gameName': 'Stroop', 'highScore': 40930.0}, {'score': 40870.0, 'gameName': 'TaskSwitch2', 'highScore': 40870.0}, {'score': 6390.0, 'gameName': 'SpatialSpanReverse', 'highScore': 6390.0}]",0,WPI6_17f3888076p6356,Eastern Standard Time,"[{'gameName': 'BRT', 'playCount': 1, 'lastPlaySession': 0}, {'gameName': 'WTNumber', 'playCount': 1, 'lastPlaySession': 0}, {'gameName': 'Stroop', 'playCount': 1, 'lastPlaySession': 0}, {'gameName': 'SpatialSpanReverse', 'playCount': 1, 'lastPlaySession': 0}, {'gameName': 'TaskSwitch2', 'playCount': 1, 'lastPlaySession': 0}]",1,17,128,1,"ANGLE (NVIDIA, NVIDIA GeForce GTX 1650 (0x00002188) Direct3D11 vs_5_0 ps_5_0, D3D11)",0,2,-5,WPI6_17f3888076p6356,2025-02-06T22:30:19.000000Z,2025-02-06T22:45:30.000000Z
106,34,10,ACE Explorer,1.22.33,UNDEFINED,None,Windows 10,3,RIGHT,Chrome 131,"[{'score': 38810.0, 'gameName': 'BRT', 'highScore': 38810.0}, {'score': 9940.0, 'gameName': 'WTNumber', 'highScore': 9940.0}, {'score': 9200.0, 'gameName': 'Stroop', 'highScore': 9200.0}, {'score': 47930.0, 'gameName': 'TaskSwitch2', 'highScore': 47930.0}, {'score': 1420.0, 'gameName': 'SpatialSpanReverse', 'highScore': 1420.0}]",0,WPI6_17371297c74k795,Eastern Standard Time,"[{'gameName': 'BRT', 'playCount': 1, 'lastPlaySession': 0}, {'gameName': 'WTNumber', 'playCount': 1, 'lastPlaySession': 0}, {'gameName': 'Stroop', 'playCount': 1, 'lastPlaySession': 0}, {'gameName': 'SpatialSpanReverse', 'playCount': 1, 'lastPlaySession': 0}, {'gameName': 'TaskSwitch2', 'playCount': 1, 'lastPlaySession': 0}]",1,17,256,1,"ANGLE (AMD, AMD Radeon(TM) Graphics (0x0000164C) Direct3D11 vs_5_0 ps_5_0, D3D11)",0,2,-5,WPI6_17371297c74k795,2025-01-17T16:03:39.000000Z,2025-01-17T16:23:22.000000Z
107,19,10,ACE Explorer,1.22.33,UNDEFINED,None,Windows 10,3,RIGHT,Chrome 132,"[{'score': 33380.0, 'gameName': 'BRT', 'highScore': 33380.0}, {'score': 9940.0, 'gameName': 'WTNumber', 'highScore': 9940.0}, {'score': 49840.0, 'gameName': 'Stroop', 'highScore': 49840.0}, {'score': 36590.0, 'gameName': 'TaskSwitch2', 'highScore': 36590.0}, {'score': 5680.0, 'gameName': 'SpatialSpanReverse', 'highScore': 5680.0}]",0,WPI6_173p89053d86846,Eastern Standard Time,"[{'gameName': 'BRT', 'playCount': 1, 'lastPlaySession': 0}, {'gameName': 'WTNumber', 'playCount': 1, 'lastPlaySession': 0}, {'gameName': 'Stroop', 'playCount': 1, 'lastPlaySession': 0}, {'gameName': 'SpatialSpanReverse', 'playCount': 1, 'lastPlaySession': 0}, {'gameName': 'TaskSwitch2', 'playCount': 1, 'lastPlaySession': 0}]",1,17,128,1,"ANGLE (Intel, Intel(R) Iris(R) Xe Graphics (0x00009A49) Direct3D11 vs_5_0 ps_5_0, D3D11)",0,2,-5,WPI6_173p89053d86846,2025-02-07T05:17:10.000000Z,2025-02-07T05:32:04.000000Z
108,19,10,ACE Explorer,1.22.33,UNDEFINED,None,Windows 10,3,RIGHT,Chrome 133,"[{'score': 27160.0, 'gameName': 'BRT', 'highScore': 27160.0}, {'score': 9940.0, 'gameName': 'WTNumber', 'highScore': 9940.0}, {'score': 36460.0, 'gameName': 'Stroop', 'highScore': 36460.0}, {'score': 41220.0, 'gameName': 'TaskSwitch2', 'highScore': 41220.0}, {'score': 2130.0, 'gameName': 'SpatialSpanReverse', 'highScore': 2130.0}]",0,WPI6_173l993m3129573,Eastern Standard Time,"[{'gameName': 'BRT', 'playCount': 1, 'lastPlaySession': 0}, {'gameName': 'WTNumber', 'playCount': 1, 'lastPlaySession': 0}, {'gameName': 'Stroop', 'playCount': 1, 'lastPlaySession': 0}, {'gameName': 'SpatialSpanReverse', 'playCount': 1, 'lastPlaySession': 0}, {'gameName': 'TaskSwitch2', 'playCount': 1, 'lastPlaySession': 0}]",1,17,128,1,"ANGLE (Intel, Intel(R) Iris(R) Xe Graphics (0x00009A49) Direct3D11 vs_5_0 ps_5_0, D3D11)",0,2,-5,WPI6_173l993m3129573,2025-02-19T02:45:57.000000Z,2025-02-19T02:57:10.000000Z
109,19,10,ACE Explorer,1.22.33,UNDEFINED,None,Windows 10,3,RIGHT,Chrome 130,"[{'score': 25170.0, 'gameName': 'BRT', 'highScore': 25170.0}, {'score': 9940.0, 'gameName': 'WTNumber', 'highScore': 9940.0}, {'score': 53970.0, 'gameName': 'Stroop', 'highScore': 53970.0}, {'score': 21020.0, 'gameName': 'TaskSwitch2', 'highScore': 21020.0}, {'score': 8520.0, 'gameName': 'SpatialSpanReverse', 'highScore': 8520.0}]",0,WPI6_173h71448348g92,Eastern Standard Time,"[{'gameName': 'BRT', 'playCount': 1, 'lastPlaySession': 0}, {'gameName': 'WTNumber', 'playCount': 1, 'lastPlaySession': 0}, {'gameName': 'Stroop', 'playCount': 1, 'lastPlaySession': 0}, {'gameName': 'SpatialSpanReverse', 'playCount': 1, 'lastPlaySession': 0}, {'gameName': 'TaskSwitch2', 'playCount': 1, 'lastPlaySession': 0}]",1,17,128,1,"ANGLE (Intel, Intel(R) Iris(R) Xe Graphics (0x00009A49) Direct3D11 vs_5_0 ps_5_0, D3D11)",0,2,-5,WPI6_173h71448348g92,2025-01-17T20:14:27.000000Z,2025-01-17T21:21:53.000000Z
110,22,10,ACE Explorer,1.22.33,UNDEFINED,None,Mac OS X 10_15_7,3,RIGHT,Chrome 131,"[{'score': 43120.0, 'gameName': 'BRT', 'highScore': 43120.0}, {'score': 9940.0, 'gameName': 'WTNumber', 'highScore': 9940.0}, {'score': 29210.0, 'gameName': 'Stroop', 'highScore': 29210.0}, {'score': 62820.0, 'gameName': 'TaskSwitch2', 'highScore': 62820.0}, {'score': 7100.0, 'gameName': 'SpatialSpanReverse', 'highScore': 7100.0}]",0,WPI6_1qv740192824504,Eastern Standard Time,"[{'gameName': 'BRT', 'playCount': 1, 'lastPlaySession': 0}, {'gameName': 'WTNumber', 'playCount': 1, 'lastPlaySession': 0}, {'gameName': 'Stroop', 'playCount': 1, 'lastPlaySession': 0}, {'gameName': 'SpatialSpanReverse', 'playCount': 1, 'lastPlaySession': 0}, {'gameName': 'TaskSwitch2', 'playCount': 1, 'lastPlaySession': 0}]",1,17,128,1,"ANGLE (Apple, ANGLE Metal Renderer: Apple M2, Unspecified Version)",0,2,-5,WPI6_1qv740192824504,2025-02-22T02:54:17.000000Z,2025-02-22T03:10:46.000000Z
111,22,10,ACE Explorer,1.22.33,UNDEFINED,None,Mac OS X 10_15_7,3,RIGHT,Chrome 131,"[{'score': 33240.0, 'gameName': 'BRT', 'highScore': 33240.0}, {'score': 9940.0, 'gameName': 'WTNumber', 'highScore': 9940.0}, {'score': 80760.0, 'gameName': 'Stroop', 'highScore': 80760.0}, {'score': 22220.0, 'gameName': 'TaskSwitch2', 'highScore': 22220.0}, {'score': 4260.0, 'gameName': 'SpatialSpanReverse', 'highScore': 4260.0}]",0,WPI6_p17372196220r04,Eastern Standard Time,"[{'gameName': 'BRT', 'playCount': 1, 'lastPlaySession': 0}, {'gameName': 'WTNumber', 'playCount': 1, 'lastPlaySession': 0}, {'gameName': 'Stroop', 'playCount': 1, 'lastPlaySession': 0}, {'gameName': 'SpatialSpanReverse', 'playCount': 1, 'lastPlaySession': 0}, {'gameName': 'TaskSwitch2', 'playCount': 1, 'lastPlaySession': 0}]",1,17,128,1,"ANGLE (Apple, ANGLE Metal Renderer: Apple M3, Unspecified Version)",0,2,-5,WPI6_p17372196220r04,2025-01-18T17:00:59.000000Z,2025-01-18T17:18:18.000000Z
112,18,10,ACE Explorer,1.22.33,UNDEFINED,None,Windows 10,3,RIGHT,Chrome 131,"[{'score': 29740.0, 'gameName': 'BRT', 'highScore': 29740.0}, {'score': 9940.0, 'gameName': 'WTNumber', 'highScore': 9940.0}, {'score': 60550.0, 'gameName': 'Stroop', 'highScore': 60550.0}, {'score': 25010.0, 'gameName': 'TaskSwitch2', 'highScore': 25010.0}, {'score': 7810.0, 'gameName': 'SpatialSpanReverse', 'highScore': 7810.0}]",0,WPI6_1r737154721n469,Eastern Standard Time,"[{'gameName': 'BRT', 'playCount': 1, 'lastPlaySession': 0}, {'gameName': 'WTNumber', 'playCount': 1, 'lastPlaySession': 0}, {'gameName': 'Stroop', 'playCount': 1, 'lastPlaySession': 0}, {'gameName': 'SpatialSpanReverse', 'playCount': 1, 'lastPlaySession': 0}, {'gameName': 'TaskSwitch2', 'playCount': 1, 'lastPlaySession': 0}]",1,17,128,1,"ANGLE (AMD, AMD Radeon RX 7900 GRE (0x0000744C) Direct3D11 vs_5_0 ps_5_0, D3D11)",0,2,-5,WPI6_1r737154721n469,2025-01-17T22:59:13.000000Z,2025-01-17T23:14:23.000000Z
113,21,10,ACE Explorer,1.22.33,UNDEFINED,None,Windows 10,3,RIGHT,Chrome 133,"[{'score': 21130.0, 'gameName': 'BRT', 'highScore': 21130.0}, {'score': 9940.0, 'gameName': 'WTNumber', 'highScore': 9940.0}, {'score': 40350.0, 'gameName': 'Stroop', 'highScore': 40350.0}, {'score': 53010.0, 'gameName': 'TaskSwitch2', 'highScore': 53010.0}, {'score': 7810.0, 'gameName': 'SpatialSpanReverse', 'highScore': 7810.0}]",0,WPI6_mj1739394319224,Eastern Standard Time,"[{'gameName': 'BRT', 'playCount': 1, 'lastPlaySession': 0}, {'gameName': 'WTNumber', 'playCount': 1, 'lastPlaySession': 0}, {'gameName': 'Stroop', 'playCount': 1, 'lastPlaySession': 0}, {'gameName': 'SpatialSpanReverse', 'playCount': 1, 'lastPlaySession': 0}, {'gameName': 'TaskSwitch2', 'playCount': 1, 'lastPlaySession': 0}]",1,17,256,1,"ANGLE (Intel, Intel(R) Iris(R) Plus Graphics (0x00008A52) Direct3D11 vs_5_0 ps_5_0, D3D11)",0,2,-5,WPI6_mj1739394319224,2025-02-12T21:05:52.000000Z,2025-02-12T21:22:12.000000Z
114,19,10,ACE Explorer,1.22.33,UNDEFINED,None,Windows 10,3,RIGHT,Chrome 133,"[{'score': 27350.0, 'gameName': 'BRT', 'highScore': 27350.0}, {'score': 9940.0, 'gameName': 'WTNumber', 'highScore': 9940.0}, {'score': 27400.0, 'gameName': 'Stroop', 'highScore': 27400.0}, {'score': 32680.0, 'gameName': 'TaskSwitch2', 'highScore': 32680.0}, {'score': 5680.0, 'gameName': 'SpatialSpanReverse', 'highScore': 5680.0}]",0,WPI6_j1740370837d880,Eastern Standard Time,"[{'gameName': 'BRT', 'playCount': 1, 'lastPlaySession': 0}, {'gameName': 'WTNumber', 'playCount': 1, 'lastPlaySession': 0}, {'gameName': 'Stroop', 'playCount': 1, 'lastPlaySession': 0}, {'gameName': 'SpatialSpanReverse', 'playCount': 1, 'lastPlaySession': 0}, {'gameName': 'TaskSwitch2', 'playCount': 1, 'lastPlaySession': 0}]",1,17,128,1,"ANGLE (Intel, Intel(R) Iris(R) Xe Graphics (0x000046A8) Direct3D11 vs_5_0 ps_5_0, D3D11)",0,2,-5,WPI6_j1740370837d880,2025-02-24T04:23:23.000000Z,2025-02-24T04:48:05.000000Z
115,18,10,ACE Explorer,1.22.33,UNDEFINED,None,Mac OS X 10_15_7,3,RIGHT,Safari 18.3,"[{'score': 34850.0, 'gameName': 'BRT', 'highScore': 34850.0}, {'score': 9940.0, 'gameName': 'WTNumber', 'highScore': 9940.0}, {'score': 35950.0, 'gameName': 'Stroop', 'highScore': 35950.0}, {'score': 47230.0, 'gameName': 'TaskSwitch2', 'highScore': 47230.0}, {'score': 7810.0, 'gameName': 'SpatialSpanReverse', 'highScore': 7810.0}]",0,WPI6_1741l12551188a2,Eastern Standard Time,"[{'gameName': 'BRT', 'playCount': 1, 'lastPlaySession': 0}, {'gameName': 'WTNumber', 'playCount': 1, 'lastPlaySession': 0}, {'gameName': 'Stroop', 'playCount': 1, 'lastPlaySession': 0}, {'gameName': 'SpatialSpanReverse', 'playCount': 1, 'lastPlaySession': 0}, {'gameName': 'TaskSwitch2', 'playCount': 1, 'lastPlaySession': 0}]",1,17,128,1,Apple GPU,0,2,-5,WPI6_1741l12551188a2,2025-03-04T22:00:31.000000Z,2025-03-04T22:15:33.000000Z
116,18,10,ACE Explorer,1.22.33,UNDEFINED,None,Windows 10,3,LEFT,Chrome 133,"[{'score': 18660.0, 'gameName': 'BRT', 'highScore': 18660.0}, {'score': 9940.0, 'gameName': 'WTNumber', 'highScore': 9940.0}, {'score': 36490.0, 'gameName': 'Stroop', 'highScore': 36490.0}, {'score': 29190.0, 'gameName': 'TaskSwitch2', 'highScore': 29190.0}, {'score': 7100.0, 'gameName': 'SpatialSpanReverse', 'highScore': 7100.0}]",0,WPI6_174042qp8665997,Eastern Standard Time,"[{'gameName': 'BRT', 'playCount': 1, 'lastPlaySession': 0}, {'gameName': 'WTNumber', 'playCount': 1, 'lastPlaySession': 0}, {'gameName': 'Stroop', 'playCount': 1, 'lastPlaySession': 0}, {'gameName': 'SpatialSpanReverse', 'playCount': 1, 'lastPlaySession': 0}, {'gameName': 'TaskSwitch2', 'playCount': 1, 'lastPlaySession': 0}]",1,17,128,1,"ANGLE (Intel, Intel(R) Arc(TM) Graphics (0x00007D55) Direct3D11 vs_5_0 ps_5_0, D3D11)",0,2,-5,WPI6_174042qp8665997,2025-02-24T20:24:50.000000Z,2025-02-24T20:41:32.000000Z
117,22,10,ACE Explorer,1.22.33,UNDEFINED,None,Mac OS X 10_15_7,3,RIGHT,Chrome 133,"[{'score': 21300.0, 'gameName': 'BRT', 'highScore': 21300.0}, {'score': 9940.0, 'gameName': 'WTNumber', 'highScore': 9940.0}, {'score': 53100.0, 'gameName': 'Stroop', 'highScore': 53100.0}, {'score': 13550.0, 'gameName': 'TaskSwitch2', 'highScore': 13550.0}, {'score': 8520.0, 'gameName': 'SpatialSpanReverse', 'highScore': 8520.0}]",0,WPI6_17411788rg24870,Eastern Standard Time,"[{'gameName': 'BRT', 'playCount': 1, 'lastPlaySession': 0}, {'gameName': 'WTNumber', 'playCount': 1, 'lastPlaySession': 0}, {'gameName': 'Stroop', 'playCount': 1, 'lastPlaySession': 0}, {'gameName': 'SpatialSpanReverse', 'playCount': 1, 'lastPlaySession': 0}, {'gameName': 'TaskSwitch2', 'playCount': 1, 'lastPlaySession': 0}]",1,17,256,1,"ANGLE (Apple, ANGLE Metal Renderer: Apple M2, Unspecified Version)",0,2,-5,WPI6_17411788rg24870,2025-03-05T12:47:47.000000Z,2025-03-05T13:02:51.000000Z
118,22,10,ACE Explorer,1.22.33,UNDEFINED,None,Windows 10,3,RIGHT,Chrome 133,"[{'score': 33410.0, 'gameName': 'BRT', 'highScore': 33410.0}, {'score': 9940.0, 'gameName': 'WTNumber', 'highScore': 9940.0}, {'score': 43960.0, 'gameName': 'Stroop', 'highScore': 43960.0}, {'score': 75170.0, 'gameName': 'TaskSwitch2', 'highScore': 75170.0}, {'score': 8520.0, 'gameName': 'SpatialSpanReverse', 'highScore': 8520.0}]",0,WPI6_1z7411846j96472,Eastern Standard Time,"[{'gameName': 'BRT', 'playCount': 1, 'lastPlaySession': 0}, {'gameName': 'WTNumber', 'playCount': 1, 'lastPlaySession': 0}, {'gameName': 'Stroop', 'playCount': 1, 'lastPlaySession': 0}, {'gameName': 'SpatialSpanReverse', 'playCount': 1, 'lastPlaySession': 0}, {'gameName': 'TaskSwitch2', 'playCount': 1, 'lastPlaySession': 0}]",1,17,128,1,"ANGLE (AMD, AMD Radeon (TM) Graphics (0x000015E7) Direct3D11 vs_5_0 ps_5_0, D3D11)",0,2,-5,WPI6_1z7411846j96472,2025-03-05T14:26:12.000000Z,2025-03-05T14:40:29.000000Z
119,21,10,ACE Explorer,1.22.33,UNDEFINED,None,Windows 10,3,RIGHT,Chrome 133,"[{'score': 34370.0, 'gameName': 'BRT', 'highScore': 34370.0}, {'score': 9940.0, 'gameName': 'WTNumber', 'highScore': 9940.0}, {'score': 36940.0, 'gameName': 'Stroop', 'highScore': 36940.0}, {'score': 20230.0, 'gameName': 'TaskSwitch2', 'highScore': 20230.0}, {'score': 1420.0, 'gameName': 'SpatialSpanReverse', 'highScore': 1420.0}]",0,WPI6_1741191f85p4268,Eastern Standard Time,"[{'gameName': 'BRT', 'playCount': 1, 'lastPlaySession': 0}, {'gameName': 'WTNumber', 'playCount': 1, 'lastPlaySession': 0}, {'gameName': 'Stroop', 'playCount': 1, 'lastPlaySession': 0}, {'gameName': 'SpatialSpanReverse', 'playCount': 1, 'lastPlaySession': 0}, {'gameName': 'TaskSwitch2', 'playCount': 1, 'lastPlaySession': 0}]",1,17,256,1,"ANGLE (Intel, Intel(R) Iris(R) Xe Graphics (0x000046A6) Direct3D11 vs_5_0 ps_5_0, D3D11)",0,2,-5,WPI6_1741191f85p4268,2025-03-05T16:24:48.000000Z,2025-03-05T16:42:56.000000Z
120,20,10,ACE Explorer,1.22.33,UNDEFINED,None,Windows 10,3,LEFT,Chrome 133,"[{'score': 17530.0, 'gameName': 'BRT', 'highScore': 17530.0}, {'score': 9940.0, 'gameName': 'WTNumber', 'highScore': 9940.0}, {'score': 12900.0, 'gameName': 'Stroop', 'highScore': 12900.0}, {'score': 4680.0, 'gameName': 'TaskSwitch2', 'highScore': 4680.0}, {'score': 7810.0, 'gameName': 'SpatialSpanReverse', 'highScore': 7810.0}]",0,WPI6_1740524s9759r04,Eastern Standard Time,"[{'gameName': 'BRT', 'playCount': 1, 'lastPlaySession': 0}, {'gameName': 'WTNumber', 'playCount': 1, 'lastPlaySession': 0}, {'gameName': 'Stroop', 'playCount': 1, 'lastPlaySession': 0}, {'gameName': 'SpatialSpanReverse', 'playCount': 1, 'lastPlaySession': 0}, {'gameName': 'TaskSwitch2', 'playCount': 1, 'lastPlaySession': 0}]",1,17,128,1,"ANGLE (Google, Vulkan 1.3.0 (SwiftShader Device (Subzero) (0x0000C0DE)), SwiftShader driver)",0,2,-5,WPI6_1740524s9759r04,2025-02-25T23:12:11.000000Z,2025-02-25T23:44:34.000000Z
121,18,10,ACE Explorer,1.22.33,UNDEFINED,None,Mac OS X 10_15_7,3,RIGHT,Safari 18.3,"[{'score': 30460.0, 'gameName': 'BRT', 'highScore': 30460.0}, {'score': 9940.0, 'gameName': 'WTNumber', 'highScore': 9940.0}, {'score': 36110.0, 'gameName': 'Stroop', 'highScore': 36110.0}, {'score': 42360.0, 'gameName': 'TaskSwitch2', 'highScore': 42360.0}, {'score': 8520.0, 'gameName': 'SpatialSpanReverse', 'highScore': 8520.0}]",0,WPI6_17412122j9998l0,Eastern Standard Time,"[{'gameName': 'BRT', 'playCount': 1, 'lastPlaySession': 0}, {'gameName': 'WTNumber', 'playCount': 1, 'lastPlaySession': 0}, {'gameName': 'Stroop', 'playCount': 1, 'lastPlaySession': 0}, {'gameName': 'SpatialSpanReverse', 'playCount': 1, 'lastPlaySession': 0}, {'gameName': 'TaskSwitch2', 'playCount': 1, 'lastPlaySession': 0}]",1,17,128,1,Apple GPU,0,2,-5,WPI6_17412122j9998l0,2025-03-05T22:05:49.000000Z,2025-03-05T22:21:21.000000Z
122,20,10,ACE Explorer,1.22.33,UNDEFINED,None,Windows 10,3,RIGHT,Chrome 133,"[{'score': 28550.0, 'gameName': 'BRT', 'highScore': 28550.0}, {'score': 9940.0, 'gameName': 'WTNumber', 'highScore': 9940.0}, {'score': 35140.0, 'gameName': 'Stroop', 'highScore': 35140.0}, {'score': 9030.0, 'gameName': 'TaskSwitch2', 'highScore': 9030.0}, {'score': 5680.0, 'gameName': 'SpatialSpanReverse', 'highScore': 5680.0}]",0,WPI6_17412160o5u7416,Eastern Standard Time,"[{'gameName': 'BRT', 'playCount': 1, 'lastPlaySession': 0}, {'gameName': 'WTNumber', 'playCount': 1, 'lastPlaySession': 0}, {'gameName': 'Stroop', 'playCount': 1, 'lastPlaySession': 0}, {'gameName': 'SpatialSpanReverse', 'playCount': 1, 'lastPlaySession': 0}, {'gameName': 'TaskSwitch2', 'playCount': 1, 'lastPlaySession': 0}]",1,17,256,1,"ANGLE (Intel, Intel(R) UHD Graphics (0x0000A720) Direct3D11 vs_5_0 ps_5_0, D3D11)",0,2,-5,WPI6_17412160o5u7416,2025-03-05T23:08:08.000000Z,2025-03-05T23:22:17.000000Z
123,21,10,ACE Explorer,1.22.33,UNDEFINED,None,Windows 10,3,RIGHT,Chrome 132,"[{'score': 31950.0, 'gameName': 'BRT', 'highScore': 31950.0}, {'score': 9940.0, 'gameName': 'WTNumber', 'highScore': 9940.0}, {'score': 28070.0, 'gameName': 'Stroop', 'highScore': 28070.0}, {'score': 35480.0, 'gameName': 'TaskSwitch2', 'highScore': 35480.0}, {'score': 8520.0, 'gameName': 'SpatialSpanReverse', 'highScore': 8520.0}]",0,WPI6_1741q21v7504699,Eastern Standard Time,"[{'gameName': 'BRT', 'playCount': 1, 'lastPlaySession': 0}, {'gameName': 'WTNumber', 'playCount': 1, 'lastPlaySession': 0}, {'gameName': 'Stroop', 'playCount': 1, 'lastPlaySession': 0}, {'gameName': 'SpatialSpanReverse', 'playCount': 1, 'lastPlaySession': 0}, {'gameName': 'TaskSwitch2', 'playCount': 1, 'lastPlaySession': 0}]",1,17,128,1,"ANGLE (AMD, AMD Radeon(TM) Graphics (0x00001681) Direct3D11 vs_5_0 ps_5_0, D3D11)",0,2,-5,WPI6_1741q21v7504699,2025-03-05T23:32:12.000000Z,2025-03-05T23:48:25.000000Z
124,18,10,ACE Explorer,1.22.33,UNDEFINED,None,Mac OS X 10_15_7,3,RIGHT,Chrome 132,"[{'score': 33450.0, 'gameName': 'BRT', 'highScore': 33450.0}, {'score': 9940.0, 'gameName': 'WTNumber', 'highScore': 9940.0}, {'score': 59190.0, 'gameName': 'Stroop', 'highScore': 59190.0}, {'score': 32570.0, 'gameName': 'TaskSwitch2', 'highScore': 32570.0}, {'score': 7100.0, 'gameName': 'SpatialSpanReverse', 'highScore': 7100.0}]",0,WPI6_l174m1221155790,Eastern Standard Time,"[{'gameName': 'BRT', 'playCount': 1, 'lastPlaySession': 0}, {'gameName': 'WTNumber', 'playCount': 1, 'lastPlaySession': 0}, {'gameName': 'Stroop', 'playCount': 1, 'lastPlaySession': 0}, {'gameName': 'SpatialSpanReverse', 'playCount': 1, 'lastPlaySession': 0}, {'gameName': 'TaskSwitch2', 'playCount': 1, 'lastPlaySession': 0}]",1,17,128,1,"ANGLE (Apple, ANGLE Metal Renderer: Apple M3 Pro, Unspecified Version)",0,2,-5,WPI6_l174m1221155790,2025-03-06T00:34:54.000000Z,2025-03-06T00:53:14.000000Z
125,21,10,ACE Explorer,1.22.33,UNDEFINED,None,Mac OS X 10_15_7,3,LEFT,Safari 16.6,"[{'score': 24250.0, 'gameName': 'BRT', 'highScore': 24250.0}, {'score': 9940.0, 'gameName': 'WTNumber', 'highScore': 9940.0}, {'score': 58360.0, 'gameName': 'Stroop', 'highScore': 58360.0}, {'score': 37860.0, 'gameName': 'TaskSwitch2', 'highScore': 37860.0}, {'score': 2840.0, 'gameName': 'SpatialSpanReverse', 'highScore': 2840.0}]",0,WPI6_1y7412246422e42,Eastern Standard Time,"[{'gameName': 'BRT', 'playCount': 1, 'lastPlaySession': 0}, {'gameName': 'WTNumber', 'playCount': 1, 'lastPlaySession': 0}, {'gameName': 'Stroop', 'playCount': 1, 'lastPlaySession': 0}, {'gameName': 'SpatialSpanReverse', 'playCount': 1, 'lastPlaySession': 0}, {'gameName': 'TaskSwitch2', 'playCount': 1, 'lastPlaySession': 0}]",1,17,128,0,Apple GPU,0,1,-5,WPI6_1y7412246422e42,2025-03-06T01:31:11.000000Z,2025-03-06T02:03:13.000000Z
126,21,10,ACE Explorer,1.22.33,UNDEFINED,None,Mac OS X 10_15_7,3,LEFT,Safari 16.6,"[{'score': 32130.0, 'gameName': 'BRT', 'highScore': 32130.0}, {'score': 9940.0, 'gameName': 'WTNumber', 'highScore': 9940.0}, {'score': 42910.0, 'gameName': 'Stroop', 'highScore': 42910.0}, {'score': 44430.0, 'gameName': 'TaskSwitch2', 'highScore': 44430.0}, {'score': 6390.0, 'gameName': 'SpatialSpanReverse', 'highScore': 6390.0}]",0,WPI6_17w41x226847641,Eastern Standard Time,"[{'gameName': 'BRT', 'playCount': 1, 'lastPlaySession': 0}, {'gameName': 'WTNumber', 'playCount': 1, 'lastPlaySession': 0}, {'gameName': 'Stroop', 'playCount': 1, 'lastPlaySession': 0}, {'gameName': 'SpatialSpanReverse', 'playCount': 1, 'lastPlaySession': 0}, {'gameName': 'TaskSwitch2', 'playCount': 1, 'lastPlaySession': 0}]",1,17,128,1,Apple GPU,0,2,-5,WPI6_17w41x226847641,2025-03-06T02:07:47.000000Z,2025-03-06T02:21:44.000000Z
127,22,10,ACE Explorer,1.22.33,UNDEFINED,None,Windows 10,3,RIGHT,Chrome 133,"[{'score': 29720.0, 'gameName': 'BRT', 'highScore': 29720.0}, {'score': 9940.0, 'gameName': 'WTNumber', 'highScore': 9940.0}, {'score': 50430.0, 'gameName': 'Stroop', 'highScore': 50430.0}, {'score': 29050.0, 'gameName': 'TaskSwitch2', 'highScore': 29050.0}, {'score': 8520.0, 'gameName': 'SpatialSpanReverse', 'highScore': 8520.0}]",0,WPI6_1m7412r29608936,Eastern Standard Time,"[{'gameName': 'BRT', 'playCount': 1, 'lastPlaySession': 0}, {'gameName': 'WTNumber', 'playCount': 1, 'lastPlaySession': 0}, {'gameName': 'Stroop', 'playCount': 1, 'lastPlaySession': 0}, {'gameName': 'SpatialSpanReverse', 'playCount': 1, 'lastPlaySession': 0}, {'gameName': 'TaskSwitch2', 'playCount': 1, 'lastPlaySession': 0}]",1,17,128,1,"ANGLE (NVIDIA, NVIDIA GeForce RTX 3060 Laptop GPU (0x00002520) Direct3D11 vs_5_0 ps_5_0, D3D11)",0,2,-5,WPI6_1m7412r29608936,2025-03-06T02:53:53.000000Z,2025-03-06T03:10:00.000000Z
128,21,10,ACE Explorer,1.22.33,UNDEFINED,None,Mac OS X 10_15_7,3,RIGHT,Safari 17.4,"[{'score': 23970.0, 'gameName': 'BRT', 'highScore': 23970.0}, {'score': 9940.0, 'gameName': 'WTNumber', 'highScore': 9940.0}, {'score': 46420.0, 'gameName': 'Stroop', 'highScore': 46420.0}, {'score': 62390.0, 'gameName': 'TaskSwitch2', 'highScore': 62390.0}, {'score': 5680.0, 'gameName': 'SpatialSpanReverse', 'highScore': 5680.0}]",0,WPI6_c1741232235t549,Eastern Standard Time,"[{'gameName': 'BRT', 'playCount': 1, 'lastPlaySession': 0}, {'gameName': 'WTNumber', 'playCount': 1, 'lastPlaySession': 0}, {'gameName': 'Stroop', 'playCount': 1, 'lastPlaySession': 0}, {'gameName': 'SpatialSpanReverse', 'playCount': 1, 'lastPlaySession': 0}, {'gameName': 'TaskSwitch2', 'playCount': 1, 'lastPlaySession': 0}]",1,17,128,1,Apple GPU,0,2,-5,WPI6_c1741232235t549,2025-03-06T03:37:39.000000Z,2025-03-06T03:51:21.000000Z
129,22,10,ACE Explorer,1.22.33,UNDEFINED,None,Mac OS X 10_15_7,3,RIGHT,Chrome 133,"[{'score': 30830.0, 'gameName': 'BRT', 'highScore': 30830.0}, {'score': 9940.0, 'gameName': 'WTNumber', 'highScore': 9940.0}, {'score': 42540.0, 'gameName': 'Stroop', 'highScore': 42540.0}, {'score': 17090.0, 'gameName': 'TaskSwitch2', 'highScore': 17090.0}, {'score': 6390.0, 'gameName': 'SpatialSpanReverse', 'highScore': 6390.0}]",0,WPI6_ks1741224788020,Eastern Standard Time,"[{'gameName': 'BRT', 'playCount': 1, 'lastPlaySession': 0}, {'gameName': 'WTNumber', 'playCount': 1, 'lastPlaySession': 0}, {'gameName': 'Stroop', 'playCount': 1, 'lastPlaySession': 0}, {'gameName': 'SpatialSpanReverse', 'playCount': 1, 'lastPlaySession': 0}, {'gameName': 'TaskSwitch2', 'playCount': 1, 'lastPlaySession': 0}]",1,17,128,1,"ANGLE (Apple, ANGLE Metal Renderer: Apple M2, Unspecified Version)",0,2,-5,WPI6_ks1741224788020,2025-03-06T03:37:20.000000Z,2025-03-06T03:50:21.000000Z
130,19,10,ACE Explorer,1.22.33,UNDEFINED,None,Mac OS X 10_15_7,3,RIGHT,Chrome 133,"[{'score': 43750.0, 'gameName': 'BRT', 'highScore': 43750.0}, {'score': 9940.0, 'gameName': 'WTNumber', 'highScore': 9940.0}, {'score': 28960.0, 'gameName': 'Stroop', 'highScore': 28960.0}, {'score': 30750.0, 'gameName': 'TaskSwitch2', 'highScore': 30750.0}, {'score': 4260.0, 'gameName': 'SpatialSpanReverse', 'highScore': 4260.0}]",0,WPI6_17406022rb74018,Eastern Standard Time,"[{'gameName': 'BRT', 'playCount': 1, 'lastPlaySession': 0}, {'gameName': 'WTNumber', 'playCount': 1, 'lastPlaySession': 0}, {'gameName': 'Stroop', 'playCount': 1, 'lastPlaySession': 0}, {'gameName': 'SpatialSpanReverse', 'playCount': 1, 'lastPlaySession': 0}, {'gameName': 'TaskSwitch2', 'playCount': 1, 'lastPlaySession': 0}]",1,17,128,1,"ANGLE (Apple, ANGLE Metal Renderer: Apple M1, Unspecified Version)",0,2,-5,WPI6_17406022rb74018,2025-02-26T20:38:26.000000Z,2025-02-26T20:57:30.000000Z
131,21,10,ACE Explorer,1.22.33,UNDEFINED,None,Mac OS X 10_15_7,3,RIGHT,Chrome 133,"[{'score': 17360.0, 'gameName': 'BRT', 'highScore': 17360.0}, {'score': 9940.0, 'gameName': 'WTNumber', 'highScore': 9940.0}, {'score': 51990.0, 'gameName': 'Stroop', 'highScore': 51990.0}, {'score': 28800.0, 'gameName': 'TaskSwitch2', 'highScore': 28800.0}, {'score': 6390.0, 'gameName': 'SpatialSpanReverse', 'highScore': 6390.0}]",0,WPI6_1740i61853a0874,Eastern Standard Time,"[{'gameName': 'BRT', 'playCount': 1, 'lastPlaySession': 0}, {'gameName': 'WTNumber', 'playCount': 1, 'lastPlaySession': 0}, {'gameName': 'Stroop', 'playCount': 1, 'lastPlaySession': 0}, {'gameName': 'SpatialSpanReverse', 'playCount': 1, 'lastPlaySession': 0}, {'gameName': 'TaskSwitch2', 'playCount': 1, 'lastPlaySession': 0}]",1,17,128,1,"ANGLE (Apple, ANGLE Metal Renderer: Apple M2, Unspecified Version)",0,2,-5,WPI6_1740i61853a0874,2025-02-27T01:09:17.000000Z,2025-02-27T01:24:11.000000Z
132,20,10,ACE Explorer,1.22.33,UNDEFINED,None,Windows 10,3,RIGHT,Chrome 131,"[{'score': 27240.0, 'gameName': 'BRT', 'highScore': 27240.0}, {'score': 9940.0, 'gameName': 'WTNumber', 'highScore': 9940.0}, {'score': 46020.0, 'gameName': 'Stroop', 'highScore': 46020.0}, {'score': 31900.0, 'gameName': 'TaskSwitch2', 'highScore': 31900.0}, {'score': 5680.0, 'gameName': 'SpatialSpanReverse', 'highScore': 5680.0}]",0,WPI6_174w0i668552492,Eastern Standard Time,"[{'gameName': 'BRT', 'playCount': 1, 'lastPlaySession': 0}, {'gameName': 'WTNumber', 'playCount': 1, 'lastPlaySession': 0}, {'gameName': 'Stroop', 'playCount': 1, 'lastPlaySession': 0}, {'gameName': 'SpatialSpanReverse', 'playCount': 1, 'lastPlaySession': 0}, {'gameName': 'TaskSwitch2', 'playCount': 1, 'lastPlaySession': 0}]",1,17,128,1,"ANGLE (NVIDIA, NVIDIA GeForce RTX 4080 SUPER (0x00002702) Direct3D11 vs_5_0 ps_5_0, D3D11)",0,2,-5,WPI6_174w0i668552492,2025-02-27T15:03:13.000000Z,2025-02-27T15:17:22.000000Z
133,21,10,ACE Explorer,1.22.33,UNDEFINED,None,Windows 10,3,LEFT,Chrome 133,"[{'score': 32410.0, 'gameName': 'BRT', 'highScore': 32410.0}, {'score': 9940.0, 'gameName': 'WTNumber', 'highScore': 9940.0}, {'score': 27980.0, 'gameName': 'Stroop', 'highScore': 27980.0}, {'score': 54970.0, 'gameName': 'TaskSwitch2', 'highScore': 54970.0}, {'score': 3550.0, 'gameName': 'SpatialSpanReverse', 'highScore': 3550.0}]",0,WPI6_1740g669f912366,Eastern Standard Time,"[{'gameName': 'BRT', 'playCount': 1, 'lastPlaySession': 0}, {'gameName': 'WTNumber', 'playCount': 1, 'lastPlaySession': 0}, {'gameName': 'Stroop', 'playCount': 1, 'lastPlaySession': 0}, {'gameName': 'SpatialSpanReverse', 'playCount': 1, 'lastPlaySession': 0}, {'gameName': 'TaskSwitch2', 'playCount': 1, 'lastPlaySession': 0}]",1,17,128,1,"ANGLE (NVIDIA, NVIDIA GeForce RTX 4070 (0x00002786) Direct3D11 vs_5_0 ps_5_0, D3D11)",0,2,-5,WPI6_1740g669f912366,2025-02-27T15:25:31.000000Z,2025-02-27T15:37:20.000000Z
134,20,10,ACE Explorer,1.22.33,UNDEFINED,None,Mac OS X 10_15_7,3,RIGHT,Chrome 133,"[{'score': 17130.0, 'gameName': 'BRT', 'highScore': 17130.0}, {'score': 9940.0, 'gameName': 'WTNumber', 'highScore': 9940.0}, {'score': 35400.0, 'gameName': 'Stroop', 'highScore': 35400.0}, {'score': 5520.0, 'gameName': 'TaskSwitch2', 'highScore': 5520.0}, {'score': 2840.0, 'gameName': 'SpatialSpanReverse', 'highScore': 2840.0}]",0,WPI6_1f7406g77677691,Eastern Standard Time,"[{'gameName': 'BRT', 'playCount': 1, 'lastPlaySession': 0}, {'gameName': 'WTNumber', 'playCount': 1, 'lastPlaySession': 0}, {'gameName': 'Stroop', 'playCount': 1, 'lastPlaySession': 0}, {'gameName': 'SpatialSpanReverse', 'playCount': 1, 'lastPlaySession': 0}, {'gameName': 'TaskSwitch2', 'playCount': 1, 'lastPlaySession': 0}]",1,17,128,1,"ANGLE (Apple, ANGLE Metal Renderer: Apple M2, Unspecified Version)",0,2,-5,WPI6_1f7406g77677691,2025-02-27T17:35:17.000000Z,2025-02-27T17:50:16.000000Z
135,21,10,ACE Explorer,1.22.33,UNDEFINED,None,Windows 10,3,RIGHT,Chrome 133,"[{'score': 31180.0, 'gameName': 'BRT', 'highScore': 31180.0}, {'score': 9940.0, 'gameName': 'WTNumber', 'highScore': 9940.0}, {'score': 40990.0, 'gameName': 'Stroop', 'highScore': 40990.0}, {'score': 23610.0, 'gameName': 'TaskSwitch2', 'highScore': 23610.0}, {'score': 4260.0, 'gameName': 'SpatialSpanReverse', 'highScore': 4260.0}]",0,WPI6_q1e740677454194,Eastern Standard Time,"[{'gameName': 'BRT', 'playCount': 1, 'lastPlaySession': 0}, {'gameName': 'WTNumber', 'playCount': 1, 'lastPlaySession': 0}, {'gameName': 'Stroop', 'playCount': 1, 'lastPlaySession': 0}, {'gameName': 'SpatialSpanReverse', 'playCount': 1, 'lastPlaySession': 0}, {'gameName': 'TaskSwitch2', 'playCount': 1, 'lastPlaySession': 0}]",1,17,128,1,"ANGLE (Intel, Intel(R) Iris(R) Plus Graphics (0x00008A52) Direct3D11 vs_5_0 ps_5_0, D3D11)",0,2,-5,WPI6_q1e740677454194,2025-02-27T17:31:40.000000Z,2025-02-27T17:45:38.000000Z
136,19,10,ACE Explorer,1.22.33,UNDEFINED,None,Mac OS X 10_15_7,3,RIGHT,Chrome 133,"[{'score': 31160.0, 'gameName': 'BRT', 'highScore': 31160.0}, {'score': 9940.0, 'gameName': 'WTNumber', 'highScore': 9940.0}, {'score': 33430.0, 'gameName': 'Stroop', 'highScore': 33430.0}, {'score': 43620.0, 'gameName': 'TaskSwitch2', 'highScore': 43620.0}, {'score': 6390.0, 'gameName': 'SpatialSpanReverse', 'highScore': 6390.0}]",0,WPI6_174n0s756739428,Eastern Standard Time,"[{'gameName': 'BRT', 'playCount': 1, 'lastPlaySession': 0}, {'gameName': 'WTNumber', 'playCount': 1, 'lastPlaySession': 0}, {'gameName': 'Stroop', 'playCount': 1, 'lastPlaySession': 0}, {'gameName': 'SpatialSpanReverse', 'playCount': 1, 'lastPlaySession': 0}, {'gameName': 'TaskSwitch2', 'playCount': 1, 'lastPlaySession': 0}]",1,17,128,1,"ANGLE (Apple, ANGLE Metal Renderer: Apple M1, Unspecified Version)",0,2,-5,WPI6_174n0s756739428,2025-02-28T15:33:16.000000Z,2025-02-28T15:48:15.000000Z
137,21,10,ACE Explorer,1.22.33,UNDEFINED,None,Mac OS X 10_15_7,3,RIGHT,Chrome 133,"[{'score': 37540.0, 'gameName': 'BRT', 'highScore': 37540.0}, {'score': 9940.0, 'gameName': 'WTNumber', 'highScore': 9940.0}, {'score': 46040.0, 'gameName': 'Stroop', 'highScore': 46040.0}, {'score': 32060.0, 'gameName': 'TaskSwitch2', 'highScore': 32060.0}, {'score': 8520.0, 'gameName': 'SpatialSpanReverse', 'highScore': 8520.0}]",0,WPI6_174d07067656g47,Eastern Standard Time,"[{'gameName': 'BRT', 'playCount': 1, 'lastPlaySession': 0}, {'gameName': 'WTNumber', 'playCount': 1, 'lastPlaySession': 0}, {'gameName': 'Stroop', 'playCount': 1, 'lastPlaySession': 0}, {'gameName': 'SpatialSpanReverse', 'playCount': 1, 'lastPlaySession': 0}, {'gameName': 'TaskSwitch2', 'playCount': 1, 'lastPlaySession': 0}]",1,17,128,1,"ANGLE (Apple, ANGLE Metal Renderer: Apple M2, Unspecified Version)",0,2,-5,WPI6_174d07067656g47,2025-02-28T01:40:50.000000Z,2025-02-28T01:58:11.000000Z
138,19,10,ACE Explorer,1.22.33,UNDEFINED,None,Linux -,3,RIGHT,Firefox 135,"[{'score': 26280.0, 'gameName': 'BRT', 'highScore': 26280.0}, {'score': 9940.0, 'gameName': 'WTNumber', 'highScore': 9940.0}, {'score': 56230.0, 'gameName': 'Stroop', 'highScore': 56230.0}, {'score': 38580.0, 'gameName': 'TaskSwitch2', 'highScore': 38580.0}, {'score': 7100.0, 'gameName': 'SpatialSpanReverse', 'highScore': 7100.0}]",0,WPI6_1e74071347v6471,Eastern Standard Time,"[{'gameName': 'BRT', 'playCount': 1, 'lastPlaySession': 0}, {'gameName': 'WTNumber', 'playCount': 1, 'lastPlaySession': 0}, {'gameName': 'Stroop', 'playCount': 1, 'lastPlaySession': 0}, {'gameName': 'SpatialSpanReverse', 'playCount': 1, 'lastPlaySession': 0}, {'gameName': 'TaskSwitch2', 'playCount': 1, 'lastPlaySession': 0}]",1,17,128,1,"Intel(R) HD Graphics, or similar",0,2,-5,WPI6_1e74071347v6471,2025-02-28T03:31:55.000000Z,2025-02-28T03:45:59.000000Z
139,21,10,ACE Explorer,1.22.33,UNDEFINED,None,Windows 10,3,RIGHT,Chrome 133,"[{'score': 16010.0, 'gameName': 'BRT', 'highScore': 16010.0}, {'score': 9940.0, 'gameName': 'WTNumber', 'highScore': 9940.0}, {'score': 18770.0, 'gameName': 'Stroop', 'highScore': 18770.0}, {'score': 18570.0, 'gameName': 'TaskSwitch2', 'highScore': 18570.0}, {'score': 6390.0, 'gameName': 'SpatialSpanReverse', 'highScore': 6390.0}]",0,WPI6_174086804h9n285,Eastern Standard Time,"[{'gameName': 'BRT', 'playCount': 1, 'lastPlaySession': 0}, {'gameName': 'WTNumber', 'playCount': 1, 'lastPlaySession': 0}, {'gameName': 'Stroop', 'playCount': 1, 'lastPlaySession': 0}, {'gameName': 'SpatialSpanReverse', 'playCount': 1, 'lastPlaySession': 0}, {'gameName': 'TaskSwitch2', 'playCount': 1, 'lastPlaySession': 0}]",1,17,128,1,"ANGLE (Intel, Intel(R) Iris(R) Xe Graphics (0x00009A49) Direct3D11 vs_5_0 ps_5_0, D3D11)",0,2,-5,WPI6_174086804h9n285,2025-03-01T22:27:55.000000Z,2025-03-01T22:42:11.000000Z
140,20,10,ACE Explorer,1.22.33,UNDEFINED,None,Windows 10,3,RIGHT,Chrome 133,"[{'score': 27890.0, 'gameName': 'BRT', 'highScore': 27890.0}, {'score': 9940.0, 'gameName': 'WTNumber', 'highScore': 9940.0}, {'score': 44920.0, 'gameName': 'Stroop', 'highScore': 44920.0}, {'score': 13750.0, 'gameName': 'TaskSwitch2', 'highScore': 13750.0}, {'score': 5680.0, 'gameName': 'SpatialSpanReverse', 'highScore': 5680.0}]",0,WPI6_17z40o880451621,Eastern Standard Time,"[{'gameName': 'BRT', 'playCount': 1, 'lastPlaySession': 0}, {'gameName': 'WTNumber', 'playCount': 1, 'lastPlaySession': 0}, {'gameName': 'Stroop', 'playCount': 1, 'lastPlaySession': 0}, {'gameName': 'SpatialSpanReverse', 'playCount': 1, 'lastPlaySession': 0}, {'gameName': 'TaskSwitch2', 'playCount': 1, 'lastPlaySession': 0}]",1,17,256,1,"ANGLE (Intel, Intel(R) Iris(R) Xe Graphics (0x000046A8) Direct3D11 vs_5_0 ps_5_0, D3D11)",0,2,-5,WPI6_17z40o880451621,2025-03-02T01:54:43.000000Z,2025-03-02T02:18:49.000000Z
141,20,10,ACE Explorer,1.22.33,UNDEFINED,None,Windows 10,3,RIGHT,Chrome 133,"[{'score': 37470.0, 'gameName': 'BRT', 'highScore': 37470.0}, {'score': 9940.0, 'gameName': 'WTNumber', 'highScore': 9940.0}, {'score': 43010.0, 'gameName': 'Stroop', 'highScore': 43010.0}, {'score': 26320.0, 'gameName': 'TaskSwitch2', 'highScore': 26320.0}, {'score': 6390.0, 'gameName': 'SpatialSpanReverse', 'highScore': 6390.0}]",0,WPI6_1740968n8902q65,Eastern Standard Time,"[{'gameName': 'BRT', 'playCount': 1, 'lastPlaySession': 0}, {'gameName': 'WTNumber', 'playCount': 1, 'lastPlaySession': 0}, {'gameName': 'Stroop', 'playCount': 1, 'lastPlaySession': 0}, {'gameName': 'SpatialSpanReverse', 'playCount': 1, 'lastPlaySession': 0}, {'gameName': 'TaskSwitch2', 'playCount': 1, 'lastPlaySession': 0}]",1,17,256,1,"ANGLE (Intel, Intel(R) Iris(R) Xe Graphics (0x000046A6) Direct3D11 vs_5_0 ps_5_0, D3D11)",0,2,-5,WPI6_1740968n8902q65,2025-03-03T02:28:50.000000Z,2025-03-03T02:42:26.000000Z
142,19,10,ACE Explorer,1.22.33,UNDEFINED,None,Windows 10,3,RIGHT,Chrome 133,"[{'score': 27730.0, 'gameName': 'BRT', 'highScore': 27730.0}, {'score': 9940.0, 'gameName': 'WTNumber', 'highScore': 9940.0}, {'score': 39070.0, 'gameName': 'Stroop', 'highScore': 39070.0}, {'score': 56970.0, 'gameName': 'TaskSwitch2', 'highScore': 56970.0}, {'score': 7100.0, 'gameName': 'SpatialSpanReverse', 'highScore': 7100.0}]",0,WPI6_1h740973f335708,Eastern Standard Time,"[{'gameName': 'BRT', 'playCount': 1, 'lastPlaySession': 0}, {'gameName': 'WTNumber', 'playCount': 1, 'lastPlaySession': 0}, {'gameName': 'Stroop', 'playCount': 1, 'lastPlaySession': 0}, {'gameName': 'SpatialSpanReverse', 'playCount': 1, 'lastPlaySession': 0}, {'gameName': 'TaskSwitch2', 'playCount': 1, 'lastPlaySession': 0}]",1,17,128,1,"ANGLE (NVIDIA, NVIDIA GeForce RTX 3060 (0x00002504) Direct3D11 vs_5_0 ps_5_0, D3D11)",0,2,-5,WPI6_1h740973f335708,2025-03-03T03:42:38.000000Z,2025-03-03T03:54:35.000000Z
143,18,10,ACE Explorer,1.22.33,UNDEFINED,None,Windows 10,3,RIGHT,Chrome 134,"[{'score': 24410.0, 'gameName': 'BRT', 'highScore': 24410.0}, {'score': 9940.0, 'gameName': 'WTNumber', 'highScore': 9940.0}, {'score': 58230.0, 'gameName': 'Stroop', 'highScore': 58230.0}, {'score': 29200.0, 'gameName': 'TaskSwitch2', 'highScore': 29200.0}, {'score': 7100.0, 'gameName': 'SpatialSpanReverse', 'highScore': 7100.0}]",0,WPI6_17410292957qb07,Eastern Standard Time,"[{'gameName': 'BRT', 'playCount': 1, 'lastPlaySession': 0}, {'gameName': 'WTNumber', 'playCount': 1, 'lastPlaySession': 0}, {'gameName': 'Stroop', 'playCount': 1, 'lastPlaySession': 0}, {'gameName': 'SpatialSpanReverse', 'playCount': 1, 'lastPlaySession': 0}, {'gameName': 'TaskSwitch2', 'playCount': 1, 'lastPlaySession': 0}]",1,17,128,1,"ANGLE (AMD, AMD Radeon(TM) Graphics (0x00001638) Direct3D11 vs_5_0 ps_5_0, D3D11)",0,2,-5,WPI6_17410292957qb07,2025-03-03T19:15:39.000000Z,2025-03-03T19:33:00.000000Z
144,21,10,ACE Explorer,1.22.33,UNDEFINED,None,Windows 10,3,RIGHT,Chrome 132,"[{'score': 27800.0, 'gameName': 'BRT', 'highScore': 27800.0}, {'score': 9940.0, 'gameName': 'WTNumber', 'highScore': 9940.0}, {'score': 62390.0, 'gameName': 'Stroop', 'highScore': 62390.0}, {'score': 39190.0, 'gameName': 'TaskSwitch2', 'highScore': 39190.0}, {'score': 10650.0, 'gameName': 'SpatialSpanReverse', 'highScore': 10650.0}]",0,WPI6_17u398172e74462,Eastern Standard Time,"[{'gameName': 'BRT', 'playCount': 1, 'lastPlaySession': 0}, {'gameName': 'WTNumber', 'playCount': 1, 'lastPlaySession': 0}, {'gameName': 'Stroop', 'playCount': 1, 'lastPlaySession': 0}, {'gameName': 'SpatialSpanReverse', 'playCount': 1, 'lastPlaySession': 0}, {'gameName': 'TaskSwitch2', 'playCount': 1, 'lastPlaySession': 0}]",1,17,128,1,"ANGLE (Intel, Intel(R) Arc(TM) Graphics (0x00007D55) Direct3D11 vs_5_0 ps_5_0, D3D11)",0,2,-5,WPI6_17u398172e74462,2025-02-17T18:35:01.000000Z,2025-03-03T21:24:05.000000Z
145,20,10,ACE Explorer,1.22.33,UNDEFINED,None,Windows 10,3,RIGHT,Chrome 133,"[{'score': 16900.0, 'gameName': 'BRT', 'highScore': 16900.0}, {'score': 9940.0, 'gameName': 'WTNumber', 'highScore': 9940.0}, {'score': 76360.0, 'gameName': 'Stroop', 'highScore': 76360.0}, {'score': 41400.0, 'gameName': 'TaskSwitch2', 'highScore': 41400.0}, {'score': 6390.0, 'gameName': 'SpatialSpanReverse', 'highScore': 6390.0}]",0,WPI6_1741038939h14e0,Eastern Standard Time,"[{'gameName': 'BRT', 'playCount': 1, 'lastPlaySession': 0}, {'gameName': 'WTNumber', 'playCount': 1, 'lastPlaySession': 0}, {'gameName': 'Stroop', 'playCount': 1, 'lastPlaySession': 0}, {'gameName': 'SpatialSpanReverse', 'playCount': 1, 'lastPlaySession': 0}, {'gameName': 'TaskSwitch2', 'playCount': 1, 'lastPlaySession': 0}]",1,17,128,1,"ANGLE (Intel, Intel(R) Iris(R) Xe Graphics (0x0000A7A1) Direct3D11 vs_5_0 ps_5_0, D3D11)",0,2,-5,WPI6_1741038939h14e0,2025-03-03T21:56:07.000000Z,2025-03-03T22:10:19.000000Z
146,19,10,ACE Explorer,1.22.33,UNDEFINED,None,Windows 10,3,RIGHT,Chrome 133,"[{'score': 30370.0, 'gameName': 'BRT', 'highScore': 30370.0}, {'score': 9940.0, 'gameName': 'WTNumber', 'highScore': 9940.0}, {'score': 27160.0, 'gameName': 'Stroop', 'highScore': 27160.0}, {'score': 22510.0, 'gameName': 'TaskSwitch2', 'highScore': 22510.0}, {'score': 6390.0, 'gameName': 'SpatialSpanReverse', 'highScore': 6390.0}]",0,WPI6_q1741050307u581,Eastern Standard Time,"[{'gameName': 'BRT', 'playCount': 1, 'lastPlaySession': 0}, {'gameName': 'WTNumber', 'playCount': 1, 'lastPlaySession': 0}, {'gameName': 'Stroop', 'playCount': 1, 'lastPlaySession': 0}, {'gameName': 'SpatialSpanReverse', 'playCount': 1, 'lastPlaySession': 0}, {'gameName': 'TaskSwitch2', 'playCount': 1, 'lastPlaySession': 0}]",1,17,128,1,"ANGLE (Intel, Intel(R) UHD Graphics 600 (0x00003185) Direct3D11 vs_5_0 ps_5_0, D3D11)",0,2,-5,WPI6_q1741050307u581,2025-03-04T01:05:56.000000Z,2025-03-04T01:25:07.000000Z
147,19,10,ACE Explorer,1.22.33,UNDEFINED,None,Windows 10,3,RIGHT,Chrome 131,"[{'score': 24560.0, 'gameName': 'BRT', 'highScore': 24560.0}, {'score': 9940.0, 'gameName': 'WTNumber', 'highScore': 9940.0}, {'score': 58840.0, 'gameName': 'Stroop', 'highScore': 58840.0}, {'score': 32600.0, 'gameName': 'TaskSwitch2', 'highScore': 32600.0}, {'score': 7100.0, 'gameName': 'SpatialSpanReverse', 'highScore': 7100.0}]",0,WPI6_1v7c41059919525,Eastern Standard Time,"[{'gameName': 'BRT', 'playCount': 1, 'lastPlaySession': 0}, {'gameName': 'WTNumber', 'playCount': 1, 'lastPlaySession': 0}, {'gameName': 'Stroop', 'playCount': 1, 'lastPlaySession': 0}, {'gameName': 'SpatialSpanReverse', 'playCount': 1, 'lastPlaySession': 0}, {'gameName': 'TaskSwitch2', 'playCount': 1, 'lastPlaySession': 0}]",1,17,128,1,"ANGLE (Intel, Intel(R) UHD Graphics (0x0000A7A8) Direct3D11 vs_5_0 ps_5_0, D3D11)",0,2,-5,WPI6_1v7c41059919525,2025-03-04T03:45:55.000000Z,2025-03-04T03:59:26.000000Z
148,22,10,ACE Explorer,1.22.33,UNDEFINED,None,Windows 10,3,RIGHT,Chrome 133,"[{'score': 23160.0, 'gameName': 'BRT', 'highScore': 23160.0}, {'score': 9940.0, 'gameName': 'WTNumber', 'highScore': 9940.0}, {'score': 46370.0, 'gameName': 'Stroop', 'highScore': 46370.0}, {'score': 55400.0, 'gameName': 'TaskSwitch2', 'highScore': 55400.0}, {'score': 7810.0, 'gameName': 'SpatialSpanReverse', 'highScore': 7810.0}]",0,WPI6_17411a0613131e6,Eastern Standard Time,"[{'gameName': 'BRT', 'playCount': 1, 'lastPlaySession': 0}, {'gameName': 'WTNumber', 'playCount': 1, 'lastPlaySession': 0}, {'gameName': 'Stroop', 'playCount': 1, 'lastPlaySession': 0}, {'gameName': 'SpatialSpanReverse', 'playCount': 1, 'lastPlaySession': 0}, {'gameName': 'TaskSwitch2', 'playCount': 1, 'lastPlaySession': 0}]",1,17,128,1,"ANGLE (AMD, AMD Radeon (TM) Graphics (0x000015E7) Direct3D11 vs_5_0 ps_5_0, D3D11)",0,2,-5,WPI6_17411a0613131e6,2025-03-04T16:36:36.000000Z,2025-03-04T16:50:49.000000Z
149,21,10,ACE Explorer,1.22.33,UNDEFINED,None,Windows 10,3,RIGHT,Chrome 134,"[{'score': 25420.0, 'gameName': 'BRT', 'highScore': 25420.0}, {'score': 9940.0, 'gameName': 'WTNumber', 'highScore': 9940.0}, {'score': 53870.0, 'gameName': 'Stroop', 'highScore': 53870.0}, {'score': 41790.0, 'gameName': 'TaskSwitch2', 'highScore': 41790.0}, {'score': 7810.0, 'gameName': 'SpatialSpanReverse', 'highScore': 7810.0}]",0,WPI6_174u1114139w854,Eastern Standard Time,"[{'gameName': 'BRT', 'playCount': 1, 'lastPlaySession': 0}, {'gameName': 'WTNumber', 'playCount': 1, 'lastPlaySession': 0}, {'gameName': 'Stroop', 'playCount': 1, 'lastPlaySession': 0}, {'gameName': 'SpatialSpanReverse', 'playCount': 1, 'lastPlaySession': 0}, {'gameName': 'TaskSwitch2', 'playCount': 1, 'lastPlaySession': 0}]",1,17,256,1,"ANGLE (Intel, Intel(R) Iris(R) Plus Graphics (0x00008A52) Direct3D11 vs_5_0 ps_5_0, D3D11)",0,2,-5,WPI6_174u1114139w854,2025-03-04T18:50:34.000000Z,2025-03-04T19:14:31.000000Z
150,19,10,ACE Explorer,1.22.33,UNDEFINED,None,Windows 10,3,LEFT,Chrome 123,"[{'score': 55830.0, 'gameName': 'BRT', 'highScore': 55830.0}, {'score': 9940.0, 'gameName': 'WTNumber', 'highScore': 9940.0}, {'score': 52650.0, 'gameName': 'Stroop', 'highScore': 52650.0}, {'score': 38370.0, 'gameName': 'TaskSwitch2', 'highScore': 38370.0}, {'score': 4970.0, 'gameName': 'SpatialSpanReverse', 'highScore': 4970.0}]",0,WPI6_1741113l62g4959,Eastern Standard Time,"[{'gameName': 'BRT', 'playCount': 1, 'lastPlaySession': 0}, {'gameName': 'WTNumber', 'playCount': 1, 'lastPlaySession': 0}, {'gameName': 'Stroop', 'playCount': 1, 'lastPlaySession': 0}, {'gameName': 'SpatialSpanReverse', 'playCount': 1, 'lastPlaySession': 0}, {'gameName': 'TaskSwitch2', 'playCount': 1, 'lastPlaySession': 0}]",1,17,128,1,"ANGLE (Intel, Intel(R) Iris(R) Xe Graphics (0x000046A8) Direct3D11 vs_5_0 ps_5_0, D3D11)",0,2,-5,WPI6_1741113l62g4959,2025-03-04T18:40:59.000000Z,2025-03-04T19:05:22.000000Z
151,21,10,ACE Explorer,1.22.33,UNDEFINED,None,Linux -,3,RIGHT,Firefox 136,"[{'score': 41380.0, 'gameName': 'BRT', 'highScore': 41380.0}, {'score': 9940.0, 'gameName': 'WTNumber', 'highScore': 9940.0}, {'score': 93220.0, 'gameName': 'Stroop', 'highScore': 93220.0}, {'score': 33150.0, 'gameName': 'TaskSwitch2', 'highScore': 33150.0}]",0,WPI6_kt1742240680294,Eastern Standard Time,"[{'gameName': 'BRT', 'playCount': 1, 'lastPlaySession': 0}, {'gameName': 'WTNumber', 'playCount': 1, 'lastPlaySession': 0}, {'gameName': 'Stroop', 'playCount': 1, 'lastPlaySession': 0}, {'gameName': 'SpatialSpanReverse', 'playCount': 0, 'lastPlaySession': -1}, {'gameName': 'TaskSwitch2', 'playCount': 1, 'lastPlaySession': 0}]",1,17,128,0,"Intel(R) HD Graphics 400, or similar",0,1,-4,WPI6_kt1742240680294,2025-03-17T19:45:21.000000Z,2025-03-17T19:55:02.000000Z
152,18,10,ACE Explorer,1.22.33,UNDEFINED,None,Mac OS X 10_15_7,3,RIGHT,Chrome 134,"[{'score': 26470.0, 'gameName': 'BRT', 'highScore': 26470.0}, {'score': 9940.0, 'gameName': 'WTNumber', 'highScore': 9940.0}, {'score': 82970.0, 'gameName': 'Stroop', 'highScore': 82970.0}, {'score': 34240.0, 'gameName': 'TaskSwitch2', 'highScore': 34240.0}, {'score': 4970.0, 'gameName': 'SpatialSpanReverse', 'highScore': 4970.0}]",0,WPI6_17422439lm02566,Eastern Standard Time,"[{'gameName': 'BRT', 'playCount': 1, 'lastPlaySession': 0}, {'gameName': 'WTNumber', 'playCount': 1, 'lastPlaySession': 0}, {'gameName': 'Stroop', 'playCount': 1, 'lastPlaySession': 0}, {'gameName': 'SpatialSpanReverse', 'playCount': 1, 'lastPlaySession': 0}, {'gameName': 'TaskSwitch2', 'playCount': 1, 'lastPlaySession': 0}]",1,17,128,1,"ANGLE (Apple, ANGLE Metal Renderer: Apple M3, Unspecified Version)",0,2,-4,WPI6_17422439lm02566,2025-03-17T20:38:50.000000Z,2025-03-17T20:52:07.000000Z
153,21,10,ACE Explorer,1.22.33,UNDEFINED,None,Windows 10,3,RIGHT,Chrome 134,"[{'score': 50600.0, 'gameName': 'BRT', 'highScore': 50600.0}, {'score': 9940.0, 'gameName': 'WTNumber', 'highScore': 9940.0}, {'score': 36680.0, 'gameName': 'Stroop', 'highScore': 36680.0}, {'score': 43470.0, 'gameName': 'TaskSwitch2', 'highScore': 43470.0}, {'score': 7100.0, 'gameName': 'SpatialSpanReverse', 'highScore': 7100.0}]",0,WPI6_1x742405b300238,Eastern Standard Time,"[{'gameName': 'BRT', 'playCount': 1, 'lastPlaySession': 0}, {'gameName': 'WTNumber', 'playCount': 1, 'lastPlaySession': 0}, {'gameName': 'Stroop', 'playCount': 1, 'lastPlaySession': 0}, {'gameName': 'SpatialSpanReverse', 'playCount': 1, 'lastPlaySession': 0}, {'gameName': 'TaskSwitch2', 'playCount': 1, 'lastPlaySession': 0}]",1,17,256,1,"ANGLE (AMD, AMD Radeon(TM) Graphics (0x00001638) Direct3D11 vs_5_0 ps_5_0, D3D11)",0,2,-4,WPI6_1x742405b300238,2025-03-19T17:28:58.000000Z,2025-03-19T17:44:59.000000Z
154,21,10,ACE Explorer,1.22.33,UNDEFINED,None,Windows 10,3,RIGHT,Chrome 134,"[{'score': 26060.0, 'gameName': 'BRT', 'highScore': 26060.0}, {'score': 9940.0, 'gameName': 'WTNumber', 'highScore': 9940.0}, {'score': 35890.0, 'gameName': 'Stroop', 'highScore': 35890.0}, {'score': 15570.0, 'gameName': 'TaskSwitch2', 'highScore': 15570.0}, {'score': 8520.0, 'gameName': 'SpatialSpanReverse', 'highScore': 8520.0}]",0,WPI6_1742zp413500004,Eastern Standard Time,"[{'gameName': 'BRT', 'playCount': 1, 'lastPlaySession': 0}, {'gameName': 'WTNumber', 'playCount': 1, 'lastPlaySession': 0}, {'gameName': 'Stroop', 'playCount': 1, 'lastPlaySession': 0}, {'gameName': 'SpatialSpanReverse', 'playCount': 1, 'lastPlaySession': 0}, {'gameName': 'TaskSwitch2', 'playCount': 1, 'lastPlaySession': 0}]",1,17,128,1,"ANGLE (Intel, Intel(R) Iris(R) Xe Graphics (0x00009A49) Direct3D11 vs_5_0 ps_5_0, D3D11)",0,2,-4,WPI6_1742zp413500004,2025-03-19T19:46:25.000000Z,2025-03-19T20:00:51.000000Z
155,21,10,ACE Explorer,1.22.33,UNDEFINED,None,Mac OS X 10_15_7,3,LEFT,Chrome 133,"[{'score': 29150.0, 'gameName': 'BRT', 'highScore': 29150.0}, {'score': 9940.0, 'gameName': 'WTNumber', 'highScore': 9940.0}, {'score': 36050.0, 'gameName': 'Stroop', 'highScore': 36050.0}, {'score': 59050.0, 'gameName': 'TaskSwitch2', 'highScore': 59050.0}, {'score': 5680.0, 'gameName': 'SpatialSpanReverse', 'highScore': 5680.0}]",0,WPI6_174p24145429l05,Eastern Standard Time,"[{'gameName': 'BRT', 'playCount': 1, 'lastPlaySession': 0}, {'gameName': 'WTNumber', 'playCount': 1, 'lastPlaySession': 0}, {'gameName': 'Stroop', 'playCount': 1, 'lastPlaySession': 0}, {'gameName': 'SpatialSpanReverse', 'playCount': 1, 'lastPlaySession': 0}, {'gameName': 'TaskSwitch2', 'playCount': 1, 'lastPlaySession': 0}]",1,17,128,1,"ANGLE (Apple, ANGLE Metal Renderer: Apple M1, Unspecified Version)",0,2,-4,WPI6_174p24145429l05,2025-03-19T20:03:28.000000Z,2025-03-19T20:15:45.000000Z
156,21,10,ACE Explorer,1.22.33,UNDEFINED,None,Mac OS X 10_15_7,3,RIGHT,Safari 18.1,"[{'score': 30570.0, 'gameName': 'BRT', 'highScore': 30570.0}, {'score': 9940.0, 'gameName': 'WTNumber', 'highScore': 9940.0}, {'score': 32930.0, 'gameName': 'Stroop', 'highScore': 32930.0}, {'score': 22190.0, 'gameName': 'TaskSwitch2', 'highScore': 22190.0}, {'score': 6390.0, 'gameName': 'SpatialSpanReverse', 'highScore': 6390.0}]",0,WPI6_g174242653912y4,Eastern Standard Time,"[{'gameName': 'BRT', 'playCount': 1, 'lastPlaySession': 0}, {'gameName': 'WTNumber', 'playCount': 1, 'lastPlaySession': 0}, {'gameName': 'Stroop', 'playCount': 1, 'lastPlaySession': 0}, {'gameName': 'SpatialSpanReverse', 'playCount': 1, 'lastPlaySession': 0}, {'gameName': 'TaskSwitch2', 'playCount': 1, 'lastPlaySession': 0}]",1,17,128,1,Apple GPU,0,2,-4,WPI6_g174242653912y4,2025-03-19T23:22:55.000000Z,2025-03-19T23:38:19.000000Z
157,18,10,ACE Explorer,1.22.33,UNDEFINED,None,Mac OS X 10_15_7,3,RIGHT,Chrome 130,"[{'score': 33590.0, 'gameName': 'BRT', 'highScore': 33590.0}, {'score': 9940.0, 'gameName': 'WTNumber', 'highScore': 9940.0}, {'score': 44500.0, 'gameName': 'Stroop', 'highScore': 44500.0}, {'score': 35850.0, 'gameName': 'TaskSwitch2', 'highScore': 35850.0}, {'score': 8520.0, 'gameName': 'SpatialSpanReverse', 'highScore': 8520.0}]",0,WPI6_1f74252o4451050,Eastern Standard Time,"[{'gameName': 'BRT', 'playCount': 1, 'lastPlaySession': 0}, {'gameName': 'WTNumber', 'playCount': 1, 'lastPlaySession': 0}, {'gameName': 'Stroop', 'playCount': 1, 'lastPlaySession': 0}, {'gameName': 'SpatialSpanReverse', 'playCount': 1, 'lastPlaySession': 0}, {'gameName': 'TaskSwitch2', 'playCount': 1, 'lastPlaySession': 0}]",1,17,128,1,"ANGLE (Apple, ANGLE Metal Renderer: Apple M3, Unspecified Version)",0,2,-4,WPI6_1f74252o4451050,2025-03-21T02:34:47.000000Z,2025-03-21T02:50:09.000000Z
158,22,10,ACE Explorer,1.22.33,UNDEFINED,None,Mac OS X 10_15_7,3,RIGHT,Safari 17.2,"[{'score': 31150.0, 'gameName': 'BRT', 'highScore': 31150.0}, {'score': 9940.0, 'gameName': 'WTNumber', 'highScore': 9940.0}, {'score': 94860.0, 'gameName': 'Stroop', 'highScore': 94860.0}, {'score': 2390.0, 'gameName': 'TaskSwitch2', 'highScore': 2390.0}, {'score': 7810.0, 'gameName': 'SpatialSpanReverse', 'highScore': 7810.0}]",0,WPI6_17427e760n70078,Eastern Standard Time,"[{'gameName': 'BRT', 'playCount': 1, 'lastPlaySession': 0}, {'gameName': 'WTNumber', 'playCount': 1, 'lastPlaySession': 0}, {'gameName': 'Stroop', 'playCount': 1, 'lastPlaySession': 0}, {'gameName': 'SpatialSpanReverse', 'playCount': 1, 'lastPlaySession': 0}, {'gameName': 'TaskSwitch2', 'playCount': 1, 'lastPlaySession': 0}]",1,17,128,1,Apple GPU,0,2,-4,WPI6_17427e760n70078,2025-03-24T00:28:18.000000Z,2025-03-24T01:05:30.000000Z
159,20,10,ACE Explorer,1.22.33,UNDEFINED,None,Windows 10,3,RIGHT,Firefox 136,"[{'score': 40550.0, 'gameName': 'BRT', 'highScore': 40550.0}, {'score': 9940.0, 'gameName': 'WTNumber', 'highScore': 9940.0}, {'score': 31210.0, 'gameName': 'Stroop', 'highScore': 31210.0}, {'score': 30830.0, 'gameName': 'TaskSwitch2', 'highScore': 30830.0}, {'score': 7100.0, 'gameName': 'SpatialSpanReverse', 'highScore': 7100.0}]",0,WPI6_17y4318c3570291,Eastern Standard Time,"[{'gameName': 'BRT', 'playCount': 1, 'lastPlaySession': 0}, {'gameName': 'WTNumber', 'playCount': 1, 'lastPlaySession': 0}, {'gameName': 'Stroop', 'playCount': 1, 'lastPlaySession': 0}, {'gameName': 'SpatialSpanReverse', 'playCount': 1, 'lastPlaySession': 0}, {'gameName': 'TaskSwitch2', 'playCount': 1, 'lastPlaySession': 0}]",1,17,128,1,"ANGLE (NVIDIA, NVIDIA GeForce GTX 980 Direct3D11 vs_5_0 ps_5_0), or similar",0,2,-4,WPI6_17y4318c3570291,2025-03-28T17:40:00.000000Z,2025-03-28T17:53:35.000000Z
160,21,10,ACE Explorer,1.22.33,UNDEFINED,None,Windows 10,3,RIGHT,Chrome 134,"[{'score': 29300.0, 'gameName': 'BRT', 'highScore': 29300.0}, {'score': 9940.0, 'gameName': 'WTNumber', 'highScore': 9940.0}, {'score': 58540.0, 'gameName': 'Stroop', 'highScore': 58540.0}, {'score': 43260.0, 'gameName': 'TaskSwitch2', 'highScore': 43260.0}, {'score': 7100.0, 'gameName': 'SpatialSpanReverse', 'highScore': 7100.0}]",0,WPI6_174k32099421p95,Eastern Standard Time,"[{'gameName': 'BRT', 'playCount': 1, 'lastPlaySession': 0}, {'gameName': 'WTNumber', 'playCount': 1, 'lastPlaySession': 0}, {'gameName': 'Stroop', 'playCount': 1, 'lastPlaySession': 0}, {'gameName': 'SpatialSpanReverse', 'playCount': 1, 'lastPlaySession': 0}, {'gameName': 'TaskSwitch2', 'playCount': 1, 'lastPlaySession': 0}]",1,17,128,1,"ANGLE (Intel, Intel(R) Iris(R) Plus Graphics (0x00008A52) Direct3D11 vs_5_0 ps_5_0, D3D11)",0,2,-4,WPI6_174k32099421p95,2025-03-29T00:59:33.000000Z,2025-03-29T01:15:41.000000Z
161,20,10,ACE Explorer,1.22.33,UNDEFINED,None,Mac OS X 10_15_7,3,RIGHT,Chrome 134,"[{'score': 33600.0, 'gameName': 'BRT', 'highScore': 33600.0}, {'score': 9940.0, 'gameName': 'WTNumber', 'highScore': 9940.0}, {'score': 62100.0, 'gameName': 'Stroop', 'highScore': 62100.0}, {'score': 46860.0, 'gameName': 'TaskSwitch2', 'highScore': 46860.0}, {'score': 5680.0, 'gameName': 'SpatialSpanReverse', 'highScore': 5680.0}]",0,WPI6_1743350pn510653,Eastern Standard Time,"[{'gameName': 'BRT', 'playCount': 1, 'lastPlaySession': 0}, {'gameName': 'WTNumber', 'playCount': 1, 'lastPlaySession': 0}, {'gameName': 'Stroop', 'playCount': 1, 'lastPlaySession': 0}, {'gameName': 'SpatialSpanReverse', 'playCount': 1, 'lastPlaySession': 0}, {'gameName': 'TaskSwitch2', 'playCount': 1, 'lastPlaySession': 0}]",1,17,128,1,"ANGLE (Apple, ANGLE Metal Renderer: Apple M1, Unspecified Version)",0,2,-4,WPI6_1743350pn510653,2025-03-30T16:03:56.000000Z,2025-03-30T16:19:34.000000Z
162,21,10,ACE Explorer,1.22.33,UNDEFINED,None,Windows 10,3,RIGHT,Chrome 134,"[{'score': 34030.0, 'gameName': 'BRT', 'highScore': 34030.0}, {'score': 9940.0, 'gameName': 'WTNumber', 'highScore': 9940.0}, {'score': 24700.0, 'gameName': 'Stroop', 'highScore': 24700.0}, {'score': 33040.0, 'gameName': 'TaskSwitch2', 'highScore': 33040.0}, {'score': 6390.0, 'gameName': 'SpatialSpanReverse', 'highScore': 6390.0}]",0,WPI6_1743463d53c8386,Eastern Standard Time,"[{'gameName': 'BRT', 'playCount': 1, 'lastPlaySession': 0}, {'gameName': 'WTNumber', 'playCount': 1, 'lastPlaySession': 0}, {'gameName': 'Stroop', 'playCount': 1, 'lastPlaySession': 0}, {'gameName': 'SpatialSpanReverse', 'playCount': 1, 'lastPlaySession': 0}, {'gameName': 'TaskSwitch2', 'playCount': 1, 'lastPlaySession': 0}]",1,17,128,1,"ANGLE (AMD, AMD Radeon(TM) Graphics (0x00001638) Direct3D11 vs_5_0 ps_5_0, D3D11)",0,2,-4,WPI6_1743463d53c8386,2025-03-31T23:26:37.000000Z,2025-03-31T23:38:39.000000Z
163,22,10,ACE Explorer,1.22.33,UNDEFINED,None,Windows 10,3,RIGHT,Chrome 134,"[{'score': 31420.0, 'gameName': 'BRT', 'highScore': 31420.0}, {'score': 9940.0, 'gameName': 'WTNumber', 'highScore': 9940.0}, {'score': 28130.0, 'gameName': 'Stroop', 'highScore': 28130.0}, {'score': 31540.0, 'gameName': 'TaskSwitch2', 'highScore': 31540.0}, {'score': 7810.0, 'gameName': 'SpatialSpanReverse', 'highScore': 7810.0}]",0,WPI6_174u352s5874757,Eastern Standard Time,"[{'gameName': 'BRT', 'playCount': 1, 'lastPlaySession': 0}, {'gameName': 'WTNumber', 'playCount': 1, 'lastPlaySession': 0}, {'gameName': 'Stroop', 'playCount': 1, 'lastPlaySession': 0}, {'gameName': 'SpatialSpanReverse', 'playCount': 1, 'lastPlaySession': 0}, {'gameName': 'TaskSwitch2', 'playCount': 1, 'lastPlaySession': 0}]",1,17,128,1,"ANGLE (Intel, Intel(R) Iris(R) Xe Graphics (0x0000A7A1) Direct3D11 vs_5_0 ps_5_0, D3D11)",0,2,-4,WPI6_174u352s5874757,2025-04-01T16:45:05.000000Z,2025-04-01T17:02:03.000000Z
164,20,10,ACE Explorer,1.22.33,UNDEFINED,None,Mac OS X 10.15,3,RIGHT,Firefox 136,"[{'score': 50340.0, 'gameName': 'BRT', 'highScore': 50340.0}, {'score': 9940.0, 'gameName': 'WTNumber', 'highScore': 9940.0}, {'score': 22220.0, 'gameName': 'Stroop', 'highScore': 22220.0}, {'score': 14630.0, 'gameName': 'TaskSwitch2', 'highScore': 14630.0}, {'score': 7100.0, 'gameName': 'SpatialSpanReverse', 'highScore': 7100.0}]",0,WPI6_174466v6711i514,Eastern Standard Time,"[{'gameName': 'BRT', 'playCount': 1, 'lastPlaySession': 0}, {'gameName': 'WTNumber', 'playCount': 1, 'lastPlaySession': 0}, {'gameName': 'Stroop', 'playCount': 1, 'lastPlaySession': 0}, {'gameName': 'SpatialSpanReverse', 'playCount': 1, 'lastPlaySession': 0}, {'gameName': 'TaskSwitch2', 'playCount': 1, 'lastPlaySession': 0}]",1,17,128,1,"Intel(R) HD Graphics 400, or similar",0,2,-4,WPI6_174466v6711i514,2025-04-14T21:41:03.000000Z,2025-04-14T21:57:38.000000Z
165,22,10,ACE Explorer,1.22.33,UNDEFINED,None,Windows 10,3,RIGHT,Chrome 134,"[{'score': 36080.0, 'gameName': 'BRT', 'highScore': 36080.0}, {'score': 9940.0, 'gameName': 'WTNumber', 'highScore': 9940.0}, {'score': 38930.0, 'gameName': 'Stroop', 'highScore': 38930.0}, {'score': 15600.0, 'gameName': 'TaskSwitch2', 'highScore': 15600.0}, {'score': 4970.0, 'gameName': 'SpatialSpanReverse', 'highScore': 4970.0}]",0,WPI6_17d4c3710767579,Eastern Standard Time,"[{'gameName': 'BRT', 'playCount': 1, 'lastPlaySession': 0}, {'gameName': 'WTNumber', 'playCount': 1, 'lastPlaySession': 0}, {'gameName': 'Stroop', 'playCount': 1, 'lastPlaySession': 0}, {'gameName': 'SpatialSpanReverse', 'playCount': 1, 'lastPlaySession': 0}, {'gameName': 'TaskSwitch2', 'playCount': 1, 'lastPlaySession': 0}]",1,17,128,1,"ANGLE (Intel, Intel(R) Arc(TM) 140V GPU (16GB) (0x000064A0) Direct3D11 vs_5_0 ps_5_0, D3D11)",0,2,-4,WPI6_17d4c3710767579,2025-04-03T20:06:51.000000Z,2025-04-03T20:21:47.000000Z
166,21,10,ACE Explorer,1.22.33,UNDEFINED,None,Windows 10,3,RIGHT,Chrome 135,"[{'score': 37870.0, 'gameName': 'BRT', 'highScore': 37870.0}, {'score': 9940.0, 'gameName': 'WTNumber', 'highScore': 9940.0}, {'score': 44310.0, 'gameName': 'Stroop', 'highScore': 44310.0}, {'score': 22010.0, 'gameName': 'TaskSwitch2', 'highScore': 22010.0}, {'score': 7100.0, 'gameName': 'SpatialSpanReverse', 'highScore': 7100.0}]",0,WPI6_l17455810913y40,Eastern Standard Time,"[{'gameName': 'BRT', 'playCount': 1, 'lastPlaySession': 0}, {'gameName': 'WTNumber', 'playCount': 1, 'lastPlaySession': 0}, {'gameName': 'Stroop', 'playCount': 1, 'lastPlaySession': 0}, {'gameName': 'SpatialSpanReverse', 'playCount': 1, 'lastPlaySession': 0}, {'gameName': 'TaskSwitch2', 'playCount': 1, 'lastPlaySession': 0}]",1,17,128,1,"ANGLE (Intel, Intel(R) UHD Graphics (0x00009BCA) Direct3D11 vs_5_0 ps_5_0, D3D11)",0,2,-4,WPI6_l17455810913y40,2025-04-25T11:38:55.000000Z,2025-04-25T11:54:58.000000Z
167,18,10,ACE Explorer,1.22.33,UNDEFINED,None,Mac OS X 10_15_7,3,LEFT,Safari 17.5,"[{'score': 33940.0, 'gameName': 'BRT', 'highScore': 33940.0}, {'score': 9940.0, 'gameName': 'WTNumber', 'highScore': 9940.0}, {'score': 55600.0, 'gameName': 'Stroop', 'highScore': 55600.0}, {'score': 33230.0, 'gameName': 'TaskSwitch2', 'highScore': 33230.0}, {'score': 5680.0, 'gameName': 'SpatialSpanReverse', 'highScore': 5680.0}]",0,WPI6_17t456l89982691,Eastern Standard Time,"[{'gameName': 'BRT', 'playCount': 1, 'lastPlaySession': 0}, {'gameName': 'WTNumber', 'playCount': 1, 'lastPlaySession': 0}, {'gameName': 'Stroop', 'playCount': 1, 'lastPlaySession': 0}, {'gameName': 'SpatialSpanReverse', 'playCount': 1, 'lastPlaySession': 0}, {'gameName': 'TaskSwitch2', 'playCount': 1, 'lastPlaySession': 0}]",1,17,128,1,Apple GPU,0,2,-4,WPI6_17t456l89982691,2025-04-26T17:53:26.000000Z,2025-04-26T18:08:03.000000Z
168,22,10,ACE Explorer,1.22.33,UNDEFINED,None,Mac OS X 10_15_7,3,RIGHT,Chrome 130,"[{'score': 24340.0, 'gameName': 'BRT', 'highScore': 24340.0}, {'score': 9940.0, 'gameName': 'WTNumber', 'highScore': 9940.0}, {'score': 30850.0, 'gameName': 'Stroop', 'highScore': 30850.0}, {'score': 35970.0, 'gameName': 'TaskSwitch2', 'highScore': 35970.0}, {'score': 5680.0, 'gameName': 'SpatialSpanReverse', 'highScore': 5680.0}]",0,WPI6_j1745784410d658,Eastern Standard Time,"[{'gameName': 'BRT', 'playCount': 1, 'lastPlaySession': 0}, {'gameName': 'WTNumber', 'playCount': 1, 'lastPlaySession': 0}, {'gameName': 'Stroop', 'playCount': 1, 'lastPlaySession': 0}, {'gameName': 'SpatialSpanReverse', 'playCount': 1, 'lastPlaySession': 0}, {'gameName': 'TaskSwitch2', 'playCount': 1, 'lastPlaySession': 0}]",1,17,128,1,"ANGLE (Apple, ANGLE Metal Renderer: Apple M1, Unspecified Version)",0,2,-4,WPI6_j1745784410d658,2025-04-27T20:07:33.000000Z,2025-04-27T20:23:42.000000Z
169,20,10,ACE Explorer,1.22.33,UNDEFINED,None,Windows 10,3,RIGHT,Chrome 135,"[{'score': 31090.0, 'gameName': 'BRT', 'highScore': 31090.0}, {'score': 9940.0, 'gameName': 'WTNumber', 'highScore': 9940.0}, {'score': 46640.0, 'gameName': 'Stroop', 'highScore': 46640.0}, {'score': 26070.0, 'gameName': 'TaskSwitch2', 'highScore': 26070.0}, {'score': 7100.0, 'gameName': 'SpatialSpanReverse', 'highScore': 7100.0}]",0,WPI6_174u597718963b7,Eastern Standard Time,"[{'gameName': 'BRT', 'playCount': 1, 'lastPlaySession': 0}, {'gameName': 'WTNumber', 'playCount': 1, 'lastPlaySession': 0}, {'gameName': 'Stroop', 'playCount': 1, 'lastPlaySession': 0}, {'gameName': 'SpatialSpanReverse', 'playCount': 1, 'lastPlaySession': 0}, {'gameName': 'TaskSwitch2', 'playCount': 1, 'lastPlaySession': 0}]",1,17,128,1,"ANGLE (Intel, Intel(R) Iris(R) Xe Graphics (0x0000A7A0) Direct3D11 vs_5_0 ps_5_0, D3D11)",0,2,-4,WPI6_174u597718963b7,2025-04-30T01:40:26.000000Z,2025-04-30T02:07:03.000000Z
170,17,10,ACE Explorer,1.22.33,UNDEFINED,None,Mac OS X 10_15_7,3,LEFT,Chrome 134,"[{'score': 33070.0, 'gameName': 'BRT', 'highScore': 33070.0}, {'score': 9940.0, 'gameName': 'WTNumber', 'highScore': 9940.0}, {'score': 42210.0, 'gameName': 'Stroop', 'highScore': 42210.0}, {'score': 53660.0, 'gameName': 'TaskSwitch2', 'highScore': 53660.0}, {'score': 9230.0, 'gameName': 'SpatialSpanReverse', 'highScore': 9230.0}]",0,WPI6_17y46d141458189,Eastern Standard Time,"[{'gameName': 'BRT', 'playCount': 1, 'lastPlaySession': 0}, {'gameName': 'WTNumber', 'playCount': 1, 'lastPlaySession': 0}, {'gameName': 'Stroop', 'playCount': 1, 'lastPlaySession': 0}, {'gameName': 'SpatialSpanReverse', 'playCount': 1, 'lastPlaySession': 0}, {'gameName': 'TaskSwitch2', 'playCount': 1, 'lastPlaySession': 0}]",1,17,128,1,"ANGLE (Apple, ANGLE Metal Renderer: Apple M3 Pro, Unspecified Version)",0,2,-4,WPI6_17y46d141458189,2025-05-01T23:18:03.000000Z,2025-05-01T23:33:37.000000Z
171,18,10,ACE Explorer,1.22.33,UNDEFINED,None,Mac OS X 10_15_7,3,LEFT,Safari 17.4,"[{'score': 17210.0, 'gameName': 'BRT', 'highScore': 17210.0}, {'score': 9940.0, 'gameName': 'WTNumber', 'highScore': 9940.0}, {'score': 52490.0, 'gameName': 'Stroop', 'highScore': 52490.0}, {'score': 13690.0, 'gameName': 'TaskSwitch2', 'highScore': 13690.0}, {'score': 3550.0, 'gameName': 'SpatialSpanReverse', 'highScore': 3550.0}]",0,WPI6_174629zj8408259,Eastern Standard Time,"[{'gameName': 'BRT', 'playCount': 1, 'lastPlaySession': 0}, {'gameName': 'WTNumber', 'playCount': 1, 'lastPlaySession': 0}, {'gameName': 'Stroop', 'playCount': 1, 'lastPlaySession': 0}, {'gameName': 'SpatialSpanReverse', 'playCount': 1, 'lastPlaySession': 0}, {'gameName': 'TaskSwitch2', 'playCount': 1, 'lastPlaySession': 0}]",1,17,256,1,Apple GPU,0,2,-4,WPI6_174629zj8408259,2025-05-03T18:53:55.000000Z,2025-05-03T19:08:31.000000Z
172,19,10,ACE Explorer,1.22.33,UNDEFINED,None,Mac OS X 10_15_7,3,RIGHT,Safari 18.4,"[{'score': 26600.0, 'gameName': 'BRT', 'highScore': 26600.0}, {'score': 9940.0, 'gameName': 'WTNumber', 'highScore': 9940.0}, {'score': 58100.0, 'gameName': 'Stroop', 'highScore': 58100.0}, {'score': 18300.0, 'gameName': 'TaskSwitch2', 'highScore': 18300.0}, {'score': 6390.0, 'gameName': 'SpatialSpanReverse', 'highScore': 6390.0}]",0,WPI6_n174639a7009255,Eastern Standard Time,"[{'gameName': 'BRT', 'playCount': 1, 'lastPlaySession': 0}, {'gameName': 'WTNumber', 'playCount': 1, 'lastPlaySession': 0}, {'gameName': 'Stroop', 'playCount': 1, 'lastPlaySession': 0}, {'gameName': 'SpatialSpanReverse', 'playCount': 1, 'lastPlaySession': 0}, {'gameName': 'TaskSwitch2', 'playCount': 1, 'lastPlaySession': 0}]",1,17,128,1,Apple GPU,0,2,-4,WPI6_n174639a7009255,2025-05-04T22:17:41.000000Z,2025-05-04T22:31:43.000000Z
173,19,10,ACE Explorer,1.22.33,UNDEFINED,None,Windows 10,3,RIGHT,Chrome 134,"[{'score': 26380.0, 'gameName': 'BRT', 'highScore': 26380.0}, {'score': 9940.0, 'gameName': 'WTNumber', 'highScore': 9940.0}, {'score': 58070.0, 'gameName': 'Stroop', 'highScore': 58070.0}, {'score': 37090.0, 'gameName': 'TaskSwitch2', 'highScore': 37090.0}, {'score': 4260.0, 'gameName': 'SpatialSpanReverse', 'highScore': 4260.0}]",0,WPI6_1746k5740121o33,Eastern Standard Time,"[{'gameName': 'BRT', 'playCount': 1, 'lastPlaySession': 0}, {'gameName': 'WTNumber', 'playCount': 1, 'lastPlaySession': 0}, {'gameName': 'Stroop', 'playCount': 1, 'lastPlaySession': 0}, {'gameName': 'SpatialSpanReverse', 'playCount': 1, 'lastPlaySession': 0}, {'gameName': 'TaskSwitch2', 'playCount': 1, 'lastPlaySession': 0}]",1,17,128,1,"ANGLE (Intel, Intel(R) Iris(R) Xe Graphics (0x0000A7A0) Direct3D11 vs_5_0 ps_5_0, D3D11)",0,2,-4,WPI6_1746k5740121o33,2025-05-06T23:27:54.000000Z,2025-05-06T23:41:45.000000Z
174,19,10,ACE Explorer,1.22.33,UNDEFINED,None,Windows 10,3,RIGHT,Chrome 135,"[{'score': 32950.0, 'gameName': 'BRT', 'highScore': 32950.0}, {'score': 9940.0, 'gameName': 'WTNumber', 'highScore': 9940.0}, {'score': 44710.0, 'gameName': 'Stroop', 'highScore': 44710.0}, {'score': 40770.0, 'gameName': 'TaskSwitch2', 'highScore': 40770.0}, {'score': 5680.0, 'gameName': 'SpatialSpanReverse', 'highScore': 5680.0}]",0,WPI6_t17m46413387483,Eastern Standard Time,"[{'gameName': 'BRT', 'playCount': 1, 'lastPlaySession': 0}, {'gameName': 'WTNumber', 'playCount': 1, 'lastPlaySession': 0}, {'gameName': 'Stroop', 'playCount': 1, 'lastPlaySession': 0}, {'gameName': 'SpatialSpanReverse', 'playCount': 1, 'lastPlaySession': 0}, {'gameName': 'TaskSwitch2', 'playCount': 1, 'lastPlaySession': 0}]",1,17,256,1,"ANGLE (AMD, AMD Radeon (TM) Graphics (0x000015E7) Direct3D11 vs_5_0 ps_5_0, D3D11)",0,2,-4,WPI6_t17m46413387483,2025-05-05T02:50:23.000000Z,2025-05-05T03:06:30.000000Z
175,18,10,ACE Explorer,1.22.33,UNDEFINED,None,Windows 10,3,LEFT,Chrome 135,"[{'score': 25380.0, 'gameName': 'BRT', 'highScore': 25380.0}, {'score': 9940.0, 'gameName': 'WTNumber', 'highScore': 9940.0}, {'score': 48050.0, 'gameName': 'Stroop', 'highScore': 48050.0}, {'score': 55960.0, 'gameName': 'TaskSwitch2', 'highScore': 55960.0}, {'score': 6390.0, 'gameName': 'SpatialSpanReverse', 'highScore': 6390.0}]",0,WPI6_17464p7929282a2,Eastern Standard Time,"[{'gameName': 'BRT', 'playCount': 1, 'lastPlaySession': 0}, {'gameName': 'WTNumber', 'playCount': 1, 'lastPlaySession': 0}, {'gameName': 'Stroop', 'playCount': 1, 'lastPlaySession': 0}, {'gameName': 'SpatialSpanReverse', 'playCount': 1, 'lastPlaySession': 0}, {'gameName': 'TaskSwitch2', 'playCount': 1, 'lastPlaySession': 0}]",1,17,128,1,"ANGLE (AMD, AMD Radeon(TM) Graphics (0x00001636) Direct3D11 vs_5_0 ps_5_0, D3D11)",0,2,-4,WPI6_17464p7929282a2,2025-05-05T21:09:07.000000Z,2025-05-05T21:21:53.000000Z
176,19,10,ACE Explorer,1.22.33,UNDEFINED,None,Mac OS X 10_15_7,3,RIGHT,Chrome 135,"[{'score': 24290.0, 'gameName': 'BRT', 'highScore': 24290.0}, {'score': 9940.0, 'gameName': 'WTNumber', 'highScore': 9940.0}, {'score': 31430.0, 'gameName': 'Stroop', 'highScore': 31430.0}, {'score': 45340.0, 'gameName': 'TaskSwitch2', 'highScore': 45340.0}, {'score': 4970.0, 'gameName': 'SpatialSpanReverse', 'highScore': 4970.0}]",0,WPI6_1746j501724o822,Eastern Standard Time,"[{'gameName': 'BRT', 'playCount': 1, 'lastPlaySession': 0}, {'gameName': 'WTNumber', 'playCount': 1, 'lastPlaySession': 0}, {'gameName': 'Stroop', 'playCount': 1, 'lastPlaySession': 0}, {'gameName': 'SpatialSpanReverse', 'playCount': 1, 'lastPlaySession': 0}, {'gameName': 'TaskSwitch2', 'playCount': 1, 'lastPlaySession': 0}]",1,17,128,1,"ANGLE (Apple, ANGLE Metal Renderer: Apple M2 Pro, Unspecified Version)",0,2,-4,WPI6_1746j501724o822,2025-05-06T03:22:35.000000Z,2025-05-06T03:38:28.000000Z
177,18,10,ACE Explorer,1.22.33,UNDEFINED,None,Windows 10,3,RIGHT,Chrome 135,"[{'score': 25630.0, 'gameName': 'BRT', 'highScore': 25630.0}, {'score': 9940.0, 'gameName': 'WTNumber', 'highScore': 9940.0}, {'score': 39660.0, 'gameName': 'Stroop', 'highScore': 39660.0}, {'score': 22930.0, 'gameName': 'TaskSwitch2', 'highScore': 22930.0}, {'score': 710.0, 'gameName': 'SpatialSpanReverse', 'highScore': 710.0}]",0,WPI6_17s4648133m0525,Eastern Standard Time,"[{'gameName': 'BRT', 'playCount': 1, 'lastPlaySession': 0}, {'gameName': 'WTNumber', 'playCount': 1, 'lastPlaySession': 0}, {'gameName': 'Stroop', 'playCount': 1, 'lastPlaySession': 0}, {'gameName': 'SpatialSpanReverse', 'playCount': 1, 'lastPlaySession': 0}, {'gameName': 'TaskSwitch2', 'playCount': 1, 'lastPlaySession': 0}]",1,17,128,1,"ANGLE (AMD, AMD Radeon 780M Graphics (0x00001900) Direct3D11 vs_5_0 ps_5_0, D3D11)",0,2,-4,WPI6_17s4648133m0525,2025-05-05T21:43:17.000000Z,2025-05-05T21:57:36.000000Z
178,19,10,ACE Explorer,1.22.33,UNDEFINED,None,Windows 10,3,RIGHT,Chrome 135,"[{'score': 37660.0, 'gameName': 'BRT', 'highScore': 37660.0}, {'score': 9940.0, 'gameName': 'WTNumber', 'highScore': 9940.0}, {'score': 37530.0, 'gameName': 'Stroop', 'highScore': 37530.0}, {'score': 29020.0, 'gameName': 'TaskSwitch2', 'highScore': 29020.0}, {'score': 6390.0, 'gameName': 'SpatialSpanReverse', 'highScore': 6390.0}]",0,WPI6_1746552e98473o3,Eastern Standard Time,"[{'gameName': 'BRT', 'playCount': 1, 'lastPlaySession': 0}, {'gameName': 'WTNumber', 'playCount': 1, 'lastPlaySession': 0}, {'gameName': 'Stroop', 'playCount': 1, 'lastPlaySession': 0}, {'gameName': 'SpatialSpanReverse', 'playCount': 1, 'lastPlaySession': 0}, {'gameName': 'TaskSwitch2', 'playCount': 1, 'lastPlaySession': 0}]",1,17,256,1,"ANGLE (Intel, Intel(R) Iris(R) Xe Graphics (0x00009A49) Direct3D11 vs_5_0 ps_5_0, D3D11)",0,2,-4,WPI6_1746552e98473o3,2025-05-06T17:36:58.000000Z,2025-05-06T17:53:26.000000Z
179,19,10,ACE Explorer,1.22.33,UNDEFINED,None,Windows 10,3,RIGHT,Chrome 133,"[{'score': 31280.0, 'gameName': 'BRT', 'highScore': 31280.0}, {'score': 9940.0, 'gameName': 'WTNumber', 'highScore': 9940.0}, {'score': 42480.0, 'gameName': 'Stroop', 'highScore': 42480.0}, {'score': 33210.0, 'gameName': 'TaskSwitch2', 'highScore': 33210.0}, {'score': 7810.0, 'gameName': 'SpatialSpanReverse', 'highScore': 7810.0}]",0,WPI6_17465j728168t11,Eastern Standard Time,"[{'gameName': 'BRT', 'playCount': 1, 'lastPlaySession': 0}, {'gameName': 'WTNumber', 'playCount': 1, 'lastPlaySession': 0}, {'gameName': 'Stroop', 'playCount': 1, 'lastPlaySession': 0}, {'gameName': 'SpatialSpanReverse', 'playCount': 1, 'lastPlaySession': 0}, {'gameName': 'TaskSwitch2', 'playCount': 1, 'lastPlaySession': 0}]",1,17,128,1,"ANGLE (NVIDIA, NVIDIA GeForce RTX 3090 (0x00002204) Direct3D11 vs_5_0 ps_5_0, D3D11)",0,2,-4,WPI6_17465j728168t11,2025-05-06T23:07:21.000000Z,2025-05-06T23:22:46.000000Z
180,22,10,ACE Explorer,1.22.33,UNDEFINED,None,Windows 10,3,LEFT,Firefox 136,"[{'score': 30890.0, 'gameName': 'BRT', 'highScore': 30890.0}, {'score': 9940.0, 'gameName': 'WTNumber', 'highScore': 9940.0}, {'score': 18030.0, 'gameName': 'Stroop', 'highScore': 18030.0}, {'score': 21100.0, 'gameName': 'TaskSwitch2', 'highScore': 21100.0}, {'score': 6390.0, 'gameName': 'SpatialSpanReverse', 'highScore': 6390.0}]",0,WPI6_174k4125s614559,Eastern Standard Time,"[{'gameName': 'BRT', 'playCount': 1, 'lastPlaySession': 0}, {'gameName': 'WTNumber', 'playCount': 1, 'lastPlaySession': 0}, {'gameName': 'Stroop', 'playCount': 1, 'lastPlaySession': 0}, {'gameName': 'SpatialSpanReverse', 'playCount': 1, 'lastPlaySession': 0}, {'gameName': 'TaskSwitch2', 'playCount': 1, 'lastPlaySession': 0}]",1,17,128,1,"ANGLE (Intel, Intel(R) HD Graphics Direct3D11 vs_5_0 ps_5_0), or similar",0,2,-4,WPI6_174k4125s614559,2025-04-08T15:20:57.000000Z,2025-04-08T15:35:39.000000Z
181,19,10,ACE Explorer,1.22.33,UNDEFINED,None,Windows 10,3,RIGHT,Chrome 135,"[{'score': 55400.0, 'gameName': 'BRT', 'highScore': 55400.0}, {'score': 9940.0, 'gameName': 'WTNumber', 'highScore': 9940.0}, {'score': 54550.0, 'gameName': 'Stroop', 'highScore': 54550.0}, {'score': 31110.0, 'gameName': 'TaskSwitch2', 'highScore': 31110.0}, {'score': 4970.0, 'gameName': 'SpatialSpanReverse', 'highScore': 4970.0}]",0,WPI6_1q7443c20405493,Eastern Standard Time,"[{'gameName': 'BRT', 'playCount': 1, 'lastPlaySession': 0}, {'gameName': 'WTNumber', 'playCount': 1, 'lastPlaySession': 0}, {'gameName': 'Stroop', 'playCount': 1, 'lastPlaySession': 0}, {'gameName': 'SpatialSpanReverse', 'playCount': 1, 'lastPlaySession': 0}, {'gameName': 'TaskSwitch2', 'playCount': 1, 'lastPlaySession': 0}]",1,17,128,1,"ANGLE (NVIDIA, NVIDIA GeForce RTX 4070 Laptop GPU (0x00002860) Direct3D11 vs_5_0 ps_5_0, D3D11)",0,2,-4,WPI6_1q7443c20405493,2025-04-10T21:27:14.000000Z,2025-04-10T21:40:41.000000Z
182,18,10,ACE Explorer,1.22.33,UNDEFINED,None,Windows 10,3,LEFT,Chrome 135,"[{'score': 25630.0, 'gameName': 'BRT', 'highScore': 25630.0}, {'score': 9940.0, 'gameName': 'WTNumber', 'highScore': 9940.0}, {'score': 30210.0, 'gameName': 'Stroop', 'highScore': 30210.0}, {'score': 37510.0, 'gameName': 'TaskSwitch2', 'highScore': 37510.0}, {'score': 8520.0, 'gameName': 'SpatialSpanReverse', 'highScore': 8520.0}]",0,WPI6_17444x7x9307749,Eastern Standard Time,"[{'gameName': 'BRT', 'playCount': 1, 'lastPlaySession': 0}, {'gameName': 'WTNumber', 'playCount': 1, 'lastPlaySession': 0}, {'gameName': 'Stroop', 'playCount': 1, 'lastPlaySession': 0}, {'gameName': 'SpatialSpanReverse', 'playCount': 1, 'lastPlaySession': 0}, {'gameName': 'TaskSwitch2', 'playCount': 1, 'lastPlaySession': 0}]",1,17,128,1,"ANGLE (Intel, Intel(R) Arc(TM) Graphics (0x00007D55) Direct3D11 vs_5_0 ps_5_0, D3D11)",0,2,-4,WPI6_17444x7x9307749,2025-04-12T17:35:52.000000Z,2025-04-12T17:52:26.000000Z
183,22,10,ACE Explorer,1.22.33,UNDEFINED,None,Mac OS X 10_15_7,3,RIGHT,Chrome 134,"[{'score': 29230.0, 'gameName': 'BRT', 'highScore': 29230.0}, {'score': 9940.0, 'gameName': 'WTNumber', 'highScore': 9940.0}, {'score': 74740.0, 'gameName': 'Stroop', 'highScore': 74740.0}, {'score': 41440.0, 'gameName': 'TaskSwitch2', 'highScore': 41440.0}, {'score': 9940.0, 'gameName': 'SpatialSpanReverse', 'highScore': 9940.0}]",0,WPI6_r17446q67212312,Eastern Standard Time,"[{'gameName': 'BRT', 'playCount': 1, 'lastPlaySession': 0}, {'gameName': 'WTNumber', 'playCount': 1, 'lastPlaySession': 0}, {'gameName': 'Stroop', 'playCount': 1, 'lastPlaySession': 0}, {'gameName': 'SpatialSpanReverse', 'playCount': 1, 'lastPlaySession': 0}, {'gameName': 'TaskSwitch2', 'playCount': 1, 'lastPlaySession': 0}]",1,17,128,1,"ANGLE (Intel, ANGLE Metal Renderer: Intel(R) UHD Graphics 630, Unspecified Version)",0,2,-4,WPI6_r17446q67212312,2025-04-14T21:47:19.000000Z,2025-04-14T22:05:01.000000Z
184,22,10,ACE Explorer,1.22.33,UNDEFINED,None,Windows 10,3,RIGHT,Firefox 137,"[{'score': 15280.0, 'gameName': 'BRT', 'highScore': 15280.0}, {'score': 9940.0, 'gameName': 'WTNumber', 'highScore': 9940.0}, {'score': 38770.0, 'gameName': 'Stroop', 'highScore': 38770.0}, {'score': 68270.0, 'gameName': 'TaskSwitch2', 'highScore': 68270.0}, {'score': 3550.0, 'gameName': 'SpatialSpanReverse', 'highScore': 3550.0}]",0,WPI6_174493xg0886649,Eastern Standard Time,"[{'gameName': 'BRT', 'playCount': 1, 'lastPlaySession': 0}, {'gameName': 'WTNumber', 'playCount': 1, 'lastPlaySession': 0}, {'gameName': 'Stroop', 'playCount': 1, 'lastPlaySession': 0}, {'gameName': 'SpatialSpanReverse', 'playCount': 1, 'lastPlaySession': 0}, {'gameName': 'TaskSwitch2', 'playCount': 1, 'lastPlaySession': 0}]",1,17,128,1,"ANGLE (Intel, Intel(R) HD Graphics Direct3D11 vs_5_0 ps_5_0), or similar",0,2,-4,WPI6_174493xg0886649,2025-04-17T23:02:08.000000Z,2025-04-17T23:23:44.000000Z
185,18,10,ACE Explorer,1.22.33,UNDEFINED,None,Windows 10,3,RIGHT,Chrome 135,"[{'score': 51630.0, 'gameName': 'BRT', 'highScore': 51630.0}, {'score': 9940.0, 'gameName': 'WTNumber', 'highScore': 9940.0}, {'score': 53760.0, 'gameName': 'Stroop', 'highScore': 53760.0}, {'score': 38430.0, 'gameName': 'TaskSwitch2', 'highScore': 38430.0}, {'score': 7810.0, 'gameName': 'SpatialSpanReverse', 'highScore': 7810.0}]",0,WPI6_174518n06z76234,Eastern Standard Time,"[{'gameName': 'BRT', 'playCount': 1, 'lastPlaySession': 0}, {'gameName': 'WTNumber', 'playCount': 1, 'lastPlaySession': 0}, {'gameName': 'Stroop', 'playCount': 1, 'lastPlaySession': 0}, {'gameName': 'SpatialSpanReverse', 'playCount': 1, 'lastPlaySession': 0}, {'gameName': 'TaskSwitch2', 'playCount': 1, 'lastPlaySession': 0}]",1,17,128,1,"ANGLE (Intel, Intel(R) Arc(TM) Graphics (0x00007D55) Direct3D11 vs_5_0 ps_5_0, D3D11)",0,2,-4,WPI6_174518n06z76234,2025-04-20T20:25:06.000000Z,2025-04-20T20:40:08.000000Z
186,22,10,ACE Explorer,1.22.33,UNDEFINED,None,Windows 10,3,RIGHT,Chrome 135,"[{'score': 25570.0, 'gameName': 'BRT', 'highScore': 25570.0}, {'score': 9940.0, 'gameName': 'WTNumber', 'highScore': 9940.0}, {'score': 35210.0, 'gameName': 'Stroop', 'highScore': 35210.0}, {'score': 30140.0, 'gameName': 'TaskSwitch2', 'highScore': 30140.0}, {'score': 12070.0, 'gameName': 'SpatialSpanReverse', 'highScore': 12070.0}]",0,WPI6_v17454312111y06,Eastern Standard Time,"[{'gameName': 'BRT', 'playCount': 1, 'lastPlaySession': 0}, {'gameName': 'WTNumber', 'playCount': 1, 'lastPlaySession': 0}, {'gameName': 'Stroop', 'playCount': 1, 'lastPlaySession': 0}, {'gameName': 'SpatialSpanReverse', 'playCount': 1, 'lastPlaySession': 0}, {'gameName': 'TaskSwitch2', 'playCount': 1, 'lastPlaySession': 0}]",1,17,128,1,"ANGLE (Intel, Intel(R) HD Graphics 520 (0x00001916) Direct3D11 vs_5_0 ps_5_0, D3D11)",0,2,-4,WPI6_v17454312111y06,2025-04-23T18:01:40.000000Z,2025-04-23T18:22:18.000000Z
187,19,10,ACE Explorer,1.22.33,UNDEFINED,None,Windows 10,3,RIGHT,Firefox 137,"[{'score': 20850.0, 'gameName': 'BRT', 'highScore': 20850.0}, {'score': 9940.0, 'gameName': 'WTNumber', 'highScore': 9940.0}, {'score': 80270.0, 'gameName': 'Stroop', 'highScore': 80270.0}, {'score': 46360.0, 'gameName': 'TaskSwitch2', 'highScore': 46360.0}, {'score': 7810.0, 'gameName': 'SpatialSpanReverse', 'highScore': 7810.0}]",0,WPI6_17w4543e2142467,Eastern Standard Time,"[{'gameName': 'BRT', 'playCount': 1, 'lastPlaySession': 0}, {'gameName': 'WTNumber', 'playCount': 1, 'lastPlaySession': 0}, {'gameName': 'Stroop', 'playCount': 1, 'lastPlaySession': 0}, {'gameName': 'SpatialSpanReverse', 'playCount': 1, 'lastPlaySession': 0}, {'gameName': 'TaskSwitch2', 'playCount': 1, 'lastPlaySession': 0}]",1,17,256,1,"ANGLE (NVIDIA, NVIDIA GeForce GTX 980 Direct3D11 vs_5_0 ps_5_0), or similar",0,2,-4,WPI6_17w4543e2142467,2025-04-23T18:20:43.000000Z,2025-04-23T18:36:11.000000Z
188,19,10,ACE Explorer,1.22.33,UNDEFINED,None,Windows 10,3,RIGHT,Chrome 135,"[{'score': 41460.0, 'gameName': 'BRT', 'highScore': 41460.0}, {'score': 9940.0, 'gameName': 'WTNumber', 'highScore': 9940.0}, {'score': 32100.0, 'gameName': 'Stroop', 'highScore': 32100.0}, {'score': 31070.0, 'gameName': 'TaskSwitch2', 'highScore': 31070.0}, {'score': 6390.0, 'gameName': 'SpatialSpanReverse', 'highScore': 6390.0}]",0,WPI6_17j45450656v937,Eastern Standard Time,"[{'gameName': 'BRT', 'playCount': 1, 'lastPlaySession': 0}, {'gameName': 'WTNumber', 'playCount': 1, 'lastPlaySession': 0}, {'gameName': 'Stroop', 'playCount': 1, 'lastPlaySession': 0}, {'gameName': 'SpatialSpanReverse', 'playCount': 1, 'lastPlaySession': 0}, {'gameName': 'TaskSwitch2', 'playCount': 1, 'lastPlaySession': 0}]",1,17,128,1,"ANGLE (Intel, Intel(R) Arc(TM) Graphics (0x00007D55) Direct3D11 vs_5_0 ps_5_0, D3D11)",0,2,-4,WPI6_17j45450656v937,2025-04-23T23:24:54.000000Z,2025-04-23T23:39:15.000000Z
189,18,10,ACE Explorer,1.22.33,UNDEFINED,None,Mac OS X 10_15_7,3,RIGHT,Safari 17.6,"[{'score': 33930.0, 'gameName': 'BRT', 'highScore': 33930.0}, {'score': 9940.0, 'gameName': 'WTNumber', 'highScore': 9940.0}, {'score': 51640.0, 'gameName': 'Stroop', 'highScore': 51640.0}, {'score': 32260.0, 'gameName': 'TaskSwitch2', 'highScore': 32260.0}, {'score': 8520.0, 'gameName': 'SpatialSpanReverse', 'highScore': 8520.0}]",0,WPI6_174sw5558164473,Eastern Standard Time,"[{'gameName': 'BRT', 'playCount': 1, 'lastPlaySession': 0}, {'gameName': 'WTNumber', 'playCount': 1, 'lastPlaySession': 0}, {'gameName': 'Stroop', 'playCount': 1, 'lastPlaySession': 0}, {'gameName': 'SpatialSpanReverse', 'playCount': 1, 'lastPlaySession': 0}, {'gameName': 'TaskSwitch2', 'playCount': 1, 'lastPlaySession': 0}]",1,17,128,1,Apple GPU,0,2,-4,WPI6_174sw5558164473,2025-04-25T05:17:22.000000Z,2025-04-25T05:33:18.000000Z
190,19,10,ACE Explorer,1.22.33,UNDEFINED,None,Windows 10,3,RIGHT,Chrome 135,"[{'score': 29090.0, 'gameName': 'BRT', 'highScore': 29090.0}, {'score': 9940.0, 'gameName': 'WTNumber', 'highScore': 9940.0}, {'score': 53500.0, 'gameName': 'Stroop', 'highScore': 53500.0}, {'score': 24700.0, 'gameName': 'TaskSwitch2', 'highScore': 24700.0}, {'score': 6390.0, 'gameName': 'SpatialSpanReverse', 'highScore': 6390.0}]",0,WPI6_i17g45773868541,Eastern Standard Time,"[{'gameName': 'BRT', 'playCount': 1, 'lastPlaySession': 0}, {'gameName': 'WTNumber', 'playCount': 1, 'lastPlaySession': 0}, {'gameName': 'Stroop', 'playCount': 1, 'lastPlaySession': 0}, {'gameName': 'SpatialSpanReverse', 'playCount': 1, 'lastPlaySession': 0}, {'gameName': 'TaskSwitch2', 'playCount': 1, 'lastPlaySession': 0}]",1,17,256,1,"ANGLE (Intel, Intel(R) UHD Graphics (0x0000A788) Direct3D11 vs_5_0 ps_5_0, D3D11)",0,2,-4,WPI6_i17g45773868541,2025-04-27T17:11:31.000000Z,2025-04-27T17:23:45.000000Z
191,21,10,ACE Explorer,1.22.33,UNDEFINED,None,Windows 10,3,RIGHT,Chrome 132,"[{'score': 42430.0, 'gameName': 'BRT', 'highScore': 42430.0}, {'score': 9940.0, 'gameName': 'WTNumber', 'highScore': 9940.0}, {'score': 76050.0, 'gameName': 'Stroop', 'highScore': 76050.0}, {'score': 67040.0, 'gameName': 'TaskSwitch2', 'highScore': 67040.0}, {'score': 5680.0, 'gameName': 'SpatialSpanReverse', 'highScore': 5680.0}]",0,WPI6_1s74m5783106125,Eastern Standard Time,"[{'gameName': 'BRT', 'playCount': 1, 'lastPlaySession': 0}, {'gameName': 'WTNumber', 'playCount': 1, 'lastPlaySession': 0}, {'gameName': 'Stroop', 'playCount': 1, 'lastPlaySession': 0}, {'gameName': 'SpatialSpanReverse', 'playCount': 1, 'lastPlaySession': 0}, {'gameName': 'TaskSwitch2', 'playCount': 1, 'lastPlaySession': 0}]",1,17,256,1,"ANGLE (Intel, Intel(R) UHD Graphics (0x00009BC4) Direct3D11 vs_5_0 ps_5_0, D3D11)",0,2,-4,WPI6_1s74m5783106125,2025-04-27T19:45:35.000000Z,2025-04-27T20:01:12.000000Z
192,20,10,ACE Explorer,1.22.33,UNDEFINED,None,Windows 10,3,LEFT,Chrome 135,"[{'score': 19420.0, 'gameName': 'BRT', 'highScore': 19420.0}, {'score': 9940.0, 'gameName': 'WTNumber', 'highScore': 9940.0}, {'score': 51540.0, 'gameName': 'Stroop', 'highScore': 51540.0}, {'score': 69020.0, 'gameName': 'TaskSwitch2', 'highScore': 69020.0}, {'score': 8520.0, 'gameName': 'SpatialSpanReverse', 'highScore': 8520.0}]",0,WPI6_v174585h3005168,Eastern Standard Time,"[{'gameName': 'BRT', 'playCount': 1, 'lastPlaySession': 0}, {'gameName': 'WTNumber', 'playCount': 1, 'lastPlaySession': 0}, {'gameName': 'Stroop', 'playCount': 1, 'lastPlaySession': 0}, {'gameName': 'SpatialSpanReverse', 'playCount': 1, 'lastPlaySession': 0}, {'gameName': 'TaskSwitch2', 'playCount': 1, 'lastPlaySession': 0}]",1,17,256,1,"ANGLE (Intel, Intel(R) Iris(R) Xe Graphics (0x000046A6) Direct3D11 vs_5_0 ps_5_0, D3D11)",0,2,-4,WPI6_v174585h3005168,2025-04-28T15:11:12.000000Z,2025-04-28T15:26:38.000000Z
193,21,10,ACE Explorer,1.22.33,UNDEFINED,None,Windows 10,3,RIGHT,Chrome 135,"[{'score': 46090.0, 'gameName': 'BRT', 'highScore': 46090.0}, {'score': 9940.0, 'gameName': 'WTNumber', 'highScore': 9940.0}, {'score': 24160.0, 'gameName': 'Stroop', 'highScore': 24160.0}, {'score': 16060.0, 'gameName': 'TaskSwitch2', 'highScore': 16060.0}, {'score': 5680.0, 'gameName': 'SpatialSpanReverse', 'highScore': 5680.0}]",0,WPI6_r1745874r291842,Eastern Standard Time,"[{'gameName': 'BRT', 'playCount': 1, 'lastPlaySession': 0}, {'gameName': 'WTNumber', 'playCount': 1, 'lastPlaySession': 0}, {'gameName': 'Stroop', 'playCount': 1, 'lastPlaySession': 0}, {'gameName': 'SpatialSpanReverse', 'playCount': 1, 'lastPlaySession': 0}, {'gameName': 'TaskSwitch2', 'playCount': 1, 'lastPlaySession': 0}]",1,17,128,1,"ANGLE (Intel, Intel(R) Iris(R) Xe Graphics (0x00009A49) Direct3D11 vs_5_0 ps_5_0, D3D11)",0,2,-4,WPI6_r1745874r291842,2025-04-28T21:05:32.000000Z,2025-04-28T21:22:07.000000Z
194,20,10,ACE Explorer,1.22.33,UNDEFINED,None,Windows 10,3,LEFT,Chrome 135,"[{'score': 22730.0, 'gameName': 'BRT', 'highScore': 22730.0}, {'score': 9940.0, 'gameName': 'WTNumber', 'highScore': 9940.0}, {'score': 64600.0, 'gameName': 'Stroop', 'highScore': 64600.0}, {'score': 58700.0, 'gameName': 'TaskSwitch2', 'highScore': 58700.0}, {'score': 8520.0, 'gameName': 'SpatialSpanReverse', 'highScore': 8520.0}]",0,WPI6_174587y97937z96,Eastern Standard Time,"[{'gameName': 'BRT', 'playCount': 1, 'lastPlaySession': 0}, {'gameName': 'WTNumber', 'playCount': 1, 'lastPlaySession': 0}, {'gameName': 'Stroop', 'playCount': 1, 'lastPlaySession': 0}, {'gameName': 'SpatialSpanReverse', 'playCount': 1, 'lastPlaySession': 0}, {'gameName': 'TaskSwitch2', 'playCount': 1, 'lastPlaySession': 0}]",1,17,128,1,"ANGLE (Intel, Intel(R) Iris(R) Xe Graphics (0x000046A6) Direct3D11 vs_5_0 ps_5_0, D3D11)",0,2,-4,WPI6_174587y97937z96,2025-04-28T22:37:34.000000Z,2025-04-28T22:52:24.000000Z
195,20,10,ACE Explorer,1.22.33,UNDEFINED,None,Windows 10,3,RIGHT,Chrome 135,"[{'score': 24740.0, 'gameName': 'BRT', 'highScore': 24740.0}, {'score': 9940.0, 'gameName': 'WTNumber', 'highScore': 9940.0}, {'score': 50070.0, 'gameName': 'Stroop', 'highScore': 50070.0}, {'score': 35580.0, 'gameName': 'TaskSwitch2', 'highScore': 35580.0}, {'score': 8520.0, 'gameName': 'SpatialSpanReverse', 'highScore': 8520.0}]",0,WPI6_o174595i8080779,Eastern Standard Time,"[{'gameName': 'BRT', 'playCount': 1, 'lastPlaySession': 0}, {'gameName': 'WTNumber', 'playCount': 1, 'lastPlaySession': 0}, {'gameName': 'Stroop', 'playCount': 1, 'lastPlaySession': 0}, {'gameName': 'SpatialSpanReverse', 'playCount': 1, 'lastPlaySession': 0}, {'gameName': 'TaskSwitch2', 'playCount': 1, 'lastPlaySession': 0}]",1,17,128,1,"ANGLE (AMD, AMD Radeon(TM) Graphics (0x00001636) Direct3D11 vs_5_0 ps_5_0, D3D11)",0,2,-4,WPI6_o174595i8080779,2025-04-29T20:22:20.000000Z,2025-04-29T20:38:58.000000Z
196,18,10,ACE Explorer,1.22.33,UNDEFINED,None,Windows 10,3,RIGHT,Chrome 135,"[{'score': 43600.0, 'gameName': 'BRT', 'highScore': 43600.0}, {'score': 9940.0, 'gameName': 'WTNumber', 'highScore': 9940.0}, {'score': 58830.0, 'gameName': 'Stroop', 'highScore': 58830.0}, {'score': 24260.0, 'gameName': 'TaskSwitch2', 'highScore': 24260.0}, {'score': 4970.0, 'gameName': 'SpatialSpanReverse', 'highScore': 4970.0}]",0,WPI6_17z4x5977989754,Eastern Standard Time,"[{'gameName': 'BRT', 'playCount': 1, 'lastPlaySession': 0}, {'gameName': 'WTNumber', 'playCount': 1, 'lastPlaySession': 0}, {'gameName': 'Stroop', 'playCount': 1, 'lastPlaySession': 0}, {'gameName': 'SpatialSpanReverse', 'playCount': 1, 'lastPlaySession': 0}, {'gameName': 'TaskSwitch2', 'playCount': 1, 'lastPlaySession': 0}]",1,17,128,1,"ANGLE (Intel, Intel(R) Graphics (0x00007D45) Direct3D11 vs_5_0 ps_5_0, D3D11)",0,2,-4,WPI6_17z4x5977989754,2025-04-30T01:53:44.000000Z,2025-04-30T02:09:17.000000Z
197,19,10,ACE Explorer,1.22.33,UNDEFINED,None,Windows 10,3,RIGHT,Chrome 135,"[{'score': 33790.0, 'gameName': 'BRT', 'highScore': 33790.0}, {'score': 9940.0, 'gameName': 'WTNumber', 'highScore': 9940.0}, {'score': 46040.0, 'gameName': 'Stroop', 'highScore': 46040.0}, {'score': 26950.0, 'gameName': 'TaskSwitch2', 'highScore': 26950.0}, {'score': 5680.0, 'gameName': 'SpatialSpanReverse', 'highScore': 5680.0}]",0,WPI6_174h603234f8724,Eastern Standard Time,"[{'gameName': 'BRT', 'playCount': 1, 'lastPlaySession': 0}, {'gameName': 'WTNumber', 'playCount': 1, 'lastPlaySession': 0}, {'gameName': 'Stroop', 'playCount': 1, 'lastPlaySession': 0}, {'gameName': 'SpatialSpanReverse', 'playCount': 1, 'lastPlaySession': 0}, {'gameName': 'TaskSwitch2', 'playCount': 1, 'lastPlaySession': 0}]",1,17,128,1,"ANGLE (AMD, AMD Radeon (TM) Graphics (0x000015E7) Direct3D11 vs_5_0 ps_5_0, D3D11)",0,2,-4,WPI6_174h603234f8724,2025-04-30T17:00:08.000000Z,2025-04-30T17:13:58.000000Z
198,19,10,ACE Explorer,1.22.33,UNDEFINED,None,Windows 10,3,RIGHT,Chrome 135,"[{'score': 16710.0, 'gameName': 'BRT', 'highScore': 16710.0}, {'score': 9940.0, 'gameName': 'WTNumber', 'highScore': 9940.0}, {'score': 36660.0, 'gameName': 'Stroop', 'highScore': 36660.0}, {'score': 57770.0, 'gameName': 'TaskSwitch2', 'highScore': 57770.0}, {'score': 7810.0, 'gameName': 'SpatialSpanReverse', 'highScore': 7810.0}]",0,WPI6_j174x6042488777,Eastern Standard Time,"[{'gameName': 'BRT', 'playCount': 1, 'lastPlaySession': 0}, {'gameName': 'WTNumber', 'playCount': 1, 'lastPlaySession': 0}, {'gameName': 'Stroop', 'playCount': 1, 'lastPlaySession': 0}, {'gameName': 'SpatialSpanReverse', 'playCount': 1, 'lastPlaySession': 0}, {'gameName': 'TaskSwitch2', 'playCount': 1, 'lastPlaySession': 0}]",1,17,128,1,"ANGLE (Intel, Intel(R) UHD Graphics (0x0000A788) Direct3D11 vs_5_0 ps_5_0, D3D11)",0,2,-4,WPI6_j174x6042488777,2025-04-30T19:48:59.000000Z,2025-04-30T20:03:47.000000Z
199,18,10,ACE Explorer,1.22.33,UNDEFINED,None,Windows 10,3,RIGHT,Chrome 135,"[{'score': 27240.0, 'gameName': 'BRT', 'highScore': 27240.0}, {'score': 9940.0, 'gameName': 'WTNumber', 'highScore': 9940.0}, {'score': 41040.0, 'gameName': 'Stroop', 'highScore': 41040.0}, {'score': 21060.0, 'gameName': 'TaskSwitch2', 'highScore': 21060.0}, {'score': 4260.0, 'gameName': 'SpatialSpanReverse', 'highScore': 4260.0}]",0,WPI6_17460472ui18093,Eastern Standard Time,"[{'gameName': 'BRT', 'playCount': 1, 'lastPlaySession': 0}, {'gameName': 'WTNumber', 'playCount': 1, 'lastPlaySession': 0}, {'gameName': 'Stroop', 'playCount': 1, 'lastPlaySession': 0}, {'gameName': 'SpatialSpanReverse', 'playCount': 1, 'lastPlaySession': 0}, {'gameName': 'TaskSwitch2', 'playCount': 1, 'lastPlaySession': 0}]",1,17,128,1,"ANGLE (Intel, Intel(R) UHD Graphics (0x0000A7A8) Direct3D11 vs_5_0 ps_5_0, D3D11)",0,2,-4,WPI6_17460472ui18093,2025-04-30T21:07:33.000000Z,2025-04-30T21:22:44.000000Z
200,20,10,ACE Explorer,1.22.33,UNDEFINED,None,Mac OS X 10_15_7,3,RIGHT,Chrome 131,"[{'score': 33970.0, 'gameName': 'BRT', 'highScore': 33970.0}, {'score': 9940.0, 'gameName': 'WTNumber', 'highScore': 9940.0}, {'score': 57660.0, 'gameName': 'Stroop', 'highScore': 57660.0}, {'score': 37090.0, 'gameName': 'TaskSwitch2', 'highScore': 37090.0}, {'score': 6390.0, 'gameName': 'SpatialSpanReverse', 'highScore': 6390.0}]",0,WPI6_17460iz56592744,Eastern Standard Time,"[{'gameName': 'BRT', 'playCount': 1, 'lastPlaySession': 0}, {'gameName': 'WTNumber', 'playCount': 1, 'lastPlaySession': 0}, {'gameName': 'Stroop', 'playCount': 1, 'lastPlaySession': 0}, {'gameName': 'SpatialSpanReverse', 'playCount': 1, 'lastPlaySession': 0}, {'gameName': 'TaskSwitch2', 'playCount': 1, 'lastPlaySession': 0}]",1,17,256,1,"ANGLE (Apple, ANGLE Metal Renderer: Apple M1, Unspecified Version)",0,2,-4,WPI6_17460iz56592744,2025-04-30T23:44:11.000000Z,2025-05-01T00:00:26.000000Z
201,19,10,ACE Explorer,1.22.33,UNDEFINED,None,Windows 10,3,RIGHT,Chrome 135,"[{'score': 32770.0, 'gameName': 'BRT', 'highScore': 32770.0}, {'score': 9940.0, 'gameName': 'WTNumber', 'highScore': 9940.0}]",0,WPI6_1q74607011s2595,Eastern Standard Time,"[{'gameName': 'BRT', 'playCount': 1, 'lastPlaySession': 0}, {'gameName': 'WTNumber', 'playCount': 1, 'lastPlaySession': 0}, {'gameName': 'Stroop', 'playCount': 0, 'lastPlaySession': -1}, {'gameName': 'SpatialSpanReverse', 'playCount': 0, 'lastPlaySession': -1}, {'gameName': 'TaskSwitch2', 'playCount': 0, 'lastPlaySession': -1}]",1,17,128,0,"ANGLE (Intel, Intel(R) Iris(R) Xe Graphics (0x000046A8) Direct3D11 vs_5_0 ps_5_0, D3D11)",0,1,-4,WPI6_1q74607011s2595,2025-05-01T03:29:06.000000Z,2025-05-01T03:32:06.000000Z
202,21,10,ACE Explorer,1.22.33,UNDEFINED,None,Mac OS X 10_15_7,3,RIGHT,Safari 18.3,"[{'score': 19150.0, 'gameName': 'BRT', 'highScore': 19150.0}, {'score': 9940.0, 'gameName': 'WTNumber', 'highScore': 9940.0}, {'score': 54420.0, 'gameName': 'Stroop', 'highScore': 54420.0}, {'score': 19190.0, 'gameName': 'TaskSwitch2', 'highScore': 19190.0}, {'score': 7100.0, 'gameName': 'SpatialSpanReverse', 'highScore': 7100.0}]",0,WPI6_17q46y062910766,Eastern Standard Time,"[{'gameName': 'BRT', 'playCount': 1, 'lastPlaySession': 0}, {'gameName': 'WTNumber', 'playCount': 1, 'lastPlaySession': 0}, {'gameName': 'Stroop', 'playCount': 1, 'lastPlaySession': 0}, {'gameName': 'SpatialSpanReverse', 'playCount': 1, 'lastPlaySession': 0}, {'gameName': 'TaskSwitch2', 'playCount': 1, 'lastPlaySession': 0}]",1,17,128,1,Apple GPU,0,2,-4,WPI6_17q46y062910766,2025-05-01T01:31:35.000000Z,2025-05-01T01:46:49.000000Z
203,18,10,ACE Explorer,1.22.33,UNDEFINED,None,Windows 10,3,RIGHT,Chrome 135,"[{'score': 7610.0, 'gameName': 'BRT', 'highScore': 7610.0}, {'score': 9940.0, 'gameName': 'WTNumber', 'highScore': 9940.0}, {'score': 30790.0, 'gameName': 'Stroop', 'highScore': 30790.0}, {'score': 19550.0, 'gameName': 'TaskSwitch2', 'highScore': 19550.0}, {'score': 7810.0, 'gameName': 'SpatialSpanReverse', 'highScore': 7810.0}]",0,WPI6_1746372932l8p20,Eastern Standard Time,"[{'gameName': 'BRT', 'playCount': 1, 'lastPlaySession': 0}, {'gameName': 'WTNumber', 'playCount': 1, 'lastPlaySession': 0}, {'gameName': 'Stroop', 'playCount': 1, 'lastPlaySession': 0}, {'gameName': 'SpatialSpanReverse', 'playCount': 1, 'lastPlaySession': 0}, {'gameName': 'TaskSwitch2', 'playCount': 1, 'lastPlaySession': 0}]",1,17,128,1,"ANGLE (Intel, Intel(R) Iris(R) Xe Graphics (0x0000A7A1) Direct3D11 vs_5_0 ps_5_0, D3D11)",0,2,-4,WPI6_1746372932l8p20,2025-05-04T15:36:33.000000Z,2025-05-04T15:59:14.000000Z
204,21,10,ACE Explorer,1.22.33,UNDEFINED,None,Windows 10,3,RIGHT,Chrome 135,"[{'score': 32590.0, 'gameName': 'BRT', 'highScore': 32590.0}, {'score': 9940.0, 'gameName': 'WTNumber', 'highScore': 9940.0}, {'score': 44920.0, 'gameName': 'Stroop', 'highScore': 44920.0}, {'score': 45640.0, 'gameName': 'TaskSwitch2', 'highScore': 45640.0}, {'score': 7810.0, 'gameName': 'SpatialSpanReverse', 'highScore': 7810.0}]",0,WPI6_w17461b34984811,Eastern Standard Time,"[{'gameName': 'BRT', 'playCount': 1, 'lastPlaySession': 0}, {'gameName': 'WTNumber', 'playCount': 1, 'lastPlaySession': 0}, {'gameName': 'Stroop', 'playCount': 1, 'lastPlaySession': 0}, {'gameName': 'SpatialSpanReverse', 'playCount': 1, 'lastPlaySession': 0}, {'gameName': 'TaskSwitch2', 'playCount': 1, 'lastPlaySession': 0}]",1,17,128,1,"ANGLE (Intel, Intel(R) HD Graphics 630 (0x0000591B) Direct3D11 vs_5_0 ps_5_0, D3D11)",0,2,-4,WPI6_w17461b34984811,2025-05-01T21:30:15.000000Z,2025-05-01T21:46:23.000000Z
205,19,10,ACE Explorer,1.22.33,UNDEFINED,None,Mac OS X 10_15_7,3,RIGHT,Chrome 135,"[{'score': 28500.0, 'gameName': 'BRT', 'highScore': 28500.0}, {'score': 9940.0, 'gameName': 'WTNumber', 'highScore': 9940.0}, {'score': 53100.0, 'gameName': 'Stroop', 'highScore': 53100.0}, {'score': 38360.0, 'gameName': 'TaskSwitch2', 'highScore': 38360.0}, {'score': 7100.0, 'gameName': 'SpatialSpanReverse', 'highScore': 7100.0}]",0,WPI6_1w7462g13741808,Eastern Standard Time,"[{'gameName': 'BRT', 'playCount': 1, 'lastPlaySession': 0}, {'gameName': 'WTNumber', 'playCount': 1, 'lastPlaySession': 0}, {'gameName': 'Stroop', 'playCount': 1, 'lastPlaySession': 0}, {'gameName': 'SpatialSpanReverse', 'playCount': 1, 'lastPlaySession': 0}, {'gameName': 'TaskSwitch2', 'playCount': 1, 'lastPlaySession': 0}]",1,17,256,1,"ANGLE (Apple, ANGLE Metal Renderer: Apple M3, Unspecified Version)",0,2,-4,WPI6_1w7462g13741808,2025-05-02T19:23:06.000000Z,2025-05-02T19:37:24.000000Z
206,19,10,ACE Explorer,1.22.33,UNDEFINED,None,Windows 10,3,RIGHT,Chrome 135,"[{'score': 25960.0, 'gameName': 'BRT', 'highScore': 25960.0}, {'score': 9940.0, 'gameName': 'WTNumber', 'highScore': 9940.0}, {'score': 31940.0, 'gameName': 'Stroop', 'highScore': 31940.0}, {'score': 25440.0, 'gameName': 'TaskSwitch2', 'highScore': 25440.0}, {'score': 6390.0, 'gameName': 'SpatialSpanReverse', 'highScore': 6390.0}]",0,WPI6_a174r6234632268,Eastern Standard Time,"[{'gameName': 'BRT', 'playCount': 1, 'lastPlaySession': 0}, {'gameName': 'WTNumber', 'playCount': 1, 'lastPlaySession': 0}, {'gameName': 'Stroop', 'playCount': 1, 'lastPlaySession': 0}, {'gameName': 'SpatialSpanReverse', 'playCount': 1, 'lastPlaySession': 0}, {'gameName': 'TaskSwitch2', 'playCount': 1, 'lastPlaySession': 0}]",1,17,256,1,"ANGLE (Intel, Intel(R) Iris(R) Xe Graphics (0x000046A8) Direct3D11 vs_5_0 ps_5_0, D3D11)",0,2,-4,WPI6_a174r6234632268,2025-05-03T01:11:41.000000Z,2025-05-03T01:26:03.000000Z
207,20,10,ACE Explorer,1.22.33,UNDEFINED,None,Windows 10,3,RIGHT,Chrome 135,"[{'score': 29860.0, 'gameName': 'BRT', 'highScore': 29860.0}, {'score': 9940.0, 'gameName': 'WTNumber', 'highScore': 9940.0}, {'score': 62230.0, 'gameName': 'Stroop', 'highScore': 62230.0}, {'score': 32670.0, 'gameName': 'TaskSwitch2', 'highScore': 32670.0}, {'score': 6390.0, 'gameName': 'SpatialSpanReverse', 'highScore': 6390.0}]",0,WPI6_1746o30516n7434,Eastern Standard Time,"[{'gameName': 'BRT', 'playCount': 1, 'lastPlaySession': 0}, {'gameName': 'WTNumber', 'playCount': 1, 'lastPlaySession': 0}, {'gameName': 'Stroop', 'playCount': 1, 'lastPlaySession': 0}, {'gameName': 'SpatialSpanReverse', 'playCount': 1, 'lastPlaySession': 0}, {'gameName': 'TaskSwitch2', 'playCount': 1, 'lastPlaySession': 0}]",1,17,128,1,"ANGLE (AMD, AMD Radeon(TM) Graphics (0x00001636) Direct3D11 vs_5_0 ps_5_0, D3D11)",0,2,-4,WPI6_1746o30516n7434,2025-05-03T20:46:41.000000Z,2025-05-03T20:59:50.000000Z
208,19,10,ACE Explorer,1.22.33,UNDEFINED,None,Windows 10,3,RIGHT,Chrome 124,"[{'score': 40210.0, 'gameName': 'BRT', 'highScore': 40210.0}, {'score': 9940.0, 'gameName': 'WTNumber', 'highScore': 9940.0}, {'score': 73000.0, 'gameName': 'Stroop', 'highScore': 73000.0}]",0,WPI6_17463137t5750q7,Eastern Standard Time,"[{'gameName': 'BRT', 'playCount': 1, 'lastPlaySession': 0}, {'gameName': 'WTNumber', 'playCount': 1, 'lastPlaySession': 0}, {'gameName': 'Stroop', 'playCount': 1, 'lastPlaySession': 0}, {'gameName': 'SpatialSpanReverse', 'playCount': 0, 'lastPlaySession': -1}, {'gameName': 'TaskSwitch2', 'playCount': 0, 'lastPlaySession': -1}]",1,17,128,0,"ANGLE (Intel, Intel(R) Iris(R) Xe Graphics (0x0000A7A0) Direct3D11 vs_5_0 ps_5_0, D3D11)",0,1,-4,WPI6_17463137t5750q7,2025-05-03T23:10:04.000000Z,2025-05-03T23:15:33.000000Z
209,19,10,ACE Explorer,1.22.33,UNDEFINED,None,Mac OS X 10_15_7,3,RIGHT,Chrome 135,"[{'score': 31450.0, 'gameName': 'BRT', 'highScore': 31450.0}, {'score': 9940.0, 'gameName': 'WTNumber', 'highScore': 9940.0}, {'score': 31350.0, 'gameName': 'Stroop', 'highScore': 31350.0}, {'score': 33370.0, 'gameName': 'TaskSwitch2', 'highScore': 33370.0}, {'score': 7100.0, 'gameName': 'SpatialSpanReverse', 'highScore': 7100.0}]",0,WPI6_17y46298255z571,Eastern Standard Time,"[{'gameName': 'BRT', 'playCount': 1, 'lastPlaySession': 0}, {'gameName': 'WTNumber', 'playCount': 1, 'lastPlaySession': 0}, {'gameName': 'Stroop', 'playCount': 1, 'lastPlaySession': 0}, {'gameName': 'SpatialSpanReverse', 'playCount': 1, 'lastPlaySession': 0}, {'gameName': 'TaskSwitch2', 'playCount': 1, 'lastPlaySession': 0}]",1,17,256,1,"ANGLE (Apple, ANGLE Metal Renderer: Apple M3 Pro, Unspecified Version)",0,2,-4,WPI6_17y46298255z571,2025-05-03T18:51:29.000000Z,2025-05-03T19:06:37.000000Z
210,21,10,ACE Explorer,1.22.33,UNDEFINED,None,Windows 10,3,RIGHT,Chrome 136,"[{'score': 34140.0, 'gameName': 'BRT', 'highScore': 34140.0}, {'score': 9940.0, 'gameName': 'WTNumber', 'highScore': 9940.0}, {'score': 70620.0, 'gameName': 'Stroop', 'highScore': 70620.0}, {'score': 50180.0, 'gameName': 'TaskSwitch2', 'highScore': 50180.0}, {'score': 7100.0, 'gameName': 'SpatialSpanReverse', 'highScore': 7100.0}]",0,WPI6_17m4630v4861669,Eastern Standard Time,"[{'gameName': 'BRT', 'playCount': 1, 'lastPlaySession': 0}, {'gameName': 'WTNumber', 'playCount': 1, 'lastPlaySession': 0}, {'gameName': 'Stroop', 'playCount': 1, 'lastPlaySession': 0}, {'gameName': 'SpatialSpanReverse', 'playCount': 1, 'lastPlaySession': 0}, {'gameName': 'TaskSwitch2', 'playCount': 1, 'lastPlaySession': 0}]",1,17,128,1,"ANGLE (Intel, Intel(R) UHD Graphics (0x00004688) Direct3D11 vs_5_0 ps_5_0, D3D11)",0,2,-4,WPI6_17m4630v4861669,2025-05-03T20:42:17.000000Z,2025-05-03T20:56:26.000000Z
211,18,10,ACE Explorer,1.22.33,UNDEFINED,None,Mac OS X 10_15_7,3,RIGHT,Safari 16.4,"[{'score': 42780.0, 'gameName': 'BRT', 'highScore': 42780.0}, {'score': 9940.0, 'gameName': 'WTNumber', 'highScore': 9940.0}, {'score': 22730.0, 'gameName': 'Stroop', 'highScore': 22730.0}, {'score': 18060.0, 'gameName': 'TaskSwitch2', 'highScore': 18060.0}, {'score': 6390.0, 'gameName': 'SpatialSpanReverse', 'highScore': 6390.0}]",0,WPI6_174rx6388216152,Eastern Standard Time,"[{'gameName': 'BRT', 'playCount': 1, 'lastPlaySession': 0}, {'gameName': 'WTNumber', 'playCount': 1, 'lastPlaySession': 0}, {'gameName': 'Stroop', 'playCount': 1, 'lastPlaySession': 0}, {'gameName': 'SpatialSpanReverse', 'playCount': 1, 'lastPlaySession': 0}, {'gameName': 'TaskSwitch2', 'playCount': 1, 'lastPlaySession': 0}]",1,17,256,1,Apple GPU,0,2,-4,WPI6_174rx6388216152,2025-05-04T19:50:50.000000Z,2025-05-04T20:08:40.000000Z
212,20,10,ACE Explorer,1.22.33,UNDEFINED,None,Mac OS X 10_15_7,3,LEFT,Safari 17.5,"[{'score': 24110.0, 'gameName': 'BRT', 'highScore': 24110.0}, {'score': 9940.0, 'gameName': 'WTNumber', 'highScore': 9940.0}, {'score': 38810.0, 'gameName': 'Stroop', 'highScore': 38810.0}, {'score': 24920.0, 'gameName': 'TaskSwitch2', 'highScore': 24920.0}, {'score': 5680.0, 'gameName': 'SpatialSpanReverse', 'highScore': 5680.0}]",0,WPI6_p174y6391119900,Eastern Standard Time,"[{'gameName': 'BRT', 'playCount': 1, 'lastPlaySession': 0}, {'gameName': 'WTNumber', 'playCount': 1, 'lastPlaySession': 0}, {'gameName': 'Stroop', 'playCount': 1, 'lastPlaySession': 0}, {'gameName': 'SpatialSpanReverse', 'playCount': 1, 'lastPlaySession': 0}, {'gameName': 'TaskSwitch2', 'playCount': 1, 'lastPlaySession': 0}]",1,17,128,1,Apple GPU,0,2,-4,WPI6_p174y6391119900,2025-05-04T20:39:05.000000Z,2025-05-04T20:52:53.000000Z
213,17,10,ACE Explorer,1.22.33,UNDEFINED,None,Windows 10,3,RIGHT,Chrome 135,"[{'score': 23600.0, 'gameName': 'BRT', 'highScore': 23600.0}, {'score': 9940.0, 'gameName': 'WTNumber', 'highScore': 9940.0}, {'score': 51970.0, 'gameName': 'Stroop', 'highScore': 51970.0}, {'score': 48370.0, 'gameName': 'TaskSwitch2', 'highScore': 48370.0}, {'score': 7100.0, 'gameName': 'SpatialSpanReverse', 'highScore': 7100.0}]",0,WPI6_174l640257f2344,Eastern Standard Time,"[{'gameName': 'BRT', 'playCount': 1, 'lastPlaySession': 0}, {'gameName': 'WTNumber', 'playCount': 1, 'lastPlaySession': 0}, {'gameName': 'Stroop', 'playCount': 1, 'lastPlaySession': 0}, {'gameName': 'SpatialSpanReverse', 'playCount': 1, 'lastPlaySession': 0}, {'gameName': 'TaskSwitch2', 'playCount': 1, 'lastPlaySession': 0}]",1,17,128,1,"ANGLE (Intel, Intel(R) Iris(R) Xe Graphics (0x00009A49) Direct3D11 vs_5_0 ps_5_0, D3D11)",0,2,-4,WPI6_174l640257f2344,2025-05-04T23:50:04.000000Z,2025-05-05T00:04:28.000000Z
214,19,10,ACE Explorer,1.22.33,UNDEFINED,None,Windows 10,3,RIGHT,Chrome 136,"[{'score': 48210.0, 'gameName': 'BRT', 'highScore': 48210.0}, {'score': 9940.0, 'gameName': 'WTNumber', 'highScore': 9940.0}, {'score': 34960.0, 'gameName': 'Stroop', 'highScore': 34960.0}, {'score': 37290.0, 'gameName': 'TaskSwitch2', 'highScore': 37290.0}, {'score': 7100.0, 'gameName': 'SpatialSpanReverse', 'highScore': 7100.0}]",0,WPI6_1w7f46406191343,Eastern Standard Time,"[{'gameName': 'BRT', 'playCount': 1, 'lastPlaySession': 0}, {'gameName': 'WTNumber', 'playCount': 1, 'lastPlaySession': 0}, {'gameName': 'Stroop', 'playCount': 1, 'lastPlaySession': 0}, {'gameName': 'SpatialSpanReverse', 'playCount': 1, 'lastPlaySession': 0}, {'gameName': 'TaskSwitch2', 'playCount': 1, 'lastPlaySession': 0}]",1,17,128,1,"ANGLE (AMD, AMD Radeon(TM) Graphics (0x00001681) Direct3D11 vs_5_0 ps_5_0, D3D11)",0,2,-4,WPI6_1w7f46406191343,2025-05-05T00:50:24.000000Z,2025-05-05T01:05:43.000000Z
215,19,10,ACE Explorer,1.22.33,UNDEFINED,None,Windows 10,3,RIGHT,Chrome 135,"[{'score': 32120.0, 'gameName': 'BRT', 'highScore': 32120.0}, {'score': 9940.0, 'gameName': 'WTNumber', 'highScore': 9940.0}, {'score': 36400.0, 'gameName': 'Stroop', 'highScore': 36400.0}, {'score': 48930.0, 'gameName': 'TaskSwitch2', 'highScore': 48930.0}, {'score': 9230.0, 'gameName': 'SpatialSpanReverse', 'highScore': 9230.0}]",0,WPI6_1o74642159c6210,Eastern Standard Time,"[{'gameName': 'BRT', 'playCount': 1, 'lastPlaySession': 0}, {'gameName': 'WTNumber', 'playCount': 1, 'lastPlaySession': 0}, {'gameName': 'Stroop', 'playCount': 1, 'lastPlaySession': 0}, {'gameName': 'SpatialSpanReverse', 'playCount': 1, 'lastPlaySession': 0}, {'gameName': 'TaskSwitch2', 'playCount': 1, 'lastPlaySession': 0}]",1,17,128,1,"ANGLE (AMD, AMD Radeon RX 6600 XT (0x000073FF) Direct3D11 vs_5_0 ps_5_0, D3D11)",0,2,-4,WPI6_1o74642159c6210,2025-05-05T05:07:12.000000Z,2025-05-05T05:21:10.000000Z
216,19,10,ACE Explorer,1.22.33,UNDEFINED,None,Windows 10,3,RIGHT,Firefox 138,"[{'score': 25390.0, 'gameName': 'BRT', 'highScore': 25390.0}, {'score': 9940.0, 'gameName': 'WTNumber', 'highScore': 9940.0}, {'score': 45440.0, 'gameName': 'Stroop', 'highScore': 45440.0}, {'score': 32190.0, 'gameName': 'TaskSwitch2', 'highScore': 32190.0}, {'score': 7100.0, 'gameName': 'SpatialSpanReverse', 'highScore': 7100.0}]",0,WPI6_u1746415473f347,Eastern Standard Time,"[{'gameName': 'BRT', 'playCount': 1, 'lastPlaySession': 0}, {'gameName': 'WTNumber', 'playCount': 1, 'lastPlaySession': 0}, {'gameName': 'Stroop', 'playCount': 1, 'lastPlaySession': 0}, {'gameName': 'SpatialSpanReverse', 'playCount': 1, 'lastPlaySession': 0}, {'gameName': 'TaskSwitch2', 'playCount': 1, 'lastPlaySession': 0}]",1,17,128,1,"ANGLE (NVIDIA, NVIDIA GeForce GTX 980 Direct3D11 vs_5_0 ps_5_0), or similar",0,2,-4,WPI6_u1746415473f347,2025-05-05T03:27:03.000000Z,2025-05-05T03:41:07.000000Z
217,19,10,ACE Explorer,1.22.33,UNDEFINED,None,Windows 10,3,RIGHT,Chrome 135,"[{'score': 21020.0, 'gameName': 'BRT', 'highScore': 21020.0}, {'score': 9940.0, 'gameName': 'WTNumber', 'highScore': 9940.0}, {'score': 10820.0, 'gameName': 'Stroop', 'highScore': 10820.0}, {'score': 14970.0, 'gameName': 'TaskSwitch2', 'highScore': 14970.0}, {'score': 4260.0, 'gameName': 'SpatialSpanReverse', 'highScore': 4260.0}]",0,WPI6_17aa46449773482,Eastern Standard Time,"[{'gameName': 'BRT', 'playCount': 1, 'lastPlaySession': 0}, {'gameName': 'WTNumber', 'playCount': 1, 'lastPlaySession': 0}, {'gameName': 'Stroop', 'playCount': 1, 'lastPlaySession': 0}, {'gameName': 'SpatialSpanReverse', 'playCount': 1, 'lastPlaySession': 0}, {'gameName': 'TaskSwitch2', 'playCount': 1, 'lastPlaySession': 0}]",1,17,128,1,"ANGLE (Intel, Intel(R) Graphics (0x0000A7AC) Direct3D11 vs_5_0 ps_5_0, D3D11)",0,2,-4,WPI6_17aa46449773482,2025-05-05T12:56:46.000000Z,2025-05-05T13:12:06.000000Z
218,19,10,ACE Explorer,1.22.33,UNDEFINED,None,Windows 10,3,RIGHT,Chrome 135,"[{'score': 35140.0, 'gameName': 'BRT', 'highScore': 35140.0}, {'score': 9940.0, 'gameName': 'WTNumber', 'highScore': 9940.0}, {'score': 95890.0, 'gameName': 'Stroop', 'highScore': 95890.0}, {'score': 30180.0, 'gameName': 'TaskSwitch2', 'highScore': 30180.0}, {'score': 8520.0, 'gameName': 'SpatialSpanReverse', 'highScore': 8520.0}]",0,WPI6_174o64579885r14,Eastern Standard Time,"[{'gameName': 'BRT', 'playCount': 1, 'lastPlaySession': 0}, {'gameName': 'WTNumber', 'playCount': 1, 'lastPlaySession': 0}, {'gameName': 'Stroop', 'playCount': 1, 'lastPlaySession': 0}, {'gameName': 'SpatialSpanReverse', 'playCount': 1, 'lastPlaySession': 0}, {'gameName': 'TaskSwitch2', 'playCount': 1, 'lastPlaySession': 0}]",1,17,128,1,"ANGLE (Intel, Intel(R) Iris(R) Xe Graphics (0x00009A49) Direct3D11 vs_5_0 ps_5_0, D3D11)",0,2,-4,WPI6_174o64579885r14,2025-05-05T15:14:09.000000Z,2025-05-05T15:31:34.000000Z
219,19,10,ACE Explorer,1.22.33,UNDEFINED,None,Windows 10,3,RIGHT,Chrome 136,"[{'score': 73340.0, 'gameName': 'BRT', 'highScore': 73340.0}, {'score': 9940.0, 'gameName': 'WTNumber', 'highScore': 9940.0}, {'score': 39310.0, 'gameName': 'Stroop', 'highScore': 39310.0}, {'score': 30710.0, 'gameName': 'TaskSwitch2', 'highScore': 30710.0}, {'score': 7100.0, 'gameName': 'SpatialSpanReverse', 'highScore': 7100.0}]",0,WPI6_17l4n6474847019,Eastern Standard Time,"[{'gameName': 'BRT', 'playCount': 1, 'lastPlaySession': 0}, {'gameName': 'WTNumber', 'playCount': 1, 'lastPlaySession': 0}, {'gameName': 'Stroop', 'playCount': 1, 'lastPlaySession': 0}, {'gameName': 'SpatialSpanReverse', 'playCount': 1, 'lastPlaySession': 0}, {'gameName': 'TaskSwitch2', 'playCount': 1, 'lastPlaySession': 0}]",1,17,128,1,"ANGLE (NVIDIA, NVIDIA GeForce RTX 4070 (0x00002786) Direct3D11 vs_5_0 ps_5_0, D3D11)",0,2,-4,WPI6_17l4n6474847019,2025-05-05T19:55:01.000000Z,2025-05-05T20:08:03.000000Z
220,19,10,ACE Explorer,1.22.33,UNDEFINED,None,Windows 10,3,RIGHT,Chrome 136,"[{'score': 31120.0, 'gameName': 'BRT', 'highScore': 31120.0}, {'score': 9940.0, 'gameName': 'WTNumber', 'highScore': 9940.0}, {'score': 33510.0, 'gameName': 'Stroop', 'highScore': 33510.0}, {'score': 24610.0, 'gameName': 'TaskSwitch2', 'highScore': 24610.0}, {'score': 5680.0, 'gameName': 'SpatialSpanReverse', 'highScore': 5680.0}]",0,WPI6_1746o4768671l12,Eastern Standard Time,"[{'gameName': 'BRT', 'playCount': 1, 'lastPlaySession': 0}, {'gameName': 'WTNumber', 'playCount': 1, 'lastPlaySession': 0}, {'gameName': 'Stroop', 'playCount': 1, 'lastPlaySession': 0}, {'gameName': 'SpatialSpanReverse', 'playCount': 1, 'lastPlaySession': 0}, {'gameName': 'TaskSwitch2', 'playCount': 1, 'lastPlaySession': 0}]",1,17,128,1,"ANGLE (NVIDIA, NVIDIA GeForce RTX 4070 (0x00002786) Direct3D11 vs_5_0 ps_5_0, D3D11)",0,2,-4,WPI6_1746o4768671l12,2025-05-05T20:28:07.000000Z,2025-05-05T20:40:48.000000Z
221,22,10,ACE Explorer,1.22.33,UNDEFINED,None,Windows 10,3,RIGHT,Chrome 135,"[{'score': 30240.0, 'gameName': 'BRT', 'highScore': 30240.0}, {'score': 9940.0, 'gameName': 'WTNumber', 'highScore': 9940.0}, {'score': 63420.0, 'gameName': 'Stroop', 'highScore': 63420.0}, {'score': 37860.0, 'gameName': 'TaskSwitch2', 'highScore': 37860.0}, {'score': 3550.0, 'gameName': 'SpatialSpanReverse', 'highScore': 3550.0}]",0,WPI6_17u4e6477394553,Eastern Standard Time,"[{'gameName': 'BRT', 'playCount': 1, 'lastPlaySession': 0}, {'gameName': 'WTNumber', 'playCount': 1, 'lastPlaySession': 0}, {'gameName': 'Stroop', 'playCount': 1, 'lastPlaySession': 0}, {'gameName': 'SpatialSpanReverse', 'playCount': 1, 'lastPlaySession': 0}, {'gameName': 'TaskSwitch2', 'playCount': 1, 'lastPlaySession': 0}]",1,17,128,1,"ANGLE (Intel, Intel(R) UHD Graphics (0x00008A56) Direct3D11 vs_5_0 ps_5_0, D3D11)",0,2,-4,WPI6_17u4e6477394553,2025-05-05T20:37:11.000000Z,2025-05-05T20:50:52.000000Z
222,22,10,ACE Explorer,1.22.33,UNDEFINED,None,Windows 10,3,RIGHT,Chrome 135,"[{'score': 30630.0, 'gameName': 'BRT', 'highScore': 30630.0}, {'score': 9940.0, 'gameName': 'WTNumber', 'highScore': 9940.0}, {'score': 38090.0, 'gameName': 'Stroop', 'highScore': 38090.0}, {'score': 29220.0, 'gameName': 'TaskSwitch2', 'highScore': 29220.0}, {'score': 4260.0, 'gameName': 'SpatialSpanReverse', 'highScore': 4260.0}]",0,WPI6_1746ua479590394,Eastern Standard Time,"[{'gameName': 'BRT', 'playCount': 1, 'lastPlaySession': 0}, {'gameName': 'WTNumber', 'playCount': 1, 'lastPlaySession': 0}, {'gameName': 'Stroop', 'playCount': 1, 'lastPlaySession': 0}, {'gameName': 'SpatialSpanReverse', 'playCount': 1, 'lastPlaySession': 0}, {'gameName': 'TaskSwitch2', 'playCount': 1, 'lastPlaySession': 0}]",1,17,128,1,"ANGLE (Intel, Intel(R) Iris(R) Xe Graphics (0x00009A49) Direct3D11 vs_5_0 ps_5_0, D3D11)",0,2,-4,WPI6_1746ua479590394,2025-05-05T21:13:42.000000Z,2025-05-05T21:27:13.000000Z
223,18,10,ACE Explorer,1.22.33,UNDEFINED,None,Windows 10,3,RIGHT,Chrome 135,"[{'score': 36390.0, 'gameName': 'BRT', 'highScore': 36390.0}, {'score': 9940.0, 'gameName': 'WTNumber', 'highScore': 9940.0}, {'score': 46210.0, 'gameName': 'Stroop', 'highScore': 46210.0}, {'score': 75110.0, 'gameName': 'TaskSwitch2', 'highScore': 75110.0}, {'score': 7810.0, 'gameName': 'SpatialSpanReverse', 'highScore': 7810.0}]",0,WPI6_1746480st390846,Eastern Standard Time,"[{'gameName': 'BRT', 'playCount': 1, 'lastPlaySession': 0}, {'gameName': 'WTNumber', 'playCount': 1, 'lastPlaySession': 0}, {'gameName': 'Stroop', 'playCount': 1, 'lastPlaySession': 0}, {'gameName': 'SpatialSpanReverse', 'playCount': 1, 'lastPlaySession': 0}, {'gameName': 'TaskSwitch2', 'playCount': 1, 'lastPlaySession': 0}]",1,17,256,1,"ANGLE (AMD, AMD Radeon 780M Graphics (0x00001900) Direct3D11 vs_5_0 ps_5_0, D3D11)",0,2,-4,WPI6_1746480st390846,2025-05-05T21:27:28.000000Z,2025-05-05T21:44:15.000000Z
224,20,10,ACE Explorer,1.22.33,UNDEFINED,None,Mac OS X 10_15_7,3,RIGHT,Safari 18.3,"[{'score': 22730.0, 'gameName': 'BRT', 'highScore': 22730.0}, {'score': 9940.0, 'gameName': 'WTNumber', 'highScore': 9940.0}, {'score': 38900.0, 'gameName': 'Stroop', 'highScore': 48810.0}, {'score': 46740.0, 'gameName': 'TaskSwitch2', 'highScore': 47580.0}, {'score': 7810.0, 'gameName': 'SpatialSpanReverse', 'highScore': 7810.0}]",0,WPI6_174k6489827s320,Eastern Standard Time,"[{'gameName': 'BRT', 'playCount': 2, 'lastPlaySession': 1}, {'gameName': 'WTNumber', 'playCount': 2, 'lastPlaySession': 1}, {'gameName': 'Stroop', 'playCount': 2, 'lastPlaySession': 1}, {'gameName': 'SpatialSpanReverse', 'playCount': 2, 'lastPlaySession': 1}, {'gameName': 'TaskSwitch2', 'playCount': 2, 'lastPlaySession': 1}]",1,17,256,2,Apple GPU,0,2,-4,WPI6_174k6489827s320,2025-05-06T00:04:26.000000Z,2025-05-06T01:15:16.000000Z
225,22,10,ACE Explorer,1.22.33,UNDEFINED,None,Mac OS X 10_15_7,3,RIGHT,Chrome 136,"[{'score': 39560.0, 'gameName': 'BRT', 'highScore': 39560.0}, {'score': 9940.0, 'gameName': 'WTNumber', 'highScore': 9940.0}, {'score': 39450.0, 'gameName': 'Stroop', 'highScore': 39450.0}, {'score': 28690.0, 'gameName': 'TaskSwitch2', 'highScore': 28690.0}, {'score': 5680.0, 'gameName': 'SpatialSpanReverse', 'highScore': 5680.0}]",0,WPI6_174q648202320p8,Eastern Standard Time,"[{'gameName': 'BRT', 'playCount': 1, 'lastPlaySession': 0}, {'gameName': 'WTNumber', 'playCount': 1, 'lastPlaySession': 0}, {'gameName': 'Stroop', 'playCount': 1, 'lastPlaySession': 0}, {'gameName': 'SpatialSpanReverse', 'playCount': 1, 'lastPlaySession': 0}, {'gameName': 'TaskSwitch2', 'playCount': 1, 'lastPlaySession': 0}]",1,17,128,1,"ANGLE (Intel, ANGLE Metal Renderer: Intel(R) Iris(TM) Plus Graphics 645, Unspecified Version)",0,2,-4,WPI6_174q648202320p8,2025-05-05T21:54:17.000000Z,2025-05-05T22:09:53.000000Z
226,19,10,ACE Explorer,1.22.33,UNDEFINED,None,Windows 10,3,RIGHT,Chrome 135,"[{'score': 22240.0, 'gameName': 'BRT', 'highScore': 22240.0}, {'score': 9940.0, 'gameName': 'WTNumber', 'highScore': 9940.0}, {'score': 40350.0, 'gameName': 'Stroop', 'highScore': 40350.0}, {'score': 30410.0, 'gameName': 'TaskSwitch2', 'highScore': 30410.0}, {'score': 6390.0, 'gameName': 'SpatialSpanReverse', 'highScore': 6390.0}]",0,WPI6_174648243is1845,Eastern Standard Time,"[{'gameName': 'BRT', 'playCount': 1, 'lastPlaySession': 0}, {'gameName': 'WTNumber', 'playCount': 1, 'lastPlaySession': 0}, {'gameName': 'Stroop', 'playCount': 1, 'lastPlaySession': 0}, {'gameName': 'SpatialSpanReverse', 'playCount': 1, 'lastPlaySession': 0}, {'gameName': 'TaskSwitch2', 'playCount': 1, 'lastPlaySession': 0}]",1,17,128,1,"ANGLE (Intel, Intel(R) Iris(R) Xe Graphics (0x000046A8) Direct3D11 vs_5_0 ps_5_0, D3D11)",0,2,-4,WPI6_174648243is1845,2025-05-05T22:02:11.000000Z,2025-05-05T22:15:23.000000Z
227,21,10,ACE Explorer,1.22.33,UNDEFINED,None,Windows 10,3,RIGHT,Firefox 138,"[{'score': 26960.0, 'gameName': 'BRT', 'highScore': 26960.0}, {'score': 9940.0, 'gameName': 'WTNumber', 'highScore': 9940.0}, {'score': 46680.0, 'gameName': 'Stroop', 'highScore': 46680.0}, {'score': 41370.0, 'gameName': 'TaskSwitch2', 'highScore': 41370.0}, {'score': 9230.0, 'gameName': 'SpatialSpanReverse', 'highScore': 9230.0}]",0,WPI6_174649405r19a06,Eastern Standard Time,"[{'gameName': 'BRT', 'playCount': 1, 'lastPlaySession': 0}, {'gameName': 'WTNumber', 'playCount': 1, 'lastPlaySession': 0}, {'gameName': 'Stroop', 'playCount': 1, 'lastPlaySession': 0}, {'gameName': 'SpatialSpanReverse', 'playCount': 1, 'lastPlaySession': 0}, {'gameName': 'TaskSwitch2', 'playCount': 1, 'lastPlaySession': 0}]",1,17,256,1,"ANGLE (Intel, Intel(R) HD Graphics Direct3D11 vs_5_0 ps_5_0), or similar",0,2,-4,WPI6_174649405r19a06,2025-05-06T01:14:45.000000Z,2025-05-06T01:31:21.000000Z
228,18,10,ACE Explorer,1.22.33,UNDEFINED,None,Windows 10,3,RIGHT,Chrome 135,"[{'score': 29280.0, 'gameName': 'BRT', 'highScore': 29280.0}, {'score': 9940.0, 'gameName': 'WTNumber', 'highScore': 9940.0}, {'score': 36700.0, 'gameName': 'Stroop', 'highScore': 36700.0}, {'score': 23450.0, 'gameName': 'TaskSwitch2', 'highScore': 23450.0}, {'score': 7100.0, 'gameName': 'SpatialSpanReverse', 'highScore': 7100.0}]",0,WPI6_1746f54025l1442,Eastern Standard Time,"[{'gameName': 'BRT', 'playCount': 1, 'lastPlaySession': 0}, {'gameName': 'WTNumber', 'playCount': 1, 'lastPlaySession': 0}, {'gameName': 'Stroop', 'playCount': 1, 'lastPlaySession': 0}, {'gameName': 'SpatialSpanReverse', 'playCount': 1, 'lastPlaySession': 0}, {'gameName': 'TaskSwitch2', 'playCount': 1, 'lastPlaySession': 0}]",1,17,128,1,"ANGLE (Intel, Intel(R) Iris(R) Xe Graphics (0x0000A7A1) Direct3D11 vs_5_0 ps_5_0, D3D11)",0,2,-4,WPI6_1746f54025l1442,2025-05-06T14:05:17.000000Z,2025-05-06T14:19:54.000000Z
229,21,10,ACE Explorer,1.22.33,UNDEFINED,None,Windows 10,3,RIGHT,Chrome 135,"[{'score': 31680.0, 'gameName': 'BRT', 'highScore': 31680.0}, {'score': 9940.0, 'gameName': 'WTNumber', 'highScore': 9940.0}, {'score': 50620.0, 'gameName': 'Stroop', 'highScore': 50620.0}, {'score': 80490.0, 'gameName': 'TaskSwitch2', 'highScore': 80490.0}, {'score': 6390.0, 'gameName': 'SpatialSpanReverse', 'highScore': 6390.0}]",0,WPI6_17465z46406r196,Eastern Standard Time,"[{'gameName': 'BRT', 'playCount': 1, 'lastPlaySession': 0}, {'gameName': 'WTNumber', 'playCount': 1, 'lastPlaySession': 0}, {'gameName': 'Stroop', 'playCount': 1, 'lastPlaySession': 0}, {'gameName': 'SpatialSpanReverse', 'playCount': 1, 'lastPlaySession': 0}, {'gameName': 'TaskSwitch2', 'playCount': 1, 'lastPlaySession': 0}]",1,17,128,1,"ANGLE (Intel, Intel(R) Iris(R) Xe Graphics (0x0000A7A0) Direct3D11 vs_5_0 ps_5_0, D3D11)",0,2,-4,WPI6_17465z46406r196,2025-05-06T15:48:45.000000Z,2025-05-06T16:05:16.000000Z
230,19,10,ACE Explorer,1.22.33,UNDEFINED,None,Windows 10,3,RIGHT,Chrome 135,"[{'score': 33260.0, 'gameName': 'BRT', 'highScore': 33260.0}, {'score': 9940.0, 'gameName': 'WTNumber', 'highScore': 9940.0}, {'score': 78560.0, 'gameName': 'Stroop', 'highScore': 78560.0}, {'score': 51960.0, 'gameName': 'TaskSwitch2', 'highScore': 51960.0}, {'score': 6390.0, 'gameName': 'SpatialSpanReverse', 'highScore': 6390.0}]",0,WPI6_174b6550g984996,Eastern Standard Time,"[{'gameName': 'BRT', 'playCount': 1, 'lastPlaySession': 0}, {'gameName': 'WTNumber', 'playCount': 1, 'lastPlaySession': 0}, {'gameName': 'Stroop', 'playCount': 1, 'lastPlaySession': 0}, {'gameName': 'SpatialSpanReverse', 'playCount': 1, 'lastPlaySession': 0}, {'gameName': 'TaskSwitch2', 'playCount': 1, 'lastPlaySession': 0}]",1,17,128,1,"ANGLE (Intel, Intel(R) Iris(R) Xe Graphics (0x0000A7A0) Direct3D11 vs_5_0 ps_5_0, D3D11)",0,2,-4,WPI6_174b6550g984996,2025-05-06T17:04:09.000000Z,2025-05-06T17:20:54.000000Z
231,20,10,ACE Explorer,1.22.33,UNDEFINED,None,Windows 10,3,RIGHT,Chrome 135,"[{'score': 34880.0, 'gameName': 'BRT', 'highScore': 34880.0}, {'score': 9940.0, 'gameName': 'WTNumber', 'highScore': 9940.0}, {'score': 45870.0, 'gameName': 'Stroop', 'highScore': 45870.0}, {'score': 22890.0, 'gameName': 'TaskSwitch2', 'highScore': 22890.0}, {'score': 5680.0, 'gameName': 'SpatialSpanReverse', 'highScore': 5680.0}]",0,WPI6_174k655x7734948,Eastern Standard Time,"[{'gameName': 'BRT', 'playCount': 1, 'lastPlaySession': 0}, {'gameName': 'WTNumber', 'playCount': 1, 'lastPlaySession': 0}, {'gameName': 'Stroop', 'playCount': 1, 'lastPlaySession': 0}, {'gameName': 'SpatialSpanReverse', 'playCount': 1, 'lastPlaySession': 0}, {'gameName': 'TaskSwitch2', 'playCount': 1, 'lastPlaySession': 0}]",1,17,128,1,"ANGLE (Intel, Intel(R) UHD Graphics (0x0000A720) Direct3D11 vs_5_0 ps_5_0, D3D11)",0,2,-4,WPI6_174k655x7734948,2025-05-06T18:58:14.000000Z,2025-05-06T19:13:30.000000Z
232,20,10,ACE Explorer,1.22.33,UNDEFINED,None,Mac OS X 10_15_7,3,LEFT,Chrome 128,"[{'score': 37340.0, 'gameName': 'BRT', 'highScore': 37340.0}, {'score': 9940.0, 'gameName': 'WTNumber', 'highScore': 9940.0}, {'score': 36380.0, 'gameName': 'Stroop', 'highScore': 36380.0}, {'score': 33640.0, 'gameName': 'TaskSwitch2', 'highScore': 33640.0}, {'score': 6390.0, 'gameName': 'SpatialSpanReverse', 'highScore': 6390.0}]",0,WPI6_1746562sj805611,Eastern Standard Time,"[{'gameName': 'BRT', 'playCount': 1, 'lastPlaySession': 0}, {'gameName': 'WTNumber', 'playCount': 1, 'lastPlaySession': 0}, {'gameName': 'Stroop', 'playCount': 1, 'lastPlaySession': 0}, {'gameName': 'SpatialSpanReverse', 'playCount': 1, 'lastPlaySession': 0}, {'gameName': 'TaskSwitch2', 'playCount': 1, 'lastPlaySession': 0}]",1,17,128,1,"ANGLE (Intel Inc., Intel(R) Iris(TM) Plus Graphics OpenGL Engine (1x6x8 (fused) LP, OpenGL 4.1)",0,2,-4,WPI6_1746562sj805611,2025-05-06T20:24:46.000000Z,2025-05-06T20:40:42.000000Z
233,18,10,ACE Explorer,1.22.33,UNDEFINED,None,Mac OS X 10_15_7,3,RIGHT,Chrome 135,"[{'score': 33960.0, 'gameName': 'BRT', 'highScore': 33960.0}, {'score': 9940.0, 'gameName': 'WTNumber', 'highScore': 9940.0}, {'score': 48980.0, 'gameName': 'Stroop', 'highScore': 48980.0}, {'score': 49490.0, 'gameName': 'TaskSwitch2', 'highScore': 49490.0}, {'score': 11360.0, 'gameName': 'SpatialSpanReverse', 'highScore': 11360.0}]",0,WPI6_1746ku565217909,Eastern Standard Time,"[{'gameName': 'BRT', 'playCount': 1, 'lastPlaySession': 0}, {'gameName': 'WTNumber', 'playCount': 1, 'lastPlaySession': 0}, {'gameName': 'Stroop', 'playCount': 1, 'lastPlaySession': 0}, {'gameName': 'SpatialSpanReverse', 'playCount': 1, 'lastPlaySession': 0}, {'gameName': 'TaskSwitch2', 'playCount': 1, 'lastPlaySession': 0}]",1,17,128,1,"ANGLE (Apple, ANGLE Metal Renderer: Apple M3, Unspecified Version)",0,2,-4,WPI6_1746ku565217909,2025-05-06T21:00:44.000000Z,2025-05-06T21:16:31.000000Z
234,20,10,ACE Explorer,1.22.33,UNDEFINED,None,Windows 10,3,RIGHT,Chrome 136,"[{'score': 32050.0, 'gameName': 'BRT', 'highScore': 32050.0}, {'score': 9940.0, 'gameName': 'WTNumber', 'highScore': 9940.0}, {'score': 59890.0, 'gameName': 'Stroop', 'highScore': 59890.0}, {'score': 69230.0, 'gameName': 'TaskSwitch2', 'highScore': 69230.0}, {'score': 8520.0, 'gameName': 'SpatialSpanReverse', 'highScore': 8520.0}]",0,WPI6_174u6a585618818,Eastern Standard Time,"[{'gameName': 'BRT', 'playCount': 1, 'lastPlaySession': 0}, {'gameName': 'WTNumber', 'playCount': 1, 'lastPlaySession': 0}, {'gameName': 'Stroop', 'playCount': 1, 'lastPlaySession': 0}, {'gameName': 'SpatialSpanReverse', 'playCount': 1, 'lastPlaySession': 0}, {'gameName': 'TaskSwitch2', 'playCount': 1, 'lastPlaySession': 0}]",1,17,256,1,"ANGLE (Google, Vulkan 1.3.0 (SwiftShader Device (Subzero) (0x0000C0DE)), SwiftShader driver)",0,2,-4,WPI6_174u6a585618818,2025-05-07T02:40:46.000000Z,2025-05-07T03:29:16.000000Z
