,Time Gameplayed Utc,participantTaskId,Participant Id,Finish Status,Times Finished Game,Session Type,OS Version,Screen Height,Screen Width,Client Time Zone,Graphics Device Name,Processor Frequency,Runtime Platform,I18n,Processor Count,System Memory Size,Build,Device DPI,Device Model,Device Type,Trial Cue,Trial Response,Response Window,Trial Number,FPS Mean,FPS Variance,Condition,Trial Correct,RG Color Deficiency,Time Sent Utc,Detail,Finger Used
0,2024-10-01T18:59:35.3770000Z,851710fe-0e1d-4a72-aedf-f34f032442c1,WPI6_test,Successful,0,Real,Windows 10,906,1797,Eastern Standard Time,"ANGLE (Intel, Intel(R) Iris(R) Xe Graphics (0x00009A49) Direct3D11 vs_5_0 ps_5_0, D3D11)",0,17,10,1,128,1.24.0,0,Chrome 129,3,12,12,-1,0,118.46875,101.4664,DEFAULT,1,N/A,2024-10-01T18:59:35.3770000Z,N/A,N/A
1,2024-10-01T18:59:35.3770000Z,851710fe-0e1d-4a72-aedf-f34f032442c1,WPI6_test,Successful,0,Real,Windows 10,906,1797,Eastern Standard Time,"ANGLE (Intel, Intel(R) Iris(R) Xe Graphics (0x00009A49) Direct3D11 vs_5_0 ps_5_0, D3D11)",0,17,10,1,128,1.24.0,0,Chrome 129,3,15,15,-1,1,118.669357,82.32844,DEFAULT,1,N/A,2024-10-01T18:59:35.3770000Z,N/A,N/A
2,2024-10-01T18:59:35.3770000Z,851710fe-0e1d-4a72-aedf-f34f032442c1,WPI6_test,Successful,0,Real,Windows 10,906,1797,Eastern Standard Time,"ANGLE (Intel, Intel(R) Iris(R) Xe Graphics (0x00009A49) Direct3D11 vs_5_0 ps_5_0, D3D11)",0,17,10,1,128,1.24.0,0,Chrome 129,3,-1,-1,-1,2,117.926239,91.69724,DEFAULT,1,N/A,2024-10-01T18:59:35.3770000Z,N/A,N/A
3,2024-10-01T18:59:35.3770000Z,851710fe-0e1d-4a72-aedf-f34f032442c1,WPI6_test,Successful,0,Real,Windows 10,906,1797,Eastern Standard Time,"ANGLE (Intel, Intel(R) Iris(R) Xe Graphics (0x00009A49) Direct3D11 vs_5_0 ps_5_0, D3D11)",0,17,10,1,128,1.24.0,0,Chrome 129,3,96,96,-1,3,117.912865,104.1839,DEFAULT,1,N/A,2024-10-01T18:59:35.3770000Z,N/A,N/A
4,2024-10-01T18:59:35.3770000Z,851710fe-0e1d-4a72-aedf-f34f032442c1,WPI6_test,Successful,0,Real,Windows 10,906,1797,Eastern Standard Time,"ANGLE (Intel, Intel(R) Iris(R) Xe Graphics (0x00009A49) Direct3D11 vs_5_0 ps_5_0, D3D11)",0,17,10,1,128,1.24.0,0,Chrome 129,3,57,57,-1,4,118.561142,90.42783,DEFAULT,1,N/A,2024-10-01T18:59:35.3770000Z,N/A,N/A
5,2024-10-01T18:59:35.3770000Z,851710fe-0e1d-4a72-aedf-f34f032442c1,WPI6_test,Successful,0,Real,Windows 10,906,1797,Eastern Standard Time,"ANGLE (Intel, Intel(R) Iris(R) Xe Graphics (0x00009A49) Direct3D11 vs_5_0 ps_5_0, D3D11)",0,17,10,1,128,1.24.0,0,Chrome 129,3,73,73,-1,5,119.401855,81.5378342,DEFAULT,1,N/A,2024-10-01T18:59:35.3770000Z,N/A,N/A
6,2024-10-01T18:59:35.3770000Z,851710fe-0e1d-4a72-aedf-f34f032442c1,WPI6_test,Successful,0,Real,Windows 10,906,1797,Eastern Standard Time,"ANGLE (Intel, Intel(R) Iris(R) Xe Graphics (0x00009A49) Direct3D11 vs_5_0 ps_5_0, D3D11)",0,17,10,1,128,1.24.0,0,Chrome 129,3,97,97,-1,6,117.5651,116.908241,DEFAULT,1,N/A,2024-10-01T18:59:35.3770000Z,N/A,N/A
7,2024-10-02T20:40:25.4590000Z,851710fe-0e1d-4a72-aedf-f34f032442c1,WPI6_alena1,Successful,0,Real,Mac OS X 10_15_7,1598,2396,Eastern Standard Time,"ANGLE (Apple, ANGLE Metal Renderer: Apple M3 Pro, Unspecified Version)",0,17,30,1,256,1.24.0,0,Chrome 129,3,12,12,-1,0,118.479492,41.1177635,DEFAULT,1,N/A,2024-10-02T20:40:25.4590000Z,N/A,N/A
8,2024-10-02T20:40:25.4590000Z,851710fe-0e1d-4a72-aedf-f34f032442c1,WPI6_alena1,Successful,0,Real,Mac OS X 10_15_7,1598,2396,Eastern Standard Time,"ANGLE (Apple, ANGLE Metal Renderer: Apple M3 Pro, Unspecified Version)",0,17,30,1,256,1.24.0,0,Chrome 129,3,3,3,-1,1,119.797508,61.1384125,DEFAULT,1,N/A,2024-10-02T20:40:25.4590000Z,N/A,N/A
9,2024-10-02T20:40:25.4590000Z,851710fe-0e1d-4a72-aedf-f34f032442c1,WPI6_alena1,Successful,0,Real,Mac OS X 10_15_7,1598,2396,Eastern Standard Time,"ANGLE (Apple, ANGLE Metal Renderer: Apple M3 Pro, Unspecified Version)",0,17,30,1,256,1.24.0,0,Chrome 129,3,8,8,-1,2,119.223579,43.5158463,DEFAULT,1,N/A,2024-10-02T20:40:25.4590000Z,N/A,N/A
10,2024-10-02T20:40:25.4590000Z,851710fe-0e1d-4a72-aedf-f34f032442c1,WPI6_alena1,Successful,0,Real,Mac OS X 10_15_7,1598,2396,Eastern Standard Time,"ANGLE (Apple, ANGLE Metal Renderer: Apple M3 Pro, Unspecified Version)",0,17,30,1,256,1.24.0,0,Chrome 129,3,-1,-1,-1,3,120.051346,23.2097569,DEFAULT,1,N/A,2024-10-02T20:40:25.4590000Z,N/A,N/A
11,2024-10-02T20:40:25.4590000Z,851710fe-0e1d-4a72-aedf-f34f032442c1,WPI6_alena1,Successful,0,Real,Mac OS X 10_15_7,1598,2396,Eastern Standard Time,"ANGLE (Apple, ANGLE Metal Renderer: Apple M3 Pro, Unspecified Version)",0,17,30,1,256,1.24.0,0,Chrome 129,3,7,7,-1,4,119.222679,38.88661,DEFAULT,1,N/A,2024-10-02T20:40:25.4590000Z,N/A,N/A
12,2024-10-02T20:40:25.4590000Z,851710fe-0e1d-4a72-aedf-f34f032442c1,WPI6_alena1,Successful,0,Real,Mac OS X 10_15_7,1598,2396,Eastern Standard Time,"ANGLE (Apple, ANGLE Metal Renderer: Apple M3 Pro, Unspecified Version)",0,17,30,1,256,1.24.0,0,Chrome 129,3,35,35,-1,5,119.719147,42.3418121,DEFAULT,1,N/A,2024-10-02T20:40:25.4590000Z,N/A,N/A
13,2024-10-02T20:40:25.4590000Z,851710fe-0e1d-4a72-aedf-f34f032442c1,WPI6_alena1,Successful,0,Real,Mac OS X 10_15_7,1598,2396,Eastern Standard Time,"ANGLE (Apple, ANGLE Metal Renderer: Apple M3 Pro, Unspecified Version)",0,17,30,1,256,1.24.0,0,Chrome 129,3,97,97,-1,6,119.6167,39.6144943,DEFAULT,1,N/A,2024-10-02T20:40:25.4590000Z,N/A,N/A
14,2024-10-11T18:26:25.4040000Z,851710fe-0e1d-4a72-aedf-f34f032442c1,WPI6_y17a28670978573,Successful,0,Real,Mac OS X 10_15_7,1598,2396,Eastern Standard Time,"ANGLE (Apple, ANGLE Metal Renderer: Apple M3 Pro, Unspecified Version)",0,17,30,1,256,1.22.33,0,Chrome 129,3,12,12,-1,0,120.28241,67.35577,DEFAULT,1,N/A,2024-10-11T18:26:25.4040000Z,N/A,N/A
15,2024-10-11T18:26:25.4040000Z,851710fe-0e1d-4a72-aedf-f34f032442c1,WPI6_y17a28670978573,Successful,0,Real,Mac OS X 10_15_7,1598,2396,Eastern Standard Time,"ANGLE (Apple, ANGLE Metal Renderer: Apple M3 Pro, Unspecified Version)",0,17,30,1,256,1.22.33,0,Chrome 129,3,42,42,-1,1,120.319626,37.7970848,DEFAULT,1,N/A,2024-10-11T18:26:25.4040000Z,N/A,N/A
16,2024-10-11T18:26:25.4040000Z,851710fe-0e1d-4a72-aedf-f34f032442c1,WPI6_y17a28670978573,Successful,0,Real,Mac OS X 10_15_7,1598,2396,Eastern Standard Time,"ANGLE (Apple, ANGLE Metal Renderer: Apple M3 Pro, Unspecified Version)",0,17,30,1,256,1.22.33,0,Chrome 129,3,6,6,-1,2,120.000908,47.23679,DEFAULT,1,N/A,2024-10-11T18:26:25.4040000Z,N/A,N/A
17,2024-10-11T18:26:25.4040000Z,851710fe-0e1d-4a72-aedf-f34f032442c1,WPI6_y17a28670978573,Successful,0,Real,Mac OS X 10_15_7,1598,2396,Eastern Standard Time,"ANGLE (Apple, ANGLE Metal Renderer: Apple M3 Pro, Unspecified Version)",0,17,30,1,256,1.22.33,0,Chrome 129,3,16,16,-1,3,120.578232,40.1431236,DEFAULT,1,N/A,2024-10-11T18:26:25.4040000Z,N/A,N/A
18,2024-10-11T18:26:25.4040000Z,851710fe-0e1d-4a72-aedf-f34f032442c1,WPI6_y17a28670978573,Successful,0,Real,Mac OS X 10_15_7,1598,2396,Eastern Standard Time,"ANGLE (Apple, ANGLE Metal Renderer: Apple M3 Pro, Unspecified Version)",0,17,30,1,256,1.22.33,0,Chrome 129,3,97,97,-1,4,119.940819,42.40746,DEFAULT,1,N/A,2024-10-11T18:26:25.4040000Z,N/A,N/A
19,2024-10-11T18:26:25.4040000Z,851710fe-0e1d-4a72-aedf-f34f032442c1,WPI6_y17a28670978573,Successful,0,Real,Mac OS X 10_15_7,1598,2396,Eastern Standard Time,"ANGLE (Apple, ANGLE Metal Renderer: Apple M3 Pro, Unspecified Version)",0,17,30,1,256,1.22.33,0,Chrome 129,3,-1,-1,-1,5,119.620628,49.995006599999996,DEFAULT,1,N/A,2024-10-11T18:26:25.4040000Z,N/A,N/A
20,2024-10-11T18:26:25.4040000Z,851710fe-0e1d-4a72-aedf-f34f032442c1,WPI6_y17a28670978573,Successful,0,Real,Mac OS X 10_15_7,1598,2396,Eastern Standard Time,"ANGLE (Apple, ANGLE Metal Renderer: Apple M3 Pro, Unspecified Version)",0,17,30,1,256,1.22.33,0,Chrome 129,3,74,74,-1,6,120.077217,49.8087,DEFAULT,1,N/A,2024-10-11T18:26:25.4040000Z,N/A,N/A
21,2024-10-23T00:05:25.4300000Z,851710fe-0e1d-4a72-aedf-f34f032442c1,WPI6_172964je1750738,Successful,0,Real,Windows 10,880,1498,Eastern Standard Time,"ANGLE (AMD, AMD Radeon(TM) Graphics (0x0000164C) Direct3D11 vs_5_0 ps_5_0, D3D11)",0,17,10,1,128,1.22.33,0,Chrome 129,3,12,12,-1,0,120.506683,52.239254,DEFAULT,1,N/A,2024-10-23T00:05:25.4300000Z,N/A,N/A
22,2024-10-23T00:05:25.4300000Z,851710fe-0e1d-4a72-aedf-f34f032442c1,WPI6_172964je1750738,Successful,0,Real,Windows 10,880,1498,Eastern Standard Time,"ANGLE (AMD, AMD Radeon(TM) Graphics (0x0000164C) Direct3D11 vs_5_0 ps_5_0, D3D11)",0,17,10,1,128,1.22.33,0,Chrome 129,3,2,2,-1,1,120.569763,51.53887,DEFAULT,1,N/A,2024-10-23T00:05:25.4300000Z,N/A,N/A
23,2024-10-23T00:05:25.4300000Z,851710fe-0e1d-4a72-aedf-f34f032442c1,WPI6_172964je1750738,Successful,0,Real,Windows 10,880,1498,Eastern Standard Time,"ANGLE (AMD, AMD Radeon(TM) Graphics (0x0000164C) Direct3D11 vs_5_0 ps_5_0, D3D11)",0,17,10,1,128,1.22.33,0,Chrome 129,3,57,57,-1,2,121.177078,64.5833359,DEFAULT,1,N/A,2024-10-23T00:05:25.4300000Z,N/A,N/A
24,2024-10-23T00:05:25.4300000Z,851710fe-0e1d-4a72-aedf-f34f032442c1,WPI6_172964je1750738,Successful,0,Real,Windows 10,880,1498,Eastern Standard Time,"ANGLE (AMD, AMD Radeon(TM) Graphics (0x0000164C) Direct3D11 vs_5_0 ps_5_0, D3D11)",0,17,10,1,128,1.22.33,0,Chrome 129,3,5,5,-1,3,120.515282,64.73482,DEFAULT,1,N/A,2024-10-23T00:05:25.4300000Z,N/A,N/A
25,2024-10-23T00:05:25.4300000Z,851710fe-0e1d-4a72-aedf-f34f032442c1,WPI6_172964je1750738,Successful,0,Real,Windows 10,880,1498,Eastern Standard Time,"ANGLE (AMD, AMD Radeon(TM) Graphics (0x0000164C) Direct3D11 vs_5_0 ps_5_0, D3D11)",0,17,10,1,128,1.22.33,0,Chrome 129,3,-1,-1,-1,4,120.472687,61.1281662,DEFAULT,1,N/A,2024-10-23T00:05:25.4300000Z,N/A,N/A
26,2024-10-23T00:05:25.4300000Z,851710fe-0e1d-4a72-aedf-f34f032442c1,WPI6_172964je1750738,Successful,0,Real,Windows 10,880,1498,Eastern Standard Time,"ANGLE (AMD, AMD Radeon(TM) Graphics (0x0000164C) Direct3D11 vs_5_0 ps_5_0, D3D11)",0,17,10,1,128,1.22.33,0,Chrome 129,3,35,35,-1,5,120.5244,66.84697,DEFAULT,1,N/A,2024-10-23T00:05:25.4300000Z,N/A,N/A
27,2024-10-23T00:05:25.4300000Z,851710fe-0e1d-4a72-aedf-f34f032442c1,WPI6_172964je1750738,Successful,0,Real,Windows 10,880,1498,Eastern Standard Time,"ANGLE (AMD, AMD Radeon(TM) Graphics (0x0000164C) Direct3D11 vs_5_0 ps_5_0, D3D11)",0,17,10,1,128,1.22.33,0,Chrome 129,3,73,73,-1,6,120.196365,50.66118,DEFAULT,1,N/A,2024-10-23T00:05:25.4300000Z,N/A,N/A
28,2024-10-24T12:47:29.3300000Z,851710fe-0e1d-4a72-aedf-f34f032442c1,WPI6_p17b29773735995,Successful,0,Real,Windows 10,938,1498,Eastern Standard Time,"ANGLE (Intel, Intel(R) HD Graphics Direct3D11 vs_5_0 ps_5_0), or similar",0,17,10,1,128,1.22.33,0,Firefox 131,3,12,12,-1,0,63.9227638,16.4552746,DEFAULT,1,N/A,2024-10-24T12:47:29.3300000Z,N/A,N/A
29,2024-10-24T12:47:29.3300000Z,851710fe-0e1d-4a72-aedf-f34f032442c1,WPI6_p17b29773735995,Successful,0,Real,Windows 10,938,1498,Eastern Standard Time,"ANGLE (Intel, Intel(R) HD Graphics Direct3D11 vs_5_0 ps_5_0), or similar",0,17,10,1,128,1.22.33,0,Firefox 131,3,5,5,-1,1,64.2568741,6.767154,DEFAULT,1,N/A,2024-10-24T12:47:29.3300000Z,N/A,N/A
30,2024-10-24T12:47:29.3300000Z,851710fe-0e1d-4a72-aedf-f34f032442c1,WPI6_p17b29773735995,Successful,0,Real,Windows 10,938,1498,Eastern Standard Time,"ANGLE (Intel, Intel(R) HD Graphics Direct3D11 vs_5_0 ps_5_0), or similar",0,17,10,1,128,1.22.33,0,Firefox 131,3,6,6,-1,2,63.6298676,19.378006,DEFAULT,1,N/A,2024-10-24T12:47:29.3300000Z,N/A,N/A
31,2024-10-24T12:47:29.3300000Z,851710fe-0e1d-4a72-aedf-f34f032442c1,WPI6_p17b29773735995,Successful,0,Real,Windows 10,938,1498,Eastern Standard Time,"ANGLE (Intel, Intel(R) HD Graphics Direct3D11 vs_5_0 ps_5_0), or similar",0,17,10,1,128,1.22.33,0,Firefox 131,3,35,35,-1,3,64.18746,8.737366,DEFAULT,1,N/A,2024-10-24T12:47:29.3300000Z,N/A,N/A
32,2024-10-24T12:47:29.3300000Z,851710fe-0e1d-4a72-aedf-f34f032442c1,WPI6_p17b29773735995,Successful,0,Real,Windows 10,938,1498,Eastern Standard Time,"ANGLE (Intel, Intel(R) HD Graphics Direct3D11 vs_5_0 ps_5_0), or similar",0,17,10,1,128,1.22.33,0,Firefox 131,3,-1,-1,-1,4,63.8384628,15.25274,DEFAULT,1,N/A,2024-10-24T12:47:29.3300000Z,N/A,N/A
33,2024-10-24T12:47:29.3300000Z,851710fe-0e1d-4a72-aedf-f34f032442c1,WPI6_p17b29773735995,Successful,0,Real,Windows 10,938,1498,Eastern Standard Time,"ANGLE (Intel, Intel(R) HD Graphics Direct3D11 vs_5_0 ps_5_0), or similar",0,17,10,1,128,1.22.33,0,Firefox 131,3,7,7,-1,5,64.1778946,8.263417,DEFAULT,1,N/A,2024-10-24T12:47:29.3300000Z,N/A,N/A
34,2024-10-24T12:47:29.3300000Z,851710fe-0e1d-4a72-aedf-f34f032442c1,WPI6_p17b29773735995,Successful,0,Real,Windows 10,938,1498,Eastern Standard Time,"ANGLE (Intel, Intel(R) HD Graphics Direct3D11 vs_5_0 ps_5_0), or similar",0,17,10,1,128,1.22.33,0,Firefox 131,3,97,97,-1,6,64.4030762,7.95317554,DEFAULT,1,N/A,2024-10-24T12:47:29.3300000Z,N/A,N/A
35,2024-10-22T16:15:47.8970000Z,851710fe-0e1d-4a72-aedf-f34f032442c1,WPI6_172961p31629m81,Successful,0,Real,Mac OS X 10_15_7,1598,2396,Eastern Standard Time,"ANGLE (Apple, ANGLE Metal Renderer: Apple M3 Pro, Unspecified Version)",0,17,30,1,128,1.22.33,0,Chrome 129,3,12,12,-1,0,121.87999,48.742794,DEFAULT,1,N/A,2024-10-22T16:15:47.8970000Z,N/A,N/A
36,2024-10-22T16:15:47.8970000Z,851710fe-0e1d-4a72-aedf-f34f032442c1,WPI6_172961p31629m81,Successful,0,Real,Mac OS X 10_15_7,1598,2396,Eastern Standard Time,"ANGLE (Apple, ANGLE Metal Renderer: Apple M3 Pro, Unspecified Version)",0,17,30,1,128,1.22.33,0,Chrome 129,3,-1,-1,-1,1,120.668251,41.53698,DEFAULT,1,N/A,2024-10-22T16:15:47.8970000Z,N/A,N/A
37,2024-10-22T16:15:47.8970000Z,851710fe-0e1d-4a72-aedf-f34f032442c1,WPI6_172961p31629m81,Successful,0,Real,Mac OS X 10_15_7,1598,2396,Eastern Standard Time,"ANGLE (Apple, ANGLE Metal Renderer: Apple M3 Pro, Unspecified Version)",0,17,30,1,128,1.22.33,0,Chrome 129,3,29,29,-1,2,120.727287,46.40436,DEFAULT,1,N/A,2024-10-22T16:15:47.8970000Z,N/A,N/A
38,2024-10-22T16:15:47.8970000Z,851710fe-0e1d-4a72-aedf-f34f032442c1,WPI6_172961p31629m81,Successful,0,Real,Mac OS X 10_15_7,1598,2396,Eastern Standard Time,"ANGLE (Apple, ANGLE Metal Renderer: Apple M3 Pro, Unspecified Version)",0,17,30,1,128,1.22.33,0,Chrome 129,3,74,74,-1,3,120.394554,45.92327,DEFAULT,1,N/A,2024-10-22T16:15:47.8970000Z,N/A,N/A
39,2024-10-22T16:15:47.8970000Z,851710fe-0e1d-4a72-aedf-f34f032442c1,WPI6_172961p31629m81,Successful,0,Real,Mac OS X 10_15_7,1598,2396,Eastern Standard Time,"ANGLE (Apple, ANGLE Metal Renderer: Apple M3 Pro, Unspecified Version)",0,17,30,1,128,1.22.33,0,Chrome 129,3,97,97,-1,4,120.330544,38.788662,DEFAULT,1,N/A,2024-10-22T16:15:47.8970000Z,N/A,N/A
40,2024-10-22T16:15:47.8970000Z,851710fe-0e1d-4a72-aedf-f34f032442c1,WPI6_172961p31629m81,Successful,0,Real,Mac OS X 10_15_7,1598,2396,Eastern Standard Time,"ANGLE (Apple, ANGLE Metal Renderer: Apple M3 Pro, Unspecified Version)",0,17,30,1,128,1.22.33,0,Chrome 129,3,5,5,-1,5,120.014931,46.9911346,DEFAULT,1,N/A,2024-10-22T16:15:47.8970000Z,N/A,N/A
41,2024-10-22T16:15:47.8970000Z,851710fe-0e1d-4a72-aedf-f34f032442c1,WPI6_172961p31629m81,Successful,0,Real,Mac OS X 10_15_7,1598,2396,Eastern Standard Time,"ANGLE (Apple, ANGLE Metal Renderer: Apple M3 Pro, Unspecified Version)",0,17,30,1,128,1.22.33,0,Chrome 129,3,26,26,-1,6,120.665062,46.2728043,DEFAULT,1,N/A,2024-10-22T16:15:47.8970000Z,N/A,N/A
42,2024-10-24T00:59:15.2650000Z,851710fe-0e1d-4a72-aedf-f34f032442c1,WPI6_17v297313h20163,Successful,0,Real,Windows 10,925,1498,Eastern Standard Time,"ANGLE (AMD, AMD Radeon(TM) Graphics (0x00001681) Direct3D11 vs_5_0 ps_5_0, D3D11)",0,17,10,1,128,1.22.33,0,Chrome 130,3,12,12,-1,0,84.3479462,558.7631,DEFAULT,1,N/A,2024-10-24T00:59:15.2650000Z,N/A,N/A
43,2024-10-24T00:59:15.2650000Z,851710fe-0e1d-4a72-aedf-f34f032442c1,WPI6_17v297313h20163,Successful,0,Real,Windows 10,925,1498,Eastern Standard Time,"ANGLE (AMD, AMD Radeon(TM) Graphics (0x00001681) Direct3D11 vs_5_0 ps_5_0, D3D11)",0,17,10,1,128,1.22.33,0,Chrome 130,3,57,57,-1,1,85.4166,584.445068,DEFAULT,1,N/A,2024-10-24T00:59:15.2650000Z,N/A,N/A
44,2024-10-24T00:59:15.2650000Z,851710fe-0e1d-4a72-aedf-f34f032442c1,WPI6_17v297313h20163,Successful,0,Real,Windows 10,925,1498,Eastern Standard Time,"ANGLE (AMD, AMD Radeon(TM) Graphics (0x00001681) Direct3D11 vs_5_0 ps_5_0, D3D11)",0,17,10,1,128,1.22.33,0,Chrome 130,3,-1,-1,-1,2,90.99133,674.3667,DEFAULT,1,N/A,2024-10-24T00:59:15.2650000Z,N/A,N/A
45,2024-10-24T00:59:15.2650000Z,851710fe-0e1d-4a72-aedf-f34f032442c1,WPI6_17v297313h20163,Successful,0,Real,Windows 10,925,1498,Eastern Standard Time,"ANGLE (AMD, AMD Radeon(TM) Graphics (0x00001681) Direct3D11 vs_5_0 ps_5_0, D3D11)",0,17,10,1,128,1.22.33,0,Chrome 130,3,16,16,-1,3,87.89693,645.1905,DEFAULT,1,N/A,2024-10-24T00:59:15.2650000Z,N/A,N/A
46,2024-10-24T00:59:15.2650000Z,851710fe-0e1d-4a72-aedf-f34f032442c1,WPI6_17v297313h20163,Successful,0,Real,Windows 10,925,1498,Eastern Standard Time,"ANGLE (AMD, AMD Radeon(TM) Graphics (0x00001681) Direct3D11 vs_5_0 ps_5_0, D3D11)",0,17,10,1,128,1.22.33,0,Chrome 130,3,3,3,-1,4,86.39529,631.7556,DEFAULT,1,N/A,2024-10-24T00:59:15.2650000Z,N/A,N/A
47,2024-10-24T00:59:15.2650000Z,851710fe-0e1d-4a72-aedf-f34f032442c1,WPI6_17v297313h20163,Successful,0,Real,Windows 10,925,1498,Eastern Standard Time,"ANGLE (AMD, AMD Radeon(TM) Graphics (0x00001681) Direct3D11 vs_5_0 ps_5_0, D3D11)",0,17,10,1,128,1.22.33,0,Chrome 130,3,42,42,-1,5,84.28471,627.3196,DEFAULT,1,N/A,2024-10-24T00:59:15.2650000Z,N/A,N/A
48,2024-10-24T00:59:15.2650000Z,851710fe-0e1d-4a72-aedf-f34f032442c1,WPI6_17v297313h20163,Successful,0,Real,Windows 10,925,1498,Eastern Standard Time,"ANGLE (AMD, AMD Radeon(TM) Graphics (0x00001681) Direct3D11 vs_5_0 ps_5_0, D3D11)",0,17,10,1,128,1.22.33,0,Chrome 130,3,97,97,-1,6,88.58238,590.145,DEFAULT,1,N/A,2024-10-24T00:59:15.2650000Z,N/A,N/A
49,2024-10-23T20:17:19.1210000Z,851710fe-0e1d-4a72-aedf-f34f032442c1,WPI6_172z971436g3640,Successful,0,Real,Mac OS X 10_15_7,1598,2396,Eastern Standard Time,Apple GPU,0,17,10,1,128,1.22.33,0,Safari 17.4,3,12,12,-1,0,117.298347,164.314728,DEFAULT,1,N/A,2024-10-23T20:17:19.1210000Z,N/A,N/A
50,2024-10-23T20:17:19.1210000Z,851710fe-0e1d-4a72-aedf-f34f032442c1,WPI6_172z971436g3640,Successful,0,Real,Mac OS X 10_15_7,1598,2396,Eastern Standard Time,Apple GPU,0,17,10,1,128,1.22.33,0,Safari 17.4,3,97,97,-1,1,116.929138,106.380325,DEFAULT,1,N/A,2024-10-23T20:17:19.1210000Z,N/A,N/A
51,2024-10-23T20:17:19.1210000Z,851710fe-0e1d-4a72-aedf-f34f032442c1,WPI6_172z971436g3640,Successful,0,Real,Mac OS X 10_15_7,1598,2396,Eastern Standard Time,Apple GPU,0,17,10,1,128,1.22.33,0,Safari 17.4,3,5,5,-1,2,117.853935,82.42686,DEFAULT,1,N/A,2024-10-23T20:17:19.1210000Z,N/A,N/A
52,2024-10-23T20:17:19.1210000Z,851710fe-0e1d-4a72-aedf-f34f032442c1,WPI6_172z971436g3640,Successful,0,Real,Mac OS X 10_15_7,1598,2396,Eastern Standard Time,Apple GPU,0,17,10,1,128,1.22.33,0,Safari 17.4,3,5,5,-1,3,116.55542,77.55132,DEFAULT,1,N/A,2024-10-23T20:17:19.1210000Z,N/A,N/A
53,2024-10-23T20:17:19.1210000Z,851710fe-0e1d-4a72-aedf-f34f032442c1,WPI6_172z971436g3640,Successful,0,Real,Mac OS X 10_15_7,1598,2396,Eastern Standard Time,Apple GPU,0,17,10,1,128,1.22.33,0,Safari 17.4,3,-1,-1,-1,4,118.31646,112.79246499999999,DEFAULT,1,N/A,2024-10-23T20:17:19.1210000Z,N/A,N/A
54,2024-10-23T20:17:19.1210000Z,851710fe-0e1d-4a72-aedf-f34f032442c1,WPI6_172z971436g3640,Successful,0,Real,Mac OS X 10_15_7,1598,2396,Eastern Standard Time,Apple GPU,0,17,10,1,128,1.22.33,0,Safari 17.4,3,57,57,-1,5,117.215973,102.675056,DEFAULT,1,N/A,2024-10-23T20:17:19.1210000Z,N/A,N/A
55,2024-10-23T20:17:19.1210000Z,851710fe-0e1d-4a72-aedf-f34f032442c1,WPI6_172z971436g3640,Successful,0,Real,Mac OS X 10_15_7,1598,2396,Eastern Standard Time,Apple GPU,0,17,10,1,128,1.22.33,0,Safari 17.4,3,35,35,-1,6,117.839088,91.94933,DEFAULT,1,N/A,2024-10-23T20:17:19.1210000Z,N/A,N/A
56,2024-10-23T01:28:46.5390000Z,851710fe-0e1d-4a72-aedf-f34f032442c1,WPI6_172964653ia1639,Successful,0,Real,Windows 10,869,1498,Eastern Standard Time,"ANGLE (AMD, AMD Radeon (TM) Graphics (0x000015E7) Direct3D11 vs_5_0 ps_5_0, D3D11)",0,17,10,1,128,1.22.33,0,Chrome 129,3,12,12,-1,0,115.090019,304.156738,DEFAULT,1,N/A,2024-10-23T01:28:46.5390000Z,N/A,N/A
57,2024-10-23T01:28:46.5390000Z,851710fe-0e1d-4a72-aedf-f34f032442c1,WPI6_172964653ia1639,Successful,0,Real,Windows 10,869,1498,Eastern Standard Time,"ANGLE (AMD, AMD Radeon (TM) Graphics (0x000015E7) Direct3D11 vs_5_0 ps_5_0, D3D11)",0,17,10,1,128,1.22.33,0,Chrome 129,3,5,5,-1,1,120.009842,77.72727,DEFAULT,1,N/A,2024-10-23T01:28:46.5390000Z,N/A,N/A
58,2024-10-23T01:28:46.5390000Z,851710fe-0e1d-4a72-aedf-f34f032442c1,WPI6_172964653ia1639,Successful,0,Real,Windows 10,869,1498,Eastern Standard Time,"ANGLE (AMD, AMD Radeon (TM) Graphics (0x000015E7) Direct3D11 vs_5_0 ps_5_0, D3D11)",0,17,10,1,128,1.22.33,0,Chrome 129,3,57,57,-1,2,108.701874,539.8556,DEFAULT,1,N/A,2024-10-23T01:28:46.5390000Z,N/A,N/A
59,2024-10-23T01:28:46.5390000Z,851710fe-0e1d-4a72-aedf-f34f032442c1,WPI6_172964653ia1639,Successful,0,Real,Windows 10,869,1498,Eastern Standard Time,"ANGLE (AMD, AMD Radeon (TM) Graphics (0x000015E7) Direct3D11 vs_5_0 ps_5_0, D3D11)",0,17,10,1,128,1.22.33,0,Chrome 129,3,-1,-1,-1,3,121.406731,61.7983971,DEFAULT,1,N/A,2024-10-23T01:28:46.5390000Z,N/A,N/A
60,2024-10-23T01:28:46.5390000Z,851710fe-0e1d-4a72-aedf-f34f032442c1,WPI6_172964653ia1639,Successful,0,Real,Windows 10,869,1498,Eastern Standard Time,"ANGLE (AMD, AMD Radeon (TM) Graphics (0x000015E7) Direct3D11 vs_5_0 ps_5_0, D3D11)",0,17,10,1,128,1.22.33,0,Chrome 129,3,74,74,-1,4,114.240372,326.4877,DEFAULT,1,N/A,2024-10-23T01:28:46.5390000Z,N/A,N/A
61,2024-10-23T01:28:46.5390000Z,851710fe-0e1d-4a72-aedf-f34f032442c1,WPI6_172964653ia1639,Successful,0,Real,Windows 10,869,1498,Eastern Standard Time,"ANGLE (AMD, AMD Radeon (TM) Graphics (0x000015E7) Direct3D11 vs_5_0 ps_5_0, D3D11)",0,17,10,1,128,1.22.33,0,Chrome 129,3,35,35,-1,5,114.181557,372.1719,DEFAULT,1,N/A,2024-10-23T01:28:46.5390000Z,N/A,N/A
62,2024-10-23T01:28:46.5390000Z,851710fe-0e1d-4a72-aedf-f34f032442c1,WPI6_172964653ia1639,Successful,0,Real,Windows 10,869,1498,Eastern Standard Time,"ANGLE (AMD, AMD Radeon (TM) Graphics (0x000015E7) Direct3D11 vs_5_0 ps_5_0, D3D11)",0,17,10,1,128,1.22.33,0,Chrome 129,3,97,97,-1,6,112.869225,464.042236,DEFAULT,1,N/A,2024-10-23T01:28:46.5390000Z,N/A,N/A
63,2024-10-24T21:12:29.8710000Z,851710fe-0e1d-4a72-aedf-f34f032442c1,WPI6_1s7297926890r26,Successful,0,Real,Windows 10,960,1797,Eastern Standard Time,"ANGLE (Intel, Intel(R) Iris(R) Xe Graphics (0x00009A49) Direct3D11 vs_5_0 ps_5_0, D3D11)",0,17,10,1,128,1.22.33,0,Chrome 129,3,12,12,-1,0,109.521812,321.684631,DEFAULT,1,N/A,2024-10-24T21:12:29.8710000Z,N/A,N/A
64,2024-10-24T21:12:29.8710000Z,851710fe-0e1d-4a72-aedf-f34f032442c1,WPI6_1s7297926890r26,Successful,0,Real,Windows 10,960,1797,Eastern Standard Time,"ANGLE (Intel, Intel(R) Iris(R) Xe Graphics (0x00009A49) Direct3D11 vs_5_0 ps_5_0, D3D11)",0,17,10,1,128,1.22.33,0,Chrome 129,3,8,8,-1,1,107.3562,238.422028,DEFAULT,1,N/A,2024-10-24T21:12:29.8710000Z,N/A,N/A
65,2024-10-24T21:12:29.8710000Z,851710fe-0e1d-4a72-aedf-f34f032442c1,WPI6_1s7297926890r26,Successful,0,Real,Windows 10,960,1797,Eastern Standard Time,"ANGLE (Intel, Intel(R) Iris(R) Xe Graphics (0x00009A49) Direct3D11 vs_5_0 ps_5_0, D3D11)",0,17,10,1,128,1.22.33,0,Chrome 129,3,74,74,-1,2,107.742439,264.1821,DEFAULT,1,N/A,2024-10-24T21:12:29.8710000Z,N/A,N/A
66,2024-10-24T21:12:29.8710000Z,851710fe-0e1d-4a72-aedf-f34f032442c1,WPI6_1s7297926890r26,Successful,0,Real,Windows 10,960,1797,Eastern Standard Time,"ANGLE (Intel, Intel(R) Iris(R) Xe Graphics (0x00009A49) Direct3D11 vs_5_0 ps_5_0, D3D11)",0,17,10,1,128,1.22.33,0,Chrome 129,3,73,73,-1,3,111.500153,200.9208,DEFAULT,1,N/A,2024-10-24T21:12:29.8710000Z,N/A,N/A
67,2024-10-24T21:12:29.8710000Z,851710fe-0e1d-4a72-aedf-f34f032442c1,WPI6_1s7297926890r26,Successful,0,Real,Windows 10,960,1797,Eastern Standard Time,"ANGLE (Intel, Intel(R) Iris(R) Xe Graphics (0x00009A49) Direct3D11 vs_5_0 ps_5_0, D3D11)",0,17,10,1,128,1.22.33,0,Chrome 129,3,45,45,-1,4,109.567444,263.3848,DEFAULT,1,N/A,2024-10-24T21:12:29.8710000Z,N/A,N/A
68,2024-10-24T21:12:29.8710000Z,851710fe-0e1d-4a72-aedf-f34f032442c1,WPI6_1s7297926890r26,Successful,0,Real,Windows 10,960,1797,Eastern Standard Time,"ANGLE (Intel, Intel(R) Iris(R) Xe Graphics (0x00009A49) Direct3D11 vs_5_0 ps_5_0, D3D11)",0,17,10,1,128,1.22.33,0,Chrome 129,3,-1,-1,-1,5,106.602341,336.104736,DEFAULT,1,N/A,2024-10-24T21:12:29.8710000Z,N/A,N/A
69,2024-10-24T21:12:29.8710000Z,851710fe-0e1d-4a72-aedf-f34f032442c1,WPI6_1s7297926890r26,Successful,0,Real,Windows 10,960,1797,Eastern Standard Time,"ANGLE (Intel, Intel(R) Iris(R) Xe Graphics (0x00009A49) Direct3D11 vs_5_0 ps_5_0, D3D11)",0,17,10,1,128,1.22.33,0,Chrome 129,3,35,35,-1,6,107.883263,286.274841,DEFAULT,1,N/A,2024-10-24T21:12:29.8710000Z,N/A,N/A
70,2024-10-25T19:15:51.5980000Z,851710fe-0e1d-4a72-aedf-f34f032442c1,WPI6_im1729883307292,Successful,0,Real,Mac OS X 10_15_7,2160,3456,Eastern Standard Time,"ANGLE (Apple, ANGLE Metal Renderer: Apple M3 Max, Unspecified Version)",0,17,10,1,128,1.22.33,0,Chrome 130,3,12,12,-1,0,118.38324,45.4220734,DEFAULT,1,N/A,2024-10-25T19:15:51.5980000Z,N/A,N/A
71,2024-10-25T19:15:51.5980000Z,851710fe-0e1d-4a72-aedf-f34f032442c1,WPI6_im1729883307292,Successful,0,Real,Mac OS X 10_15_7,2160,3456,Eastern Standard Time,"ANGLE (Apple, ANGLE Metal Renderer: Apple M3 Max, Unspecified Version)",0,17,10,1,128,1.22.33,0,Chrome 130,3,-1,-1,-1,1,119.188881,41.66118,DEFAULT,1,N/A,2024-10-25T19:15:51.5980000Z,N/A,N/A
72,2024-10-25T19:15:51.5980000Z,851710fe-0e1d-4a72-aedf-f34f032442c1,WPI6_im1729883307292,Successful,0,Real,Mac OS X 10_15_7,2160,3456,Eastern Standard Time,"ANGLE (Apple, ANGLE Metal Renderer: Apple M3 Max, Unspecified Version)",0,17,10,1,128,1.22.33,0,Chrome 130,3,3,3,-1,2,118.20401,40.9191628,DEFAULT,1,N/A,2024-10-25T19:15:51.5980000Z,N/A,N/A
73,2024-10-25T19:15:51.5980000Z,851710fe-0e1d-4a72-aedf-f34f032442c1,WPI6_im1729883307292,Successful,0,Real,Mac OS X 10_15_7,2160,3456,Eastern Standard Time,"ANGLE (Apple, ANGLE Metal Renderer: Apple M3 Max, Unspecified Version)",0,17,10,1,128,1.22.33,0,Chrome 130,3,35,35,-1,3,119.757744,48.7588539,DEFAULT,1,N/A,2024-10-25T19:15:51.5980000Z,N/A,N/A
74,2024-10-25T19:15:51.5980000Z,851710fe-0e1d-4a72-aedf-f34f032442c1,WPI6_im1729883307292,Successful,0,Real,Mac OS X 10_15_7,2160,3456,Eastern Standard Time,"ANGLE (Apple, ANGLE Metal Renderer: Apple M3 Max, Unspecified Version)",0,17,10,1,128,1.22.33,0,Chrome 130,3,6,6,-1,4,118.705582,68.29139,DEFAULT,1,N/A,2024-10-25T19:15:51.5980000Z,N/A,N/A
75,2024-10-25T19:15:51.5980000Z,851710fe-0e1d-4a72-aedf-f34f032442c1,WPI6_im1729883307292,Successful,0,Real,Mac OS X 10_15_7,2160,3456,Eastern Standard Time,"ANGLE (Apple, ANGLE Metal Renderer: Apple M3 Max, Unspecified Version)",0,17,10,1,128,1.22.33,0,Chrome 130,3,16,16,-1,5,120.013237,36.7348671,DEFAULT,1,N/A,2024-10-25T19:15:51.5980000Z,N/A,N/A
76,2024-10-25T19:15:51.5980000Z,851710fe-0e1d-4a72-aedf-f34f032442c1,WPI6_im1729883307292,Successful,0,Real,Mac OS X 10_15_7,2160,3456,Eastern Standard Time,"ANGLE (Apple, ANGLE Metal Renderer: Apple M3 Max, Unspecified Version)",0,17,10,1,128,1.22.33,0,Chrome 130,3,45,45,-1,6,118.950981,34.54214,DEFAULT,1,N/A,2024-10-25T19:15:51.5980000Z,N/A,N/A
77,2024-10-26T14:29:59.9480000Z,851710fe-0e1d-4a72-aedf-f34f032442c1,WPI6_17t29952p498059,Successful,0,Real,Mac OS X 10_15_7,1556,2396,Eastern Standard Time,"ANGLE (Intel, ANGLE Metal Renderer: Intel(R) Iris(TM) Plus Graphics 645, Unspecified Version)",0,17,10,1,128,1.22.33,0,Chrome 130,3,12,12,-1,0,99.6853943,658.675964,DEFAULT,1,N/A,2024-10-26T14:29:59.9480000Z,N/A,N/A
78,2024-10-26T14:29:59.9480000Z,851710fe-0e1d-4a72-aedf-f34f032442c1,WPI6_17t29952p498059,Successful,0,Real,Mac OS X 10_15_7,1556,2396,Eastern Standard Time,"ANGLE (Intel, ANGLE Metal Renderer: Intel(R) Iris(TM) Plus Graphics 645, Unspecified Version)",0,17,10,1,128,1.22.33,0,Chrome 130,3,42,42,-1,1,98.77772,678.601746,DEFAULT,1,N/A,2024-10-26T14:29:59.9480000Z,N/A,N/A
79,2024-10-26T14:29:59.9480000Z,851710fe-0e1d-4a72-aedf-f34f032442c1,WPI6_17t29952p498059,Successful,0,Real,Mac OS X 10_15_7,1556,2396,Eastern Standard Time,"ANGLE (Intel, ANGLE Metal Renderer: Intel(R) Iris(TM) Plus Graphics 645, Unspecified Version)",0,17,10,1,128,1.22.33,0,Chrome 130,3,5,5,-1,2,99.89953,669.802063,DEFAULT,1,N/A,2024-10-26T14:29:59.9480000Z,N/A,N/A
80,2024-10-26T14:29:59.9480000Z,851710fe-0e1d-4a72-aedf-f34f032442c1,WPI6_17t29952p498059,Successful,0,Real,Mac OS X 10_15_7,1556,2396,Eastern Standard Time,"ANGLE (Intel, ANGLE Metal Renderer: Intel(R) Iris(TM) Plus Graphics 645, Unspecified Version)",0,17,10,1,128,1.22.33,0,Chrome 130,3,7,7,-1,3,100.762,651.878052,DEFAULT,1,N/A,2024-10-26T14:29:59.9480000Z,N/A,N/A
81,2024-10-26T14:29:59.9480000Z,851710fe-0e1d-4a72-aedf-f34f032442c1,WPI6_17t29952p498059,Successful,0,Real,Mac OS X 10_15_7,1556,2396,Eastern Standard Time,"ANGLE (Intel, ANGLE Metal Renderer: Intel(R) Iris(TM) Plus Graphics 645, Unspecified Version)",0,17,10,1,128,1.22.33,0,Chrome 130,3,-1,-1,-1,4,98.49266,670.049744,DEFAULT,1,N/A,2024-10-26T14:29:59.9480000Z,N/A,N/A
82,2024-10-26T14:29:59.9480000Z,851710fe-0e1d-4a72-aedf-f34f032442c1,WPI6_17t29952p498059,Successful,0,Real,Mac OS X 10_15_7,1556,2396,Eastern Standard Time,"ANGLE (Intel, ANGLE Metal Renderer: Intel(R) Iris(TM) Plus Graphics 645, Unspecified Version)",0,17,10,1,128,1.22.33,0,Chrome 130,3,45,45,-1,5,99.9298,653.72345,DEFAULT,1,N/A,2024-10-26T14:29:59.9480000Z,N/A,N/A
83,2024-10-26T14:29:59.9480000Z,851710fe-0e1d-4a72-aedf-f34f032442c1,WPI6_17t29952p498059,Successful,0,Real,Mac OS X 10_15_7,1556,2396,Eastern Standard Time,"ANGLE (Intel, ANGLE Metal Renderer: Intel(R) Iris(TM) Plus Graphics 645, Unspecified Version)",0,17,10,1,128,1.22.33,0,Chrome 130,3,57,57,-1,6,100.766808,675.5157,DEFAULT,1,N/A,2024-10-26T14:29:59.9480000Z,N/A,N/A
84,2024-10-26T14:55:50.5600000Z,851710fe-0e1d-4a72-aedf-f34f032442c1,WPI6_172995d42826h37,Successful,0,Real,Windows 10,799,1198,Eastern Standard Time,"ANGLE (Intel, Intel(R) Iris(R) Xe Graphics (0x00009A49) Direct3D11 vs_5_0 ps_5_0, D3D11)",0,17,10,1,128,1.22.33,0,Chrome 130,3,12,12,-1,0,116.756348,191.539322,DEFAULT,1,N/A,2024-10-26T14:55:50.5600000Z,N/A,N/A
85,2024-10-26T14:55:50.5600000Z,851710fe-0e1d-4a72-aedf-f34f032442c1,WPI6_172995d42826h37,Successful,0,Real,Windows 10,799,1198,Eastern Standard Time,"ANGLE (Intel, Intel(R) Iris(R) Xe Graphics (0x00009A49) Direct3D11 vs_5_0 ps_5_0, D3D11)",0,17,10,1,128,1.22.33,0,Chrome 130,3,73,73,-1,1,116.4422,206.003326,DEFAULT,1,N/A,2024-10-26T14:55:50.5600000Z,N/A,N/A
86,2024-10-26T14:55:50.5600000Z,851710fe-0e1d-4a72-aedf-f34f032442c1,WPI6_172995d42826h37,Successful,0,Real,Windows 10,799,1198,Eastern Standard Time,"ANGLE (Intel, Intel(R) Iris(R) Xe Graphics (0x00009A49) Direct3D11 vs_5_0 ps_5_0, D3D11)",0,17,10,1,128,1.22.33,0,Chrome 130,3,3,3,-1,2,119.084755,76.60937,DEFAULT,1,N/A,2024-10-26T14:55:50.5600000Z,N/A,N/A
87,2024-10-26T14:55:50.5600000Z,851710fe-0e1d-4a72-aedf-f34f032442c1,WPI6_172995d42826h37,Successful,0,Real,Windows 10,799,1198,Eastern Standard Time,"ANGLE (Intel, Intel(R) Iris(R) Xe Graphics (0x00009A49) Direct3D11 vs_5_0 ps_5_0, D3D11)",0,17,10,1,128,1.22.33,0,Chrome 130,3,8,8,-1,3,116.679871,171.701263,DEFAULT,1,N/A,2024-10-26T14:55:50.5600000Z,N/A,N/A
88,2024-10-26T14:55:50.5600000Z,851710fe-0e1d-4a72-aedf-f34f032442c1,WPI6_172995d42826h37,Successful,0,Real,Windows 10,799,1198,Eastern Standard Time,"ANGLE (Intel, Intel(R) Iris(R) Xe Graphics (0x00009A49) Direct3D11 vs_5_0 ps_5_0, D3D11)",0,17,10,1,128,1.22.33,0,Chrome 130,3,35,35,-1,4,117.136688,138.253784,DEFAULT,1,N/A,2024-10-26T14:55:50.5600000Z,N/A,N/A
89,2024-10-26T14:55:50.5600000Z,851710fe-0e1d-4a72-aedf-f34f032442c1,WPI6_172995d42826h37,Successful,0,Real,Windows 10,799,1198,Eastern Standard Time,"ANGLE (Intel, Intel(R) Iris(R) Xe Graphics (0x00009A49) Direct3D11 vs_5_0 ps_5_0, D3D11)",0,17,10,1,128,1.22.33,0,Chrome 130,3,97,97,-1,5,116.191963,161.084137,DEFAULT,1,N/A,2024-10-26T14:55:50.5600000Z,N/A,N/A
90,2024-10-26T14:55:50.5600000Z,851710fe-0e1d-4a72-aedf-f34f032442c1,WPI6_172995d42826h37,Successful,0,Real,Windows 10,799,1198,Eastern Standard Time,"ANGLE (Intel, Intel(R) Iris(R) Xe Graphics (0x00009A49) Direct3D11 vs_5_0 ps_5_0, D3D11)",0,17,10,1,128,1.22.33,0,Chrome 130,3,-1,-1,-1,6,116.419456,171.117813,DEFAULT,1,N/A,2024-10-26T14:55:50.5600000Z,N/A,N/A
91,2024-10-27T00:21:48.7290000Z,851710fe-0e1d-4a72-aedf-f34f032442c1,WPI6_1o72998d8194381,Successful,0,Real,Mac OS X 10_15_7,1424,2396,Eastern Standard Time,"ANGLE (Apple, ANGLE Metal Renderer: Apple M1, Unspecified Version)",0,17,10,1,128,1.22.33,0,Chrome 128,3,12,12,-1,0,120.598114,57.6301842,DEFAULT,1,N/A,2024-10-27T00:21:48.7290000Z,N/A,N/A
92,2024-10-27T00:21:48.7290000Z,851710fe-0e1d-4a72-aedf-f34f032442c1,WPI6_1o72998d8194381,Successful,0,Real,Mac OS X 10_15_7,1424,2396,Eastern Standard Time,"ANGLE (Apple, ANGLE Metal Renderer: Apple M1, Unspecified Version)",0,17,10,1,128,1.22.33,0,Chrome 128,3,45,45,-1,1,120.548553,47.602272,DEFAULT,1,N/A,2024-10-27T00:21:48.7290000Z,N/A,N/A
93,2024-10-27T00:21:48.7290000Z,851710fe-0e1d-4a72-aedf-f34f032442c1,WPI6_1o72998d8194381,Successful,0,Real,Mac OS X 10_15_7,1424,2396,Eastern Standard Time,"ANGLE (Apple, ANGLE Metal Renderer: Apple M1, Unspecified Version)",0,17,10,1,128,1.22.33,0,Chrome 128,3,26,26,-1,2,120.226959,54.653553,DEFAULT,1,N/A,2024-10-27T00:21:48.7290000Z,N/A,N/A
94,2024-10-27T00:21:48.7290000Z,851710fe-0e1d-4a72-aedf-f34f032442c1,WPI6_1o72998d8194381,Successful,0,Real,Mac OS X 10_15_7,1424,2396,Eastern Standard Time,"ANGLE (Apple, ANGLE Metal Renderer: Apple M1, Unspecified Version)",0,17,10,1,128,1.22.33,0,Chrome 128,3,-1,-1,-1,3,120.736389,59.38108,DEFAULT,1,N/A,2024-10-27T00:21:48.7290000Z,N/A,N/A
95,2024-10-27T00:21:48.7290000Z,851710fe-0e1d-4a72-aedf-f34f032442c1,WPI6_1o72998d8194381,Successful,0,Real,Mac OS X 10_15_7,1424,2396,Eastern Standard Time,"ANGLE (Apple, ANGLE Metal Renderer: Apple M1, Unspecified Version)",0,17,10,1,128,1.22.33,0,Chrome 128,3,7,7,-1,4,119.944847,60.54929,DEFAULT,1,N/A,2024-10-27T00:21:48.7290000Z,N/A,N/A
96,2024-10-27T00:21:48.7290000Z,851710fe-0e1d-4a72-aedf-f34f032442c1,WPI6_1o72998d8194381,Successful,0,Real,Mac OS X 10_15_7,1424,2396,Eastern Standard Time,"ANGLE (Apple, ANGLE Metal Renderer: Apple M1, Unspecified Version)",0,17,10,1,128,1.22.33,0,Chrome 128,3,15,15,-1,5,120.45993,42.48758,DEFAULT,1,N/A,2024-10-27T00:21:48.7290000Z,N/A,N/A
97,2024-10-27T00:21:48.7290000Z,851710fe-0e1d-4a72-aedf-f34f032442c1,WPI6_1o72998d8194381,Successful,0,Real,Mac OS X 10_15_7,1424,2396,Eastern Standard Time,"ANGLE (Apple, ANGLE Metal Renderer: Apple M1, Unspecified Version)",0,17,10,1,128,1.22.33,0,Chrome 128,3,29,29,-1,6,120.566582,49.1208763,DEFAULT,1,N/A,2024-10-27T00:21:48.7290000Z,N/A,N/A
98,2024-10-27T01:00:05.0410000Z,851710fe-0e1d-4a72-aedf-f34f032442c1,WPI6_1v729990s628152,Successful,0,Real,Windows 10,799,1198,Eastern Standard Time,"ANGLE (Intel, Intel(R) HD Graphics 400 Direct3D11 vs_5_0 ps_5_0), or similar",0,17,10,1,128,1.22.33,0,Firefox 131,3,12,12,-1,0,64.33637,8.718454,DEFAULT,1,N/A,2024-10-27T01:00:05.0410000Z,N/A,N/A
99,2024-10-27T01:00:05.0410000Z,851710fe-0e1d-4a72-aedf-f34f032442c1,WPI6_1v729990s628152,Successful,0,Real,Windows 10,799,1198,Eastern Standard Time,"ANGLE (Intel, Intel(R) HD Graphics 400 Direct3D11 vs_5_0 ps_5_0), or similar",0,17,10,1,128,1.22.33,0,Firefox 131,3,73,73,-1,1,64.2526245,10.5547657,DEFAULT,1,N/A,2024-10-27T01:00:05.0410000Z,N/A,N/A
100,2024-10-27T01:00:05.0410000Z,851710fe-0e1d-4a72-aedf-f34f032442c1,WPI6_1v729990s628152,Successful,0,Real,Windows 10,799,1198,Eastern Standard Time,"ANGLE (Intel, Intel(R) HD Graphics 400 Direct3D11 vs_5_0 ps_5_0), or similar",0,17,10,1,128,1.22.33,0,Firefox 131,3,-1,-1,-1,2,64.2514343,10.5830851,DEFAULT,1,N/A,2024-10-27T01:00:05.0410000Z,N/A,N/A
101,2024-10-27T01:00:05.0410000Z,851710fe-0e1d-4a72-aedf-f34f032442c1,WPI6_1v729990s628152,Successful,0,Real,Windows 10,799,1198,Eastern Standard Time,"ANGLE (Intel, Intel(R) HD Graphics 400 Direct3D11 vs_5_0 ps_5_0), or similar",0,17,10,1,128,1.22.33,0,Firefox 131,3,57,57,-1,3,64.33151,11.5699883,DEFAULT,1,N/A,2024-10-27T01:00:05.0410000Z,N/A,N/A
102,2024-10-27T01:00:05.0410000Z,851710fe-0e1d-4a72-aedf-f34f032442c1,WPI6_1v729990s628152,Successful,0,Real,Windows 10,799,1198,Eastern Standard Time,"ANGLE (Intel, Intel(R) HD Graphics 400 Direct3D11 vs_5_0 ps_5_0), or similar",0,17,10,1,128,1.22.33,0,Firefox 131,3,6,6,-1,4,64.09116,11.7177467,DEFAULT,1,N/A,2024-10-27T01:00:05.0410000Z,N/A,N/A
103,2024-10-27T01:00:05.0410000Z,851710fe-0e1d-4a72-aedf-f34f032442c1,WPI6_1v729990s628152,Successful,0,Real,Windows 10,799,1198,Eastern Standard Time,"ANGLE (Intel, Intel(R) HD Graphics 400 Direct3D11 vs_5_0 ps_5_0), or similar",0,17,10,1,128,1.22.33,0,Firefox 131,3,5,5,-1,5,63.9891357,7.917893,DEFAULT,1,N/A,2024-10-27T01:00:05.0410000Z,N/A,N/A
104,2024-10-27T01:00:05.0410000Z,851710fe-0e1d-4a72-aedf-f34f032442c1,WPI6_1v729990s628152,Successful,0,Real,Windows 10,799,1198,Eastern Standard Time,"ANGLE (Intel, Intel(R) HD Graphics 400 Direct3D11 vs_5_0 ps_5_0), or similar",0,17,10,1,128,1.22.33,0,Firefox 131,3,26,26,-1,6,64.06994,9.835416,DEFAULT,1,N/A,2024-10-27T01:00:05.0410000Z,N/A,N/A
105,2024-10-27T01:53:16.1050000Z,851710fe-0e1d-4a72-aedf-f34f032442c1,WPI6_17299937o1947y5,Successful,0,Real,Mac OS X 10_15_7,1556,2396,Eastern Standard Time,"ANGLE (Apple, ANGLE Metal Renderer: Apple M2, Unspecified Version)",0,17,10,1,128,1.22.33,0,Chrome 128,3,12,12,-1,0,119.525429,52.83384,DEFAULT,1,N/A,2024-10-27T01:53:16.1050000Z,N/A,N/A
106,2024-10-27T01:53:16.1050000Z,851710fe-0e1d-4a72-aedf-f34f032442c1,WPI6_17299937o1947y5,Successful,0,Real,Mac OS X 10_15_7,1556,2396,Eastern Standard Time,"ANGLE (Apple, ANGLE Metal Renderer: Apple M2, Unspecified Version)",0,17,10,1,128,1.22.33,0,Chrome 128,3,7,7,-1,1,120.923676,51.0475922,DEFAULT,1,N/A,2024-10-27T01:53:16.1050000Z,N/A,N/A
107,2024-10-27T01:53:16.1050000Z,851710fe-0e1d-4a72-aedf-f34f032442c1,WPI6_17299937o1947y5,Successful,0,Real,Mac OS X 10_15_7,1556,2396,Eastern Standard Time,"ANGLE (Apple, ANGLE Metal Renderer: Apple M2, Unspecified Version)",0,17,10,1,128,1.22.33,0,Chrome 128,3,-1,-1,-1,2,120.256966,55.051693,DEFAULT,1,N/A,2024-10-27T01:53:16.1050000Z,N/A,N/A
108,2024-10-27T01:53:16.1050000Z,851710fe-0e1d-4a72-aedf-f34f032442c1,WPI6_17299937o1947y5,Successful,0,Real,Mac OS X 10_15_7,1556,2396,Eastern Standard Time,"ANGLE (Apple, ANGLE Metal Renderer: Apple M2, Unspecified Version)",0,17,10,1,128,1.22.33,0,Chrome 128,3,26,26,-1,3,119.930756,52.4083138,DEFAULT,1,N/A,2024-10-27T01:53:16.1050000Z,N/A,N/A
109,2024-10-27T01:53:16.1050000Z,851710fe-0e1d-4a72-aedf-f34f032442c1,WPI6_17299937o1947y5,Successful,0,Real,Mac OS X 10_15_7,1556,2396,Eastern Standard Time,"ANGLE (Apple, ANGLE Metal Renderer: Apple M2, Unspecified Version)",0,17,10,1,128,1.22.33,0,Chrome 128,3,97,97,-1,4,121.0624,57.12623,DEFAULT,1,N/A,2024-10-27T01:53:16.1050000Z,N/A,N/A
110,2024-10-27T01:53:16.1050000Z,851710fe-0e1d-4a72-aedf-f34f032442c1,WPI6_17299937o1947y5,Successful,0,Real,Mac OS X 10_15_7,1556,2396,Eastern Standard Time,"ANGLE (Apple, ANGLE Metal Renderer: Apple M2, Unspecified Version)",0,17,10,1,128,1.22.33,0,Chrome 128,3,57,57,-1,5,120.932907,69.28924,DEFAULT,1,N/A,2024-10-27T01:53:16.1050000Z,N/A,N/A
111,2024-10-27T01:53:16.1050000Z,851710fe-0e1d-4a72-aedf-f34f032442c1,WPI6_17299937o1947y5,Successful,0,Real,Mac OS X 10_15_7,1556,2396,Eastern Standard Time,"ANGLE (Apple, ANGLE Metal Renderer: Apple M2, Unspecified Version)",0,17,10,1,128,1.22.33,0,Chrome 128,3,74,74,-1,6,119.813896,39.95402,DEFAULT,1,N/A,2024-10-27T01:53:16.1050000Z,N/A,N/A
112,2024-10-28T15:48:45.8530000Z,851710fe-0e1d-4a72-aedf-f34f032442c1,WPI6_1f730130297q771,Successful,0,Real,Mac OS X 10_15_7,1376,2396,Eastern Standard Time,"ANGLE (Intel, ANGLE Metal Renderer: Intel(R) Iris(TM) Plus Graphics 655, Unspecified Version)",0,17,10,1,128,1.22.33,0,Chrome 130,3,12,12,-1,0,123.62275700000001,69.14459,DEFAULT,1,N/A,2024-10-28T15:48:45.8530000Z,N/A,N/A
113,2024-10-28T15:48:45.8530000Z,851710fe-0e1d-4a72-aedf-f34f032442c1,WPI6_1f730130297q771,Successful,0,Real,Mac OS X 10_15_7,1376,2396,Eastern Standard Time,"ANGLE (Intel, ANGLE Metal Renderer: Intel(R) Iris(TM) Plus Graphics 655, Unspecified Version)",0,17,10,1,128,1.22.33,0,Chrome 130,3,-1,-1,-1,1,122.249168,84.06071,DEFAULT,1,N/A,2024-10-28T15:48:45.8530000Z,N/A,N/A
114,2024-10-28T15:48:45.8530000Z,851710fe-0e1d-4a72-aedf-f34f032442c1,WPI6_1f730130297q771,Successful,0,Real,Mac OS X 10_15_7,1376,2396,Eastern Standard Time,"ANGLE (Intel, ANGLE Metal Renderer: Intel(R) Iris(TM) Plus Graphics 655, Unspecified Version)",0,17,10,1,128,1.22.33,0,Chrome 130,3,42,42,-1,2,122.065475,61.1338959,DEFAULT,1,N/A,2024-10-28T15:48:45.8530000Z,N/A,N/A
115,2024-10-28T15:48:45.8530000Z,851710fe-0e1d-4a72-aedf-f34f032442c1,WPI6_1f730130297q771,Successful,0,Real,Mac OS X 10_15_7,1376,2396,Eastern Standard Time,"ANGLE (Intel, ANGLE Metal Renderer: Intel(R) Iris(TM) Plus Graphics 655, Unspecified Version)",0,17,10,1,128,1.22.33,0,Chrome 130,3,97,97,-1,3,122.110291,54.36892,DEFAULT,1,N/A,2024-10-28T15:48:45.8530000Z,N/A,N/A
116,2024-10-28T15:48:45.8530000Z,851710fe-0e1d-4a72-aedf-f34f032442c1,WPI6_1f730130297q771,Successful,0,Real,Mac OS X 10_15_7,1376,2396,Eastern Standard Time,"ANGLE (Intel, ANGLE Metal Renderer: Intel(R) Iris(TM) Plus Graphics 655, Unspecified Version)",0,17,10,1,128,1.22.33,0,Chrome 130,3,3,3,-1,4,122.1271,53.3582458,DEFAULT,1,N/A,2024-10-28T15:48:45.8530000Z,N/A,N/A
117,2024-10-28T15:48:45.8530000Z,851710fe-0e1d-4a72-aedf-f34f032442c1,WPI6_1f730130297q771,Successful,0,Real,Mac OS X 10_15_7,1376,2396,Eastern Standard Time,"ANGLE (Intel, ANGLE Metal Renderer: Intel(R) Iris(TM) Plus Graphics 655, Unspecified Version)",0,17,10,1,128,1.22.33,0,Chrome 130,3,5,5,-1,5,121.216393,53.850563,DEFAULT,1,N/A,2024-10-28T15:48:45.8530000Z,N/A,N/A
118,2024-10-28T15:48:45.8530000Z,851710fe-0e1d-4a72-aedf-f34f032442c1,WPI6_1f730130297q771,Successful,0,Real,Mac OS X 10_15_7,1376,2396,Eastern Standard Time,"ANGLE (Intel, ANGLE Metal Renderer: Intel(R) Iris(TM) Plus Graphics 655, Unspecified Version)",0,17,10,1,128,1.22.33,0,Chrome 130,3,6,6,-1,6,122.341049,68.71249,DEFAULT,1,N/A,2024-10-28T15:48:45.8530000Z,N/A,N/A
119,2024-10-28T21:26:20.2100000Z,851710fe-0e1d-4a72-aedf-f34f032442c1,WPI6_17299937o1947y5,Successful,1,Real,Mac OS X 10_15_7,1556,2396,Eastern Standard Time,"ANGLE (Apple, ANGLE Metal Renderer: Apple M2, Unspecified Version)",0,17,10,1,128,1.22.33,0,Chrome 128,3,12,12,-1,0,120.029358,67.79947,DEFAULT,1,N/A,2024-10-28T21:26:20.2100000Z,N/A,N/A
120,2024-10-28T21:26:20.2100000Z,851710fe-0e1d-4a72-aedf-f34f032442c1,WPI6_17299937o1947y5,Successful,1,Real,Mac OS X 10_15_7,1556,2396,Eastern Standard Time,"ANGLE (Apple, ANGLE Metal Renderer: Apple M2, Unspecified Version)",0,17,10,1,128,1.22.33,0,Chrome 128,3,5,5,-1,1,120.585823,41.8985748,DEFAULT,1,N/A,2024-10-28T21:26:20.2100000Z,N/A,N/A
121,2024-10-28T21:26:20.2100000Z,851710fe-0e1d-4a72-aedf-f34f032442c1,WPI6_17299937o1947y5,Successful,1,Real,Mac OS X 10_15_7,1556,2396,Eastern Standard Time,"ANGLE (Apple, ANGLE Metal Renderer: Apple M2, Unspecified Version)",0,17,10,1,128,1.22.33,0,Chrome 128,3,3,3,-1,2,120.42849,35.574646,DEFAULT,1,N/A,2024-10-28T21:26:20.2100000Z,N/A,N/A
122,2024-10-28T21:26:20.2100000Z,851710fe-0e1d-4a72-aedf-f34f032442c1,WPI6_17299937o1947y5,Successful,1,Real,Mac OS X 10_15_7,1556,2396,Eastern Standard Time,"ANGLE (Apple, ANGLE Metal Renderer: Apple M2, Unspecified Version)",0,17,10,1,128,1.22.33,0,Chrome 128,3,8,8,-1,3,120.332237,55.91302,DEFAULT,1,N/A,2024-10-28T21:26:20.2100000Z,N/A,N/A
123,2024-10-28T21:26:20.2100000Z,851710fe-0e1d-4a72-aedf-f34f032442c1,WPI6_17299937o1947y5,Successful,1,Real,Mac OS X 10_15_7,1556,2396,Eastern Standard Time,"ANGLE (Apple, ANGLE Metal Renderer: Apple M2, Unspecified Version)",0,17,10,1,128,1.22.33,0,Chrome 128,3,-1,-1,-1,4,120.727707,53.3870354,DEFAULT,1,N/A,2024-10-28T21:26:20.2100000Z,N/A,N/A
124,2024-10-28T21:26:20.2100000Z,851710fe-0e1d-4a72-aedf-f34f032442c1,WPI6_17299937o1947y5,Successful,1,Real,Mac OS X 10_15_7,1556,2396,Eastern Standard Time,"ANGLE (Apple, ANGLE Metal Renderer: Apple M2, Unspecified Version)",0,17,10,1,128,1.22.33,0,Chrome 128,3,42,42,-1,5,121.2232,47.8478622,DEFAULT,1,N/A,2024-10-28T21:26:20.2100000Z,N/A,N/A
125,2024-10-28T21:26:20.2100000Z,851710fe-0e1d-4a72-aedf-f34f032442c1,WPI6_17299937o1947y5,Successful,1,Real,Mac OS X 10_15_7,1556,2396,Eastern Standard Time,"ANGLE (Apple, ANGLE Metal Renderer: Apple M2, Unspecified Version)",0,17,10,1,128,1.22.33,0,Chrome 128,3,97,97,-1,6,120.760422,43.6816635,DEFAULT,1,N/A,2024-10-28T21:26:20.2100000Z,N/A,N/A
126,2024-10-29T18:03:10.4450000Z,851710fe-0e1d-4a72-aedf-f34f032442c1,WPI6_17302246zq87473,Successful,0,Real,Windows 10,1598,2396,Eastern Standard Time,"ANGLE (AMD, AMD RadeonT 680M (0x00001681) Direct3D11 vs_5_0 ps_5_0, D3D11)",0,17,10,1,128,1.22.33,0,Chrome 130,3,12,12,-1,0,78.68243,693.5488,DEFAULT,1,N/A,2024-10-29T18:03:10.4450000Z,N/A,N/A
127,2024-10-29T18:03:10.4450000Z,851710fe-0e1d-4a72-aedf-f34f032442c1,WPI6_17302246zq87473,Successful,0,Real,Windows 10,1598,2396,Eastern Standard Time,"ANGLE (AMD, AMD RadeonT 680M (0x00001681) Direct3D11 vs_5_0 ps_5_0, D3D11)",0,17,10,1,128,1.22.33,0,Chrome 130,3,74,74,-1,1,82.42784,706.466736,DEFAULT,1,N/A,2024-10-29T18:03:10.4450000Z,N/A,N/A
128,2024-10-29T18:03:10.4450000Z,851710fe-0e1d-4a72-aedf-f34f032442c1,WPI6_17302246zq87473,Successful,0,Real,Windows 10,1598,2396,Eastern Standard Time,"ANGLE (AMD, AMD RadeonT 680M (0x00001681) Direct3D11 vs_5_0 ps_5_0, D3D11)",0,17,10,1,128,1.22.33,0,Chrome 130,3,73,73,-1,2,65.0029,362.405975,DEFAULT,1,N/A,2024-10-29T18:03:10.4450000Z,N/A,N/A
129,2024-10-29T18:03:10.4450000Z,851710fe-0e1d-4a72-aedf-f34f032442c1,WPI6_17302246zq87473,Successful,0,Real,Windows 10,1598,2396,Eastern Standard Time,"ANGLE (AMD, AMD RadeonT 680M (0x00001681) Direct3D11 vs_5_0 ps_5_0, D3D11)",0,17,10,1,128,1.22.33,0,Chrome 130,3,8,8,-1,3,86.9801,751.9013,DEFAULT,1,N/A,2024-10-29T18:03:10.4450000Z,N/A,N/A
130,2024-10-29T18:03:10.4450000Z,851710fe-0e1d-4a72-aedf-f34f032442c1,WPI6_17302246zq87473,Successful,0,Real,Windows 10,1598,2396,Eastern Standard Time,"ANGLE (AMD, AMD RadeonT 680M (0x00001681) Direct3D11 vs_5_0 ps_5_0, D3D11)",0,17,10,1,128,1.22.33,0,Chrome 130,3,42,42,-1,4,67.34936,615.8494,DEFAULT,1,N/A,2024-10-29T18:03:10.4450000Z,N/A,N/A
131,2024-10-29T18:03:10.4450000Z,851710fe-0e1d-4a72-aedf-f34f032442c1,WPI6_17302246zq87473,Successful,0,Real,Windows 10,1598,2396,Eastern Standard Time,"ANGLE (AMD, AMD RadeonT 680M (0x00001681) Direct3D11 vs_5_0 ps_5_0, D3D11)",0,17,10,1,128,1.22.33,0,Chrome 130,3,-1,-1,-1,5,80.60323,662.895447,DEFAULT,1,N/A,2024-10-29T18:03:10.4450000Z,N/A,N/A
132,2024-10-29T18:03:10.4450000Z,851710fe-0e1d-4a72-aedf-f34f032442c1,WPI6_17302246zq87473,Successful,0,Real,Windows 10,1598,2396,Eastern Standard Time,"ANGLE (AMD, AMD RadeonT 680M (0x00001681) Direct3D11 vs_5_0 ps_5_0, D3D11)",0,17,10,1,128,1.22.33,0,Chrome 130,3,97,97,-1,6,79.76081,687.251953,DEFAULT,1,N/A,2024-10-29T18:03:10.4450000Z,N/A,N/A
133,2024-10-31T14:32:02.1870000Z,851710fe-0e1d-4a72-aedf-f34f032442c1,WPI6_173038474v3d659,Successful,0,Real,Mac OS X 10_15_7,1556,2396,Eastern Standard Time,"ANGLE (Intel, ANGLE Metal Renderer: Intel(R) Iris(TM) Plus Graphics, Unspecified Version)",0,17,10,1,128,1.22.33,0,Chrome 129,3,12,12,-1,0,87.2880554,668.8902,DEFAULT,1,N/A,2024-10-31T14:32:02.1870000Z,N/A,N/A
134,2024-10-31T14:32:02.1870000Z,851710fe-0e1d-4a72-aedf-f34f032442c1,WPI6_173038474v3d659,Successful,0,Real,Mac OS X 10_15_7,1556,2396,Eastern Standard Time,"ANGLE (Intel, ANGLE Metal Renderer: Intel(R) Iris(TM) Plus Graphics, Unspecified Version)",0,17,10,1,128,1.22.33,0,Chrome 129,3,-1,-1,-1,1,90.3549347,693.9276,DEFAULT,1,N/A,2024-10-31T14:32:02.1870000Z,N/A,N/A
135,2024-10-31T14:32:02.1870000Z,851710fe-0e1d-4a72-aedf-f34f032442c1,WPI6_173038474v3d659,Successful,0,Real,Mac OS X 10_15_7,1556,2396,Eastern Standard Time,"ANGLE (Intel, ANGLE Metal Renderer: Intel(R) Iris(TM) Plus Graphics, Unspecified Version)",0,17,10,1,128,1.22.33,0,Chrome 129,3,96,96,-1,2,86.6881,652.780945,DEFAULT,1,N/A,2024-10-31T14:32:02.1870000Z,N/A,N/A
136,2024-10-31T14:32:02.1870000Z,851710fe-0e1d-4a72-aedf-f34f032442c1,WPI6_173038474v3d659,Successful,0,Real,Mac OS X 10_15_7,1556,2396,Eastern Standard Time,"ANGLE (Intel, ANGLE Metal Renderer: Intel(R) Iris(TM) Plus Graphics, Unspecified Version)",0,17,10,1,128,1.22.33,0,Chrome 129,3,73,73,-1,3,87.13723,676.400757,DEFAULT,1,N/A,2024-10-31T14:32:02.1870000Z,N/A,N/A
137,2024-10-31T14:32:02.1870000Z,851710fe-0e1d-4a72-aedf-f34f032442c1,WPI6_173038474v3d659,Successful,0,Real,Mac OS X 10_15_7,1556,2396,Eastern Standard Time,"ANGLE (Intel, ANGLE Metal Renderer: Intel(R) Iris(TM) Plus Graphics, Unspecified Version)",0,17,10,1,128,1.22.33,0,Chrome 129,3,3,3,-1,4,87.8973541,641.590332,DEFAULT,1,N/A,2024-10-31T14:32:02.1870000Z,N/A,N/A
138,2024-10-31T14:32:02.1870000Z,851710fe-0e1d-4a72-aedf-f34f032442c1,WPI6_173038474v3d659,Successful,0,Real,Mac OS X 10_15_7,1556,2396,Eastern Standard Time,"ANGLE (Intel, ANGLE Metal Renderer: Intel(R) Iris(TM) Plus Graphics, Unspecified Version)",0,17,10,1,128,1.22.33,0,Chrome 129,3,6,6,-1,5,87.20403,671.6742,DEFAULT,1,N/A,2024-10-31T14:32:02.1870000Z,N/A,N/A
139,2024-10-31T14:32:02.1870000Z,851710fe-0e1d-4a72-aedf-f34f032442c1,WPI6_173038474v3d659,Successful,0,Real,Mac OS X 10_15_7,1556,2396,Eastern Standard Time,"ANGLE (Intel, ANGLE Metal Renderer: Intel(R) Iris(TM) Plus Graphics, Unspecified Version)",0,17,10,1,128,1.22.33,0,Chrome 129,3,29,29,-1,6,88.91305,680.4278,DEFAULT,1,N/A,2024-10-31T14:32:02.1870000Z,N/A,N/A
140,2024-10-31T18:53:51.5810000Z,851710fe-0e1d-4a72-aedf-f34f032442c1,WPI6_1i7304e00496415,Successful,0,Real,Windows 10,626,1198,Eastern Standard Time,"ANGLE (Intel, Intel(R) UHD Graphics 600 (0x00003185) Direct3D11 vs_5_0 ps_5_0, D3D11)",0,17,10,1,128,1.22.33,0,Chrome 130,3,12,12,-1,0,48.8444824,981.119,DEFAULT,1,N/A,2024-10-31T18:53:51.5810000Z,N/A,N/A
141,2024-10-31T18:53:51.5810000Z,851710fe-0e1d-4a72-aedf-f34f032442c1,WPI6_1i7304e00496415,Successful,0,Real,Windows 10,626,1198,Eastern Standard Time,"ANGLE (Intel, Intel(R) UHD Graphics 600 (0x00003185) Direct3D11 vs_5_0 ps_5_0, D3D11)",0,17,10,1,128,1.22.33,0,Chrome 130,3,73,73,-1,1,48.5273476,995.3813,DEFAULT,1,N/A,2024-10-31T18:53:51.5810000Z,N/A,N/A
142,2024-10-31T18:53:51.5810000Z,851710fe-0e1d-4a72-aedf-f34f032442c1,WPI6_1i7304e00496415,Successful,0,Real,Windows 10,626,1198,Eastern Standard Time,"ANGLE (Intel, Intel(R) UHD Graphics 600 (0x00003185) Direct3D11 vs_5_0 ps_5_0, D3D11)",0,17,10,1,128,1.22.33,0,Chrome 130,3,-1,8,-1,2,43.8666153,1057.46509,DEFAULT,0,N/A,2024-10-31T18:53:51.5810000Z,N/A,N/A
143,2024-10-31T18:53:51.5810000Z,851710fe-0e1d-4a72-aedf-f34f032442c1,WPI6_1i7304e00496415,Successful,0,Real,Windows 10,626,1198,Eastern Standard Time,"ANGLE (Intel, Intel(R) UHD Graphics 600 (0x00003185) Direct3D11 vs_5_0 ps_5_0, D3D11)",0,17,10,1,128,1.22.33,0,Chrome 130,3,42,42,-1,3,51.3270454,1116.77075,DEFAULT,1,N/A,2024-10-31T18:53:51.5810000Z,N/A,N/A
144,2024-10-31T18:53:51.5810000Z,851710fe-0e1d-4a72-aedf-f34f032442c1,WPI6_1i7304e00496415,Successful,0,Real,Windows 10,626,1198,Eastern Standard Time,"ANGLE (Intel, Intel(R) UHD Graphics 600 (0x00003185) Direct3D11 vs_5_0 ps_5_0, D3D11)",0,17,10,1,128,1.22.33,0,Chrome 130,3,74,74,-1,4,51.0656548,560.208557,DEFAULT,1,N/A,2024-10-31T18:53:51.5810000Z,N/A,N/A
145,2024-10-31T18:53:51.5810000Z,851710fe-0e1d-4a72-aedf-f34f032442c1,WPI6_1i7304e00496415,Successful,0,Real,Windows 10,626,1198,Eastern Standard Time,"ANGLE (Intel, Intel(R) UHD Graphics 600 (0x00003185) Direct3D11 vs_5_0 ps_5_0, D3D11)",0,17,10,1,128,1.22.33,0,Chrome 130,3,57,57,-1,5,48.0464058,485.07196,DEFAULT,1,N/A,2024-10-31T18:53:51.5810000Z,N/A,N/A
146,2024-10-31T18:53:51.5810000Z,851710fe-0e1d-4a72-aedf-f34f032442c1,WPI6_1i7304e00496415,Successful,0,Real,Windows 10,626,1198,Eastern Standard Time,"ANGLE (Intel, Intel(R) UHD Graphics 600 (0x00003185) Direct3D11 vs_5_0 ps_5_0, D3D11)",0,17,10,1,128,1.22.33,0,Chrome 130,3,2,2,-1,6,46.3826828,715.837769,DEFAULT,1,N/A,2024-10-31T18:53:51.5810000Z,N/A,N/A
147,2024-10-31T23:57:24.0560000Z,851710fe-0e1d-4a72-aedf-f34f032442c1,WPI6_17pd30418782931,Successful,0,Real,Mac OS X 10_15_7,1598,2396,Eastern Standard Time,"ANGLE (Apple, ANGLE Metal Renderer: Apple M2, Unspecified Version)",0,17,10,1,128,1.22.33,0,Chrome 130,3,12,12,-1,0,117.719887,159.3249,DEFAULT,1,N/A,2024-10-31T23:57:24.0560000Z,N/A,N/A
148,2024-10-31T23:57:24.0560000Z,851710fe-0e1d-4a72-aedf-f34f032442c1,WPI6_17pd30418782931,Successful,0,Real,Mac OS X 10_15_7,1598,2396,Eastern Standard Time,"ANGLE (Apple, ANGLE Metal Renderer: Apple M2, Unspecified Version)",0,17,10,1,128,1.22.33,0,Chrome 130,3,3,3,-1,1,120.581215,45.9799767,DEFAULT,1,N/A,2024-10-31T23:57:24.0560000Z,N/A,N/A
149,2024-10-31T23:57:24.0560000Z,851710fe-0e1d-4a72-aedf-f34f032442c1,WPI6_17pd30418782931,Successful,0,Real,Mac OS X 10_15_7,1598,2396,Eastern Standard Time,"ANGLE (Apple, ANGLE Metal Renderer: Apple M2, Unspecified Version)",0,17,10,1,128,1.22.33,0,Chrome 130,3,26,26,-1,2,119.871223,52.2955437,DEFAULT,1,N/A,2024-10-31T23:57:24.0560000Z,N/A,N/A
150,2024-10-31T23:57:24.0560000Z,851710fe-0e1d-4a72-aedf-f34f032442c1,WPI6_17pd30418782931,Successful,0,Real,Mac OS X 10_15_7,1598,2396,Eastern Standard Time,"ANGLE (Apple, ANGLE Metal Renderer: Apple M2, Unspecified Version)",0,17,10,1,128,1.22.33,0,Chrome 130,3,6,6,-1,3,120.194756,51.6346626,DEFAULT,1,N/A,2024-10-31T23:57:24.0560000Z,N/A,N/A
151,2024-10-31T23:57:24.0560000Z,851710fe-0e1d-4a72-aedf-f34f032442c1,WPI6_17pd30418782931,Successful,0,Real,Mac OS X 10_15_7,1598,2396,Eastern Standard Time,"ANGLE (Apple, ANGLE Metal Renderer: Apple M2, Unspecified Version)",0,17,10,1,128,1.22.33,0,Chrome 130,3,6,6,-1,4,119.613869,44.33918,DEFAULT,1,N/A,2024-10-31T23:57:24.0560000Z,N/A,N/A
152,2024-10-31T23:57:24.0560000Z,851710fe-0e1d-4a72-aedf-f34f032442c1,WPI6_17pd30418782931,Successful,0,Real,Mac OS X 10_15_7,1598,2396,Eastern Standard Time,"ANGLE (Apple, ANGLE Metal Renderer: Apple M2, Unspecified Version)",0,17,10,1,128,1.22.33,0,Chrome 130,3,16,16,-1,5,120.486191,52.307972,DEFAULT,1,N/A,2024-10-31T23:57:24.0560000Z,N/A,N/A
153,2024-10-31T23:57:24.0560000Z,851710fe-0e1d-4a72-aedf-f34f032442c1,WPI6_17pd30418782931,Successful,0,Real,Mac OS X 10_15_7,1598,2396,Eastern Standard Time,"ANGLE (Apple, ANGLE Metal Renderer: Apple M2, Unspecified Version)",0,17,10,1,128,1.22.33,0,Chrome 130,3,-1,49,-1,6,120.353447,43.0582161,DEFAULT,0,N/A,2024-10-31T23:57:24.0560000Z,N/A,N/A
154,2024-11-01T15:10:02.9110000Z,851710fe-0e1d-4a72-aedf-f34f032442c1,WPI6_173b04029437i39,Successful,0,Real,Windows 10,1011,1797,Eastern Standard Time,"ANGLE (Intel, Intel(R) Iris(R) Xe Graphics (0x0000A7A1) Direct3D11 vs_5_0 ps_5_0, D3D11)",0,17,10,1,128,1.22.33,0,Chrome 129,3,12,12,-1,0,77.78878,421.007019,DEFAULT,1,N/A,2024-11-01T15:10:02.9110000Z,N/A,N/A
155,2024-11-01T15:10:02.9110000Z,851710fe-0e1d-4a72-aedf-f34f032442c1,WPI6_173b04029437i39,Successful,0,Real,Windows 10,1011,1797,Eastern Standard Time,"ANGLE (Intel, Intel(R) Iris(R) Xe Graphics (0x0000A7A1) Direct3D11 vs_5_0 ps_5_0, D3D11)",0,17,10,1,128,1.22.33,0,Chrome 129,3,42,42,-1,1,76.5860748,537.9899,DEFAULT,1,N/A,2024-11-01T15:10:02.9110000Z,N/A,N/A
156,2024-11-01T15:10:02.9110000Z,851710fe-0e1d-4a72-aedf-f34f032442c1,WPI6_173b04029437i39,Successful,0,Real,Windows 10,1011,1797,Eastern Standard Time,"ANGLE (Intel, Intel(R) Iris(R) Xe Graphics (0x0000A7A1) Direct3D11 vs_5_0 ps_5_0, D3D11)",0,17,10,1,128,1.22.33,0,Chrome 129,3,16,16,-1,2,71.74059,382.9233,DEFAULT,1,N/A,2024-11-01T15:10:02.9110000Z,N/A,N/A
157,2024-11-01T15:10:02.9110000Z,851710fe-0e1d-4a72-aedf-f34f032442c1,WPI6_173b04029437i39,Successful,0,Real,Windows 10,1011,1797,Eastern Standard Time,"ANGLE (Intel, Intel(R) Iris(R) Xe Graphics (0x0000A7A1) Direct3D11 vs_5_0 ps_5_0, D3D11)",0,17,10,1,128,1.22.33,0,Chrome 129,3,-1,-1,-1,3,70.58059,373.95517,DEFAULT,1,N/A,2024-11-01T15:10:02.9110000Z,N/A,N/A
158,2024-11-01T15:10:02.9110000Z,851710fe-0e1d-4a72-aedf-f34f032442c1,WPI6_173b04029437i39,Successful,0,Real,Windows 10,1011,1797,Eastern Standard Time,"ANGLE (Intel, Intel(R) Iris(R) Xe Graphics (0x0000A7A1) Direct3D11 vs_5_0 ps_5_0, D3D11)",0,17,10,1,128,1.22.33,0,Chrome 129,3,8,8,-1,4,74.47623,417.5347,DEFAULT,1,N/A,2024-11-01T15:10:02.9110000Z,N/A,N/A
159,2024-11-01T15:10:02.9110000Z,851710fe-0e1d-4a72-aedf-f34f032442c1,WPI6_173b04029437i39,Successful,0,Real,Windows 10,1011,1797,Eastern Standard Time,"ANGLE (Intel, Intel(R) Iris(R) Xe Graphics (0x0000A7A1) Direct3D11 vs_5_0 ps_5_0, D3D11)",0,17,10,1,128,1.22.33,0,Chrome 129,3,5,5,-1,5,71.88902,377.082062,DEFAULT,1,N/A,2024-11-01T15:10:02.9110000Z,N/A,N/A
160,2024-11-01T15:10:02.9110000Z,851710fe-0e1d-4a72-aedf-f34f032442c1,WPI6_173b04029437i39,Successful,0,Real,Windows 10,1011,1797,Eastern Standard Time,"ANGLE (Intel, Intel(R) Iris(R) Xe Graphics (0x0000A7A1) Direct3D11 vs_5_0 ps_5_0, D3D11)",0,17,10,1,128,1.22.33,0,Chrome 129,3,45,45,-1,6,72.40268,428.958435,DEFAULT,1,N/A,2024-11-01T15:10:02.9110000Z,N/A,N/A
161,2024-11-02T03:48:19.1430000Z,851710fe-0e1d-4a72-aedf-f34f032442c1,WPI6_1730519011tt682,Successful,0,Real,Windows 10,1199,1797,GMT,"ANGLE (Intel, Intel(R) UHD Graphics (0x00004626) Direct3D11 vs_5_0 ps_5_0, D3D11)",0,17,6,1,256,1.22.33,0,Chrome 130,3,12,12,-1,0,110.693832,164.926147,DEFAULT,1,N/A,2024-11-02T03:48:19.1430000Z,N/A,N/A
162,2024-11-02T03:48:19.1430000Z,851710fe-0e1d-4a72-aedf-f34f032442c1,WPI6_1730519011tt682,Successful,0,Real,Windows 10,1199,1797,GMT,"ANGLE (Intel, Intel(R) UHD Graphics (0x00004626) Direct3D11 vs_5_0 ps_5_0, D3D11)",0,17,6,1,256,1.22.33,0,Chrome 130,3,42,42,-1,1,102.680969,262.401062,DEFAULT,1,N/A,2024-11-02T03:48:19.1430000Z,N/A,N/A
163,2024-11-02T03:48:19.1430000Z,851710fe-0e1d-4a72-aedf-f34f032442c1,WPI6_1730519011tt682,Successful,0,Real,Windows 10,1199,1797,GMT,"ANGLE (Intel, Intel(R) UHD Graphics (0x00004626) Direct3D11 vs_5_0 ps_5_0, D3D11)",0,17,6,1,256,1.22.33,0,Chrome 130,3,15,15,-1,2,111.641808,138.393768,DEFAULT,1,N/A,2024-11-02T03:48:19.1430000Z,N/A,N/A
164,2024-11-02T03:48:19.1430000Z,851710fe-0e1d-4a72-aedf-f34f032442c1,WPI6_1730519011tt682,Successful,0,Real,Windows 10,1199,1797,GMT,"ANGLE (Intel, Intel(R) UHD Graphics (0x00004626) Direct3D11 vs_5_0 ps_5_0, D3D11)",0,17,6,1,256,1.22.33,0,Chrome 130,3,6,6,-1,3,102.752548,278.295532,DEFAULT,1,N/A,2024-11-02T03:48:19.1430000Z,N/A,N/A
165,2024-11-02T03:48:19.1430000Z,851710fe-0e1d-4a72-aedf-f34f032442c1,WPI6_1730519011tt682,Successful,0,Real,Windows 10,1199,1797,GMT,"ANGLE (Intel, Intel(R) UHD Graphics (0x00004626) Direct3D11 vs_5_0 ps_5_0, D3D11)",0,17,6,1,256,1.22.33,0,Chrome 130,3,2,2,-1,4,114.263969,96.19922,DEFAULT,1,N/A,2024-11-02T03:48:19.1430000Z,N/A,N/A
166,2024-11-02T03:48:19.1430000Z,851710fe-0e1d-4a72-aedf-f34f032442c1,WPI6_1730519011tt682,Successful,0,Real,Windows 10,1199,1797,GMT,"ANGLE (Intel, Intel(R) UHD Graphics (0x00004626) Direct3D11 vs_5_0 ps_5_0, D3D11)",0,17,6,1,256,1.22.33,0,Chrome 130,3,-1,-1,-1,5,115.909027,101.3262,DEFAULT,1,N/A,2024-11-02T03:48:19.1430000Z,N/A,N/A
167,2024-11-02T03:48:19.1430000Z,851710fe-0e1d-4a72-aedf-f34f032442c1,WPI6_1730519011tt682,Successful,0,Real,Windows 10,1199,1797,GMT,"ANGLE (Intel, Intel(R) UHD Graphics (0x00004626) Direct3D11 vs_5_0 ps_5_0, D3D11)",0,17,6,1,256,1.22.33,0,Chrome 130,3,73,73,-1,6,110.151291,181.199524,DEFAULT,1,N/A,2024-11-02T03:48:19.1430000Z,N/A,N/A
168,2024-11-02T03:56:47.3590000Z,851710fe-0e1d-4a72-aedf-f34f032442c1,WPI6_17305q196215x98,Successful,0,Real,Windows 10,1199,1797,GMT,"ANGLE (Intel, Intel(R) UHD Graphics (0x00004626) Direct3D11 vs_5_0 ps_5_0, D3D11)",0,17,6,1,128,1.22.33,0,Chrome 130,3,12,12,-1,0,114.556732,138.231674,DEFAULT,1,N/A,2024-11-02T03:56:47.3590000Z,N/A,N/A
169,2024-11-02T03:56:47.3590000Z,851710fe-0e1d-4a72-aedf-f34f032442c1,WPI6_17305q196215x98,Successful,0,Real,Windows 10,1199,1797,GMT,"ANGLE (Intel, Intel(R) UHD Graphics (0x00004626) Direct3D11 vs_5_0 ps_5_0, D3D11)",0,17,6,1,128,1.22.33,0,Chrome 130,3,6,5,-1,1,109.281021,133.311523,DEFAULT,0,N/A,2024-11-02T03:56:47.3590000Z,N/A,N/A
170,2024-11-02T03:56:47.3590000Z,851710fe-0e1d-4a72-aedf-f34f032442c1,WPI6_17305q196215x98,Successful,0,Real,Windows 10,1199,1797,GMT,"ANGLE (Intel, Intel(R) UHD Graphics (0x00004626) Direct3D11 vs_5_0 ps_5_0, D3D11)",0,17,6,1,128,1.22.33,0,Chrome 130,3,74,74,-1,2,112.266708,162.953476,DEFAULT,1,N/A,2024-11-02T03:56:47.3590000Z,N/A,N/A
171,2024-11-02T03:56:47.3590000Z,851710fe-0e1d-4a72-aedf-f34f032442c1,WPI6_17305q196215x98,Successful,0,Real,Windows 10,1199,1797,GMT,"ANGLE (Intel, Intel(R) UHD Graphics (0x00004626) Direct3D11 vs_5_0 ps_5_0, D3D11)",0,17,6,1,128,1.22.33,0,Chrome 130,3,-1,-1,-1,3,116.910042,90.13803,DEFAULT,1,N/A,2024-11-02T03:56:47.3590000Z,N/A,N/A
172,2024-11-02T03:56:47.3590000Z,851710fe-0e1d-4a72-aedf-f34f032442c1,WPI6_17305q196215x98,Successful,0,Real,Windows 10,1199,1797,GMT,"ANGLE (Intel, Intel(R) UHD Graphics (0x00004626) Direct3D11 vs_5_0 ps_5_0, D3D11)",0,17,6,1,128,1.22.33,0,Chrome 130,3,7,7,-1,4,115.253456,128.274384,DEFAULT,1,N/A,2024-11-02T03:56:47.3590000Z,N/A,N/A
173,2024-11-02T03:56:47.3590000Z,851710fe-0e1d-4a72-aedf-f34f032442c1,WPI6_17305q196215x98,Successful,0,Real,Windows 10,1199,1797,GMT,"ANGLE (Intel, Intel(R) UHD Graphics (0x00004626) Direct3D11 vs_5_0 ps_5_0, D3D11)",0,17,6,1,128,1.22.33,0,Chrome 130,3,35,35,-1,5,108.657158,225.387787,DEFAULT,1,N/A,2024-11-02T03:56:47.3590000Z,N/A,N/A
174,2024-11-02T03:56:47.3590000Z,851710fe-0e1d-4a72-aedf-f34f032442c1,WPI6_17305q196215x98,Successful,0,Real,Windows 10,1199,1797,GMT,"ANGLE (Intel, Intel(R) UHD Graphics (0x00004626) Direct3D11 vs_5_0 ps_5_0, D3D11)",0,17,6,1,128,1.22.33,0,Chrome 130,3,97,97,-1,6,111.306343,164.255936,DEFAULT,1,N/A,2024-11-02T03:56:47.3590000Z,N/A,N/A
175,2024-11-03T21:23:09.3860000Z,851710fe-0e1d-4a72-aedf-f34f032442c1,WPI6_1c730p668698806,Successful,0,Real,Windows 10,765,1198,Eastern Standard Time,"ANGLE (Intel, Intel(R) UHD Graphics (0x00008A56) Direct3D11 vs_5_0 ps_5_0, D3D11)",0,17,10,1,128,1.22.33,0,Chrome 129,3,12,12,-1,0,107.24913,178.067,DEFAULT,1,N/A,2024-11-03T21:23:09.3860000Z,N/A,N/A
176,2024-11-03T21:23:09.3860000Z,851710fe-0e1d-4a72-aedf-f34f032442c1,WPI6_1c730p668698806,Successful,0,Real,Windows 10,765,1198,Eastern Standard Time,"ANGLE (Intel, Intel(R) UHD Graphics (0x00008A56) Direct3D11 vs_5_0 ps_5_0, D3D11)",0,17,10,1,128,1.22.33,0,Chrome 129,3,-1,-1,-1,1,111.209358,196.739639,DEFAULT,1,N/A,2024-11-03T21:23:09.3860000Z,N/A,N/A
177,2024-11-03T21:23:09.3860000Z,851710fe-0e1d-4a72-aedf-f34f032442c1,WPI6_1c730p668698806,Successful,0,Real,Windows 10,765,1198,Eastern Standard Time,"ANGLE (Intel, Intel(R) UHD Graphics (0x00008A56) Direct3D11 vs_5_0 ps_5_0, D3D11)",0,17,10,1,128,1.22.33,0,Chrome 129,3,29,29,-1,2,104.171806,253.642136,DEFAULT,1,N/A,2024-11-03T21:23:09.3860000Z,N/A,N/A
178,2024-11-03T21:23:09.3860000Z,851710fe-0e1d-4a72-aedf-f34f032442c1,WPI6_1c730p668698806,Successful,0,Real,Windows 10,765,1198,Eastern Standard Time,"ANGLE (Intel, Intel(R) UHD Graphics (0x00008A56) Direct3D11 vs_5_0 ps_5_0, D3D11)",0,17,10,1,128,1.22.33,0,Chrome 129,3,15,15,-1,3,104.287193,259.960724,DEFAULT,1,N/A,2024-11-03T21:23:09.3860000Z,N/A,N/A
179,2024-11-03T21:23:09.3860000Z,851710fe-0e1d-4a72-aedf-f34f032442c1,WPI6_1c730p668698806,Successful,0,Real,Windows 10,765,1198,Eastern Standard Time,"ANGLE (Intel, Intel(R) UHD Graphics (0x00008A56) Direct3D11 vs_5_0 ps_5_0, D3D11)",0,17,10,1,128,1.22.33,0,Chrome 129,3,6,6,-1,4,105.891937,271.916473,DEFAULT,1,N/A,2024-11-03T21:23:09.3860000Z,N/A,N/A
180,2024-11-03T21:23:09.3860000Z,851710fe-0e1d-4a72-aedf-f34f032442c1,WPI6_1c730p668698806,Successful,0,Real,Windows 10,765,1198,Eastern Standard Time,"ANGLE (Intel, Intel(R) UHD Graphics (0x00008A56) Direct3D11 vs_5_0 ps_5_0, D3D11)",0,17,10,1,128,1.22.33,0,Chrome 129,3,96,96,-1,5,107.708725,251.06694,DEFAULT,1,N/A,2024-11-03T21:23:09.3860000Z,N/A,N/A
181,2024-11-03T21:23:09.3860000Z,851710fe-0e1d-4a72-aedf-f34f032442c1,WPI6_1c730p668698806,Successful,0,Real,Windows 10,765,1198,Eastern Standard Time,"ANGLE (Intel, Intel(R) UHD Graphics (0x00008A56) Direct3D11 vs_5_0 ps_5_0, D3D11)",0,17,10,1,128,1.22.33,0,Chrome 129,3,5,5,-1,6,110.439217,238.6836,DEFAULT,1,N/A,2024-11-03T21:23:09.3860000Z,N/A,N/A
182,2024-11-04T14:55:32.5550000Z,851710fe-0e1d-4a72-aedf-f34f032442c1,WPI6_173o073186z1469,Successful,0,Real,Mac OS X 10_15_7,1598,2396,Eastern Standard Time,Apple GPU,0,17,10,1,128,1.22.33,0,Safari 18,3,12,12,-1,0,42.7443123,1094.31042,DEFAULT,1,N/A,2024-11-04T14:55:32.5550000Z,N/A,N/A
183,2024-11-04T14:55:32.5550000Z,851710fe-0e1d-4a72-aedf-f34f032442c1,WPI6_173o073186z1469,Successful,0,Real,Mac OS X 10_15_7,1598,2396,Eastern Standard Time,Apple GPU,0,17,10,1,128,1.22.33,0,Safari 18,3,5,5,-1,1,47.6738167,959.858337,DEFAULT,1,N/A,2024-11-04T14:55:32.5550000Z,N/A,N/A
184,2024-11-04T14:55:32.5550000Z,851710fe-0e1d-4a72-aedf-f34f032442c1,WPI6_173o073186z1469,Successful,0,Real,Mac OS X 10_15_7,1598,2396,Eastern Standard Time,Apple GPU,0,17,10,1,128,1.22.33,0,Safari 18,3,2,2,-1,2,34.73743,473.8266,DEFAULT,1,N/A,2024-11-04T14:55:32.5550000Z,N/A,N/A
185,2024-11-04T14:55:32.5550000Z,851710fe-0e1d-4a72-aedf-f34f032442c1,WPI6_173o073186z1469,Successful,0,Real,Mac OS X 10_15_7,1598,2396,Eastern Standard Time,Apple GPU,0,17,10,1,128,1.22.33,0,Safari 18,3,-1,4,-1,3,40.962574,794.048035,DEFAULT,0,N/A,2024-11-04T14:55:32.5550000Z,N/A,N/A
186,2024-11-04T14:55:32.5550000Z,851710fe-0e1d-4a72-aedf-f34f032442c1,WPI6_173o073186z1469,Successful,0,Real,Mac OS X 10_15_7,1598,2396,Eastern Standard Time,Apple GPU,0,17,10,1,128,1.22.33,0,Safari 18,3,8,8,-1,4,37.25534,702.521851,DEFAULT,1,N/A,2024-11-04T14:55:32.5550000Z,N/A,N/A
187,2024-11-04T14:55:32.5550000Z,851710fe-0e1d-4a72-aedf-f34f032442c1,WPI6_173o073186z1469,Successful,0,Real,Mac OS X 10_15_7,1598,2396,Eastern Standard Time,Apple GPU,0,17,10,1,128,1.22.33,0,Safari 18,3,74,74,-1,5,40.43915,704.5145,DEFAULT,1,N/A,2024-11-04T14:55:32.5550000Z,N/A,N/A
188,2024-11-04T14:55:32.5550000Z,851710fe-0e1d-4a72-aedf-f34f032442c1,WPI6_173o073186z1469,Successful,0,Real,Mac OS X 10_15_7,1598,2396,Eastern Standard Time,Apple GPU,0,17,10,1,128,1.22.33,0,Safari 18,3,26,26,-1,6,39.1834641,669.2587,DEFAULT,1,N/A,2024-11-04T14:55:32.5550000Z,N/A,N/A
189,2024-11-05T22:18:25.0900000Z,851710fe-0e1d-4a72-aedf-f34f032442c1,WPI6_173084465wg9125,Successful,0,Real,Windows 10,1011,1797,Eastern Standard Time,"ANGLE (Intel, Intel(R) Iris(R) Xe Graphics (0x0000A7A1) Direct3D11 vs_5_0 ps_5_0, D3D11)",0,17,10,1,128,1.22.33,0,Chrome 129,3,12,12,-1,0,75.70682,378.43454,DEFAULT,1,N/A,2024-11-05T22:18:25.0900000Z,N/A,N/A
190,2024-11-05T22:18:25.0900000Z,851710fe-0e1d-4a72-aedf-f34f032442c1,WPI6_173084465wg9125,Successful,0,Real,Windows 10,1011,1797,Eastern Standard Time,"ANGLE (Intel, Intel(R) Iris(R) Xe Graphics (0x0000A7A1) Direct3D11 vs_5_0 ps_5_0, D3D11)",0,17,10,1,128,1.22.33,0,Chrome 129,3,-1,-1,-1,1,67.99171,262.797363,DEFAULT,1,N/A,2024-11-05T22:18:25.0900000Z,N/A,N/A
191,2024-11-05T22:18:25.0900000Z,851710fe-0e1d-4a72-aedf-f34f032442c1,WPI6_173084465wg9125,Successful,0,Real,Windows 10,1011,1797,Eastern Standard Time,"ANGLE (Intel, Intel(R) Iris(R) Xe Graphics (0x0000A7A1) Direct3D11 vs_5_0 ps_5_0, D3D11)",0,17,10,1,128,1.22.33,0,Chrome 129,3,29,29,-1,2,73.34602,428.5884,DEFAULT,1,N/A,2024-11-05T22:18:25.0900000Z,N/A,N/A
192,2024-11-05T22:18:25.0900000Z,851710fe-0e1d-4a72-aedf-f34f032442c1,WPI6_173084465wg9125,Successful,0,Real,Windows 10,1011,1797,Eastern Standard Time,"ANGLE (Intel, Intel(R) Iris(R) Xe Graphics (0x0000A7A1) Direct3D11 vs_5_0 ps_5_0, D3D11)",0,17,10,1,128,1.22.33,0,Chrome 129,3,6,6,-1,3,67.5208054,248.0011,DEFAULT,1,N/A,2024-11-05T22:18:25.0900000Z,N/A,N/A
193,2024-11-05T22:18:25.0900000Z,851710fe-0e1d-4a72-aedf-f34f032442c1,WPI6_173084465wg9125,Successful,0,Real,Windows 10,1011,1797,Eastern Standard Time,"ANGLE (Intel, Intel(R) Iris(R) Xe Graphics (0x0000A7A1) Direct3D11 vs_5_0 ps_5_0, D3D11)",0,17,10,1,128,1.22.33,0,Chrome 129,3,5,5,-1,4,67.92454,289.6233,DEFAULT,1,N/A,2024-11-05T22:18:25.0900000Z,N/A,N/A
194,2024-11-05T22:18:25.0900000Z,851710fe-0e1d-4a72-aedf-f34f032442c1,WPI6_173084465wg9125,Successful,0,Real,Windows 10,1011,1797,Eastern Standard Time,"ANGLE (Intel, Intel(R) Iris(R) Xe Graphics (0x0000A7A1) Direct3D11 vs_5_0 ps_5_0, D3D11)",0,17,10,1,128,1.22.33,0,Chrome 129,3,73,23,-1,5,70.545784,323.238617,DEFAULT,0,N/A,2024-11-05T22:18:25.0900000Z,N/A,N/A
195,2024-11-05T22:18:25.0900000Z,851710fe-0e1d-4a72-aedf-f34f032442c1,WPI6_173084465wg9125,Successful,0,Real,Windows 10,1011,1797,Eastern Standard Time,"ANGLE (Intel, Intel(R) Iris(R) Xe Graphics (0x0000A7A1) Direct3D11 vs_5_0 ps_5_0, D3D11)",0,17,10,1,128,1.22.33,0,Chrome 129,3,26,26,-1,6,74.71632,408.726227,DEFAULT,1,N/A,2024-11-05T22:18:25.0900000Z,N/A,N/A
196,2024-11-07T22:08:48.0480000Z,851710fe-0e1d-4a72-aedf-f34f032442c1,WPI6_v1o731016901691,Successful,0,Real,Mac OS X 10_15_7,1598,2396,Eastern Standard Time,"ANGLE (Apple, ANGLE Metal Renderer: Apple M1, Unspecified Version)",0,17,10,1,128,1.22.33,0,Chrome 128,3,12,12,-1,0,120.468292,54.7551346,DEFAULT,1,N/A,2024-11-07T22:08:48.0480000Z,N/A,N/A
197,2024-11-07T22:08:48.0480000Z,851710fe-0e1d-4a72-aedf-f34f032442c1,WPI6_v1o731016901691,Successful,0,Real,Mac OS X 10_15_7,1598,2396,Eastern Standard Time,"ANGLE (Apple, ANGLE Metal Renderer: Apple M1, Unspecified Version)",0,17,10,1,128,1.22.33,0,Chrome 128,3,29,29,-1,1,119.848595,54.0649338,DEFAULT,1,N/A,2024-11-07T22:08:48.0480000Z,N/A,N/A
198,2024-11-07T22:08:48.0480000Z,851710fe-0e1d-4a72-aedf-f34f032442c1,WPI6_v1o731016901691,Successful,0,Real,Mac OS X 10_15_7,1598,2396,Eastern Standard Time,"ANGLE (Apple, ANGLE Metal Renderer: Apple M1, Unspecified Version)",0,17,10,1,128,1.22.33,0,Chrome 128,3,-1,-1,-1,2,120.422333,57.47816,DEFAULT,1,N/A,2024-11-07T22:08:48.0480000Z,N/A,N/A
199,2024-11-07T22:08:48.0480000Z,851710fe-0e1d-4a72-aedf-f34f032442c1,WPI6_v1o731016901691,Successful,0,Real,Mac OS X 10_15_7,1598,2396,Eastern Standard Time,"ANGLE (Apple, ANGLE Metal Renderer: Apple M1, Unspecified Version)",0,17,10,1,128,1.22.33,0,Chrome 128,3,15,15,-1,3,120.211823,50.29577,DEFAULT,1,N/A,2024-11-07T22:08:48.0480000Z,N/A,N/A
200,2024-11-07T22:08:48.0480000Z,851710fe-0e1d-4a72-aedf-f34f032442c1,WPI6_v1o731016901691,Successful,0,Real,Mac OS X 10_15_7,1598,2396,Eastern Standard Time,"ANGLE (Apple, ANGLE Metal Renderer: Apple M1, Unspecified Version)",0,17,10,1,128,1.22.33,0,Chrome 128,3,45,45,-1,4,120.4209,54.8303032,DEFAULT,1,N/A,2024-11-07T22:08:48.0480000Z,N/A,N/A
201,2024-11-07T22:08:48.0480000Z,851710fe-0e1d-4a72-aedf-f34f032442c1,WPI6_v1o731016901691,Successful,0,Real,Mac OS X 10_15_7,1598,2396,Eastern Standard Time,"ANGLE (Apple, ANGLE Metal Renderer: Apple M1, Unspecified Version)",0,17,10,1,128,1.22.33,0,Chrome 128,3,42,42,-1,5,120.38047,47.9598579,DEFAULT,1,N/A,2024-11-07T22:08:48.0480000Z,N/A,N/A
202,2024-11-07T22:08:48.0480000Z,851710fe-0e1d-4a72-aedf-f34f032442c1,WPI6_v1o731016901691,Successful,0,Real,Mac OS X 10_15_7,1598,2396,Eastern Standard Time,"ANGLE (Apple, ANGLE Metal Renderer: Apple M1, Unspecified Version)",0,17,10,1,128,1.22.33,0,Chrome 128,3,73,73,-1,6,120.0611,54.9366646,DEFAULT,1,N/A,2024-11-07T22:08:48.0480000Z,N/A,N/A
203,2024-11-08T00:20:21.8710000Z,851710fe-0e1d-4a72-aedf-f34f032442c1,WPI6_173102fk4950044,Successful,0,Real,Mac OS X 10_15_7,1356,2396,Eastern Standard Time,"ANGLE (Apple, ANGLE Metal Renderer: Apple M2, Unspecified Version)",0,17,10,1,128,1.22.33,0,Chrome 127,3,12,12,-1,0,114.375984,80.14158,DEFAULT,1,N/A,2024-11-08T00:20:21.8710000Z,N/A,N/A
204,2024-11-08T00:20:21.8710000Z,851710fe-0e1d-4a72-aedf-f34f032442c1,WPI6_173102fk4950044,Successful,0,Real,Mac OS X 10_15_7,1356,2396,Eastern Standard Time,"ANGLE (Apple, ANGLE Metal Renderer: Apple M2, Unspecified Version)",0,17,10,1,128,1.22.33,0,Chrome 127,3,5,5,-1,1,115.469437,94.56966,DEFAULT,1,N/A,2024-11-08T00:20:21.8710000Z,N/A,N/A
205,2024-11-08T00:20:21.8710000Z,851710fe-0e1d-4a72-aedf-f34f032442c1,WPI6_173102fk4950044,Successful,0,Real,Mac OS X 10_15_7,1356,2396,Eastern Standard Time,"ANGLE (Apple, ANGLE Metal Renderer: Apple M2, Unspecified Version)",0,17,10,1,128,1.22.33,0,Chrome 127,3,97,97,-1,2,113.336555,93.32626,DEFAULT,1,N/A,2024-11-08T00:20:21.8710000Z,N/A,N/A
206,2024-11-08T00:20:21.8710000Z,851710fe-0e1d-4a72-aedf-f34f032442c1,WPI6_173102fk4950044,Successful,0,Real,Mac OS X 10_15_7,1356,2396,Eastern Standard Time,"ANGLE (Apple, ANGLE Metal Renderer: Apple M2, Unspecified Version)",0,17,10,1,128,1.22.33,0,Chrome 127,3,57,57,-1,3,114.471657,81.79814,DEFAULT,1,N/A,2024-11-08T00:20:21.8710000Z,N/A,N/A
207,2024-11-08T00:20:21.8710000Z,851710fe-0e1d-4a72-aedf-f34f032442c1,WPI6_173102fk4950044,Successful,0,Real,Mac OS X 10_15_7,1356,2396,Eastern Standard Time,"ANGLE (Apple, ANGLE Metal Renderer: Apple M2, Unspecified Version)",0,17,10,1,128,1.22.33,0,Chrome 127,3,3,3,-1,4,114.747246,79.4818954,DEFAULT,1,N/A,2024-11-08T00:20:21.8710000Z,N/A,N/A
208,2024-11-08T00:20:21.8710000Z,851710fe-0e1d-4a72-aedf-f34f032442c1,WPI6_173102fk4950044,Successful,0,Real,Mac OS X 10_15_7,1356,2396,Eastern Standard Time,"ANGLE (Apple, ANGLE Metal Renderer: Apple M2, Unspecified Version)",0,17,10,1,128,1.22.33,0,Chrome 127,3,26,26,-1,5,114.330452,79.57985,DEFAULT,1,N/A,2024-11-08T00:20:21.8710000Z,N/A,N/A
209,2024-11-08T00:20:21.8710000Z,851710fe-0e1d-4a72-aedf-f34f032442c1,WPI6_173102fk4950044,Successful,0,Real,Mac OS X 10_15_7,1356,2396,Eastern Standard Time,"ANGLE (Apple, ANGLE Metal Renderer: Apple M2, Unspecified Version)",0,17,10,1,128,1.22.33,0,Chrome 127,3,-1,-1,-1,6,115.28672,90.49167,DEFAULT,1,N/A,2024-11-08T00:20:21.8710000Z,N/A,N/A
210,2024-11-08T22:48:50.0590000Z,851710fe-0e1d-4a72-aedf-f34f032442c1,WPI6_17h3110578387b4,Successful,0,Real,Windows 10,908,1797,Eastern Standard Time,"ANGLE (Intel, Intel(R) UHD Graphics 620 (0x00005917) Direct3D11 vs_5_0 ps_5_0, D3D11)",0,17,10,1,256,1.22.33,0,Chrome 130,3,12,12,-1,0,120.316711,63.3882141,DEFAULT,1,N/A,2024-11-08T22:48:50.0590000Z,N/A,N/A
211,2024-11-08T22:48:50.0590000Z,851710fe-0e1d-4a72-aedf-f34f032442c1,WPI6_17h3110578387b4,Successful,0,Real,Windows 10,908,1797,Eastern Standard Time,"ANGLE (Intel, Intel(R) UHD Graphics 620 (0x00005917) Direct3D11 vs_5_0 ps_5_0, D3D11)",0,17,10,1,256,1.22.33,0,Chrome 130,3,-1,-1,-1,1,119.444656,68.3510742,DEFAULT,1,N/A,2024-11-08T22:48:50.0590000Z,N/A,N/A
212,2024-11-08T22:48:50.0590000Z,851710fe-0e1d-4a72-aedf-f34f032442c1,WPI6_17h3110578387b4,Successful,0,Real,Windows 10,908,1797,Eastern Standard Time,"ANGLE (Intel, Intel(R) UHD Graphics 620 (0x00005917) Direct3D11 vs_5_0 ps_5_0, D3D11)",0,17,10,1,256,1.22.33,0,Chrome 130,3,29,29,-1,2,119.936966,65.59258,DEFAULT,1,N/A,2024-11-08T22:48:50.0590000Z,N/A,N/A
213,2024-11-08T22:48:50.0590000Z,851710fe-0e1d-4a72-aedf-f34f032442c1,WPI6_17h3110578387b4,Successful,0,Real,Windows 10,908,1797,Eastern Standard Time,"ANGLE (Intel, Intel(R) UHD Graphics 620 (0x00005917) Direct3D11 vs_5_0 ps_5_0, D3D11)",0,17,10,1,256,1.22.33,0,Chrome 130,3,6,6,-1,3,119.870888,75.97797,DEFAULT,1,N/A,2024-11-08T22:48:50.0590000Z,N/A,N/A
214,2024-11-08T22:48:50.0590000Z,851710fe-0e1d-4a72-aedf-f34f032442c1,WPI6_17h3110578387b4,Successful,0,Real,Windows 10,908,1797,Eastern Standard Time,"ANGLE (Intel, Intel(R) UHD Graphics 620 (0x00005917) Direct3D11 vs_5_0 ps_5_0, D3D11)",0,17,10,1,256,1.22.33,0,Chrome 130,3,5,5,-1,4,119.703659,69.38724,DEFAULT,1,N/A,2024-11-08T22:48:50.0590000Z,N/A,N/A
215,2024-11-08T22:48:50.0590000Z,851710fe-0e1d-4a72-aedf-f34f032442c1,WPI6_17h3110578387b4,Successful,0,Real,Windows 10,908,1797,Eastern Standard Time,"ANGLE (Intel, Intel(R) UHD Graphics 620 (0x00005917) Direct3D11 vs_5_0 ps_5_0, D3D11)",0,17,10,1,256,1.22.33,0,Chrome 130,3,73,23,-1,5,120.668541,65.85142,DEFAULT,0,N/A,2024-11-08T22:48:50.0590000Z,N/A,N/A
216,2024-11-08T22:48:50.0590000Z,851710fe-0e1d-4a72-aedf-f34f032442c1,WPI6_17h3110578387b4,Successful,0,Real,Windows 10,908,1797,Eastern Standard Time,"ANGLE (Intel, Intel(R) UHD Graphics 620 (0x00005917) Direct3D11 vs_5_0 ps_5_0, D3D11)",0,17,10,1,256,1.22.33,0,Chrome 130,3,26,26,-1,6,119.670738,90.77784,DEFAULT,1,N/A,2024-11-08T22:48:50.0590000Z,N/A,N/A
217,2024-11-12T16:10:30.9530000Z,851710fe-0e1d-4a72-aedf-f34f032442c1,WPI6_1731yu427650316,Successful,0,Real,Windows 10,899,1498,Eastern Standard Time,"ANGLE (AMD, AMD Radeon (TM) Graphics (0x000015E7) Direct3D11 vs_5_0 ps_5_0, D3D11)",0,17,10,1,128,1.22.33,0,Chrome 130,3,12,12,-1,0,121.204079,49.6487579,DEFAULT,1,N/A,2024-11-12T16:10:30.9530000Z,N/A,N/A
218,2024-11-12T16:10:30.9530000Z,851710fe-0e1d-4a72-aedf-f34f032442c1,WPI6_1731yu427650316,Successful,0,Real,Windows 10,899,1498,Eastern Standard Time,"ANGLE (AMD, AMD Radeon (TM) Graphics (0x000015E7) Direct3D11 vs_5_0 ps_5_0, D3D11)",0,17,10,1,128,1.22.33,0,Chrome 130,3,73,73,-1,1,122.167648,59.2665367,DEFAULT,1,N/A,2024-11-12T16:10:30.9530000Z,N/A,N/A
219,2024-11-12T16:10:30.9530000Z,851710fe-0e1d-4a72-aedf-f34f032442c1,WPI6_1731yu427650316,Successful,0,Real,Windows 10,899,1498,Eastern Standard Time,"ANGLE (AMD, AMD Radeon (TM) Graphics (0x000015E7) Direct3D11 vs_5_0 ps_5_0, D3D11)",0,17,10,1,128,1.22.33,0,Chrome 130,3,6,6,-1,2,121.077614,62.00897,DEFAULT,1,N/A,2024-11-12T16:10:30.9530000Z,N/A,N/A
220,2024-11-12T16:10:30.9530000Z,851710fe-0e1d-4a72-aedf-f34f032442c1,WPI6_1731yu427650316,Successful,0,Real,Windows 10,899,1498,Eastern Standard Time,"ANGLE (AMD, AMD Radeon (TM) Graphics (0x000015E7) Direct3D11 vs_5_0 ps_5_0, D3D11)",0,17,10,1,128,1.22.33,0,Chrome 130,3,74,74,-1,3,121.508995,63.3936043,DEFAULT,1,N/A,2024-11-12T16:10:30.9530000Z,N/A,N/A
221,2024-11-12T16:10:30.9530000Z,851710fe-0e1d-4a72-aedf-f34f032442c1,WPI6_1731yu427650316,Successful,0,Real,Windows 10,899,1498,Eastern Standard Time,"ANGLE (AMD, AMD Radeon (TM) Graphics (0x000015E7) Direct3D11 vs_5_0 ps_5_0, D3D11)",0,17,10,1,128,1.22.33,0,Chrome 130,3,-1,-1,-1,4,121.231194,54.75348,DEFAULT,1,N/A,2024-11-12T16:10:30.9530000Z,N/A,N/A
222,2024-11-12T16:10:30.9530000Z,851710fe-0e1d-4a72-aedf-f34f032442c1,WPI6_1731yu427650316,Successful,0,Real,Windows 10,899,1498,Eastern Standard Time,"ANGLE (AMD, AMD Radeon (TM) Graphics (0x000015E7) Direct3D11 vs_5_0 ps_5_0, D3D11)",0,17,10,1,128,1.22.33,0,Chrome 130,3,6,6,-1,5,120.915306,52.6944,DEFAULT,1,N/A,2024-11-12T16:10:30.9530000Z,N/A,N/A
223,2024-11-12T16:10:30.9530000Z,851710fe-0e1d-4a72-aedf-f34f032442c1,WPI6_1731yu427650316,Successful,0,Real,Windows 10,899,1498,Eastern Standard Time,"ANGLE (AMD, AMD Radeon (TM) Graphics (0x000015E7) Direct3D11 vs_5_0 ps_5_0, D3D11)",0,17,10,1,128,1.22.33,0,Chrome 130,3,42,42,-1,6,122.105171,55.70847,DEFAULT,1,N/A,2024-11-12T16:10:30.9530000Z,N/A,N/A
224,2024-11-12T16:28:07.0660000Z,851710fe-0e1d-4a72-aedf-f34f032442c1,WPI6_1731u428574p274,Successful,0,Real,Windows 10,880,1498,Eastern Standard Time,"ANGLE (Intel, Intel(R) Iris(R) Xe Graphics (0x00009A49) Direct3D11 vs_5_0 ps_5_0, D3D11)",0,17,10,1,128,1.22.33,0,Chrome 130,3,12,12,-1,0,115.923042,145.142166,DEFAULT,1,N/A,2024-11-12T16:28:07.0660000Z,N/A,N/A
225,2024-11-12T16:28:07.0660000Z,851710fe-0e1d-4a72-aedf-f34f032442c1,WPI6_1731u428574p274,Successful,0,Real,Windows 10,880,1498,Eastern Standard Time,"ANGLE (Intel, Intel(R) Iris(R) Xe Graphics (0x00009A49) Direct3D11 vs_5_0 ps_5_0, D3D11)",0,17,10,1,128,1.22.33,0,Chrome 130,3,29,29,-1,1,118.288605,105.161285,DEFAULT,1,N/A,2024-11-12T16:28:07.0660000Z,N/A,N/A
226,2024-11-12T16:28:07.0660000Z,851710fe-0e1d-4a72-aedf-f34f032442c1,WPI6_1731u428574p274,Successful,0,Real,Windows 10,880,1498,Eastern Standard Time,"ANGLE (Intel, Intel(R) Iris(R) Xe Graphics (0x00009A49) Direct3D11 vs_5_0 ps_5_0, D3D11)",0,17,10,1,128,1.22.33,0,Chrome 130,3,-1,-1,-1,2,117.82225,103.733116,DEFAULT,1,N/A,2024-11-12T16:28:07.0660000Z,N/A,N/A
227,2024-11-12T16:28:07.0660000Z,851710fe-0e1d-4a72-aedf-f34f032442c1,WPI6_1731u428574p274,Successful,0,Real,Windows 10,880,1498,Eastern Standard Time,"ANGLE (Intel, Intel(R) Iris(R) Xe Graphics (0x00009A49) Direct3D11 vs_5_0 ps_5_0, D3D11)",0,17,10,1,128,1.22.33,0,Chrome 130,3,42,42,-1,3,117.987717,104.820946,DEFAULT,1,N/A,2024-11-12T16:28:07.0660000Z,N/A,N/A
228,2024-11-12T16:28:07.0660000Z,851710fe-0e1d-4a72-aedf-f34f032442c1,WPI6_1731u428574p274,Successful,0,Real,Windows 10,880,1498,Eastern Standard Time,"ANGLE (Intel, Intel(R) Iris(R) Xe Graphics (0x00009A49) Direct3D11 vs_5_0 ps_5_0, D3D11)",0,17,10,1,128,1.22.33,0,Chrome 130,3,7,-1,-1,4,119.032272,114.35305,DEFAULT,0,N/A,2024-11-12T16:28:07.0660000Z,N/A,N/A
229,2024-11-12T16:28:07.0660000Z,851710fe-0e1d-4a72-aedf-f34f032442c1,WPI6_1731u428574p274,Successful,0,Real,Windows 10,880,1498,Eastern Standard Time,"ANGLE (Intel, Intel(R) Iris(R) Xe Graphics (0x00009A49) Direct3D11 vs_5_0 ps_5_0, D3D11)",0,17,10,1,128,1.22.33,0,Chrome 130,3,97,37,-1,5,117.826073,126.465294,DEFAULT,0,N/A,2024-11-12T16:28:07.0660000Z,N/A,N/A
230,2024-11-12T16:28:07.0660000Z,851710fe-0e1d-4a72-aedf-f34f032442c1,WPI6_1731u428574p274,Successful,0,Real,Windows 10,880,1498,Eastern Standard Time,"ANGLE (Intel, Intel(R) Iris(R) Xe Graphics (0x00009A49) Direct3D11 vs_5_0 ps_5_0, D3D11)",0,17,10,1,128,1.22.33,0,Chrome 130,3,15,18,-1,6,118.185532,112.133934,DEFAULT,0,N/A,2024-11-12T16:28:07.0660000Z,N/A,N/A
231,2024-11-13T20:23:56.5380000Z,851710fe-0e1d-4a72-aedf-f34f032442c1,WPI6_173152o923x6087,Successful,0,Real,Windows 10,970,1498,Eastern Standard Time,"ANGLE (Intel, Intel(R) UHD Graphics 620 (0x00003EA0) Direct3D11 vs_5_0 ps_5_0, D3D11)",0,17,10,1,128,1.22.33,0,Chrome 130,3,12,12,-1,0,82.50038,312.671539,DEFAULT,1,N/A,2024-11-13T20:23:56.5380000Z,N/A,N/A
232,2024-11-13T20:23:56.5380000Z,851710fe-0e1d-4a72-aedf-f34f032442c1,WPI6_173152o923x6087,Successful,0,Real,Windows 10,970,1498,Eastern Standard Time,"ANGLE (Intel, Intel(R) UHD Graphics 620 (0x00003EA0) Direct3D11 vs_5_0 ps_5_0, D3D11)",0,17,10,1,128,1.22.33,0,Chrome 130,3,35,35,-1,1,84.40709,290.772583,DEFAULT,1,N/A,2024-11-13T20:23:56.5380000Z,N/A,N/A
233,2024-11-13T20:23:56.5380000Z,851710fe-0e1d-4a72-aedf-f34f032442c1,WPI6_173152o923x6087,Successful,0,Real,Windows 10,970,1498,Eastern Standard Time,"ANGLE (Intel, Intel(R) UHD Graphics 620 (0x00003EA0) Direct3D11 vs_5_0 ps_5_0, D3D11)",0,17,10,1,128,1.22.33,0,Chrome 130,3,5,5,-1,2,86.69884,322.3725,DEFAULT,1,N/A,2024-11-13T20:23:56.5380000Z,N/A,N/A
234,2024-11-13T20:23:56.5380000Z,851710fe-0e1d-4a72-aedf-f34f032442c1,WPI6_173152o923x6087,Successful,0,Real,Windows 10,970,1498,Eastern Standard Time,"ANGLE (Intel, Intel(R) UHD Graphics 620 (0x00003EA0) Direct3D11 vs_5_0 ps_5_0, D3D11)",0,17,10,1,128,1.22.33,0,Chrome 130,3,57,57,-1,3,83.73979,336.146027,DEFAULT,1,N/A,2024-11-13T20:23:56.5380000Z,N/A,N/A
235,2024-11-13T20:23:56.5380000Z,851710fe-0e1d-4a72-aedf-f34f032442c1,WPI6_173152o923x6087,Successful,0,Real,Windows 10,970,1498,Eastern Standard Time,"ANGLE (Intel, Intel(R) UHD Graphics 620 (0x00003EA0) Direct3D11 vs_5_0 ps_5_0, D3D11)",0,17,10,1,128,1.22.33,0,Chrome 130,3,2,2,-1,4,83.9157257,320.1796,DEFAULT,1,N/A,2024-11-13T20:23:56.5380000Z,N/A,N/A
236,2024-11-13T20:23:56.5380000Z,851710fe-0e1d-4a72-aedf-f34f032442c1,WPI6_173152o923x6087,Successful,0,Real,Windows 10,970,1498,Eastern Standard Time,"ANGLE (Intel, Intel(R) UHD Graphics 620 (0x00003EA0) Direct3D11 vs_5_0 ps_5_0, D3D11)",0,17,10,1,128,1.22.33,0,Chrome 130,3,5,5,-1,5,83.68821,289.445648,DEFAULT,1,N/A,2024-11-13T20:23:56.5380000Z,N/A,N/A
237,2024-11-13T20:23:56.5380000Z,851710fe-0e1d-4a72-aedf-f34f032442c1,WPI6_173152o923x6087,Successful,0,Real,Windows 10,970,1498,Eastern Standard Time,"ANGLE (Intel, Intel(R) UHD Graphics 620 (0x00003EA0) Direct3D11 vs_5_0 ps_5_0, D3D11)",0,17,10,1,128,1.22.33,0,Chrome 130,3,-1,-1,-1,6,82.2834,266.7295,DEFAULT,1,N/A,2024-11-13T20:23:56.5380000Z,N/A,N/A
238,2024-11-18T03:11:36.0010000Z,851710fe-0e1d-4a72-aedf-f34f032442c1,WPI6_1c731899243p416,Successful,0,Real,Windows 10,928,1498,Eastern Standard Time,"ANGLE (AMD, AMD Radeon (TM) Graphics (0x000015E7) Direct3D11 vs_5_0 ps_5_0, D3D11)",0,17,10,1,128,1.22.33,0,Chrome 131,3,12,12,-1,0,111.422295,467.801178,DEFAULT,1,N/A,2024-11-18T03:11:36.0010000Z,N/A,N/A
239,2024-11-18T03:11:36.0010000Z,851710fe-0e1d-4a72-aedf-f34f032442c1,WPI6_1c731899243p416,Successful,0,Real,Windows 10,928,1498,Eastern Standard Time,"ANGLE (AMD, AMD Radeon (TM) Graphics (0x000015E7) Direct3D11 vs_5_0 ps_5_0, D3D11)",0,17,10,1,128,1.22.33,0,Chrome 131,3,-1,-1,-1,1,114.993774,311.128754,DEFAULT,1,N/A,2024-11-18T03:11:36.0010000Z,N/A,N/A
240,2024-11-18T03:11:36.0010000Z,851710fe-0e1d-4a72-aedf-f34f032442c1,WPI6_1c731899243p416,Successful,0,Real,Windows 10,928,1498,Eastern Standard Time,"ANGLE (AMD, AMD Radeon (TM) Graphics (0x000015E7) Direct3D11 vs_5_0 ps_5_0, D3D11)",0,17,10,1,128,1.22.33,0,Chrome 131,3,5,5,-1,2,113.59198,392.669,DEFAULT,1,N/A,2024-11-18T03:11:36.0010000Z,N/A,N/A
241,2024-11-18T03:11:36.0010000Z,851710fe-0e1d-4a72-aedf-f34f032442c1,WPI6_1c731899243p416,Successful,0,Real,Windows 10,928,1498,Eastern Standard Time,"ANGLE (AMD, AMD Radeon (TM) Graphics (0x000015E7) Direct3D11 vs_5_0 ps_5_0, D3D11)",0,17,10,1,128,1.22.33,0,Chrome 131,3,26,26,-1,3,111.5511,477.069031,DEFAULT,1,N/A,2024-11-18T03:11:36.0010000Z,N/A,N/A
242,2024-11-18T03:11:36.0010000Z,851710fe-0e1d-4a72-aedf-f34f032442c1,WPI6_1c731899243p416,Successful,0,Real,Windows 10,928,1498,Eastern Standard Time,"ANGLE (AMD, AMD Radeon (TM) Graphics (0x000015E7) Direct3D11 vs_5_0 ps_5_0, D3D11)",0,17,10,1,128,1.22.33,0,Chrome 131,3,2,2,-1,4,114.31073,396.585236,DEFAULT,1,N/A,2024-11-18T03:11:36.0010000Z,N/A,N/A
243,2024-11-18T03:11:36.0010000Z,851710fe-0e1d-4a72-aedf-f34f032442c1,WPI6_1c731899243p416,Successful,0,Real,Windows 10,928,1498,Eastern Standard Time,"ANGLE (AMD, AMD Radeon (TM) Graphics (0x000015E7) Direct3D11 vs_5_0 ps_5_0, D3D11)",0,17,10,1,128,1.22.33,0,Chrome 131,3,73,73,-1,5,110.888458,525.5397,DEFAULT,1,N/A,2024-11-18T03:11:36.0010000Z,N/A,N/A
244,2024-11-18T03:11:36.0010000Z,851710fe-0e1d-4a72-aedf-f34f032442c1,WPI6_1c731899243p416,Successful,0,Real,Windows 10,928,1498,Eastern Standard Time,"ANGLE (AMD, AMD Radeon (TM) Graphics (0x000015E7) Direct3D11 vs_5_0 ps_5_0, D3D11)",0,17,10,1,128,1.22.33,0,Chrome 131,3,29,29,-1,6,111.829269,447.668884,DEFAULT,1,N/A,2024-11-18T03:11:36.0010000Z,N/A,N/A
245,2024-11-19T03:21:57.1160000Z,851710fe-0e1d-4a72-aedf-f34f032442c1,WPI6_1731p98h6309774,Successful,0,Real,Windows 10,880,1498,Eastern Standard Time,"ANGLE (AMD, AMD Radeon(TM) Graphics (0x0000164C) Direct3D11 vs_5_0 ps_5_0, D3D11)",0,17,10,1,128,1.22.33,0,Chrome 131,3,12,12,-1,0,72.26272,485.162048,DEFAULT,1,N/A,2024-11-19T03:21:57.1160000Z,N/A,N/A
246,2024-11-19T03:21:57.1160000Z,851710fe-0e1d-4a72-aedf-f34f032442c1,WPI6_1731p98h6309774,Successful,0,Real,Windows 10,880,1498,Eastern Standard Time,"ANGLE (AMD, AMD Radeon(TM) Graphics (0x0000164C) Direct3D11 vs_5_0 ps_5_0, D3D11)",0,17,10,1,128,1.22.33,0,Chrome 131,3,6,6,-1,1,73.68258,581.157,DEFAULT,1,N/A,2024-11-19T03:21:57.1160000Z,N/A,N/A
247,2024-11-19T03:21:57.1160000Z,851710fe-0e1d-4a72-aedf-f34f032442c1,WPI6_1731p98h6309774,Successful,0,Real,Windows 10,880,1498,Eastern Standard Time,"ANGLE (AMD, AMD Radeon(TM) Graphics (0x0000164C) Direct3D11 vs_5_0 ps_5_0, D3D11)",0,17,10,1,128,1.22.33,0,Chrome 131,3,16,16,-1,2,72.66173,532.748,DEFAULT,1,N/A,2024-11-19T03:21:57.1160000Z,N/A,N/A
248,2024-11-19T03:21:57.1160000Z,851710fe-0e1d-4a72-aedf-f34f032442c1,WPI6_1731p98h6309774,Successful,0,Real,Windows 10,880,1498,Eastern Standard Time,"ANGLE (AMD, AMD Radeon(TM) Graphics (0x0000164C) Direct3D11 vs_5_0 ps_5_0, D3D11)",0,17,10,1,128,1.22.33,0,Chrome 131,3,8,8,-1,3,75.13164,634.9791,DEFAULT,1,N/A,2024-11-19T03:21:57.1160000Z,N/A,N/A
249,2024-11-19T03:21:57.1160000Z,851710fe-0e1d-4a72-aedf-f34f032442c1,WPI6_1731p98h6309774,Successful,0,Real,Windows 10,880,1498,Eastern Standard Time,"ANGLE (AMD, AMD Radeon(TM) Graphics (0x0000164C) Direct3D11 vs_5_0 ps_5_0, D3D11)",0,17,10,1,128,1.22.33,0,Chrome 131,3,5,5,-1,4,72.21939,504.9882,DEFAULT,1,N/A,2024-11-19T03:21:57.1160000Z,N/A,N/A
250,2024-11-19T03:21:57.1160000Z,851710fe-0e1d-4a72-aedf-f34f032442c1,WPI6_1731p98h6309774,Successful,0,Real,Windows 10,880,1498,Eastern Standard Time,"ANGLE (AMD, AMD Radeon(TM) Graphics (0x0000164C) Direct3D11 vs_5_0 ps_5_0, D3D11)",0,17,10,1,128,1.22.33,0,Chrome 131,3,35,35,-1,5,73.48194,547.7414,DEFAULT,1,N/A,2024-11-19T03:21:57.1160000Z,N/A,N/A
251,2024-11-19T03:21:57.1160000Z,851710fe-0e1d-4a72-aedf-f34f032442c1,WPI6_1731p98h6309774,Successful,0,Real,Windows 10,880,1498,Eastern Standard Time,"ANGLE (AMD, AMD Radeon(TM) Graphics (0x0000164C) Direct3D11 vs_5_0 ps_5_0, D3D11)",0,17,10,1,128,1.22.33,0,Chrome 131,3,-1,-1,-1,6,78.87257,701.381165,DEFAULT,1,N/A,2024-11-19T03:21:57.1160000Z,N/A,N/A
252,2024-11-19T18:17:44.2120000Z,851710fe-0e1d-4a72-aedf-f34f032442c1,WPI6_1732e040001i696,Successful,0,Real,Windows 10,999,1498,Eastern Standard Time,"ANGLE (AMD, AMD Radeon(TM) Graphics (0x00001638) Direct3D11 vs_5_0 ps_5_0, D3D11)",0,17,10,1,128,1.22.33,0,Chrome 131,3,12,12,-1,0,88.57711,866.9095,DEFAULT,1,N/A,2024-11-19T18:17:44.2120000Z,N/A,N/A
253,2024-11-19T18:17:44.2120000Z,851710fe-0e1d-4a72-aedf-f34f032442c1,WPI6_1732e040001i696,Successful,0,Real,Windows 10,999,1498,Eastern Standard Time,"ANGLE (AMD, AMD Radeon(TM) Graphics (0x00001638) Direct3D11 vs_5_0 ps_5_0, D3D11)",0,17,10,1,128,1.22.33,0,Chrome 131,3,96,96,-1,1,79.91413,774.1984,DEFAULT,1,N/A,2024-11-19T18:17:44.2120000Z,N/A,N/A
254,2024-11-19T18:17:44.2120000Z,851710fe-0e1d-4a72-aedf-f34f032442c1,WPI6_1732e040001i696,Successful,0,Real,Windows 10,999,1498,Eastern Standard Time,"ANGLE (AMD, AMD Radeon(TM) Graphics (0x00001638) Direct3D11 vs_5_0 ps_5_0, D3D11)",0,17,10,1,128,1.22.33,0,Chrome 131,3,74,71,-1,2,85.43834,832.111633,DEFAULT,0,N/A,2024-11-19T18:17:44.2120000Z,N/A,N/A
255,2024-11-19T18:17:44.2120000Z,851710fe-0e1d-4a72-aedf-f34f032442c1,WPI6_1732e040001i696,Successful,0,Real,Windows 10,999,1498,Eastern Standard Time,"ANGLE (AMD, AMD Radeon(TM) Graphics (0x00001638) Direct3D11 vs_5_0 ps_5_0, D3D11)",0,17,10,1,128,1.22.33,0,Chrome 131,3,7,7,-1,3,85.44658,772.6733,DEFAULT,1,N/A,2024-11-19T18:17:44.2120000Z,N/A,N/A
256,2024-11-19T18:17:44.2120000Z,851710fe-0e1d-4a72-aedf-f34f032442c1,WPI6_1732e040001i696,Successful,0,Real,Windows 10,999,1498,Eastern Standard Time,"ANGLE (AMD, AMD Radeon(TM) Graphics (0x00001638) Direct3D11 vs_5_0 ps_5_0, D3D11)",0,17,10,1,128,1.22.33,0,Chrome 131,3,45,45,-1,4,82.393425,751.875,DEFAULT,1,N/A,2024-11-19T18:17:44.2120000Z,N/A,N/A
257,2024-11-19T18:17:44.2120000Z,851710fe-0e1d-4a72-aedf-f34f032442c1,WPI6_1732e040001i696,Successful,0,Real,Windows 10,999,1498,Eastern Standard Time,"ANGLE (AMD, AMD Radeon(TM) Graphics (0x00001638) Direct3D11 vs_5_0 ps_5_0, D3D11)",0,17,10,1,128,1.22.33,0,Chrome 131,3,-1,4,-1,5,82.19216,807.3333,DEFAULT,0,N/A,2024-11-19T18:17:44.2120000Z,N/A,N/A
258,2024-11-19T18:17:44.2120000Z,851710fe-0e1d-4a72-aedf-f34f032442c1,WPI6_1732e040001i696,Successful,0,Real,Windows 10,999,1498,Eastern Standard Time,"ANGLE (AMD, AMD Radeon(TM) Graphics (0x00001638) Direct3D11 vs_5_0 ps_5_0, D3D11)",0,17,10,1,128,1.22.33,0,Chrome 131,3,57,57,-1,6,82.1153259,782.2204,DEFAULT,1,N/A,2024-11-19T18:17:44.2120000Z,N/A,N/A
259,2024-11-19T21:26:45.4850000Z,851710fe-0e1d-4a72-aedf-f34f032442c1,WPI6_1r7320512a66565,Successful,0,Real,Windows 10,989,1498,Eastern Standard Time,"ANGLE (AMD, AMD Radeon (TM) Graphics (0x000015E7) Direct3D11 vs_5_0 ps_5_0, D3D11)",0,17,10,1,128,1.22.33,0,Chrome 130,3,12,12,-1,0,120.388306,74.8343048,DEFAULT,1,N/A,2024-11-19T21:26:45.4850000Z,N/A,N/A
260,2024-11-19T21:26:45.4850000Z,851710fe-0e1d-4a72-aedf-f34f032442c1,WPI6_1r7320512a66565,Successful,0,Real,Windows 10,989,1498,Eastern Standard Time,"ANGLE (AMD, AMD Radeon (TM) Graphics (0x000015E7) Direct3D11 vs_5_0 ps_5_0, D3D11)",0,17,10,1,128,1.22.33,0,Chrome 130,3,57,57,-1,1,117.4171,230.256409,DEFAULT,1,N/A,2024-11-19T21:26:45.4850000Z,N/A,N/A
261,2024-11-19T21:26:45.4850000Z,851710fe-0e1d-4a72-aedf-f34f032442c1,WPI6_1r7320512a66565,Successful,0,Real,Windows 10,989,1498,Eastern Standard Time,"ANGLE (AMD, AMD Radeon (TM) Graphics (0x000015E7) Direct3D11 vs_5_0 ps_5_0, D3D11)",0,17,10,1,128,1.22.33,0,Chrome 130,3,45,45,-1,2,120.103081,166.294937,DEFAULT,1,N/A,2024-11-19T21:26:45.4850000Z,N/A,N/A
262,2024-11-19T21:26:45.4850000Z,851710fe-0e1d-4a72-aedf-f34f032442c1,WPI6_1r7320512a66565,Successful,0,Real,Windows 10,989,1498,Eastern Standard Time,"ANGLE (AMD, AMD Radeon (TM) Graphics (0x000015E7) Direct3D11 vs_5_0 ps_5_0, D3D11)",0,17,10,1,128,1.22.33,0,Chrome 130,3,42,42,-1,3,121.511208,96.79682,DEFAULT,1,N/A,2024-11-19T21:26:45.4850000Z,N/A,N/A
263,2024-11-19T21:26:45.4850000Z,851710fe-0e1d-4a72-aedf-f34f032442c1,WPI6_1r7320512a66565,Successful,0,Real,Windows 10,989,1498,Eastern Standard Time,"ANGLE (AMD, AMD Radeon (TM) Graphics (0x000015E7) Direct3D11 vs_5_0 ps_5_0, D3D11)",0,17,10,1,128,1.22.33,0,Chrome 130,3,15,15,-1,4,120.471771,71.33256,DEFAULT,1,N/A,2024-11-19T21:26:45.4850000Z,N/A,N/A
264,2024-11-19T21:26:45.4850000Z,851710fe-0e1d-4a72-aedf-f34f032442c1,WPI6_1r7320512a66565,Successful,0,Real,Windows 10,989,1498,Eastern Standard Time,"ANGLE (AMD, AMD Radeon (TM) Graphics (0x000015E7) Direct3D11 vs_5_0 ps_5_0, D3D11)",0,17,10,1,128,1.22.33,0,Chrome 130,3,-1,-1,-1,5,121.811707,56.6487961,DEFAULT,1,N/A,2024-11-19T21:26:45.4850000Z,N/A,N/A
265,2024-11-19T21:26:45.4850000Z,851710fe-0e1d-4a72-aedf-f34f032442c1,WPI6_1r7320512a66565,Successful,0,Real,Windows 10,989,1498,Eastern Standard Time,"ANGLE (AMD, AMD Radeon (TM) Graphics (0x000015E7) Direct3D11 vs_5_0 ps_5_0, D3D11)",0,17,10,1,128,1.22.33,0,Chrome 130,3,16,16,-1,6,106.547691,588.795837,DEFAULT,1,N/A,2024-11-19T21:26:45.4850000Z,N/A,N/A
266,2024-11-19T22:45:11.6740000Z,851710fe-0e1d-4a72-aedf-f34f032442c1,WPI6_j17320561193z94,Successful,0,Real,Windows 10,2160,3840,Eastern Standard Time,"ANGLE (NVIDIA, NVIDIA GeForce RTX 2060 SUPER (0x00001F06) Direct3D11 vs_5_0 ps_5_0, D3D11)",0,17,10,1,128,1.22.33,0,Chrome 130,3,12,12,-1,0,121.230553,126.320137,DEFAULT,1,N/A,2024-11-19T22:45:11.6740000Z,N/A,N/A
267,2024-11-19T22:45:11.6740000Z,851710fe-0e1d-4a72-aedf-f34f032442c1,WPI6_j17320561193z94,Successful,0,Real,Windows 10,2160,3840,Eastern Standard Time,"ANGLE (NVIDIA, NVIDIA GeForce RTX 2060 SUPER (0x00001F06) Direct3D11 vs_5_0 ps_5_0, D3D11)",0,17,10,1,128,1.22.33,0,Chrome 130,3,-1,-1,-1,1,121.784645,77.50179,DEFAULT,1,N/A,2024-11-19T22:45:11.6740000Z,N/A,N/A
268,2024-11-19T22:45:11.6740000Z,851710fe-0e1d-4a72-aedf-f34f032442c1,WPI6_j17320561193z94,Successful,0,Real,Windows 10,2160,3840,Eastern Standard Time,"ANGLE (NVIDIA, NVIDIA GeForce RTX 2060 SUPER (0x00001F06) Direct3D11 vs_5_0 ps_5_0, D3D11)",0,17,10,1,128,1.22.33,0,Chrome 130,3,6,6,-1,2,119.649994,156.558685,DEFAULT,1,N/A,2024-11-19T22:45:11.6740000Z,N/A,N/A
269,2024-11-19T22:45:11.6740000Z,851710fe-0e1d-4a72-aedf-f34f032442c1,WPI6_j17320561193z94,Successful,0,Real,Windows 10,2160,3840,Eastern Standard Time,"ANGLE (NVIDIA, NVIDIA GeForce RTX 2060 SUPER (0x00001F06) Direct3D11 vs_5_0 ps_5_0, D3D11)",0,17,10,1,128,1.22.33,0,Chrome 130,3,5,5,-1,3,122.053017,65.27793,DEFAULT,1,N/A,2024-11-19T22:45:11.6740000Z,N/A,N/A
270,2024-11-19T22:45:11.6740000Z,851710fe-0e1d-4a72-aedf-f34f032442c1,WPI6_j17320561193z94,Successful,0,Real,Windows 10,2160,3840,Eastern Standard Time,"ANGLE (NVIDIA, NVIDIA GeForce RTX 2060 SUPER (0x00001F06) Direct3D11 vs_5_0 ps_5_0, D3D11)",0,17,10,1,128,1.22.33,0,Chrome 130,3,6,6,-1,4,120.88398,80.83708,DEFAULT,1,N/A,2024-11-19T22:45:11.6740000Z,N/A,N/A
271,2024-11-19T22:45:11.6740000Z,851710fe-0e1d-4a72-aedf-f34f032442c1,WPI6_j17320561193z94,Successful,0,Real,Windows 10,2160,3840,Eastern Standard Time,"ANGLE (NVIDIA, NVIDIA GeForce RTX 2060 SUPER (0x00001F06) Direct3D11 vs_5_0 ps_5_0, D3D11)",0,17,10,1,128,1.22.33,0,Chrome 130,3,42,42,-1,5,121.598419,78.68795,DEFAULT,1,N/A,2024-11-19T22:45:11.6740000Z,N/A,N/A
272,2024-11-19T22:45:11.6740000Z,851710fe-0e1d-4a72-aedf-f34f032442c1,WPI6_j17320561193z94,Successful,0,Real,Windows 10,2160,3840,Eastern Standard Time,"ANGLE (NVIDIA, NVIDIA GeForce RTX 2060 SUPER (0x00001F06) Direct3D11 vs_5_0 ps_5_0, D3D11)",0,17,10,1,128,1.22.33,0,Chrome 130,3,73,73,-1,6,122.0497,72.1004,DEFAULT,1,N/A,2024-11-19T22:45:11.6740000Z,N/A,N/A
273,2024-11-20T00:22:17.8590000Z,851710fe-0e1d-4a72-aedf-f34f032442c1,WPI6_1732f06186998p5,Successful,0,Real,Mac OS X 10_15_7,1566,2396,Eastern Standard Time,"ANGLE (Apple, ANGLE Metal Renderer: Apple M2, Unspecified Version)",0,17,10,1,128,1.22.33,0,Chrome 125,3,12,12,-1,0,119.846107,50.46566,DEFAULT,1,N/A,2024-11-20T00:22:17.8590000Z,N/A,N/A
274,2024-11-20T00:22:17.8590000Z,851710fe-0e1d-4a72-aedf-f34f032442c1,WPI6_1732f06186998p5,Successful,0,Real,Mac OS X 10_15_7,1566,2396,Eastern Standard Time,"ANGLE (Apple, ANGLE Metal Renderer: Apple M2, Unspecified Version)",0,17,10,1,128,1.22.33,0,Chrome 125,3,73,73,-1,1,120.407738,44.8225746,DEFAULT,1,N/A,2024-11-20T00:22:17.8590000Z,N/A,N/A
275,2024-11-20T00:22:17.8590000Z,851710fe-0e1d-4a72-aedf-f34f032442c1,WPI6_1732f06186998p5,Successful,0,Real,Mac OS X 10_15_7,1566,2396,Eastern Standard Time,"ANGLE (Apple, ANGLE Metal Renderer: Apple M2, Unspecified Version)",0,17,10,1,128,1.22.33,0,Chrome 125,3,5,5,-1,2,119.391068,41.48057,DEFAULT,1,N/A,2024-11-20T00:22:17.8590000Z,N/A,N/A
276,2024-11-20T00:22:17.8590000Z,851710fe-0e1d-4a72-aedf-f34f032442c1,WPI6_1732f06186998p5,Successful,0,Real,Mac OS X 10_15_7,1566,2396,Eastern Standard Time,"ANGLE (Apple, ANGLE Metal Renderer: Apple M2, Unspecified Version)",0,17,10,1,128,1.22.33,0,Chrome 125,3,29,29,-1,3,120.00061,45.3190727,DEFAULT,1,N/A,2024-11-20T00:22:17.8590000Z,N/A,N/A
277,2024-11-20T00:22:17.8590000Z,851710fe-0e1d-4a72-aedf-f34f032442c1,WPI6_1732f06186998p5,Successful,0,Real,Mac OS X 10_15_7,1566,2396,Eastern Standard Time,"ANGLE (Apple, ANGLE Metal Renderer: Apple M2, Unspecified Version)",0,17,10,1,128,1.22.33,0,Chrome 125,3,35,35,-1,4,120.370667,51.58248,DEFAULT,1,N/A,2024-11-20T00:22:17.8590000Z,N/A,N/A
278,2024-11-20T00:22:17.8590000Z,851710fe-0e1d-4a72-aedf-f34f032442c1,WPI6_1732f06186998p5,Successful,0,Real,Mac OS X 10_15_7,1566,2396,Eastern Standard Time,"ANGLE (Apple, ANGLE Metal Renderer: Apple M2, Unspecified Version)",0,17,10,1,128,1.22.33,0,Chrome 125,3,-1,-1,-1,5,119.828064,44.8901367,DEFAULT,1,N/A,2024-11-20T00:22:17.8590000Z,N/A,N/A
279,2024-11-20T00:22:17.8590000Z,851710fe-0e1d-4a72-aedf-f34f032442c1,WPI6_1732f06186998p5,Successful,0,Real,Mac OS X 10_15_7,1566,2396,Eastern Standard Time,"ANGLE (Apple, ANGLE Metal Renderer: Apple M2, Unspecified Version)",0,17,10,1,128,1.22.33,0,Chrome 125,3,2,2,-1,6,119.793289,44.11855,DEFAULT,1,N/A,2024-11-20T00:22:17.8590000Z,N/A,N/A
280,2024-11-20T15:42:23.8330000Z,851710fe-0e1d-4a72-aedf-f34f032442c1,WPI6_1732n11706z1483,Successful,0,Real,Mac OS X 10_15_7,1432,2396,Eastern Standard Time,"ANGLE (Apple, ANGLE Metal Renderer: Apple M2, Unspecified Version)",0,17,10,1,128,1.22.33,0,Chrome 129,3,12,12,-1,0,119.302788,45.27674,DEFAULT,1,N/A,2024-11-20T15:42:23.8330000Z,N/A,N/A
281,2024-11-20T15:42:23.8330000Z,851710fe-0e1d-4a72-aedf-f34f032442c1,WPI6_1732n11706z1483,Successful,0,Real,Mac OS X 10_15_7,1432,2396,Eastern Standard Time,"ANGLE (Apple, ANGLE Metal Renderer: Apple M2, Unspecified Version)",0,17,10,1,128,1.22.33,0,Chrome 129,3,7,7,-1,1,120.192848,49.8020668,DEFAULT,1,N/A,2024-11-20T15:42:23.8330000Z,N/A,N/A
282,2024-11-20T15:42:23.8330000Z,851710fe-0e1d-4a72-aedf-f34f032442c1,WPI6_1732n11706z1483,Successful,0,Real,Mac OS X 10_15_7,1432,2396,Eastern Standard Time,"ANGLE (Apple, ANGLE Metal Renderer: Apple M2, Unspecified Version)",0,17,10,1,128,1.22.33,0,Chrome 129,3,57,57,-1,2,120.231026,51.02685,DEFAULT,1,N/A,2024-11-20T15:42:23.8330000Z,N/A,N/A
283,2024-11-20T15:42:23.8330000Z,851710fe-0e1d-4a72-aedf-f34f032442c1,WPI6_1732n11706z1483,Successful,0,Real,Mac OS X 10_15_7,1432,2396,Eastern Standard Time,"ANGLE (Apple, ANGLE Metal Renderer: Apple M2, Unspecified Version)",0,17,10,1,128,1.22.33,0,Chrome 129,3,6,6,-1,3,120.627884,42.5623245,DEFAULT,1,N/A,2024-11-20T15:42:23.8330000Z,N/A,N/A
284,2024-11-20T15:42:23.8330000Z,851710fe-0e1d-4a72-aedf-f34f032442c1,WPI6_1732n11706z1483,Successful,0,Real,Mac OS X 10_15_7,1432,2396,Eastern Standard Time,"ANGLE (Apple, ANGLE Metal Renderer: Apple M2, Unspecified Version)",0,17,10,1,128,1.22.33,0,Chrome 129,3,15,15,-1,4,120.433517,61.7251358,DEFAULT,1,N/A,2024-11-20T15:42:23.8330000Z,N/A,N/A
285,2024-11-20T15:42:23.8330000Z,851710fe-0e1d-4a72-aedf-f34f032442c1,WPI6_1732n11706z1483,Successful,0,Real,Mac OS X 10_15_7,1432,2396,Eastern Standard Time,"ANGLE (Apple, ANGLE Metal Renderer: Apple M2, Unspecified Version)",0,17,10,1,128,1.22.33,0,Chrome 129,3,-1,-1,-1,5,119.917511,60.741703,DEFAULT,1,N/A,2024-11-20T15:42:23.8330000Z,N/A,N/A
286,2024-11-20T15:42:23.8330000Z,851710fe-0e1d-4a72-aedf-f34f032442c1,WPI6_1732n11706z1483,Successful,0,Real,Mac OS X 10_15_7,1432,2396,Eastern Standard Time,"ANGLE (Apple, ANGLE Metal Renderer: Apple M2, Unspecified Version)",0,17,10,1,128,1.22.33,0,Chrome 129,3,42,42,-1,6,120.428841,54.6299629,DEFAULT,1,N/A,2024-11-20T15:42:23.8330000Z,N/A,N/A
287,2024-11-20T17:57:11.6170000Z,851710fe-0e1d-4a72-aedf-f34f032442c1,WPI6_17321252q35c400,Successful,0,Real,Mac OS X 10_15_7,1598,2396,Eastern Standard Time,Apple GPU,0,17,10,1,128,1.22.33,0,Safari 18.1,3,12,12,-1,0,119.949036,91.52704,DEFAULT,1,N/A,2024-11-20T17:57:11.6170000Z,N/A,N/A
288,2024-11-20T17:57:11.6170000Z,851710fe-0e1d-4a72-aedf-f34f032442c1,WPI6_17321252q35c400,Successful,0,Real,Mac OS X 10_15_7,1598,2396,Eastern Standard Time,Apple GPU,0,17,10,1,128,1.22.33,0,Safari 18.1,3,29,29,-1,1,120.29287,87.98578,DEFAULT,1,N/A,2024-11-20T17:57:11.6170000Z,N/A,N/A
289,2024-11-20T17:57:11.6170000Z,851710fe-0e1d-4a72-aedf-f34f032442c1,WPI6_17321252q35c400,Successful,0,Real,Mac OS X 10_15_7,1598,2396,Eastern Standard Time,Apple GPU,0,17,10,1,128,1.22.33,0,Safari 18.1,3,-1,-1,-1,2,120.3551,89.82986,DEFAULT,1,N/A,2024-11-20T17:57:11.6170000Z,N/A,N/A
290,2024-11-20T17:57:11.6170000Z,851710fe-0e1d-4a72-aedf-f34f032442c1,WPI6_17321252q35c400,Successful,0,Real,Mac OS X 10_15_7,1598,2396,Eastern Standard Time,Apple GPU,0,17,10,1,128,1.22.33,0,Safari 18.1,3,35,35,-1,3,120.726631,73.32555,DEFAULT,1,N/A,2024-11-20T17:57:11.6170000Z,N/A,N/A
291,2024-11-20T17:57:11.6170000Z,851710fe-0e1d-4a72-aedf-f34f032442c1,WPI6_17321252q35c400,Successful,0,Real,Mac OS X 10_15_7,1598,2396,Eastern Standard Time,Apple GPU,0,17,10,1,128,1.22.33,0,Safari 18.1,3,15,15,-1,4,120.996773,90.5949249,DEFAULT,1,N/A,2024-11-20T17:57:11.6170000Z,N/A,N/A
292,2024-11-20T17:57:11.6170000Z,851710fe-0e1d-4a72-aedf-f34f032442c1,WPI6_17321252q35c400,Successful,0,Real,Mac OS X 10_15_7,1598,2396,Eastern Standard Time,Apple GPU,0,17,10,1,128,1.22.33,0,Safari 18.1,3,7,7,-1,5,120.176048,78.65599,DEFAULT,1,N/A,2024-11-20T17:57:11.6170000Z,N/A,N/A
293,2024-11-20T17:57:11.6170000Z,851710fe-0e1d-4a72-aedf-f34f032442c1,WPI6_17321252q35c400,Successful,0,Real,Mac OS X 10_15_7,1598,2396,Eastern Standard Time,Apple GPU,0,17,10,1,128,1.22.33,0,Safari 18.1,3,97,97,-1,6,120.661453,89.42416,DEFAULT,1,N/A,2024-11-20T17:57:11.6170000Z,N/A,N/A
294,2024-11-20T20:12:51.0200000Z,851710fe-0e1d-4a72-aedf-f34f032442c1,WPI6_17321k3341129z9,Successful,0,Real,Windows 10,869,1498,Eastern Standard Time,"ANGLE (AMD, AMD Radeon(TM) Graphics (0x00001638) Direct3D11 vs_5_0 ps_5_0, D3D11)",0,17,10,1,128,1.22.33,0,Chrome 131,3,12,12,-1,0,125.967056,41.94854,DEFAULT,1,N/A,2024-11-20T20:12:51.0200000Z,N/A,N/A
295,2024-11-20T20:12:51.0200000Z,851710fe-0e1d-4a72-aedf-f34f032442c1,WPI6_17321k3341129z9,Successful,0,Real,Windows 10,869,1498,Eastern Standard Time,"ANGLE (AMD, AMD Radeon(TM) Graphics (0x00001638) Direct3D11 vs_5_0 ps_5_0, D3D11)",0,17,10,1,128,1.22.33,0,Chrome 131,3,15,15,-1,1,123.944733,65.09205,DEFAULT,1,N/A,2024-11-20T20:12:51.0200000Z,N/A,N/A
296,2024-11-20T20:12:51.0200000Z,851710fe-0e1d-4a72-aedf-f34f032442c1,WPI6_17321k3341129z9,Successful,0,Real,Windows 10,869,1498,Eastern Standard Time,"ANGLE (AMD, AMD Radeon(TM) Graphics (0x00001638) Direct3D11 vs_5_0 ps_5_0, D3D11)",0,17,10,1,128,1.22.33,0,Chrome 131,3,73,73,-1,2,124.727638,52.7818336,DEFAULT,1,N/A,2024-11-20T20:12:51.0200000Z,N/A,N/A
297,2024-11-20T20:12:51.0200000Z,851710fe-0e1d-4a72-aedf-f34f032442c1,WPI6_17321k3341129z9,Successful,0,Real,Windows 10,869,1498,Eastern Standard Time,"ANGLE (AMD, AMD Radeon(TM) Graphics (0x00001638) Direct3D11 vs_5_0 ps_5_0, D3D11)",0,17,10,1,128,1.22.33,0,Chrome 131,3,-1,-1,-1,3,123.358635,47.9532,DEFAULT,1,N/A,2024-11-20T20:12:51.0200000Z,N/A,N/A
298,2024-11-20T20:12:51.0200000Z,851710fe-0e1d-4a72-aedf-f34f032442c1,WPI6_17321k3341129z9,Successful,0,Real,Windows 10,869,1498,Eastern Standard Time,"ANGLE (AMD, AMD Radeon(TM) Graphics (0x00001638) Direct3D11 vs_5_0 ps_5_0, D3D11)",0,17,10,1,128,1.22.33,0,Chrome 131,3,2,2,-1,4,124.156731,49.030838,DEFAULT,1,N/A,2024-11-20T20:12:51.0200000Z,N/A,N/A
299,2024-11-20T20:12:51.0200000Z,851710fe-0e1d-4a72-aedf-f34f032442c1,WPI6_17321k3341129z9,Successful,0,Real,Windows 10,869,1498,Eastern Standard Time,"ANGLE (AMD, AMD Radeon(TM) Graphics (0x00001638) Direct3D11 vs_5_0 ps_5_0, D3D11)",0,17,10,1,128,1.22.33,0,Chrome 131,3,42,42,-1,5,124.591187,48.5965157,DEFAULT,1,N/A,2024-11-20T20:12:51.0200000Z,N/A,N/A
300,2024-11-20T20:12:51.0200000Z,851710fe-0e1d-4a72-aedf-f34f032442c1,WPI6_17321k3341129z9,Successful,0,Real,Windows 10,869,1498,Eastern Standard Time,"ANGLE (AMD, AMD Radeon(TM) Graphics (0x00001638) Direct3D11 vs_5_0 ps_5_0, D3D11)",0,17,10,1,128,1.22.33,0,Chrome 131,3,6,6,-1,6,124.742027,54.00568,DEFAULT,1,N/A,2024-11-20T20:12:51.0200000Z,N/A,N/A
301,2024-11-22T17:08:38.5300000Z,851710fe-0e1d-4a72-aedf-f34f032442c1,WPI6_1732n2e95074607,Successful,0,Real,Windows 10,1161,1797,Eastern Standard Time,"ANGLE (Intel, Intel(R) Iris(R) Xe Graphics (0x0000A7A1) Direct3D11 vs_5_0 ps_5_0, D3D11)",0,17,10,1,128,1.22.33,0,Chrome 131,3,12,12,-1,0,84.64134,504.324127,DEFAULT,1,N/A,2024-11-22T17:08:38.5300000Z,N/A,N/A
302,2024-11-22T17:08:38.5300000Z,851710fe-0e1d-4a72-aedf-f34f032442c1,WPI6_1732n2e95074607,Successful,0,Real,Windows 10,1161,1797,Eastern Standard Time,"ANGLE (Intel, Intel(R) Iris(R) Xe Graphics (0x0000A7A1) Direct3D11 vs_5_0 ps_5_0, D3D11)",0,17,10,1,128,1.22.33,0,Chrome 131,3,35,35,-1,1,79.86767,436.433136,DEFAULT,1,N/A,2024-11-22T17:08:38.5300000Z,N/A,N/A
303,2024-11-22T17:08:38.5300000Z,851710fe-0e1d-4a72-aedf-f34f032442c1,WPI6_1732n2e95074607,Successful,0,Real,Windows 10,1161,1797,Eastern Standard Time,"ANGLE (Intel, Intel(R) Iris(R) Xe Graphics (0x0000A7A1) Direct3D11 vs_5_0 ps_5_0, D3D11)",0,17,10,1,128,1.22.33,0,Chrome 131,3,-1,-1,-1,2,82.82333,416.605682,DEFAULT,1,N/A,2024-11-22T17:08:38.5300000Z,N/A,N/A
304,2024-11-22T17:08:38.5300000Z,851710fe-0e1d-4a72-aedf-f34f032442c1,WPI6_1732n2e95074607,Successful,0,Real,Windows 10,1161,1797,Eastern Standard Time,"ANGLE (Intel, Intel(R) Iris(R) Xe Graphics (0x0000A7A1) Direct3D11 vs_5_0 ps_5_0, D3D11)",0,17,10,1,128,1.22.33,0,Chrome 131,3,97,97,-1,3,86.63937,517.5652,DEFAULT,1,N/A,2024-11-22T17:08:38.5300000Z,N/A,N/A
305,2024-11-22T17:08:38.5300000Z,851710fe-0e1d-4a72-aedf-f34f032442c1,WPI6_1732n2e95074607,Successful,0,Real,Windows 10,1161,1797,Eastern Standard Time,"ANGLE (Intel, Intel(R) Iris(R) Xe Graphics (0x0000A7A1) Direct3D11 vs_5_0 ps_5_0, D3D11)",0,17,10,1,128,1.22.33,0,Chrome 131,3,5,5,-1,4,85.454216,612.7565,DEFAULT,1,N/A,2024-11-22T17:08:38.5300000Z,N/A,N/A
306,2024-11-22T17:08:38.5300000Z,851710fe-0e1d-4a72-aedf-f34f032442c1,WPI6_1732n2e95074607,Successful,0,Real,Windows 10,1161,1797,Eastern Standard Time,"ANGLE (Intel, Intel(R) Iris(R) Xe Graphics (0x0000A7A1) Direct3D11 vs_5_0 ps_5_0, D3D11)",0,17,10,1,128,1.22.33,0,Chrome 131,3,57,57,-1,5,82.06543,430.6773,DEFAULT,1,N/A,2024-11-22T17:08:38.5300000Z,N/A,N/A
307,2024-11-22T17:08:38.5300000Z,851710fe-0e1d-4a72-aedf-f34f032442c1,WPI6_1732n2e95074607,Successful,0,Real,Windows 10,1161,1797,Eastern Standard Time,"ANGLE (Intel, Intel(R) Iris(R) Xe Graphics (0x0000A7A1) Direct3D11 vs_5_0 ps_5_0, D3D11)",0,17,10,1,128,1.22.33,0,Chrome 131,3,5,5,-1,6,83.3695,471.28714,DEFAULT,1,N/A,2024-11-22T17:08:38.5300000Z,N/A,N/A
308,2024-11-24T20:36:10.6940000Z,851710fe-0e1d-4a72-aedf-f34f032442c1,WPI6_1732480250p4l87,Successful,0,Real,Windows 10,880,1498,Eastern Standard Time,"ANGLE (Intel, Intel(R) Iris(R) Xe Graphics (0x00009A49) Direct3D11 vs_5_0 ps_5_0, D3D11)",0,17,10,1,128,1.22.33,0,Chrome 130,3,12,12,-1,0,87.56481,593.1101,DEFAULT,1,N/A,2024-11-24T20:36:10.6940000Z,N/A,N/A
309,2024-11-24T20:36:10.6940000Z,851710fe-0e1d-4a72-aedf-f34f032442c1,WPI6_1732480250p4l87,Successful,0,Real,Windows 10,880,1498,Eastern Standard Time,"ANGLE (Intel, Intel(R) Iris(R) Xe Graphics (0x00009A49) Direct3D11 vs_5_0 ps_5_0, D3D11)",0,17,10,1,128,1.22.33,0,Chrome 130,3,5,5,-1,1,82.55386,687.024841,DEFAULT,1,N/A,2024-11-24T20:36:10.6940000Z,N/A,N/A
310,2024-11-24T20:36:10.6940000Z,851710fe-0e1d-4a72-aedf-f34f032442c1,WPI6_1732480250p4l87,Successful,0,Real,Windows 10,880,1498,Eastern Standard Time,"ANGLE (Intel, Intel(R) Iris(R) Xe Graphics (0x00009A49) Direct3D11 vs_5_0 ps_5_0, D3D11)",0,17,10,1,128,1.22.33,0,Chrome 130,3,8,8,-1,2,83.1815643,596.1552,DEFAULT,1,N/A,2024-11-24T20:36:10.6940000Z,N/A,N/A
311,2024-11-24T20:36:10.6940000Z,851710fe-0e1d-4a72-aedf-f34f032442c1,WPI6_1732480250p4l87,Successful,0,Real,Windows 10,880,1498,Eastern Standard Time,"ANGLE (Intel, Intel(R) Iris(R) Xe Graphics (0x00009A49) Direct3D11 vs_5_0 ps_5_0, D3D11)",0,17,10,1,128,1.22.33,0,Chrome 130,3,2,2,-1,3,86.71586,634.783447,DEFAULT,1,N/A,2024-11-24T20:36:10.6940000Z,N/A,N/A
312,2024-11-24T20:36:10.6940000Z,851710fe-0e1d-4a72-aedf-f34f032442c1,WPI6_1732480250p4l87,Successful,0,Real,Windows 10,880,1498,Eastern Standard Time,"ANGLE (Intel, Intel(R) Iris(R) Xe Graphics (0x00009A49) Direct3D11 vs_5_0 ps_5_0, D3D11)",0,17,10,1,128,1.22.33,0,Chrome 130,3,42,42,-1,4,85.72015,620.4923,DEFAULT,1,N/A,2024-11-24T20:36:10.6940000Z,N/A,N/A
313,2024-11-24T20:36:10.6940000Z,851710fe-0e1d-4a72-aedf-f34f032442c1,WPI6_1732480250p4l87,Successful,0,Real,Windows 10,880,1498,Eastern Standard Time,"ANGLE (Intel, Intel(R) Iris(R) Xe Graphics (0x00009A49) Direct3D11 vs_5_0 ps_5_0, D3D11)",0,17,10,1,128,1.22.33,0,Chrome 130,3,5,5,-1,5,83.1149139,669.810059,DEFAULT,1,N/A,2024-11-24T20:36:10.6940000Z,N/A,N/A
314,2024-11-24T20:36:10.6940000Z,851710fe-0e1d-4a72-aedf-f34f032442c1,WPI6_1732480250p4l87,Successful,0,Real,Windows 10,880,1498,Eastern Standard Time,"ANGLE (Intel, Intel(R) Iris(R) Xe Graphics (0x00009A49) Direct3D11 vs_5_0 ps_5_0, D3D11)",0,17,10,1,128,1.22.33,0,Chrome 130,3,-1,-1,-1,6,85.7413,663.202759,DEFAULT,1,N/A,2024-11-24T20:36:10.6940000Z,N/A,N/A
315,2024-11-25T17:01:47.6170000Z,851710fe-0e1d-4a72-aedf-f34f032442c1,WPI6_1d732z553804786,Successful,0,Real,Windows 10,1480,2396,Eastern Standard Time,"ANGLE (Intel, Intel(R) Arc(TM) Graphics (0x00007D55) Direct3D11 vs_5_0 ps_5_0, D3D11)",0,17,10,1,128,1.22.33,0,Chrome 131,3,12,12,-1,0,81.01222,761.0272,DEFAULT,1,N/A,2024-11-25T17:01:47.6170000Z,N/A,N/A
316,2024-11-25T17:01:47.6170000Z,851710fe-0e1d-4a72-aedf-f34f032442c1,WPI6_1d732z553804786,Successful,0,Real,Windows 10,1480,2396,Eastern Standard Time,"ANGLE (Intel, Intel(R) Arc(TM) Graphics (0x00007D55) Direct3D11 vs_5_0 ps_5_0, D3D11)",0,17,10,1,128,1.22.33,0,Chrome 131,3,74,4,-1,1,75.82589,636.3422,DEFAULT,0,N/A,2024-11-25T17:01:47.6170000Z,N/A,N/A
317,2024-11-25T17:01:47.6170000Z,851710fe-0e1d-4a72-aedf-f34f032442c1,WPI6_1d732z553804786,Successful,0,Real,Windows 10,1480,2396,Eastern Standard Time,"ANGLE (Intel, Intel(R) Arc(TM) Graphics (0x00007D55) Direct3D11 vs_5_0 ps_5_0, D3D11)",0,17,10,1,128,1.22.33,0,Chrome 131,3,16,16,-1,2,75.47,620.7965,DEFAULT,1,N/A,2024-11-25T17:01:47.6170000Z,N/A,N/A
318,2024-11-25T17:01:47.6170000Z,851710fe-0e1d-4a72-aedf-f34f032442c1,WPI6_1d732z553804786,Successful,0,Real,Windows 10,1480,2396,Eastern Standard Time,"ANGLE (Intel, Intel(R) Arc(TM) Graphics (0x00007D55) Direct3D11 vs_5_0 ps_5_0, D3D11)",0,17,10,1,128,1.22.33,0,Chrome 131,3,8,8,-1,3,75.73266,678.122864,DEFAULT,1,N/A,2024-11-25T17:01:47.6170000Z,N/A,N/A
319,2024-11-25T17:01:47.6170000Z,851710fe-0e1d-4a72-aedf-f34f032442c1,WPI6_1d732z553804786,Successful,0,Real,Windows 10,1480,2396,Eastern Standard Time,"ANGLE (Intel, Intel(R) Arc(TM) Graphics (0x00007D55) Direct3D11 vs_5_0 ps_5_0, D3D11)",0,17,10,1,128,1.22.33,0,Chrome 131,3,35,35,-1,4,82.57036,812.2903,DEFAULT,1,N/A,2024-11-25T17:01:47.6170000Z,N/A,N/A
320,2024-11-25T17:01:47.6170000Z,851710fe-0e1d-4a72-aedf-f34f032442c1,WPI6_1d732z553804786,Successful,0,Real,Windows 10,1480,2396,Eastern Standard Time,"ANGLE (Intel, Intel(R) Arc(TM) Graphics (0x00007D55) Direct3D11 vs_5_0 ps_5_0, D3D11)",0,17,10,1,128,1.22.33,0,Chrome 131,3,-1,-1,-1,5,75.76763,611.3921,DEFAULT,1,N/A,2024-11-25T17:01:47.6170000Z,N/A,N/A
321,2024-11-25T17:01:47.6170000Z,851710fe-0e1d-4a72-aedf-f34f032442c1,WPI6_1d732z553804786,Successful,0,Real,Windows 10,1480,2396,Eastern Standard Time,"ANGLE (Intel, Intel(R) Arc(TM) Graphics (0x00007D55) Direct3D11 vs_5_0 ps_5_0, D3D11)",0,17,10,1,128,1.22.33,0,Chrome 131,3,45,45,-1,6,80.17623,782.507935,DEFAULT,1,N/A,2024-11-25T17:01:47.6170000Z,N/A,N/A
322,2024-11-27T01:31:53.9030000Z,851710fe-0e1d-4a72-aedf-f34f032442c1,WPI6_17gc32670874638,Successful,0,Real,Windows 10,939,1498,Eastern Standard Time,"ANGLE (Intel, Intel(R) Iris(R) Xe Graphics (0x000046A6) Direct3D11 vs_5_0 ps_5_0, D3D11)",0,17,10,1,128,1.22.33,0,Chrome 130,3,12,12,-1,0,70.95273,395.532471,DEFAULT,1,N/A,2024-11-27T01:31:53.9030000Z,N/A,N/A
323,2024-11-27T01:31:53.9030000Z,851710fe-0e1d-4a72-aedf-f34f032442c1,WPI6_17gc32670874638,Successful,0,Real,Windows 10,939,1498,Eastern Standard Time,"ANGLE (Intel, Intel(R) Iris(R) Xe Graphics (0x000046A6) Direct3D11 vs_5_0 ps_5_0, D3D11)",0,17,10,1,128,1.22.33,0,Chrome 130,3,-1,-1,-1,1,75.1731644,470.90506,DEFAULT,1,N/A,2024-11-27T01:31:53.9030000Z,N/A,N/A
324,2024-11-27T01:31:53.9030000Z,851710fe-0e1d-4a72-aedf-f34f032442c1,WPI6_17gc32670874638,Successful,0,Real,Windows 10,939,1498,Eastern Standard Time,"ANGLE (Intel, Intel(R) Iris(R) Xe Graphics (0x000046A6) Direct3D11 vs_5_0 ps_5_0, D3D11)",0,17,10,1,128,1.22.33,0,Chrome 130,3,7,7,-1,2,74.07686,424.8539,DEFAULT,1,N/A,2024-11-27T01:31:53.9030000Z,N/A,N/A
325,2024-11-27T01:31:53.9030000Z,851710fe-0e1d-4a72-aedf-f34f032442c1,WPI6_17gc32670874638,Successful,0,Real,Windows 10,939,1498,Eastern Standard Time,"ANGLE (Intel, Intel(R) Iris(R) Xe Graphics (0x000046A6) Direct3D11 vs_5_0 ps_5_0, D3D11)",0,17,10,1,128,1.22.33,0,Chrome 130,3,42,42,-1,3,73.44991,457.7354,DEFAULT,1,N/A,2024-11-27T01:31:53.9030000Z,N/A,N/A
326,2024-11-27T01:31:53.9030000Z,851710fe-0e1d-4a72-aedf-f34f032442c1,WPI6_17gc32670874638,Successful,0,Real,Windows 10,939,1498,Eastern Standard Time,"ANGLE (Intel, Intel(R) Iris(R) Xe Graphics (0x000046A6) Direct3D11 vs_5_0 ps_5_0, D3D11)",0,17,10,1,128,1.22.33,0,Chrome 130,3,15,15,-1,4,73.11407,506.0776,DEFAULT,1,N/A,2024-11-27T01:31:53.9030000Z,N/A,N/A
327,2024-11-27T01:31:53.9030000Z,851710fe-0e1d-4a72-aedf-f34f032442c1,WPI6_17gc32670874638,Successful,0,Real,Windows 10,939,1498,Eastern Standard Time,"ANGLE (Intel, Intel(R) Iris(R) Xe Graphics (0x000046A6) Direct3D11 vs_5_0 ps_5_0, D3D11)",0,17,10,1,128,1.22.33,0,Chrome 130,3,2,2,-1,5,75.49652,558.3359,DEFAULT,1,N/A,2024-11-27T01:31:53.9030000Z,N/A,N/A
328,2024-11-27T01:31:53.9030000Z,851710fe-0e1d-4a72-aedf-f34f032442c1,WPI6_17gc32670874638,Successful,0,Real,Windows 10,939,1498,Eastern Standard Time,"ANGLE (Intel, Intel(R) Iris(R) Xe Graphics (0x000046A6) Direct3D11 vs_5_0 ps_5_0, D3D11)",0,17,10,1,128,1.22.33,0,Chrome 130,3,29,29,-1,6,72.1946259,421.3732,DEFAULT,1,N/A,2024-11-27T01:31:53.9030000Z,N/A,N/A
329,2024-12-01T20:25:13.2250000Z,851710fe-0e1d-4a72-aedf-f34f032442c1,WPI6_17n3308449928h0,Successful,0,Real,Mac OS X 10_15_7,1594,2396,Eastern Standard Time,Apple GPU,0,17,10,1,128,1.22.33,0,Safari 17.6,3,12,12,-1,0,119.424416,90.51142,DEFAULT,1,N/A,2024-12-01T20:25:13.2250000Z,N/A,N/A
330,2024-12-01T20:25:13.2250000Z,851710fe-0e1d-4a72-aedf-f34f032442c1,WPI6_17n3308449928h0,Successful,0,Real,Mac OS X 10_15_7,1594,2396,Eastern Standard Time,Apple GPU,0,17,10,1,128,1.22.33,0,Safari 17.6,3,16,16,-1,1,119.142723,105.16114,DEFAULT,1,N/A,2024-12-01T20:25:13.2250000Z,N/A,N/A
331,2024-12-01T20:25:13.2250000Z,851710fe-0e1d-4a72-aedf-f34f032442c1,WPI6_17n3308449928h0,Successful,0,Real,Mac OS X 10_15_7,1594,2396,Eastern Standard Time,Apple GPU,0,17,10,1,128,1.22.33,0,Safari 17.6,3,-1,43,-1,2,119.566315,99.3356552,DEFAULT,0,N/A,2024-12-01T20:25:13.2250000Z,N/A,N/A
332,2024-12-01T20:25:13.2250000Z,851710fe-0e1d-4a72-aedf-f34f032442c1,WPI6_17n3308449928h0,Successful,0,Real,Mac OS X 10_15_7,1594,2396,Eastern Standard Time,Apple GPU,0,17,10,1,128,1.22.33,0,Safari 17.6,3,45,45,-1,3,120.681244,116.4734,DEFAULT,1,N/A,2024-12-01T20:25:13.2250000Z,N/A,N/A
333,2024-12-01T20:25:13.2250000Z,851710fe-0e1d-4a72-aedf-f34f032442c1,WPI6_17n3308449928h0,Successful,0,Real,Mac OS X 10_15_7,1594,2396,Eastern Standard Time,Apple GPU,0,17,10,1,128,1.22.33,0,Safari 17.6,3,57,57,-1,4,119.82338,81.79649,DEFAULT,1,N/A,2024-12-01T20:25:13.2250000Z,N/A,N/A
334,2024-12-01T20:25:13.2250000Z,851710fe-0e1d-4a72-aedf-f34f032442c1,WPI6_17n3308449928h0,Successful,0,Real,Mac OS X 10_15_7,1594,2396,Eastern Standard Time,Apple GPU,0,17,10,1,128,1.22.33,0,Safari 17.6,3,74,74,-1,5,119.886604,92.11377,DEFAULT,1,N/A,2024-12-01T20:25:13.2250000Z,N/A,N/A
335,2024-12-01T20:25:13.2250000Z,851710fe-0e1d-4a72-aedf-f34f032442c1,WPI6_17n3308449928h0,Successful,0,Real,Mac OS X 10_15_7,1594,2396,Eastern Standard Time,Apple GPU,0,17,10,1,128,1.22.33,0,Safari 17.6,3,35,35,-1,6,120.441856,90.64575,DEFAULT,1,N/A,2024-12-01T20:25:13.2250000Z,N/A,N/A
336,2024-12-02T03:30:53.8650000Z,851710fe-0e1d-4a72-aedf-f34f032442c1,WPI6_17331100hb17783,Successful,0,Real,Windows 10,913,1498,Eastern Standard Time,"ANGLE (Intel, Intel(R) Iris(R) Xe Graphics (0x00009A49) Direct3D11 vs_5_0 ps_5_0, D3D11)",0,17,10,1,128,1.22.33,0,Chrome 131,3,12,12,-1,0,107.217545,162.352737,DEFAULT,1,N/A,2024-12-02T03:30:53.8650000Z,N/A,N/A
337,2024-12-02T03:30:53.8650000Z,851710fe-0e1d-4a72-aedf-f34f032442c1,WPI6_17331100hb17783,Successful,0,Real,Windows 10,913,1498,Eastern Standard Time,"ANGLE (Intel, Intel(R) Iris(R) Xe Graphics (0x00009A49) Direct3D11 vs_5_0 ps_5_0, D3D11)",0,17,10,1,128,1.22.33,0,Chrome 131,3,29,29,-1,1,107.379921,130.802536,DEFAULT,1,N/A,2024-12-02T03:30:53.8650000Z,N/A,N/A
338,2024-12-02T03:30:53.8650000Z,851710fe-0e1d-4a72-aedf-f34f032442c1,WPI6_17331100hb17783,Successful,0,Real,Windows 10,913,1498,Eastern Standard Time,"ANGLE (Intel, Intel(R) Iris(R) Xe Graphics (0x00009A49) Direct3D11 vs_5_0 ps_5_0, D3D11)",0,17,10,1,128,1.22.33,0,Chrome 131,3,-1,49,-1,2,107.588936,131.7908,DEFAULT,0,N/A,2024-12-02T03:30:53.8650000Z,N/A,N/A
339,2024-12-02T03:30:53.8650000Z,851710fe-0e1d-4a72-aedf-f34f032442c1,WPI6_17331100hb17783,Successful,0,Real,Windows 10,913,1498,Eastern Standard Time,"ANGLE (Intel, Intel(R) Iris(R) Xe Graphics (0x00009A49) Direct3D11 vs_5_0 ps_5_0, D3D11)",0,17,10,1,128,1.22.33,0,Chrome 131,3,5,5,-1,3,101.874527,142.2157,DEFAULT,1,N/A,2024-12-02T03:30:53.8650000Z,N/A,N/A
340,2024-12-02T03:30:53.8650000Z,851710fe-0e1d-4a72-aedf-f34f032442c1,WPI6_17331100hb17783,Successful,0,Real,Windows 10,913,1498,Eastern Standard Time,"ANGLE (Intel, Intel(R) Iris(R) Xe Graphics (0x00009A49) Direct3D11 vs_5_0 ps_5_0, D3D11)",0,17,10,1,128,1.22.33,0,Chrome 131,3,5,5,-1,4,99.66177,140.348312,DEFAULT,1,N/A,2024-12-02T03:30:53.8650000Z,N/A,N/A
341,2024-12-02T03:30:53.8650000Z,851710fe-0e1d-4a72-aedf-f34f032442c1,WPI6_17331100hb17783,Successful,0,Real,Windows 10,913,1498,Eastern Standard Time,"ANGLE (Intel, Intel(R) Iris(R) Xe Graphics (0x00009A49) Direct3D11 vs_5_0 ps_5_0, D3D11)",0,17,10,1,128,1.22.33,0,Chrome 131,3,42,42,-1,5,103.395737,146.79509,DEFAULT,1,N/A,2024-12-02T03:30:53.8650000Z,N/A,N/A
342,2024-12-02T03:30:53.8650000Z,851710fe-0e1d-4a72-aedf-f34f032442c1,WPI6_17331100hb17783,Successful,0,Real,Windows 10,913,1498,Eastern Standard Time,"ANGLE (Intel, Intel(R) Iris(R) Xe Graphics (0x00009A49) Direct3D11 vs_5_0 ps_5_0, D3D11)",0,17,10,1,128,1.22.33,0,Chrome 131,3,2,2,-1,6,108.121254,134.076569,DEFAULT,1,N/A,2024-12-02T03:30:53.8650000Z,N/A,N/A
343,2024-12-02T03:34:27.5500000Z,851710fe-0e1d-4a72-aedf-f34f032442c1,WPI6_1733110vd258966,Successful,0,Real,Windows 10,1199,1797,Eastern Standard Time,"ANGLE (NVIDIA, NVIDIA GeForce RTX 3050 Laptop GPU (0x000025E2) Direct3D11 vs_5_0 ps_5_0, D3D11)",0,17,10,1,128,1.22.33,0,Chrome 130,3,12,12,-1,0,122.231888,63.1588974,DEFAULT,1,N/A,2024-12-02T03:34:27.5500000Z,N/A,N/A
344,2024-12-02T03:34:27.5500000Z,851710fe-0e1d-4a72-aedf-f34f032442c1,WPI6_1733110vd258966,Successful,0,Real,Windows 10,1199,1797,Eastern Standard Time,"ANGLE (NVIDIA, NVIDIA GeForce RTX 3050 Laptop GPU (0x000025E2) Direct3D11 vs_5_0 ps_5_0, D3D11)",0,17,10,1,128,1.22.33,0,Chrome 130,3,5,5,-1,1,120.502884,79.16653,DEFAULT,1,N/A,2024-12-02T03:34:27.5500000Z,N/A,N/A
345,2024-12-02T03:34:27.5500000Z,851710fe-0e1d-4a72-aedf-f34f032442c1,WPI6_1733110vd258966,Successful,0,Real,Windows 10,1199,1797,Eastern Standard Time,"ANGLE (NVIDIA, NVIDIA GeForce RTX 3050 Laptop GPU (0x000025E2) Direct3D11 vs_5_0 ps_5_0, D3D11)",0,17,10,1,128,1.22.33,0,Chrome 130,3,5,5,-1,2,122.171638,65.93431,DEFAULT,1,N/A,2024-12-02T03:34:27.5500000Z,N/A,N/A
346,2024-12-02T03:34:27.5500000Z,851710fe-0e1d-4a72-aedf-f34f032442c1,WPI6_1733110vd258966,Successful,0,Real,Windows 10,1199,1797,Eastern Standard Time,"ANGLE (NVIDIA, NVIDIA GeForce RTX 3050 Laptop GPU (0x000025E2) Direct3D11 vs_5_0 ps_5_0, D3D11)",0,17,10,1,128,1.22.33,0,Chrome 130,3,42,42,-1,3,122.353096,63.10869,DEFAULT,1,N/A,2024-12-02T03:34:27.5500000Z,N/A,N/A
347,2024-12-02T03:34:27.5500000Z,851710fe-0e1d-4a72-aedf-f34f032442c1,WPI6_1733110vd258966,Successful,0,Real,Windows 10,1199,1797,Eastern Standard Time,"ANGLE (NVIDIA, NVIDIA GeForce RTX 3050 Laptop GPU (0x000025E2) Direct3D11 vs_5_0 ps_5_0, D3D11)",0,17,10,1,128,1.22.33,0,Chrome 130,3,29,29,-1,4,124.391777,75.7344055,DEFAULT,1,N/A,2024-12-02T03:34:27.5500000Z,N/A,N/A
348,2024-12-02T03:34:27.5500000Z,851710fe-0e1d-4a72-aedf-f34f032442c1,WPI6_1733110vd258966,Successful,0,Real,Windows 10,1199,1797,Eastern Standard Time,"ANGLE (NVIDIA, NVIDIA GeForce RTX 3050 Laptop GPU (0x000025E2) Direct3D11 vs_5_0 ps_5_0, D3D11)",0,17,10,1,128,1.22.33,0,Chrome 130,3,97,97,-1,5,123.206764,73.88091,DEFAULT,1,N/A,2024-12-02T03:34:27.5500000Z,N/A,N/A
349,2024-12-02T03:34:27.5500000Z,851710fe-0e1d-4a72-aedf-f34f032442c1,WPI6_1733110vd258966,Successful,0,Real,Windows 10,1199,1797,Eastern Standard Time,"ANGLE (NVIDIA, NVIDIA GeForce RTX 3050 Laptop GPU (0x000025E2) Direct3D11 vs_5_0 ps_5_0, D3D11)",0,17,10,1,128,1.22.33,0,Chrome 130,3,-1,-1,-1,6,121.391396,65.32283,DEFAULT,1,N/A,2024-12-02T03:34:27.5500000Z,N/A,N/A
350,2024-12-03T21:19:14.4000000Z,851710fe-0e1d-4a72-aedf-f34f032442c1,WPI6_17m3326052i0740,Successful,0,Real,Mac OS X 10.15,1576,2396,Eastern Standard Time,"Apple M1, or similar",0,17,10,1,128,1.22.33,0,Firefox 133,3,12,12,-1,0,105.499535,116.70211,DEFAULT,1,N/A,2024-12-03T21:19:14.4000000Z,N/A,N/A
351,2024-12-03T21:19:14.4000000Z,851710fe-0e1d-4a72-aedf-f34f032442c1,WPI6_17m3326052i0740,Successful,0,Real,Mac OS X 10.15,1576,2396,Eastern Standard Time,"Apple M1, or similar",0,17,10,1,128,1.22.33,0,Firefox 133,3,5,5,-1,1,106.327065,95.55864,DEFAULT,1,N/A,2024-12-03T21:19:14.4000000Z,N/A,N/A
352,2024-12-03T21:19:14.4000000Z,851710fe-0e1d-4a72-aedf-f34f032442c1,WPI6_17m3326052i0740,Successful,0,Real,Mac OS X 10.15,1576,2396,Eastern Standard Time,"Apple M1, or similar",0,17,10,1,128,1.22.33,0,Firefox 133,3,-1,-1,-1,2,106.396233,85.04195,DEFAULT,1,N/A,2024-12-03T21:19:14.4000000Z,N/A,N/A
353,2024-12-03T21:19:14.4000000Z,851710fe-0e1d-4a72-aedf-f34f032442c1,WPI6_17m3326052i0740,Successful,0,Real,Mac OS X 10.15,1576,2396,Eastern Standard Time,"Apple M1, or similar",0,17,10,1,128,1.22.33,0,Firefox 133,3,57,57,-1,3,106.174126,108.054482,DEFAULT,1,N/A,2024-12-03T21:19:14.4000000Z,N/A,N/A
354,2024-12-03T21:19:14.4000000Z,851710fe-0e1d-4a72-aedf-f34f032442c1,WPI6_17m3326052i0740,Successful,0,Real,Mac OS X 10.15,1576,2396,Eastern Standard Time,"Apple M1, or similar",0,17,10,1,128,1.22.33,0,Firefox 133,3,6,6,-1,4,105.685905,93.317215,DEFAULT,1,N/A,2024-12-03T21:19:14.4000000Z,N/A,N/A
355,2024-12-03T21:19:14.4000000Z,851710fe-0e1d-4a72-aedf-f34f032442c1,WPI6_17m3326052i0740,Successful,0,Real,Mac OS X 10.15,1576,2396,Eastern Standard Time,"Apple M1, or similar",0,17,10,1,128,1.22.33,0,Firefox 133,3,96,96,-1,5,105.359726,86.68013,DEFAULT,1,N/A,2024-12-03T21:19:14.4000000Z,N/A,N/A
356,2024-12-03T21:19:14.4000000Z,851710fe-0e1d-4a72-aedf-f34f032442c1,WPI6_17m3326052i0740,Successful,0,Real,Mac OS X 10.15,1576,2396,Eastern Standard Time,"Apple M1, or similar",0,17,10,1,128,1.22.33,0,Firefox 133,3,74,74,-1,6,105.816444,90.47491,DEFAULT,1,N/A,2024-12-03T21:19:14.4000000Z,N/A,N/A
357,2024-12-03T21:38:26.5130000Z,851710fe-0e1d-4a72-aedf-f34f032442c1,WPI6_173q326165q8542,Successful,0,Real,Windows 10,913,1498,Eastern Standard Time,"ANGLE (Intel, Intel(R) Iris(R) Xe Graphics (0x000046A6) Direct3D11 vs_5_0 ps_5_0, D3D11)",0,17,10,1,128,1.22.33,0,Chrome 131,3,12,12,-1,0,115.254478,352.414185,DEFAULT,1,N/A,2024-12-03T21:38:26.5130000Z,N/A,N/A
358,2024-12-03T21:38:26.5130000Z,851710fe-0e1d-4a72-aedf-f34f032442c1,WPI6_173q326165q8542,Successful,0,Real,Windows 10,913,1498,Eastern Standard Time,"ANGLE (Intel, Intel(R) Iris(R) Xe Graphics (0x000046A6) Direct3D11 vs_5_0 ps_5_0, D3D11)",0,17,10,1,128,1.22.33,0,Chrome 131,3,45,45,-1,1,95.5559845,848.2064,DEFAULT,1,N/A,2024-12-03T21:38:26.5130000Z,N/A,N/A
359,2024-12-03T21:38:26.5130000Z,851710fe-0e1d-4a72-aedf-f34f032442c1,WPI6_173q326165q8542,Successful,0,Real,Windows 10,913,1498,Eastern Standard Time,"ANGLE (Intel, Intel(R) Iris(R) Xe Graphics (0x000046A6) Direct3D11 vs_5_0 ps_5_0, D3D11)",0,17,10,1,128,1.22.33,0,Chrome 131,3,73,73,-1,2,114.916092,270.037354,DEFAULT,1,N/A,2024-12-03T21:38:26.5130000Z,N/A,N/A
360,2024-12-03T21:38:26.5130000Z,851710fe-0e1d-4a72-aedf-f34f032442c1,WPI6_173q326165q8542,Successful,0,Real,Windows 10,913,1498,Eastern Standard Time,"ANGLE (Intel, Intel(R) Iris(R) Xe Graphics (0x000046A6) Direct3D11 vs_5_0 ps_5_0, D3D11)",0,17,10,1,128,1.22.33,0,Chrome 131,3,15,15,-1,3,110.638184,463.891235,DEFAULT,1,N/A,2024-12-03T21:38:26.5130000Z,N/A,N/A
361,2024-12-03T21:38:26.5130000Z,851710fe-0e1d-4a72-aedf-f34f032442c1,WPI6_173q326165q8542,Successful,0,Real,Windows 10,913,1498,Eastern Standard Time,"ANGLE (Intel, Intel(R) Iris(R) Xe Graphics (0x000046A6) Direct3D11 vs_5_0 ps_5_0, D3D11)",0,17,10,1,128,1.22.33,0,Chrome 131,3,-1,46,-1,4,97.3633,793.522,DEFAULT,0,N/A,2024-12-03T21:38:26.5130000Z,N/A,N/A
362,2024-12-03T21:38:26.5130000Z,851710fe-0e1d-4a72-aedf-f34f032442c1,WPI6_173q326165q8542,Successful,0,Real,Windows 10,913,1498,Eastern Standard Time,"ANGLE (Intel, Intel(R) Iris(R) Xe Graphics (0x000046A6) Direct3D11 vs_5_0 ps_5_0, D3D11)",0,17,10,1,128,1.22.33,0,Chrome 131,3,35,35,-1,5,102.519363,697.073242,DEFAULT,1,N/A,2024-12-03T21:38:26.5130000Z,N/A,N/A
363,2024-12-03T21:38:26.5130000Z,851710fe-0e1d-4a72-aedf-f34f032442c1,WPI6_173q326165q8542,Successful,0,Real,Windows 10,913,1498,Eastern Standard Time,"ANGLE (Intel, Intel(R) Iris(R) Xe Graphics (0x000046A6) Direct3D11 vs_5_0 ps_5_0, D3D11)",0,17,10,1,128,1.22.33,0,Chrome 131,3,6,6,-1,6,112.818634,349.487518,DEFAULT,1,N/A,2024-12-03T21:38:26.5130000Z,N/A,N/A
364,2024-12-03T21:47:53.8250000Z,851710fe-0e1d-4a72-aedf-f34f032442c1,WPI6_q1r733262180904,Successful,0,Real,Windows 10,998,1797,Eastern Standard Time,"ANGLE (Intel, Intel(R) Graphics (0x00007D45) Direct3D11 vs_5_0 ps_5_0, D3D11)",0,17,10,1,128,1.22.33,0,Chrome 131,3,12,12,-1,0,88.13063,865.0694,DEFAULT,1,N/A,2024-12-03T21:47:53.8250000Z,N/A,N/A
365,2024-12-03T21:47:53.8250000Z,851710fe-0e1d-4a72-aedf-f34f032442c1,WPI6_q1r733262180904,Successful,0,Real,Windows 10,998,1797,Eastern Standard Time,"ANGLE (Intel, Intel(R) Graphics (0x00007D45) Direct3D11 vs_5_0 ps_5_0, D3D11)",0,17,10,1,128,1.22.33,0,Chrome 131,3,42,42,-1,1,92.0823441,740.2812,DEFAULT,1,N/A,2024-12-03T21:47:53.8250000Z,N/A,N/A
366,2024-12-03T21:47:53.8250000Z,851710fe-0e1d-4a72-aedf-f34f032442c1,WPI6_q1r733262180904,Successful,0,Real,Windows 10,998,1797,Eastern Standard Time,"ANGLE (Intel, Intel(R) Graphics (0x00007D45) Direct3D11 vs_5_0 ps_5_0, D3D11)",0,17,10,1,128,1.22.33,0,Chrome 131,3,5,5,-1,2,83.33553,737.6141,DEFAULT,1,N/A,2024-12-03T21:47:53.8250000Z,N/A,N/A
367,2024-12-03T21:47:53.8250000Z,851710fe-0e1d-4a72-aedf-f34f032442c1,WPI6_q1r733262180904,Successful,0,Real,Windows 10,998,1797,Eastern Standard Time,"ANGLE (Intel, Intel(R) Graphics (0x00007D45) Direct3D11 vs_5_0 ps_5_0, D3D11)",0,17,10,1,128,1.22.33,0,Chrome 131,3,5,5,-1,3,92.23321,780.713135,DEFAULT,1,N/A,2024-12-03T21:47:53.8250000Z,N/A,N/A
368,2024-12-03T21:47:53.8250000Z,851710fe-0e1d-4a72-aedf-f34f032442c1,WPI6_q1r733262180904,Successful,0,Real,Windows 10,998,1797,Eastern Standard Time,"ANGLE (Intel, Intel(R) Graphics (0x00007D45) Direct3D11 vs_5_0 ps_5_0, D3D11)",0,17,10,1,128,1.22.33,0,Chrome 131,3,97,97,-1,4,81.31607,678.498,DEFAULT,1,N/A,2024-12-03T21:47:53.8250000Z,N/A,N/A
369,2024-12-03T21:47:53.8250000Z,851710fe-0e1d-4a72-aedf-f34f032442c1,WPI6_q1r733262180904,Successful,0,Real,Windows 10,998,1797,Eastern Standard Time,"ANGLE (Intel, Intel(R) Graphics (0x00007D45) Direct3D11 vs_5_0 ps_5_0, D3D11)",0,17,10,1,128,1.22.33,0,Chrome 131,3,57,57,-1,5,71.80829,378.066132,DEFAULT,1,N/A,2024-12-03T21:47:53.8250000Z,N/A,N/A
370,2024-12-03T21:47:53.8250000Z,851710fe-0e1d-4a72-aedf-f34f032442c1,WPI6_q1r733262180904,Successful,0,Real,Windows 10,998,1797,Eastern Standard Time,"ANGLE (Intel, Intel(R) Graphics (0x00007D45) Direct3D11 vs_5_0 ps_5_0, D3D11)",0,17,10,1,128,1.22.33,0,Chrome 131,3,-1,-1,-1,6,74.66232,590.469,DEFAULT,1,N/A,2024-12-03T21:47:53.8250000Z,N/A,N/A
371,2024-12-04T21:30:20.9320000Z,851710fe-0e1d-4a72-aedf-f34f032442c1,WPI6_e1733y347534582,Successful,0,Real,Windows 10,999,1498,Eastern Standard Time,"ANGLE (Intel, Intel(R) UHD Graphics (0x00009A60) Direct3D11 vs_5_0 ps_5_0, D3D11)",0,17,10,1,128,1.22.33,0,Chrome 130,3,12,12,-1,0,119.765068,76.71021,DEFAULT,1,N/A,2024-12-04T21:30:20.9320000Z,N/A,N/A
372,2024-12-04T21:30:20.9320000Z,851710fe-0e1d-4a72-aedf-f34f032442c1,WPI6_e1733y347534582,Successful,0,Real,Windows 10,999,1498,Eastern Standard Time,"ANGLE (Intel, Intel(R) UHD Graphics (0x00009A60) Direct3D11 vs_5_0 ps_5_0, D3D11)",0,17,10,1,128,1.22.33,0,Chrome 130,3,73,73,-1,1,119.169754,85.53523,DEFAULT,1,N/A,2024-12-04T21:30:20.9320000Z,N/A,N/A
373,2024-12-04T21:30:20.9320000Z,851710fe-0e1d-4a72-aedf-f34f032442c1,WPI6_e1733y347534582,Successful,0,Real,Windows 10,999,1498,Eastern Standard Time,"ANGLE (Intel, Intel(R) UHD Graphics (0x00009A60) Direct3D11 vs_5_0 ps_5_0, D3D11)",0,17,10,1,128,1.22.33,0,Chrome 130,3,74,74,-1,2,119.7974,61.79518,DEFAULT,1,N/A,2024-12-04T21:30:20.9320000Z,N/A,N/A
374,2024-12-04T21:30:20.9320000Z,851710fe-0e1d-4a72-aedf-f34f032442c1,WPI6_e1733y347534582,Successful,0,Real,Windows 10,999,1498,Eastern Standard Time,"ANGLE (Intel, Intel(R) UHD Graphics (0x00009A60) Direct3D11 vs_5_0 ps_5_0, D3D11)",0,17,10,1,128,1.22.33,0,Chrome 130,3,45,45,-1,3,119.122971,77.31192,DEFAULT,1,N/A,2024-12-04T21:30:20.9320000Z,N/A,N/A
375,2024-12-04T21:30:20.9320000Z,851710fe-0e1d-4a72-aedf-f34f032442c1,WPI6_e1733y347534582,Successful,0,Real,Windows 10,999,1498,Eastern Standard Time,"ANGLE (Intel, Intel(R) UHD Graphics (0x00009A60) Direct3D11 vs_5_0 ps_5_0, D3D11)",0,17,10,1,128,1.22.33,0,Chrome 130,3,-1,-1,-1,4,117.948341,73.54635,DEFAULT,1,N/A,2024-12-04T21:30:20.9320000Z,N/A,N/A
376,2024-12-04T21:30:20.9320000Z,851710fe-0e1d-4a72-aedf-f34f032442c1,WPI6_e1733y347534582,Successful,0,Real,Windows 10,999,1498,Eastern Standard Time,"ANGLE (Intel, Intel(R) UHD Graphics (0x00009A60) Direct3D11 vs_5_0 ps_5_0, D3D11)",0,17,10,1,128,1.22.33,0,Chrome 130,3,8,8,-1,5,119.675636,71.97657,DEFAULT,1,N/A,2024-12-04T21:30:20.9320000Z,N/A,N/A
377,2024-12-04T21:30:20.9320000Z,851710fe-0e1d-4a72-aedf-f34f032442c1,WPI6_e1733y347534582,Successful,0,Real,Windows 10,999,1498,Eastern Standard Time,"ANGLE (Intel, Intel(R) UHD Graphics (0x00009A60) Direct3D11 vs_5_0 ps_5_0, D3D11)",0,17,10,1,128,1.22.33,0,Chrome 130,3,26,26,-1,6,119.423889,71.61252,DEFAULT,1,N/A,2024-12-04T21:30:20.9320000Z,N/A,N/A
378,2024-12-05T05:00:20.4780000Z,851710fe-0e1d-4a72-aedf-f34f032442c1,WPI6_173y3b374550702,Successful,0,Real,Windows 10,1600,2560,Eastern Standard Time,"ANGLE (NVIDIA, NVIDIA GeForce RTX 4050 Laptop GPU (0x000028E1) Direct3D11 vs_5_0 ps_5_0, D3D11)",0,17,10,1,128,1.22.33,0,Chrome 128,3,12,12,-1,0,120.427246,96.38365,DEFAULT,1,N/A,2024-12-05T05:00:20.4780000Z,N/A,N/A
379,2024-12-05T05:00:20.4780000Z,851710fe-0e1d-4a72-aedf-f34f032442c1,WPI6_173y3b374550702,Successful,0,Real,Windows 10,1600,2560,Eastern Standard Time,"ANGLE (NVIDIA, NVIDIA GeForce RTX 4050 Laptop GPU (0x000028E1) Direct3D11 vs_5_0 ps_5_0, D3D11)",0,17,10,1,128,1.22.33,0,Chrome 128,3,35,35,-1,1,120.269661,84.4568939,DEFAULT,1,N/A,2024-12-05T05:00:20.4780000Z,N/A,N/A
380,2024-12-05T05:00:20.4780000Z,851710fe-0e1d-4a72-aedf-f34f032442c1,WPI6_173y3b374550702,Successful,0,Real,Windows 10,1600,2560,Eastern Standard Time,"ANGLE (NVIDIA, NVIDIA GeForce RTX 4050 Laptop GPU (0x000028E1) Direct3D11 vs_5_0 ps_5_0, D3D11)",0,17,10,1,128,1.22.33,0,Chrome 128,3,5,5,-1,2,120.675674,60.8394279,DEFAULT,1,N/A,2024-12-05T05:00:20.4780000Z,N/A,N/A
381,2024-12-05T05:00:20.4780000Z,851710fe-0e1d-4a72-aedf-f34f032442c1,WPI6_173y3b374550702,Successful,0,Real,Windows 10,1600,2560,Eastern Standard Time,"ANGLE (NVIDIA, NVIDIA GeForce RTX 4050 Laptop GPU (0x000028E1) Direct3D11 vs_5_0 ps_5_0, D3D11)",0,17,10,1,128,1.22.33,0,Chrome 128,3,3,3,-1,3,122.469986,67.54508,DEFAULT,1,N/A,2024-12-05T05:00:20.4780000Z,N/A,N/A
382,2024-12-05T05:00:20.4780000Z,851710fe-0e1d-4a72-aedf-f34f032442c1,WPI6_173y3b374550702,Successful,0,Real,Windows 10,1600,2560,Eastern Standard Time,"ANGLE (NVIDIA, NVIDIA GeForce RTX 4050 Laptop GPU (0x000028E1) Direct3D11 vs_5_0 ps_5_0, D3D11)",0,17,10,1,128,1.22.33,0,Chrome 128,3,97,97,-1,4,119.163322,72.39012,DEFAULT,1,N/A,2024-12-05T05:00:20.4780000Z,N/A,N/A
383,2024-12-05T05:00:20.4780000Z,851710fe-0e1d-4a72-aedf-f34f032442c1,WPI6_173y3b374550702,Successful,0,Real,Windows 10,1600,2560,Eastern Standard Time,"ANGLE (NVIDIA, NVIDIA GeForce RTX 4050 Laptop GPU (0x000028E1) Direct3D11 vs_5_0 ps_5_0, D3D11)",0,17,10,1,128,1.22.33,0,Chrome 128,3,-1,-1,-1,5,119.050232,79.30611,DEFAULT,1,N/A,2024-12-05T05:00:20.4780000Z,N/A,N/A
384,2024-12-05T05:00:20.4780000Z,851710fe-0e1d-4a72-aedf-f34f032442c1,WPI6_173y3b374550702,Successful,0,Real,Windows 10,1600,2560,Eastern Standard Time,"ANGLE (NVIDIA, NVIDIA GeForce RTX 4050 Laptop GPU (0x000028E1) Direct3D11 vs_5_0 ps_5_0, D3D11)",0,17,10,1,128,1.22.33,0,Chrome 128,3,57,57,-1,6,120.029991,80.44864,DEFAULT,1,N/A,2024-12-05T05:00:20.4780000Z,N/A,N/A
385,2024-12-05T13:24:20.8300000Z,851710fe-0e1d-4a72-aedf-f34f032442c1,WPI6_p173e3404848397,Successful,0,Real,Windows 10,899,1498,Eastern Standard Time,"ANGLE (AMD, AMD Radeon (TM) Graphics (0x000015E7) Direct3D11 vs_5_0 ps_5_0, D3D11)",0,17,10,1,128,1.22.33,0,Chrome 130,3,12,12,-1,0,104.672775,578.794861,DEFAULT,1,N/A,2024-12-05T13:24:20.8300000Z,N/A,N/A
386,2024-12-05T13:24:20.8300000Z,851710fe-0e1d-4a72-aedf-f34f032442c1,WPI6_p173e3404848397,Successful,0,Real,Windows 10,899,1498,Eastern Standard Time,"ANGLE (AMD, AMD Radeon (TM) Graphics (0x000015E7) Direct3D11 vs_5_0 ps_5_0, D3D11)",0,17,10,1,128,1.22.33,0,Chrome 130,3,8,8,-1,1,102.056236,672.1986,DEFAULT,1,N/A,2024-12-05T13:24:20.8300000Z,N/A,N/A
387,2024-12-05T13:24:20.8300000Z,851710fe-0e1d-4a72-aedf-f34f032442c1,WPI6_p173e3404848397,Successful,0,Real,Windows 10,899,1498,Eastern Standard Time,"ANGLE (AMD, AMD Radeon (TM) Graphics (0x000015E7) Direct3D11 vs_5_0 ps_5_0, D3D11)",0,17,10,1,128,1.22.33,0,Chrome 130,3,35,35,-1,2,103.153755,566.7695,DEFAULT,1,N/A,2024-12-05T13:24:20.8300000Z,N/A,N/A
388,2024-12-05T13:24:20.8300000Z,851710fe-0e1d-4a72-aedf-f34f032442c1,WPI6_p173e3404848397,Successful,0,Real,Windows 10,899,1498,Eastern Standard Time,"ANGLE (AMD, AMD Radeon (TM) Graphics (0x000015E7) Direct3D11 vs_5_0 ps_5_0, D3D11)",0,17,10,1,128,1.22.33,0,Chrome 130,3,-1,-1,-1,3,108.598389,427.670959,DEFAULT,1,N/A,2024-12-05T13:24:20.8300000Z,N/A,N/A
389,2024-12-05T13:24:20.8300000Z,851710fe-0e1d-4a72-aedf-f34f032442c1,WPI6_p173e3404848397,Successful,0,Real,Windows 10,899,1498,Eastern Standard Time,"ANGLE (AMD, AMD Radeon (TM) Graphics (0x000015E7) Direct3D11 vs_5_0 ps_5_0, D3D11)",0,17,10,1,128,1.22.33,0,Chrome 130,3,2,8,-1,4,105.850594,514.7338,DEFAULT,0,N/A,2024-12-05T13:24:20.8300000Z,N/A,N/A
390,2024-12-05T13:24:20.8300000Z,851710fe-0e1d-4a72-aedf-f34f032442c1,WPI6_p173e3404848397,Successful,0,Real,Windows 10,899,1498,Eastern Standard Time,"ANGLE (AMD, AMD Radeon (TM) Graphics (0x000015E7) Direct3D11 vs_5_0 ps_5_0, D3D11)",0,17,10,1,128,1.22.33,0,Chrome 130,3,7,7,-1,5,108.085129,484.889771,DEFAULT,1,N/A,2024-12-05T13:24:20.8300000Z,N/A,N/A
391,2024-12-05T13:24:20.8300000Z,851710fe-0e1d-4a72-aedf-f34f032442c1,WPI6_p173e3404848397,Successful,0,Real,Windows 10,899,1498,Eastern Standard Time,"ANGLE (AMD, AMD Radeon (TM) Graphics (0x000015E7) Direct3D11 vs_5_0 ps_5_0, D3D11)",0,17,10,1,128,1.22.33,0,Chrome 130,3,3,3,-1,6,108.366,461.7453,DEFAULT,1,N/A,2024-12-05T13:24:20.8300000Z,N/A,N/A
392,2024-12-05T17:11:11.8280000Z,851710fe-0e1d-4a72-aedf-f34f032442c1,WPI6_17g334u18281498,Successful,0,Real,Windows 10,999,1498,Eastern Standard Time,"ANGLE (Intel, Intel(R) Iris(R) Xe Graphics (0x000046A6) Direct3D11 vs_5_0 ps_5_0, D3D11)",0,17,10,1,128,1.22.33,0,Chrome 131,3,12,12,-1,0,108.372047,108.856781,DEFAULT,1,N/A,2024-12-05T17:11:11.8280000Z,N/A,N/A
393,2024-12-05T17:11:11.8280000Z,851710fe-0e1d-4a72-aedf-f34f032442c1,WPI6_17g334u18281498,Successful,0,Real,Windows 10,999,1498,Eastern Standard Time,"ANGLE (Intel, Intel(R) Iris(R) Xe Graphics (0x000046A6) Direct3D11 vs_5_0 ps_5_0, D3D11)",0,17,10,1,128,1.22.33,0,Chrome 131,3,74,74,-1,1,106.141243,88.6173859,DEFAULT,1,N/A,2024-12-05T17:11:11.8280000Z,N/A,N/A
394,2024-12-05T17:11:11.8280000Z,851710fe-0e1d-4a72-aedf-f34f032442c1,WPI6_17g334u18281498,Successful,0,Real,Windows 10,999,1498,Eastern Standard Time,"ANGLE (Intel, Intel(R) Iris(R) Xe Graphics (0x000046A6) Direct3D11 vs_5_0 ps_5_0, D3D11)",0,17,10,1,128,1.22.33,0,Chrome 131,3,73,73,-1,2,105.912834,138.575027,DEFAULT,1,N/A,2024-12-05T17:11:11.8280000Z,N/A,N/A
395,2024-12-05T17:11:11.8280000Z,851710fe-0e1d-4a72-aedf-f34f032442c1,WPI6_17g334u18281498,Successful,0,Real,Windows 10,999,1498,Eastern Standard Time,"ANGLE (Intel, Intel(R) Iris(R) Xe Graphics (0x000046A6) Direct3D11 vs_5_0 ps_5_0, D3D11)",0,17,10,1,128,1.22.33,0,Chrome 131,3,8,8,-1,3,107.053169,129.696518,DEFAULT,1,N/A,2024-12-05T17:11:11.8280000Z,N/A,N/A
396,2024-12-05T17:11:11.8280000Z,851710fe-0e1d-4a72-aedf-f34f032442c1,WPI6_17g334u18281498,Successful,0,Real,Windows 10,999,1498,Eastern Standard Time,"ANGLE (Intel, Intel(R) Iris(R) Xe Graphics (0x000046A6) Direct3D11 vs_5_0 ps_5_0, D3D11)",0,17,10,1,128,1.22.33,0,Chrome 131,3,42,42,-1,4,107.447891,127.825623,DEFAULT,1,N/A,2024-12-05T17:11:11.8280000Z,N/A,N/A
397,2024-12-05T17:11:11.8280000Z,851710fe-0e1d-4a72-aedf-f34f032442c1,WPI6_17g334u18281498,Successful,0,Real,Windows 10,999,1498,Eastern Standard Time,"ANGLE (Intel, Intel(R) Iris(R) Xe Graphics (0x000046A6) Direct3D11 vs_5_0 ps_5_0, D3D11)",0,17,10,1,128,1.22.33,0,Chrome 131,3,-1,-1,-1,5,108.519417,120.714096,DEFAULT,1,N/A,2024-12-05T17:11:11.8280000Z,N/A,N/A
398,2024-12-05T17:11:11.8280000Z,851710fe-0e1d-4a72-aedf-f34f032442c1,WPI6_17g334u18281498,Successful,0,Real,Windows 10,999,1498,Eastern Standard Time,"ANGLE (Intel, Intel(R) Iris(R) Xe Graphics (0x000046A6) Direct3D11 vs_5_0 ps_5_0, D3D11)",0,17,10,1,128,1.22.33,0,Chrome 131,3,97,97,-1,6,109.609131,112.405022,DEFAULT,1,N/A,2024-12-05T17:11:11.8280000Z,N/A,N/A
399,2024-12-05T19:34:58.2250000Z,851710fe-0e1d-4a72-aedf-f34f032442c1,WPI6_t173k3427113063,Successful,0,Real,Mac OS X 10_15_7,1446,2396,Eastern Standard Time,Apple GPU,0,17,10,1,128,1.22.33,0,Safari 17.2,3,12,12,-1,0,123.079063,102.338669,DEFAULT,1,N/A,2024-12-05T19:34:58.2250000Z,N/A,N/A
400,2024-12-05T19:34:58.2250000Z,851710fe-0e1d-4a72-aedf-f34f032442c1,WPI6_t173k3427113063,Successful,0,Real,Mac OS X 10_15_7,1446,2396,Eastern Standard Time,Apple GPU,0,17,10,1,128,1.22.33,0,Safari 17.2,3,29,29,-1,1,124.049973,89.75613,DEFAULT,1,N/A,2024-12-05T19:34:58.2250000Z,N/A,N/A
401,2024-12-05T19:34:58.2250000Z,851710fe-0e1d-4a72-aedf-f34f032442c1,WPI6_t173k3427113063,Successful,0,Real,Mac OS X 10_15_7,1446,2396,Eastern Standard Time,Apple GPU,0,17,10,1,128,1.22.33,0,Safari 17.2,3,26,26,-1,2,123.82193,89.52668,DEFAULT,1,N/A,2024-12-05T19:34:58.2250000Z,N/A,N/A
402,2024-12-05T19:34:58.2250000Z,851710fe-0e1d-4a72-aedf-f34f032442c1,WPI6_t173k3427113063,Successful,0,Real,Mac OS X 10_15_7,1446,2396,Eastern Standard Time,Apple GPU,0,17,10,1,128,1.22.33,0,Safari 17.2,3,15,15,-1,3,124.940605,75.5021439,DEFAULT,1,N/A,2024-12-05T19:34:58.2250000Z,N/A,N/A
403,2024-12-05T19:34:58.2250000Z,851710fe-0e1d-4a72-aedf-f34f032442c1,WPI6_t173k3427113063,Successful,0,Real,Mac OS X 10_15_7,1446,2396,Eastern Standard Time,Apple GPU,0,17,10,1,128,1.22.33,0,Safari 17.2,3,6,6,-1,4,123.988991,85.5364,DEFAULT,1,N/A,2024-12-05T19:34:58.2250000Z,N/A,N/A
404,2024-12-05T19:34:58.2250000Z,851710fe-0e1d-4a72-aedf-f34f032442c1,WPI6_t173k3427113063,Successful,0,Real,Mac OS X 10_15_7,1446,2396,Eastern Standard Time,Apple GPU,0,17,10,1,128,1.22.33,0,Safari 17.2,3,-1,-1,-1,5,123.371658,74.69897,DEFAULT,1,N/A,2024-12-05T19:34:58.2250000Z,N/A,N/A
405,2024-12-05T19:34:58.2250000Z,851710fe-0e1d-4a72-aedf-f34f032442c1,WPI6_t173k3427113063,Successful,0,Real,Mac OS X 10_15_7,1446,2396,Eastern Standard Time,Apple GPU,0,17,10,1,128,1.22.33,0,Safari 17.2,3,16,16,-1,6,124.466141,94.79528,DEFAULT,1,N/A,2024-12-05T19:34:58.2250000Z,N/A,N/A
406,2024-12-05T19:35:32.2030000Z,851710fe-0e1d-4a72-aedf-f34f032442c1,WPI6_173d3427z111169,Successful,0,Real,Windows 10,869,1498,Eastern Standard Time,"ANGLE (Intel, Intel(R) UHD Graphics 630 (0x00003E9B) Direct3D11 vs_5_0 ps_5_0, D3D11)",0,17,6,1,256,1.22.33,0,Chrome 131,3,12,12,-1,0,79.67942,353.962677,DEFAULT,1,N/A,2024-12-05T19:35:32.2030000Z,N/A,N/A
407,2024-12-05T19:35:32.2030000Z,851710fe-0e1d-4a72-aedf-f34f032442c1,WPI6_173d3427z111169,Successful,0,Real,Windows 10,869,1498,Eastern Standard Time,"ANGLE (Intel, Intel(R) UHD Graphics 630 (0x00003E9B) Direct3D11 vs_5_0 ps_5_0, D3D11)",0,17,6,1,256,1.22.33,0,Chrome 131,3,96,96,-1,1,81.24774,337.961761,DEFAULT,1,N/A,2024-12-05T19:35:32.2030000Z,N/A,N/A
408,2024-12-05T19:35:32.2030000Z,851710fe-0e1d-4a72-aedf-f34f032442c1,WPI6_173d3427z111169,Successful,0,Real,Windows 10,869,1498,Eastern Standard Time,"ANGLE (Intel, Intel(R) UHD Graphics 630 (0x00003E9B) Direct3D11 vs_5_0 ps_5_0, D3D11)",0,17,6,1,256,1.22.33,0,Chrome 131,3,45,45,-1,2,83.3604355,385.700378,DEFAULT,1,N/A,2024-12-05T19:35:32.2030000Z,N/A,N/A
409,2024-12-05T19:35:32.2030000Z,851710fe-0e1d-4a72-aedf-f34f032442c1,WPI6_173d3427z111169,Successful,0,Real,Windows 10,869,1498,Eastern Standard Time,"ANGLE (Intel, Intel(R) UHD Graphics 630 (0x00003E9B) Direct3D11 vs_5_0 ps_5_0, D3D11)",0,17,6,1,256,1.22.33,0,Chrome 131,3,-1,-1,-1,3,81.64711,290.9416,DEFAULT,1,N/A,2024-12-05T19:35:32.2030000Z,N/A,N/A
410,2024-12-05T19:35:32.2030000Z,851710fe-0e1d-4a72-aedf-f34f032442c1,WPI6_173d3427z111169,Successful,0,Real,Windows 10,869,1498,Eastern Standard Time,"ANGLE (Intel, Intel(R) UHD Graphics 630 (0x00003E9B) Direct3D11 vs_5_0 ps_5_0, D3D11)",0,17,6,1,256,1.22.33,0,Chrome 131,3,6,6,-1,4,81.6749954,387.594269,DEFAULT,1,N/A,2024-12-05T19:35:32.2030000Z,N/A,N/A
411,2024-12-05T19:35:32.2030000Z,851710fe-0e1d-4a72-aedf-f34f032442c1,WPI6_173d3427z111169,Successful,0,Real,Windows 10,869,1498,Eastern Standard Time,"ANGLE (Intel, Intel(R) UHD Graphics 630 (0x00003E9B) Direct3D11 vs_5_0 ps_5_0, D3D11)",0,17,6,1,256,1.22.33,0,Chrome 131,3,3,3,-1,5,78.359726,254.6616,DEFAULT,1,N/A,2024-12-05T19:35:32.2030000Z,N/A,N/A
412,2024-12-05T19:35:32.2030000Z,851710fe-0e1d-4a72-aedf-f34f032442c1,WPI6_173d3427z111169,Successful,0,Real,Windows 10,869,1498,Eastern Standard Time,"ANGLE (Intel, Intel(R) UHD Graphics 630 (0x00003E9B) Direct3D11 vs_5_0 ps_5_0, D3D11)",0,17,6,1,256,1.22.33,0,Chrome 131,3,7,7,-1,6,81.55794,339.365662,DEFAULT,1,N/A,2024-12-05T19:35:32.2030000Z,N/A,N/A
413,2024-12-05T21:01:29.1550000Z,851710fe-0e1d-4a72-aedf-f34f032442c1,WPI6_173343z22520d13,Successful,0,Real,Mac OS X 10_15_7,1438,2156,Eastern Standard Time,"ANGLE (Apple, ANGLE Metal Renderer: Apple M2, Unspecified Version)",0,17,10,1,128,1.22.33,0,Chrome 131,3,12,12,-1,0,119.911659,54.96568,DEFAULT,1,N/A,2024-12-05T21:01:29.1550000Z,N/A,N/A
414,2024-12-05T21:01:29.1550000Z,851710fe-0e1d-4a72-aedf-f34f032442c1,WPI6_173343z22520d13,Successful,0,Real,Mac OS X 10_15_7,1438,2156,Eastern Standard Time,"ANGLE (Apple, ANGLE Metal Renderer: Apple M2, Unspecified Version)",0,17,10,1,128,1.22.33,0,Chrome 131,3,7,7,-1,1,120.4595,42.7790756,DEFAULT,1,N/A,2024-12-05T21:01:29.1550000Z,N/A,N/A
415,2024-12-05T21:01:29.1550000Z,851710fe-0e1d-4a72-aedf-f34f032442c1,WPI6_173343z22520d13,Successful,0,Real,Mac OS X 10_15_7,1438,2156,Eastern Standard Time,"ANGLE (Apple, ANGLE Metal Renderer: Apple M2, Unspecified Version)",0,17,10,1,128,1.22.33,0,Chrome 131,3,42,42,-1,2,121.608032,53.81667,DEFAULT,1,N/A,2024-12-05T21:01:29.1550000Z,N/A,N/A
416,2024-12-05T21:01:29.1550000Z,851710fe-0e1d-4a72-aedf-f34f032442c1,WPI6_173343z22520d13,Successful,0,Real,Mac OS X 10_15_7,1438,2156,Eastern Standard Time,"ANGLE (Apple, ANGLE Metal Renderer: Apple M2, Unspecified Version)",0,17,10,1,128,1.22.33,0,Chrome 131,3,6,6,-1,3,120.448784,56.02634,DEFAULT,1,N/A,2024-12-05T21:01:29.1550000Z,N/A,N/A
417,2024-12-05T21:01:29.1550000Z,851710fe-0e1d-4a72-aedf-f34f032442c1,WPI6_173343z22520d13,Successful,0,Real,Mac OS X 10_15_7,1438,2156,Eastern Standard Time,"ANGLE (Apple, ANGLE Metal Renderer: Apple M2, Unspecified Version)",0,17,10,1,128,1.22.33,0,Chrome 131,3,8,8,-1,4,120.624062,37.9357338,DEFAULT,1,N/A,2024-12-05T21:01:29.1550000Z,N/A,N/A
418,2024-12-05T21:01:29.1550000Z,851710fe-0e1d-4a72-aedf-f34f032442c1,WPI6_173343z22520d13,Successful,0,Real,Mac OS X 10_15_7,1438,2156,Eastern Standard Time,"ANGLE (Apple, ANGLE Metal Renderer: Apple M2, Unspecified Version)",0,17,10,1,128,1.22.33,0,Chrome 131,3,74,74,-1,5,120.590118,50.3427277,DEFAULT,1,N/A,2024-12-05T21:01:29.1550000Z,N/A,N/A
419,2024-12-05T21:01:29.1550000Z,851710fe-0e1d-4a72-aedf-f34f032442c1,WPI6_173343z22520d13,Successful,0,Real,Mac OS X 10_15_7,1438,2156,Eastern Standard Time,"ANGLE (Apple, ANGLE Metal Renderer: Apple M2, Unspecified Version)",0,17,10,1,128,1.22.33,0,Chrome 131,3,-1,-1,-1,6,120.34948,50.5996,DEFAULT,1,N/A,2024-12-05T21:01:29.1550000Z,N/A,N/A
420,2024-12-06T01:33:34.1140000Z,851710fe-0e1d-4a72-aedf-f34f032442c1,WPI6_173v344849k3973,Successful,0,Real,Windows 10,928,1498,Eastern Standard Time,"ANGLE (Intel, Intel(R) UHD Graphics 620 (0x00005917) Direct3D11 vs_5_0 ps_5_0, D3D11)",0,17,10,1,128,1.22.33,0,Chrome 130,3,12,12,-1,0,79.58736,67.2772446,DEFAULT,1,N/A,2024-12-06T01:33:34.1140000Z,N/A,N/A
421,2024-12-06T01:33:34.1140000Z,851710fe-0e1d-4a72-aedf-f34f032442c1,WPI6_173v344849k3973,Successful,0,Real,Windows 10,928,1498,Eastern Standard Time,"ANGLE (Intel, Intel(R) UHD Graphics 620 (0x00005917) Direct3D11 vs_5_0 ps_5_0, D3D11)",0,17,10,1,128,1.22.33,0,Chrome 130,3,97,97,-1,1,82.31941,59.7954865,DEFAULT,1,N/A,2024-12-06T01:33:34.1140000Z,N/A,N/A
422,2024-12-06T01:33:34.1140000Z,851710fe-0e1d-4a72-aedf-f34f032442c1,WPI6_173v344849k3973,Successful,0,Real,Windows 10,928,1498,Eastern Standard Time,"ANGLE (Intel, Intel(R) UHD Graphics 620 (0x00005917) Direct3D11 vs_5_0 ps_5_0, D3D11)",0,17,10,1,128,1.22.33,0,Chrome 130,3,26,26,-1,2,84.7343,48.16145,DEFAULT,1,N/A,2024-12-06T01:33:34.1140000Z,N/A,N/A
423,2024-12-06T01:33:34.1140000Z,851710fe-0e1d-4a72-aedf-f34f032442c1,WPI6_173v344849k3973,Successful,0,Real,Windows 10,928,1498,Eastern Standard Time,"ANGLE (Intel, Intel(R) UHD Graphics 620 (0x00005917) Direct3D11 vs_5_0 ps_5_0, D3D11)",0,17,10,1,128,1.22.33,0,Chrome 130,3,6,6,-1,3,84.16563,62.36962,DEFAULT,1,N/A,2024-12-06T01:33:34.1140000Z,N/A,N/A
424,2024-12-06T01:33:34.1140000Z,851710fe-0e1d-4a72-aedf-f34f032442c1,WPI6_173v344849k3973,Successful,0,Real,Windows 10,928,1498,Eastern Standard Time,"ANGLE (Intel, Intel(R) UHD Graphics 620 (0x00005917) Direct3D11 vs_5_0 ps_5_0, D3D11)",0,17,10,1,128,1.22.33,0,Chrome 130,3,-1,49,-1,4,85.39317,39.4906578,DEFAULT,0,N/A,2024-12-06T01:33:34.1140000Z,N/A,N/A
425,2024-12-06T01:33:34.1140000Z,851710fe-0e1d-4a72-aedf-f34f032442c1,WPI6_173v344849k3973,Successful,0,Real,Windows 10,928,1498,Eastern Standard Time,"ANGLE (Intel, Intel(R) UHD Graphics 620 (0x00005917) Direct3D11 vs_5_0 ps_5_0, D3D11)",0,17,10,1,128,1.22.33,0,Chrome 130,3,74,74,-1,5,84.95372,72.5419846,DEFAULT,1,N/A,2024-12-06T01:33:34.1140000Z,N/A,N/A
426,2024-12-06T01:33:34.1140000Z,851710fe-0e1d-4a72-aedf-f34f032442c1,WPI6_173v344849k3973,Successful,0,Real,Windows 10,928,1498,Eastern Standard Time,"ANGLE (Intel, Intel(R) UHD Graphics 620 (0x00005917) Direct3D11 vs_5_0 ps_5_0, D3D11)",0,17,10,1,128,1.22.33,0,Chrome 130,3,5,5,-1,6,78.9298553,105.717468,DEFAULT,1,N/A,2024-12-06T01:33:34.1140000Z,N/A,N/A
427,2024-12-06T18:28:02.3480000Z,851710fe-0e1d-4a72-aedf-f34f032442c1,WPI6_173g35w09397341,Successful,0,Real,Windows 10,1330,2396,Eastern Standard Time,"ANGLE (Intel, Intel(R) Arc(TM) Graphics (0x00007D55) Direct3D11 vs_5_0 ps_5_0, D3D11)",0,17,10,1,128,1.22.33,0,Chrome 131,3,12,12,-1,0,116.25058,277.007629,DEFAULT,1,N/A,2024-12-06T18:28:02.3480000Z,N/A,N/A
428,2024-12-06T18:28:02.3480000Z,851710fe-0e1d-4a72-aedf-f34f032442c1,WPI6_173g35w09397341,Successful,0,Real,Windows 10,1330,2396,Eastern Standard Time,"ANGLE (Intel, Intel(R) Arc(TM) Graphics (0x00007D55) Direct3D11 vs_5_0 ps_5_0, D3D11)",0,17,10,1,128,1.22.33,0,Chrome 131,3,73,73,-1,1,103.376129,699.243164,DEFAULT,1,N/A,2024-12-06T18:28:02.3480000Z,N/A,N/A
429,2024-12-06T18:28:02.3480000Z,851710fe-0e1d-4a72-aedf-f34f032442c1,WPI6_173g35w09397341,Successful,0,Real,Windows 10,1330,2396,Eastern Standard Time,"ANGLE (Intel, Intel(R) Arc(TM) Graphics (0x00007D55) Direct3D11 vs_5_0 ps_5_0, D3D11)",0,17,10,1,128,1.22.33,0,Chrome 131,3,8,8,-1,2,105.182686,606.888245,DEFAULT,1,N/A,2024-12-06T18:28:02.3480000Z,N/A,N/A
430,2024-12-06T18:28:02.3480000Z,851710fe-0e1d-4a72-aedf-f34f032442c1,WPI6_173g35w09397341,Successful,0,Real,Windows 10,1330,2396,Eastern Standard Time,"ANGLE (Intel, Intel(R) Arc(TM) Graphics (0x00007D55) Direct3D11 vs_5_0 ps_5_0, D3D11)",0,17,10,1,128,1.22.33,0,Chrome 131,3,26,26,-1,3,105.16555,613.7435,DEFAULT,1,N/A,2024-12-06T18:28:02.3480000Z,N/A,N/A
431,2024-12-06T18:28:02.3480000Z,851710fe-0e1d-4a72-aedf-f34f032442c1,WPI6_173g35w09397341,Successful,0,Real,Windows 10,1330,2396,Eastern Standard Time,"ANGLE (Intel, Intel(R) Arc(TM) Graphics (0x00007D55) Direct3D11 vs_5_0 ps_5_0, D3D11)",0,17,10,1,128,1.22.33,0,Chrome 131,3,15,15,-1,4,112.407791,408.9644,DEFAULT,1,N/A,2024-12-06T18:28:02.3480000Z,N/A,N/A
432,2024-12-06T18:28:02.3480000Z,851710fe-0e1d-4a72-aedf-f34f032442c1,WPI6_173g35w09397341,Successful,0,Real,Windows 10,1330,2396,Eastern Standard Time,"ANGLE (Intel, Intel(R) Arc(TM) Graphics (0x00007D55) Direct3D11 vs_5_0 ps_5_0, D3D11)",0,17,10,1,128,1.22.33,0,Chrome 131,3,-1,-1,-1,5,111.303566,418.0491,DEFAULT,1,N/A,2024-12-06T18:28:02.3480000Z,N/A,N/A
433,2024-12-06T18:28:02.3480000Z,851710fe-0e1d-4a72-aedf-f34f032442c1,WPI6_173g35w09397341,Successful,0,Real,Windows 10,1330,2396,Eastern Standard Time,"ANGLE (Intel, Intel(R) Arc(TM) Graphics (0x00007D55) Direct3D11 vs_5_0 ps_5_0, D3D11)",0,17,10,1,128,1.22.33,0,Chrome 131,3,45,45,-1,6,106.338287,635.3993,DEFAULT,1,N/A,2024-12-06T18:28:02.3480000Z,N/A,N/A
434,2024-12-08T19:52:51.4000000Z,851710fe-0e1d-4a72-aedf-f34f032442c1,WPI6_1733687k3402p19,Successful,0,Real,Windows 10,960,1797,Eastern Standard Time,"ANGLE (AMD, AMD Radeon 780M Graphics (0x00001900) Direct3D11 vs_5_0 ps_5_0, D3D11)",0,17,10,1,128,1.22.33,0,Chrome 131,3,12,12,-1,0,85.77335,726.2355,DEFAULT,1,N/A,2024-12-08T19:52:51.4000000Z,N/A,N/A
435,2024-12-08T19:52:51.4000000Z,851710fe-0e1d-4a72-aedf-f34f032442c1,WPI6_1733687k3402p19,Successful,0,Real,Windows 10,960,1797,Eastern Standard Time,"ANGLE (AMD, AMD Radeon 780M Graphics (0x00001900) Direct3D11 vs_5_0 ps_5_0, D3D11)",0,17,10,1,128,1.22.33,0,Chrome 131,3,-1,-1,-1,1,81.41804,740.814,DEFAULT,1,N/A,2024-12-08T19:52:51.4000000Z,N/A,N/A
436,2024-12-08T19:52:51.4000000Z,851710fe-0e1d-4a72-aedf-f34f032442c1,WPI6_1733687k3402p19,Successful,0,Real,Windows 10,960,1797,Eastern Standard Time,"ANGLE (AMD, AMD Radeon 780M Graphics (0x00001900) Direct3D11 vs_5_0 ps_5_0, D3D11)",0,17,10,1,128,1.22.33,0,Chrome 131,3,57,57,-1,2,82.53196,698.437256,DEFAULT,1,N/A,2024-12-08T19:52:51.4000000Z,N/A,N/A
437,2024-12-08T19:52:51.4000000Z,851710fe-0e1d-4a72-aedf-f34f032442c1,WPI6_1733687k3402p19,Successful,0,Real,Windows 10,960,1797,Eastern Standard Time,"ANGLE (AMD, AMD Radeon 780M Graphics (0x00001900) Direct3D11 vs_5_0 ps_5_0, D3D11)",0,17,10,1,128,1.22.33,0,Chrome 131,3,42,42,-1,3,78.46986,589.3811,DEFAULT,1,N/A,2024-12-08T19:52:51.4000000Z,N/A,N/A
438,2024-12-08T19:52:51.4000000Z,851710fe-0e1d-4a72-aedf-f34f032442c1,WPI6_1733687k3402p19,Successful,0,Real,Windows 10,960,1797,Eastern Standard Time,"ANGLE (AMD, AMD Radeon 780M Graphics (0x00001900) Direct3D11 vs_5_0 ps_5_0, D3D11)",0,17,10,1,128,1.22.33,0,Chrome 131,3,16,16,-1,4,84.8634,721.064,DEFAULT,1,N/A,2024-12-08T19:52:51.4000000Z,N/A,N/A
439,2024-12-08T19:52:51.4000000Z,851710fe-0e1d-4a72-aedf-f34f032442c1,WPI6_1733687k3402p19,Successful,0,Real,Windows 10,960,1797,Eastern Standard Time,"ANGLE (AMD, AMD Radeon 780M Graphics (0x00001900) Direct3D11 vs_5_0 ps_5_0, D3D11)",0,17,10,1,128,1.22.33,0,Chrome 131,3,2,2,-1,5,84.7031,718.70575,DEFAULT,1,N/A,2024-12-08T19:52:51.4000000Z,N/A,N/A
440,2024-12-08T19:52:51.4000000Z,851710fe-0e1d-4a72-aedf-f34f032442c1,WPI6_1733687k3402p19,Successful,0,Real,Windows 10,960,1797,Eastern Standard Time,"ANGLE (AMD, AMD Radeon 780M Graphics (0x00001900) Direct3D11 vs_5_0 ps_5_0, D3D11)",0,17,10,1,128,1.22.33,0,Chrome 131,3,3,3,-1,6,83.53314,675.0089,DEFAULT,1,N/A,2024-12-08T19:52:51.4000000Z,N/A,N/A
441,2024-12-09T16:27:24.7130000Z,851710fe-0e1d-4a72-aedf-f34f032442c1,WPI6_173376y1l465318,Successful,0,Real,Mac OS X 10_15_7,1448,2396,Eastern Standard Time,Apple GPU,0,17,10,1,128,1.22.33,0,Safari 17.2,3,12,12,-1,0,123.085136,135.975021,DEFAULT,1,N/A,2024-12-09T16:27:24.7130000Z,N/A,N/A
442,2024-12-09T16:27:24.7130000Z,851710fe-0e1d-4a72-aedf-f34f032442c1,WPI6_173376y1l465318,Successful,0,Real,Mac OS X 10_15_7,1448,2396,Eastern Standard Time,Apple GPU,0,17,10,1,128,1.22.33,0,Safari 17.2,3,-1,-1,-1,1,124.158554,92.49851,DEFAULT,1,N/A,2024-12-09T16:27:24.7130000Z,N/A,N/A
443,2024-12-09T16:27:24.7130000Z,851710fe-0e1d-4a72-aedf-f34f032442c1,WPI6_173376y1l465318,Successful,0,Real,Mac OS X 10_15_7,1448,2396,Eastern Standard Time,Apple GPU,0,17,10,1,128,1.22.33,0,Safari 17.2,3,73,73,-1,2,124.48629,99.78527,DEFAULT,1,N/A,2024-12-09T16:27:24.7130000Z,N/A,N/A
444,2024-12-09T16:27:24.7130000Z,851710fe-0e1d-4a72-aedf-f34f032442c1,WPI6_173376y1l465318,Successful,0,Real,Mac OS X 10_15_7,1448,2396,Eastern Standard Time,Apple GPU,0,17,10,1,128,1.22.33,0,Safari 17.2,3,74,74,-1,3,123.084122,85.32199,DEFAULT,1,N/A,2024-12-09T16:27:24.7130000Z,N/A,N/A
445,2024-12-09T16:27:24.7130000Z,851710fe-0e1d-4a72-aedf-f34f032442c1,WPI6_173376y1l465318,Successful,0,Real,Mac OS X 10_15_7,1448,2396,Eastern Standard Time,Apple GPU,0,17,10,1,128,1.22.33,0,Safari 17.2,3,6,6,-1,4,123.027618,95.15628,DEFAULT,1,N/A,2024-12-09T16:27:24.7130000Z,N/A,N/A
446,2024-12-09T16:27:24.7130000Z,851710fe-0e1d-4a72-aedf-f34f032442c1,WPI6_173376y1l465318,Successful,0,Real,Mac OS X 10_15_7,1448,2396,Eastern Standard Time,Apple GPU,0,17,10,1,128,1.22.33,0,Safari 17.2,3,6,6,-1,5,123.470291,71.434906,DEFAULT,1,N/A,2024-12-09T16:27:24.7130000Z,N/A,N/A
447,2024-12-09T16:27:24.7130000Z,851710fe-0e1d-4a72-aedf-f34f032442c1,WPI6_173376y1l465318,Successful,0,Real,Mac OS X 10_15_7,1448,2396,Eastern Standard Time,Apple GPU,0,17,10,1,128,1.22.33,0,Safari 17.2,3,42,42,-1,6,123.658012,90.95771,DEFAULT,1,N/A,2024-12-09T16:27:24.7130000Z,N/A,N/A
448,2024-12-09T18:18:22.1630000Z,851710fe-0e1d-4a72-aedf-f34f032442c1,WPI6_17337j6800257n0,Successful,0,Real,Windows 10,1187,1797,Eastern Standard Time,"ANGLE (Intel, Intel(R) UHD Graphics (0x00004688) Direct3D11 vs_5_0 ps_5_0, D3D11)",0,17,10,1,128,1.22.33,0,Chrome 131,3,12,12,-1,0,122.612419,82.38733,DEFAULT,1,N/A,2024-12-09T18:18:22.1630000Z,N/A,N/A
449,2024-12-09T18:18:22.1630000Z,851710fe-0e1d-4a72-aedf-f34f032442c1,WPI6_17337j6800257n0,Successful,0,Real,Windows 10,1187,1797,Eastern Standard Time,"ANGLE (Intel, Intel(R) UHD Graphics (0x00004688) Direct3D11 vs_5_0 ps_5_0, D3D11)",0,17,10,1,128,1.22.33,0,Chrome 131,3,57,57,-1,1,123.598206,75.29051,DEFAULT,1,N/A,2024-12-09T18:18:22.1630000Z,N/A,N/A
450,2024-12-09T18:18:22.1630000Z,851710fe-0e1d-4a72-aedf-f34f032442c1,WPI6_17337j6800257n0,Successful,0,Real,Windows 10,1187,1797,Eastern Standard Time,"ANGLE (Intel, Intel(R) UHD Graphics (0x00004688) Direct3D11 vs_5_0 ps_5_0, D3D11)",0,17,10,1,128,1.22.33,0,Chrome 131,3,-1,-1,-1,2,123.489288,64.22203,DEFAULT,1,N/A,2024-12-09T18:18:22.1630000Z,N/A,N/A
451,2024-12-09T18:18:22.1630000Z,851710fe-0e1d-4a72-aedf-f34f032442c1,WPI6_17337j6800257n0,Successful,0,Real,Windows 10,1187,1797,Eastern Standard Time,"ANGLE (Intel, Intel(R) UHD Graphics (0x00004688) Direct3D11 vs_5_0 ps_5_0, D3D11)",0,17,10,1,128,1.22.33,0,Chrome 131,3,26,26,-1,3,123.088783,65.0011139,DEFAULT,1,N/A,2024-12-09T18:18:22.1630000Z,N/A,N/A
452,2024-12-09T18:18:22.1630000Z,851710fe-0e1d-4a72-aedf-f34f032442c1,WPI6_17337j6800257n0,Successful,0,Real,Windows 10,1187,1797,Eastern Standard Time,"ANGLE (Intel, Intel(R) UHD Graphics (0x00004688) Direct3D11 vs_5_0 ps_5_0, D3D11)",0,17,10,1,128,1.22.33,0,Chrome 131,3,15,15,-1,4,124.505623,65.27228,DEFAULT,1,N/A,2024-12-09T18:18:22.1630000Z,N/A,N/A
453,2024-12-09T18:18:22.1630000Z,851710fe-0e1d-4a72-aedf-f34f032442c1,WPI6_17337j6800257n0,Successful,0,Real,Windows 10,1187,1797,Eastern Standard Time,"ANGLE (Intel, Intel(R) UHD Graphics (0x00004688) Direct3D11 vs_5_0 ps_5_0, D3D11)",0,17,10,1,128,1.22.33,0,Chrome 131,3,97,97,-1,5,123.4586,60.64274,DEFAULT,1,N/A,2024-12-09T18:18:22.1630000Z,N/A,N/A
454,2024-12-09T18:18:22.1630000Z,851710fe-0e1d-4a72-aedf-f34f032442c1,WPI6_17337j6800257n0,Successful,0,Real,Windows 10,1187,1797,Eastern Standard Time,"ANGLE (Intel, Intel(R) UHD Graphics (0x00004688) Direct3D11 vs_5_0 ps_5_0, D3D11)",0,17,10,1,128,1.22.33,0,Chrome 131,3,7,7,-1,6,124.1207,57.4687462,DEFAULT,1,N/A,2024-12-09T18:18:22.1630000Z,N/A,N/A
455,2024-12-09T18:51:34.1480000Z,851710fe-0e1d-4a72-aedf-f34f032442c1,WPI6_1733770t03c8588,Successful,0,Real,Windows 10,1199,1797,Eastern Standard Time,"ANGLE (Intel, Intel(R) UHD Graphics (0x0000A788) Direct3D11 vs_5_0 ps_5_0, D3D11)",0,17,10,1,128,1.22.33,0,Chrome 131,3,12,12,-1,0,119.693756,79.3861,DEFAULT,1,N/A,2024-12-09T18:51:34.1480000Z,N/A,N/A
456,2024-12-09T18:51:34.1480000Z,851710fe-0e1d-4a72-aedf-f34f032442c1,WPI6_1733770t03c8588,Successful,0,Real,Windows 10,1199,1797,Eastern Standard Time,"ANGLE (Intel, Intel(R) UHD Graphics (0x0000A788) Direct3D11 vs_5_0 ps_5_0, D3D11)",0,17,10,1,128,1.22.33,0,Chrome 131,3,97,97,-1,1,120.946785,75.9668961,DEFAULT,1,N/A,2024-12-09T18:51:34.1480000Z,N/A,N/A
457,2024-12-09T18:51:34.1480000Z,851710fe-0e1d-4a72-aedf-f34f032442c1,WPI6_1733770t03c8588,Successful,0,Real,Windows 10,1199,1797,Eastern Standard Time,"ANGLE (Intel, Intel(R) UHD Graphics (0x0000A788) Direct3D11 vs_5_0 ps_5_0, D3D11)",0,17,10,1,128,1.22.33,0,Chrome 131,3,-1,-1,-1,2,119.922226,59.9371529,DEFAULT,1,N/A,2024-12-09T18:51:34.1480000Z,N/A,N/A
458,2024-12-09T18:51:34.1480000Z,851710fe-0e1d-4a72-aedf-f34f032442c1,WPI6_1733770t03c8588,Successful,0,Real,Windows 10,1199,1797,Eastern Standard Time,"ANGLE (Intel, Intel(R) UHD Graphics (0x0000A788) Direct3D11 vs_5_0 ps_5_0, D3D11)",0,17,10,1,128,1.22.33,0,Chrome 131,3,57,57,-1,3,120.368309,70.82385,DEFAULT,1,N/A,2024-12-09T18:51:34.1480000Z,N/A,N/A
459,2024-12-09T18:51:34.1480000Z,851710fe-0e1d-4a72-aedf-f34f032442c1,WPI6_1733770t03c8588,Successful,0,Real,Windows 10,1199,1797,Eastern Standard Time,"ANGLE (Intel, Intel(R) UHD Graphics (0x0000A788) Direct3D11 vs_5_0 ps_5_0, D3D11)",0,17,10,1,128,1.22.33,0,Chrome 131,3,74,74,-1,4,120.155342,70.6116,DEFAULT,1,N/A,2024-12-09T18:51:34.1480000Z,N/A,N/A
460,2024-12-09T18:51:34.1480000Z,851710fe-0e1d-4a72-aedf-f34f032442c1,WPI6_1733770t03c8588,Successful,0,Real,Windows 10,1199,1797,Eastern Standard Time,"ANGLE (Intel, Intel(R) UHD Graphics (0x0000A788) Direct3D11 vs_5_0 ps_5_0, D3D11)",0,17,10,1,128,1.22.33,0,Chrome 131,3,42,42,-1,5,119.898087,73.70706,DEFAULT,1,N/A,2024-12-09T18:51:34.1480000Z,N/A,N/A
461,2024-12-09T18:51:34.1480000Z,851710fe-0e1d-4a72-aedf-f34f032442c1,WPI6_1733770t03c8588,Successful,0,Real,Windows 10,1199,1797,Eastern Standard Time,"ANGLE (Intel, Intel(R) UHD Graphics (0x0000A788) Direct3D11 vs_5_0 ps_5_0, D3D11)",0,17,10,1,128,1.22.33,0,Chrome 131,3,16,16,-1,6,120.268173,73.91727,DEFAULT,1,N/A,2024-12-09T18:51:34.1480000Z,N/A,N/A
462,2024-12-09T19:22:40.0270000Z,851710fe-0e1d-4a72-aedf-f34f032442c1,WPI6_17z337n71914500,Successful,0,Real,Windows 10,1348,2396,Eastern Standard Time,"ANGLE (Intel, Intel(R) UHD Graphics (0x0000A788) Direct3D11 vs_5_0 ps_5_0, D3D11)",0,17,10,1,128,1.22.33,0,Chrome 131,3,12,12,-1,0,76.2274246,611.92,DEFAULT,1,N/A,2024-12-09T19:22:40.0270000Z,N/A,N/A
463,2024-12-09T19:22:40.0270000Z,851710fe-0e1d-4a72-aedf-f34f032442c1,WPI6_17z337n71914500,Successful,0,Real,Windows 10,1348,2396,Eastern Standard Time,"ANGLE (Intel, Intel(R) UHD Graphics (0x0000A788) Direct3D11 vs_5_0 ps_5_0, D3D11)",0,17,10,1,128,1.22.33,0,Chrome 131,3,5,5,-1,1,70.5701752,435.9068,DEFAULT,1,N/A,2024-12-09T19:22:40.0270000Z,N/A,N/A
464,2024-12-09T19:22:40.0270000Z,851710fe-0e1d-4a72-aedf-f34f032442c1,WPI6_17z337n71914500,Successful,0,Real,Windows 10,1348,2396,Eastern Standard Time,"ANGLE (Intel, Intel(R) UHD Graphics (0x0000A788) Direct3D11 vs_5_0 ps_5_0, D3D11)",0,17,10,1,128,1.22.33,0,Chrome 131,3,6,6,-1,2,72.50449,558.824036,DEFAULT,1,N/A,2024-12-09T19:22:40.0270000Z,N/A,N/A
465,2024-12-09T19:22:40.0270000Z,851710fe-0e1d-4a72-aedf-f34f032442c1,WPI6_17z337n71914500,Successful,0,Real,Windows 10,1348,2396,Eastern Standard Time,"ANGLE (Intel, Intel(R) UHD Graphics (0x0000A788) Direct3D11 vs_5_0 ps_5_0, D3D11)",0,17,10,1,128,1.22.33,0,Chrome 131,3,3,3,-1,3,74.5508347,625.7771,DEFAULT,1,N/A,2024-12-09T19:22:40.0270000Z,N/A,N/A
466,2024-12-09T19:22:40.0270000Z,851710fe-0e1d-4a72-aedf-f34f032442c1,WPI6_17z337n71914500,Successful,0,Real,Windows 10,1348,2396,Eastern Standard Time,"ANGLE (Intel, Intel(R) UHD Graphics (0x0000A788) Direct3D11 vs_5_0 ps_5_0, D3D11)",0,17,10,1,128,1.22.33,0,Chrome 131,3,57,57,-1,4,73.05503,593.8632,DEFAULT,1,N/A,2024-12-09T19:22:40.0270000Z,N/A,N/A
467,2024-12-09T19:22:40.0270000Z,851710fe-0e1d-4a72-aedf-f34f032442c1,WPI6_17z337n71914500,Successful,0,Real,Windows 10,1348,2396,Eastern Standard Time,"ANGLE (Intel, Intel(R) UHD Graphics (0x0000A788) Direct3D11 vs_5_0 ps_5_0, D3D11)",0,17,10,1,128,1.22.33,0,Chrome 131,3,-1,-1,-1,5,70.30701,490.50897199999997,DEFAULT,1,N/A,2024-12-09T19:22:40.0270000Z,N/A,N/A
468,2024-12-09T19:22:40.0270000Z,851710fe-0e1d-4a72-aedf-f34f032442c1,WPI6_17z337n71914500,Successful,0,Real,Windows 10,1348,2396,Eastern Standard Time,"ANGLE (Intel, Intel(R) UHD Graphics (0x0000A788) Direct3D11 vs_5_0 ps_5_0, D3D11)",0,17,10,1,128,1.22.33,0,Chrome 131,3,35,35,-1,6,74.69389,656.2118,DEFAULT,1,N/A,2024-12-09T19:22:40.0270000Z,N/A,N/A
469,2024-12-09T19:34:02.4780000Z,851710fe-0e1d-4a72-aedf-f34f032442c1,WPI6_173377gk2367722,Successful,0,Real,Mac OS X 10_15_7,1454,2396,Eastern Standard Time,"ANGLE (Apple, ANGLE Metal Renderer: Apple M2, Unspecified Version)",0,17,10,1,128,1.22.33,0,Chrome 130,3,12,12,-1,0,120.487961,46.0632477,DEFAULT,1,N/A,2024-12-09T19:34:02.4780000Z,N/A,N/A
470,2024-12-09T19:34:02.4780000Z,851710fe-0e1d-4a72-aedf-f34f032442c1,WPI6_173377gk2367722,Successful,0,Real,Mac OS X 10_15_7,1454,2396,Eastern Standard Time,"ANGLE (Apple, ANGLE Metal Renderer: Apple M2, Unspecified Version)",0,17,10,1,128,1.22.33,0,Chrome 130,3,45,45,-1,1,119.917412,48.5389061,DEFAULT,1,N/A,2024-12-09T19:34:02.4780000Z,N/A,N/A
471,2024-12-09T19:34:02.4780000Z,851710fe-0e1d-4a72-aedf-f34f032442c1,WPI6_173377gk2367722,Successful,0,Real,Mac OS X 10_15_7,1454,2396,Eastern Standard Time,"ANGLE (Apple, ANGLE Metal Renderer: Apple M2, Unspecified Version)",0,17,10,1,128,1.22.33,0,Chrome 130,3,42,42,-1,2,120.308479,46.3203773,DEFAULT,1,N/A,2024-12-09T19:34:02.4780000Z,N/A,N/A
472,2024-12-09T19:34:02.4780000Z,851710fe-0e1d-4a72-aedf-f34f032442c1,WPI6_173377gk2367722,Successful,0,Real,Mac OS X 10_15_7,1454,2396,Eastern Standard Time,"ANGLE (Apple, ANGLE Metal Renderer: Apple M2, Unspecified Version)",0,17,10,1,128,1.22.33,0,Chrome 130,3,-1,-1,-1,3,120.875496,46.1021042,DEFAULT,1,N/A,2024-12-09T19:34:02.4780000Z,N/A,N/A
473,2024-12-09T19:34:02.4780000Z,851710fe-0e1d-4a72-aedf-f34f032442c1,WPI6_173377gk2367722,Successful,0,Real,Mac OS X 10_15_7,1454,2396,Eastern Standard Time,"ANGLE (Apple, ANGLE Metal Renderer: Apple M2, Unspecified Version)",0,17,10,1,128,1.22.33,0,Chrome 130,3,73,73,-1,4,120.4741,49.9366455,DEFAULT,1,N/A,2024-12-09T19:34:02.4780000Z,N/A,N/A
474,2024-12-09T19:34:02.4780000Z,851710fe-0e1d-4a72-aedf-f34f032442c1,WPI6_173377gk2367722,Successful,0,Real,Mac OS X 10_15_7,1454,2396,Eastern Standard Time,"ANGLE (Apple, ANGLE Metal Renderer: Apple M2, Unspecified Version)",0,17,10,1,128,1.22.33,0,Chrome 130,3,74,74,-1,5,120.497818,50.09175,DEFAULT,1,N/A,2024-12-09T19:34:02.4780000Z,N/A,N/A
475,2024-12-09T19:34:02.4780000Z,851710fe-0e1d-4a72-aedf-f34f032442c1,WPI6_173377gk2367722,Successful,0,Real,Mac OS X 10_15_7,1454,2396,Eastern Standard Time,"ANGLE (Apple, ANGLE Metal Renderer: Apple M2, Unspecified Version)",0,17,10,1,128,1.22.33,0,Chrome 130,3,8,8,-1,6,120.141838,45.7001381,DEFAULT,1,N/A,2024-12-09T19:34:02.4780000Z,N/A,N/A
476,2024-12-09T21:45:06.0130000Z,851710fe-0e1d-4a72-aedf-f34f032442c1,WPI6_173378039p08q93,Successful,0,Real,Windows 10,960,1797,Eastern Standard Time,"ANGLE (AMD, AMD Radeon 780M Graphics (0x00001900) Direct3D11 vs_5_0 ps_5_0, D3D11)",0,17,10,1,128,1.22.33,0,Chrome 131,3,12,12,-1,0,74.9987946,561.009155,DEFAULT,1,N/A,2024-12-09T21:45:06.0130000Z,N/A,N/A
477,2024-12-09T21:45:06.0130000Z,851710fe-0e1d-4a72-aedf-f34f032442c1,WPI6_173378039p08q93,Successful,0,Real,Windows 10,960,1797,Eastern Standard Time,"ANGLE (AMD, AMD Radeon 780M Graphics (0x00001900) Direct3D11 vs_5_0 ps_5_0, D3D11)",0,17,10,1,128,1.22.33,0,Chrome 131,3,26,26,-1,1,74.31488,537.8028,DEFAULT,1,N/A,2024-12-09T21:45:06.0130000Z,N/A,N/A
478,2024-12-09T21:45:06.0130000Z,851710fe-0e1d-4a72-aedf-f34f032442c1,WPI6_173378039p08q93,Successful,0,Real,Windows 10,960,1797,Eastern Standard Time,"ANGLE (AMD, AMD Radeon 780M Graphics (0x00001900) Direct3D11 vs_5_0 ps_5_0, D3D11)",0,17,10,1,128,1.22.33,0,Chrome 131,3,3,3,-1,2,68.3342361,283.256256,DEFAULT,1,N/A,2024-12-09T21:45:06.0130000Z,N/A,N/A
479,2024-12-09T21:45:06.0130000Z,851710fe-0e1d-4a72-aedf-f34f032442c1,WPI6_173378039p08q93,Successful,0,Real,Windows 10,960,1797,Eastern Standard Time,"ANGLE (AMD, AMD Radeon 780M Graphics (0x00001900) Direct3D11 vs_5_0 ps_5_0, D3D11)",0,17,10,1,128,1.22.33,0,Chrome 131,3,7,7,-1,3,71.42553,434.0205,DEFAULT,1,N/A,2024-12-09T21:45:06.0130000Z,N/A,N/A
480,2024-12-09T21:45:06.0130000Z,851710fe-0e1d-4a72-aedf-f34f032442c1,WPI6_173378039p08q93,Successful,0,Real,Windows 10,960,1797,Eastern Standard Time,"ANGLE (AMD, AMD Radeon 780M Graphics (0x00001900) Direct3D11 vs_5_0 ps_5_0, D3D11)",0,17,10,1,128,1.22.33,0,Chrome 131,3,2,2,-1,4,71.10995,403.260376,DEFAULT,1,N/A,2024-12-09T21:45:06.0130000Z,N/A,N/A
481,2024-12-09T21:45:06.0130000Z,851710fe-0e1d-4a72-aedf-f34f032442c1,WPI6_173378039p08q93,Successful,0,Real,Windows 10,960,1797,Eastern Standard Time,"ANGLE (AMD, AMD Radeon 780M Graphics (0x00001900) Direct3D11 vs_5_0 ps_5_0, D3D11)",0,17,10,1,128,1.22.33,0,Chrome 131,3,29,29,-1,5,70.97325,423.004822,DEFAULT,1,N/A,2024-12-09T21:45:06.0130000Z,N/A,N/A
482,2024-12-09T21:45:06.0130000Z,851710fe-0e1d-4a72-aedf-f34f032442c1,WPI6_173378039p08q93,Successful,0,Real,Windows 10,960,1797,Eastern Standard Time,"ANGLE (AMD, AMD Radeon 780M Graphics (0x00001900) Direct3D11 vs_5_0 ps_5_0, D3D11)",0,17,10,1,128,1.22.33,0,Chrome 131,3,-1,-1,-1,6,69.47983,365.4269,DEFAULT,1,N/A,2024-12-09T21:45:06.0130000Z,N/A,N/A
483,2024-12-10T01:02:13.0090000Z,851710fe-0e1d-4a72-aedf-f34f032442c1,WPI6_l1733792v298275,Successful,0,Real,Windows 10,1440,2560,Eastern Standard Time,"ANGLE (Intel, Intel(R) UHD Graphics (0x00009A60) Direct3D11 vs_5_0 ps_5_0, D3D11)",0,17,10,1,128,1.22.33,0,Chrome 131,3,12,12,-1,0,55.9125671,62.7547379,DEFAULT,1,N/A,2024-12-10T01:02:13.0090000Z,N/A,N/A
484,2024-12-10T01:02:13.0090000Z,851710fe-0e1d-4a72-aedf-f34f032442c1,WPI6_l1733792v298275,Successful,0,Real,Windows 10,1440,2560,Eastern Standard Time,"ANGLE (Intel, Intel(R) UHD Graphics (0x00009A60) Direct3D11 vs_5_0 ps_5_0, D3D11)",0,17,10,1,128,1.22.33,0,Chrome 131,3,-1,-1,-1,1,60.0401268,220.1068,DEFAULT,1,N/A,2024-12-10T01:02:13.0090000Z,N/A,N/A
485,2024-12-10T01:02:13.0090000Z,851710fe-0e1d-4a72-aedf-f34f032442c1,WPI6_l1733792v298275,Successful,0,Real,Windows 10,1440,2560,Eastern Standard Time,"ANGLE (Intel, Intel(R) UHD Graphics (0x00009A60) Direct3D11 vs_5_0 ps_5_0, D3D11)",0,17,10,1,128,1.22.33,0,Chrome 131,3,7,7,-1,2,55.95871,80.316864,DEFAULT,1,N/A,2024-12-10T01:02:13.0090000Z,N/A,N/A
486,2024-12-10T01:02:13.0090000Z,851710fe-0e1d-4a72-aedf-f34f032442c1,WPI6_l1733792v298275,Successful,0,Real,Windows 10,1440,2560,Eastern Standard Time,"ANGLE (Intel, Intel(R) UHD Graphics (0x00009A60) Direct3D11 vs_5_0 ps_5_0, D3D11)",0,17,10,1,128,1.22.33,0,Chrome 131,3,45,45,-1,3,55.5411224,73.98781,DEFAULT,1,N/A,2024-12-10T01:02:13.0090000Z,N/A,N/A
487,2024-12-10T01:02:13.0090000Z,851710fe-0e1d-4a72-aedf-f34f032442c1,WPI6_l1733792v298275,Successful,0,Real,Windows 10,1440,2560,Eastern Standard Time,"ANGLE (Intel, Intel(R) UHD Graphics (0x00009A60) Direct3D11 vs_5_0 ps_5_0, D3D11)",0,17,10,1,128,1.22.33,0,Chrome 131,3,15,15,-1,4,55.47762,72.34692,DEFAULT,1,N/A,2024-12-10T01:02:13.0090000Z,N/A,N/A
488,2024-12-10T01:02:13.0090000Z,851710fe-0e1d-4a72-aedf-f34f032442c1,WPI6_l1733792v298275,Successful,0,Real,Windows 10,1440,2560,Eastern Standard Time,"ANGLE (Intel, Intel(R) UHD Graphics (0x00009A60) Direct3D11 vs_5_0 ps_5_0, D3D11)",0,17,10,1,128,1.22.33,0,Chrome 131,3,42,42,-1,5,57.554554,167.032928,DEFAULT,1,N/A,2024-12-10T01:02:13.0090000Z,N/A,N/A
489,2024-12-10T01:02:13.0090000Z,851710fe-0e1d-4a72-aedf-f34f032442c1,WPI6_l1733792v298275,Successful,0,Real,Windows 10,1440,2560,Eastern Standard Time,"ANGLE (Intel, Intel(R) UHD Graphics (0x00009A60) Direct3D11 vs_5_0 ps_5_0, D3D11)",0,17,10,1,128,1.22.33,0,Chrome 131,3,6,6,-1,6,61.00711,232.048828,DEFAULT,1,N/A,2024-12-10T01:02:13.0090000Z,N/A,N/A
490,2024-12-10T04:49:01.2370000Z,851710fe-0e1d-4a72-aedf-f34f032442c1,WPI6_1733a8059h60889,Successful,0,Real,Windows 10,1440,2560,Eastern Standard Time,"ANGLE (Intel, Intel(R) UHD Graphics (0x00009A60) Direct3D11 vs_5_0 ps_5_0, D3D11)",0,17,10,1,128,1.22.33,0,Chrome 131,3,12,12,-1,0,56.7935066,144.551514,DEFAULT,1,N/A,2024-12-10T04:49:01.2370000Z,N/A,N/A
491,2024-12-10T04:49:01.2370000Z,851710fe-0e1d-4a72-aedf-f34f032442c1,WPI6_1733a8059h60889,Successful,0,Real,Windows 10,1440,2560,Eastern Standard Time,"ANGLE (Intel, Intel(R) UHD Graphics (0x00009A60) Direct3D11 vs_5_0 ps_5_0, D3D11)",0,17,10,1,128,1.22.33,0,Chrome 131,3,97,97,-1,1,51.6412544,128.45285,DEFAULT,1,N/A,2024-12-10T04:49:01.2370000Z,N/A,N/A
492,2024-12-10T04:49:01.2370000Z,851710fe-0e1d-4a72-aedf-f34f032442c1,WPI6_1733a8059h60889,Successful,0,Real,Windows 10,1440,2560,Eastern Standard Time,"ANGLE (Intel, Intel(R) UHD Graphics (0x00009A60) Direct3D11 vs_5_0 ps_5_0, D3D11)",0,17,10,1,128,1.22.33,0,Chrome 131,3,26,26,-1,2,57.80017,156.3077,DEFAULT,1,N/A,2024-12-10T04:49:01.2370000Z,N/A,N/A
493,2024-12-10T04:49:01.2370000Z,851710fe-0e1d-4a72-aedf-f34f032442c1,WPI6_1733a8059h60889,Successful,0,Real,Windows 10,1440,2560,Eastern Standard Time,"ANGLE (Intel, Intel(R) UHD Graphics (0x00009A60) Direct3D11 vs_5_0 ps_5_0, D3D11)",0,17,10,1,128,1.22.33,0,Chrome 131,3,6,6,-1,3,60.49329,239.541611,DEFAULT,1,N/A,2024-12-10T04:49:01.2370000Z,N/A,N/A
494,2024-12-10T04:49:01.2370000Z,851710fe-0e1d-4a72-aedf-f34f032442c1,WPI6_1733a8059h60889,Successful,0,Real,Windows 10,1440,2560,Eastern Standard Time,"ANGLE (Intel, Intel(R) UHD Graphics (0x00009A60) Direct3D11 vs_5_0 ps_5_0, D3D11)",0,17,10,1,128,1.22.33,0,Chrome 131,3,-1,-1,-1,4,59.1147652,167.702087,DEFAULT,1,N/A,2024-12-10T04:49:01.2370000Z,N/A,N/A
495,2024-12-10T04:49:01.2370000Z,851710fe-0e1d-4a72-aedf-f34f032442c1,WPI6_1733a8059h60889,Successful,0,Real,Windows 10,1440,2560,Eastern Standard Time,"ANGLE (Intel, Intel(R) UHD Graphics (0x00009A60) Direct3D11 vs_5_0 ps_5_0, D3D11)",0,17,10,1,128,1.22.33,0,Chrome 131,3,74,74,-1,5,56.7362556,90.68208,DEFAULT,1,N/A,2024-12-10T04:49:01.2370000Z,N/A,N/A
496,2024-12-10T04:49:01.2370000Z,851710fe-0e1d-4a72-aedf-f34f032442c1,WPI6_1733a8059h60889,Successful,0,Real,Windows 10,1440,2560,Eastern Standard Time,"ANGLE (Intel, Intel(R) UHD Graphics (0x00009A60) Direct3D11 vs_5_0 ps_5_0, D3D11)",0,17,10,1,128,1.22.33,0,Chrome 131,3,5,5,-1,6,56.3960075,65.17869,DEFAULT,1,N/A,2024-12-10T04:49:01.2370000Z,N/A,N/A
497,2024-12-10T15:09:07.0470000Z,851710fe-0e1d-4a72-aedf-f34f032442c1,WPI6_17338430c619k41,Successful,0,Real,Mac OS X 10_15_7,1598,2396,Eastern Standard Time,"ANGLE (Apple, ANGLE Metal Renderer: Apple M2, Unspecified Version)",0,17,10,1,128,1.22.33,0,Chrome 131,3,12,12,-1,0,121.5788,53.0888138,DEFAULT,1,N/A,2024-12-10T15:09:07.0470000Z,N/A,N/A
498,2024-12-10T15:09:07.0470000Z,851710fe-0e1d-4a72-aedf-f34f032442c1,WPI6_17338430c619k41,Successful,0,Real,Mac OS X 10_15_7,1598,2396,Eastern Standard Time,"ANGLE (Apple, ANGLE Metal Renderer: Apple M2, Unspecified Version)",0,17,10,1,128,1.22.33,0,Chrome 131,3,7,7,-1,1,120.680046,44.04578,DEFAULT,1,N/A,2024-12-10T15:09:07.0470000Z,N/A,N/A
499,2024-12-10T15:09:07.0470000Z,851710fe-0e1d-4a72-aedf-f34f032442c1,WPI6_17338430c619k41,Successful,0,Real,Mac OS X 10_15_7,1598,2396,Eastern Standard Time,"ANGLE (Apple, ANGLE Metal Renderer: Apple M2, Unspecified Version)",0,17,10,1,128,1.22.33,0,Chrome 131,3,35,35,-1,2,121.271126,52.4856339,DEFAULT,1,N/A,2024-12-10T15:09:07.0470000Z,N/A,N/A
500,2024-12-10T15:09:07.0470000Z,851710fe-0e1d-4a72-aedf-f34f032442c1,WPI6_17338430c619k41,Successful,0,Real,Mac OS X 10_15_7,1598,2396,Eastern Standard Time,"ANGLE (Apple, ANGLE Metal Renderer: Apple M2, Unspecified Version)",0,17,10,1,128,1.22.33,0,Chrome 131,3,6,6,-1,3,120.629723,61.28101,DEFAULT,1,N/A,2024-12-10T15:09:07.0470000Z,N/A,N/A
501,2024-12-10T15:09:07.0470000Z,851710fe-0e1d-4a72-aedf-f34f032442c1,WPI6_17338430c619k41,Successful,0,Real,Mac OS X 10_15_7,1598,2396,Eastern Standard Time,"ANGLE (Apple, ANGLE Metal Renderer: Apple M2, Unspecified Version)",0,17,10,1,128,1.22.33,0,Chrome 131,3,45,45,-1,4,120.444984,48.0150032,DEFAULT,1,N/A,2024-12-10T15:09:07.0470000Z,N/A,N/A
502,2024-12-10T15:09:07.0470000Z,851710fe-0e1d-4a72-aedf-f34f032442c1,WPI6_17338430c619k41,Successful,0,Real,Mac OS X 10_15_7,1598,2396,Eastern Standard Time,"ANGLE (Apple, ANGLE Metal Renderer: Apple M2, Unspecified Version)",0,17,10,1,128,1.22.33,0,Chrome 131,3,-1,-1,-1,5,121.246742,51.35414,DEFAULT,1,N/A,2024-12-10T15:09:07.0470000Z,N/A,N/A
503,2024-12-10T15:09:07.0470000Z,851710fe-0e1d-4a72-aedf-f34f032442c1,WPI6_17338430c619k41,Successful,0,Real,Mac OS X 10_15_7,1598,2396,Eastern Standard Time,"ANGLE (Apple, ANGLE Metal Renderer: Apple M2, Unspecified Version)",0,17,10,1,128,1.22.33,0,Chrome 131,3,5,5,-1,6,121.423744,45.45755,DEFAULT,1,N/A,2024-12-10T15:09:07.0470000Z,N/A,N/A
504,2024-12-10T16:50:13.5810000Z,851710fe-0e1d-4a72-aedf-f34f032442c1,WPI6_17338487w25j007,Successful,0,Real,Mac OS X 10_15_7,1598,2396,Eastern Standard Time,"ANGLE (Apple, ANGLE Metal Renderer: Apple M2 Pro, Unspecified Version)",0,17,10,1,128,1.22.33,0,Chrome 129,3,12,12,-1,0,119.503838,42.80697,DEFAULT,1,N/A,2024-12-10T16:50:13.5810000Z,N/A,N/A
505,2024-12-10T16:50:13.5810000Z,851710fe-0e1d-4a72-aedf-f34f032442c1,WPI6_17338487w25j007,Successful,0,Real,Mac OS X 10_15_7,1598,2396,Eastern Standard Time,"ANGLE (Apple, ANGLE Metal Renderer: Apple M2 Pro, Unspecified Version)",0,17,10,1,128,1.22.33,0,Chrome 129,3,15,15,-1,1,119.315918,75.90586,DEFAULT,1,N/A,2024-12-10T16:50:13.5810000Z,N/A,N/A
506,2024-12-10T16:50:13.5810000Z,851710fe-0e1d-4a72-aedf-f34f032442c1,WPI6_17338487w25j007,Successful,0,Real,Mac OS X 10_15_7,1598,2396,Eastern Standard Time,"ANGLE (Apple, ANGLE Metal Renderer: Apple M2 Pro, Unspecified Version)",0,17,10,1,128,1.22.33,0,Chrome 129,3,-1,-1,-1,2,119.7212,48.1816063,DEFAULT,1,N/A,2024-12-10T16:50:13.5810000Z,N/A,N/A
507,2024-12-10T16:50:13.5810000Z,851710fe-0e1d-4a72-aedf-f34f032442c1,WPI6_17338487w25j007,Successful,0,Real,Mac OS X 10_15_7,1598,2396,Eastern Standard Time,"ANGLE (Apple, ANGLE Metal Renderer: Apple M2 Pro, Unspecified Version)",0,17,10,1,128,1.22.33,0,Chrome 129,3,57,57,-1,3,118.813217,37.97946,DEFAULT,1,N/A,2024-12-10T16:50:13.5810000Z,N/A,N/A
508,2024-12-10T16:50:13.5810000Z,851710fe-0e1d-4a72-aedf-f34f032442c1,WPI6_17338487w25j007,Successful,0,Real,Mac OS X 10_15_7,1598,2396,Eastern Standard Time,"ANGLE (Apple, ANGLE Metal Renderer: Apple M2 Pro, Unspecified Version)",0,17,10,1,128,1.22.33,0,Chrome 129,3,45,45,-1,4,118.753868,43.4863434,DEFAULT,1,N/A,2024-12-10T16:50:13.5810000Z,N/A,N/A
509,2024-12-10T16:50:13.5810000Z,851710fe-0e1d-4a72-aedf-f34f032442c1,WPI6_17338487w25j007,Successful,0,Real,Mac OS X 10_15_7,1598,2396,Eastern Standard Time,"ANGLE (Apple, ANGLE Metal Renderer: Apple M2 Pro, Unspecified Version)",0,17,10,1,128,1.22.33,0,Chrome 129,3,7,7,-1,5,119.449509,50.159,DEFAULT,1,N/A,2024-12-10T16:50:13.5810000Z,N/A,N/A
510,2024-12-10T16:50:13.5810000Z,851710fe-0e1d-4a72-aedf-f34f032442c1,WPI6_17338487w25j007,Successful,0,Real,Mac OS X 10_15_7,1598,2396,Eastern Standard Time,"ANGLE (Apple, ANGLE Metal Renderer: Apple M2 Pro, Unspecified Version)",0,17,10,1,128,1.22.33,0,Chrome 129,3,42,42,-1,6,119.843765,44.9789162,DEFAULT,1,N/A,2024-12-10T16:50:13.5810000Z,N/A,N/A
511,2024-12-10T20:22:36.2190000Z,851710fe-0e1d-4a72-aedf-f34f032442c1,WPI6_17338x618132w85,Successful,0,Real,Mac OS X 10_15_7,1598,2396,Eastern Standard Time,"ANGLE (Apple, ANGLE Metal Renderer: Apple M2, Unspecified Version)",0,17,10,1,128,1.22.33,0,Chrome 131,3,12,12,-1,0,120.560005,63.957695,DEFAULT,1,N/A,2024-12-10T20:22:36.2190000Z,N/A,N/A
512,2024-12-10T20:22:36.2190000Z,851710fe-0e1d-4a72-aedf-f34f032442c1,WPI6_17338x618132w85,Successful,0,Real,Mac OS X 10_15_7,1598,2396,Eastern Standard Time,"ANGLE (Apple, ANGLE Metal Renderer: Apple M2, Unspecified Version)",0,17,10,1,128,1.22.33,0,Chrome 131,3,3,3,-1,1,120.377754,61.2421379,DEFAULT,1,N/A,2024-12-10T20:22:36.2190000Z,N/A,N/A
513,2024-12-10T20:22:36.2190000Z,851710fe-0e1d-4a72-aedf-f34f032442c1,WPI6_17338x618132w85,Successful,0,Real,Mac OS X 10_15_7,1598,2396,Eastern Standard Time,"ANGLE (Apple, ANGLE Metal Renderer: Apple M2, Unspecified Version)",0,17,10,1,128,1.22.33,0,Chrome 131,3,73,73,-1,2,120.113792,52.14884,DEFAULT,1,N/A,2024-12-10T20:22:36.2190000Z,N/A,N/A
514,2024-12-10T20:22:36.2190000Z,851710fe-0e1d-4a72-aedf-f34f032442c1,WPI6_17338x618132w85,Successful,0,Real,Mac OS X 10_15_7,1598,2396,Eastern Standard Time,"ANGLE (Apple, ANGLE Metal Renderer: Apple M2, Unspecified Version)",0,17,10,1,128,1.22.33,0,Chrome 131,3,45,45,-1,3,120.421677,52.4310265,DEFAULT,1,N/A,2024-12-10T20:22:36.2190000Z,N/A,N/A
515,2024-12-10T20:22:36.2190000Z,851710fe-0e1d-4a72-aedf-f34f032442c1,WPI6_17338x618132w85,Successful,0,Real,Mac OS X 10_15_7,1598,2396,Eastern Standard Time,"ANGLE (Apple, ANGLE Metal Renderer: Apple M2, Unspecified Version)",0,17,10,1,128,1.22.33,0,Chrome 131,3,6,6,-1,4,120.466446,47.64318,DEFAULT,1,N/A,2024-12-10T20:22:36.2190000Z,N/A,N/A
516,2024-12-10T20:22:36.2190000Z,851710fe-0e1d-4a72-aedf-f34f032442c1,WPI6_17338x618132w85,Successful,0,Real,Mac OS X 10_15_7,1598,2396,Eastern Standard Time,"ANGLE (Apple, ANGLE Metal Renderer: Apple M2, Unspecified Version)",0,17,10,1,128,1.22.33,0,Chrome 131,3,26,26,-1,5,120.169586,51.1608276,DEFAULT,1,N/A,2024-12-10T20:22:36.2190000Z,N/A,N/A
517,2024-12-10T20:22:36.2190000Z,851710fe-0e1d-4a72-aedf-f34f032442c1,WPI6_17338x618132w85,Successful,0,Real,Mac OS X 10_15_7,1598,2396,Eastern Standard Time,"ANGLE (Apple, ANGLE Metal Renderer: Apple M2, Unspecified Version)",0,17,10,1,128,1.22.33,0,Chrome 131,3,-1,-1,-1,6,120.738472,51.8593178,DEFAULT,1,N/A,2024-12-10T20:22:36.2190000Z,N/A,N/A
518,2024-12-10T20:58:51.2390000Z,851710fe-0e1d-4a72-aedf-f34f032442c1,WPI6_1wq733864020191,Successful,0,Real,Windows 10,923,1498,Eastern Standard Time,"ANGLE (Intel, Intel(R) UHD Graphics (0x0000A721) Direct3D11 vs_5_0 ps_5_0, D3D11)",0,17,10,1,128,1.22.33,0,Chrome 131,3,12,12,-1,0,73.50274,358.572144,DEFAULT,1,N/A,2024-12-10T20:58:51.2390000Z,N/A,N/A
519,2024-12-10T20:58:51.2390000Z,851710fe-0e1d-4a72-aedf-f34f032442c1,WPI6_1wq733864020191,Successful,0,Real,Windows 10,923,1498,Eastern Standard Time,"ANGLE (Intel, Intel(R) UHD Graphics (0x0000A721) Direct3D11 vs_5_0 ps_5_0, D3D11)",0,17,10,1,128,1.22.33,0,Chrome 131,3,-1,-1,-1,1,72.42758,355.4566,DEFAULT,1,N/A,2024-12-10T20:58:51.2390000Z,N/A,N/A
520,2024-12-10T20:58:51.2390000Z,851710fe-0e1d-4a72-aedf-f34f032442c1,WPI6_1wq733864020191,Successful,0,Real,Windows 10,923,1498,Eastern Standard Time,"ANGLE (Intel, Intel(R) UHD Graphics (0x0000A721) Direct3D11 vs_5_0 ps_5_0, D3D11)",0,17,10,1,128,1.22.33,0,Chrome 131,3,15,15,-1,2,80.30727,345.403625,DEFAULT,1,N/A,2024-12-10T20:58:51.2390000Z,N/A,N/A
521,2024-12-10T20:58:51.2390000Z,851710fe-0e1d-4a72-aedf-f34f032442c1,WPI6_1wq733864020191,Successful,0,Real,Windows 10,923,1498,Eastern Standard Time,"ANGLE (Intel, Intel(R) UHD Graphics (0x0000A721) Direct3D11 vs_5_0 ps_5_0, D3D11)",0,17,10,1,128,1.22.33,0,Chrome 131,3,2,2,-1,3,80.93212,392.7231,DEFAULT,1,N/A,2024-12-10T20:58:51.2390000Z,N/A,N/A
522,2024-12-10T20:58:51.2390000Z,851710fe-0e1d-4a72-aedf-f34f032442c1,WPI6_1wq733864020191,Successful,0,Real,Windows 10,923,1498,Eastern Standard Time,"ANGLE (Intel, Intel(R) UHD Graphics (0x0000A721) Direct3D11 vs_5_0 ps_5_0, D3D11)",0,17,10,1,128,1.22.33,0,Chrome 131,3,26,26,-1,4,77.50571,393.592529,DEFAULT,1,N/A,2024-12-10T20:58:51.2390000Z,N/A,N/A
523,2024-12-10T20:58:51.2390000Z,851710fe-0e1d-4a72-aedf-f34f032442c1,WPI6_1wq733864020191,Successful,0,Real,Windows 10,923,1498,Eastern Standard Time,"ANGLE (Intel, Intel(R) UHD Graphics (0x0000A721) Direct3D11 vs_5_0 ps_5_0, D3D11)",0,17,10,1,128,1.22.33,0,Chrome 131,3,57,57,-1,5,76.50463,414.264069,DEFAULT,1,N/A,2024-12-10T20:58:51.2390000Z,N/A,N/A
524,2024-12-10T20:58:51.2390000Z,851710fe-0e1d-4a72-aedf-f34f032442c1,WPI6_1wq733864020191,Successful,0,Real,Windows 10,923,1498,Eastern Standard Time,"ANGLE (Intel, Intel(R) UHD Graphics (0x0000A721) Direct3D11 vs_5_0 ps_5_0, D3D11)",0,17,10,1,128,1.22.33,0,Chrome 131,3,16,16,-1,6,80.4024,391.2339,DEFAULT,1,N/A,2024-12-10T20:58:51.2390000Z,N/A,N/A
525,2024-12-10T21:39:33.2160000Z,851710fe-0e1d-4a72-aedf-f34f032442c1,WPI6_1733866534x70k0,Successful,0,Real,Windows 10,970,1498,Eastern Standard Time,"ANGLE (Intel, Intel(R) UHD Graphics (0x00009BC4) Direct3D11 vs_5_0 ps_5_0, D3D11)",0,17,10,1,128,1.22.33,0,Chrome 131,3,12,12,-1,0,120.464386,83.1877747,DEFAULT,1,N/A,2024-12-10T21:39:33.2160000Z,N/A,N/A
526,2024-12-10T21:39:33.2160000Z,851710fe-0e1d-4a72-aedf-f34f032442c1,WPI6_1733866534x70k0,Successful,0,Real,Windows 10,970,1498,Eastern Standard Time,"ANGLE (Intel, Intel(R) UHD Graphics (0x00009BC4) Direct3D11 vs_5_0 ps_5_0, D3D11)",0,17,10,1,128,1.22.33,0,Chrome 131,3,15,15,-1,1,120.450188,86.0548248,DEFAULT,1,N/A,2024-12-10T21:39:33.2160000Z,N/A,N/A
527,2024-12-10T21:39:33.2160000Z,851710fe-0e1d-4a72-aedf-f34f032442c1,WPI6_1733866534x70k0,Successful,0,Real,Windows 10,970,1498,Eastern Standard Time,"ANGLE (Intel, Intel(R) UHD Graphics (0x00009BC4) Direct3D11 vs_5_0 ps_5_0, D3D11)",0,17,10,1,128,1.22.33,0,Chrome 131,3,29,29,-1,2,118.025154,95.8173447,DEFAULT,1,N/A,2024-12-10T21:39:33.2160000Z,N/A,N/A
528,2024-12-10T21:39:33.2160000Z,851710fe-0e1d-4a72-aedf-f34f032442c1,WPI6_1733866534x70k0,Successful,0,Real,Windows 10,970,1498,Eastern Standard Time,"ANGLE (Intel, Intel(R) UHD Graphics (0x00009BC4) Direct3D11 vs_5_0 ps_5_0, D3D11)",0,17,10,1,128,1.22.33,0,Chrome 131,3,35,35,-1,3,119.422615,108.104095,DEFAULT,1,N/A,2024-12-10T21:39:33.2160000Z,N/A,N/A
529,2024-12-10T21:39:33.2160000Z,851710fe-0e1d-4a72-aedf-f34f032442c1,WPI6_1733866534x70k0,Successful,0,Real,Windows 10,970,1498,Eastern Standard Time,"ANGLE (Intel, Intel(R) UHD Graphics (0x00009BC4) Direct3D11 vs_5_0 ps_5_0, D3D11)",0,17,10,1,128,1.22.33,0,Chrome 131,3,16,16,-1,4,118.718872,88.63541,DEFAULT,1,N/A,2024-12-10T21:39:33.2160000Z,N/A,N/A
530,2024-12-10T21:39:33.2160000Z,851710fe-0e1d-4a72-aedf-f34f032442c1,WPI6_1733866534x70k0,Successful,0,Real,Windows 10,970,1498,Eastern Standard Time,"ANGLE (Intel, Intel(R) UHD Graphics (0x00009BC4) Direct3D11 vs_5_0 ps_5_0, D3D11)",0,17,10,1,128,1.22.33,0,Chrome 131,3,-1,-1,-1,5,118.945976,97.18517,DEFAULT,1,N/A,2024-12-10T21:39:33.2160000Z,N/A,N/A
531,2024-12-10T21:39:33.2160000Z,851710fe-0e1d-4a72-aedf-f34f032442c1,WPI6_1733866534x70k0,Successful,0,Real,Windows 10,970,1498,Eastern Standard Time,"ANGLE (Intel, Intel(R) UHD Graphics (0x00009BC4) Direct3D11 vs_5_0 ps_5_0, D3D11)",0,17,10,1,128,1.22.33,0,Chrome 131,3,2,2,-1,6,120.166183,93.19277,DEFAULT,1,N/A,2024-12-10T21:39:33.2160000Z,N/A,N/A
532,2024-12-10T22:11:30.0240000Z,851710fe-0e1d-4a72-aedf-f34f032442c1,WPI6_y173o3868476910,Successful,0,Real,Windows 10,799,1198,Eastern Standard Time,"ANGLE (NVIDIA, NVIDIA GeForce RTX 3070 Laptop GPU (0x0000249D) Direct3D11 vs_5_0 ps_5_0, D3D11)",0,17,10,1,128,1.22.33,0,Chrome 131,3,12,12,-1,0,121.932266,62.60829,DEFAULT,1,N/A,2024-12-10T22:11:30.0240000Z,N/A,N/A
533,2024-12-10T22:11:30.0240000Z,851710fe-0e1d-4a72-aedf-f34f032442c1,WPI6_y173o3868476910,Successful,0,Real,Windows 10,799,1198,Eastern Standard Time,"ANGLE (NVIDIA, NVIDIA GeForce RTX 3070 Laptop GPU (0x0000249D) Direct3D11 vs_5_0 ps_5_0, D3D11)",0,17,10,1,128,1.22.33,0,Chrome 131,3,29,29,-1,1,120.935921,61.9327278,DEFAULT,1,N/A,2024-12-10T22:11:30.0240000Z,N/A,N/A
534,2024-12-10T22:11:30.0240000Z,851710fe-0e1d-4a72-aedf-f34f032442c1,WPI6_y173o3868476910,Successful,0,Real,Windows 10,799,1198,Eastern Standard Time,"ANGLE (NVIDIA, NVIDIA GeForce RTX 3070 Laptop GPU (0x0000249D) Direct3D11 vs_5_0 ps_5_0, D3D11)",0,17,10,1,128,1.22.33,0,Chrome 131,3,16,16,-1,2,121.283379,80.3419647,DEFAULT,1,N/A,2024-12-10T22:11:30.0240000Z,N/A,N/A
535,2024-12-10T22:11:30.0240000Z,851710fe-0e1d-4a72-aedf-f34f032442c1,WPI6_y173o3868476910,Successful,0,Real,Windows 10,799,1198,Eastern Standard Time,"ANGLE (NVIDIA, NVIDIA GeForce RTX 3070 Laptop GPU (0x0000249D) Direct3D11 vs_5_0 ps_5_0, D3D11)",0,17,10,1,128,1.22.33,0,Chrome 131,3,5,5,-1,3,120.951973,70.5891342,DEFAULT,1,N/A,2024-12-10T22:11:30.0240000Z,N/A,N/A
536,2024-12-10T22:11:30.0240000Z,851710fe-0e1d-4a72-aedf-f34f032442c1,WPI6_y173o3868476910,Successful,0,Real,Windows 10,799,1198,Eastern Standard Time,"ANGLE (NVIDIA, NVIDIA GeForce RTX 3070 Laptop GPU (0x0000249D) Direct3D11 vs_5_0 ps_5_0, D3D11)",0,17,10,1,128,1.22.33,0,Chrome 131,3,-1,-1,-1,4,120.757652,66.57718,DEFAULT,1,N/A,2024-12-10T22:11:30.0240000Z,N/A,N/A
537,2024-12-10T22:11:30.0240000Z,851710fe-0e1d-4a72-aedf-f34f032442c1,WPI6_y173o3868476910,Successful,0,Real,Windows 10,799,1198,Eastern Standard Time,"ANGLE (NVIDIA, NVIDIA GeForce RTX 3070 Laptop GPU (0x0000249D) Direct3D11 vs_5_0 ps_5_0, D3D11)",0,17,10,1,128,1.22.33,0,Chrome 131,3,2,2,-1,5,120.392815,73.856575,DEFAULT,1,N/A,2024-12-10T22:11:30.0240000Z,N/A,N/A
538,2024-12-10T22:11:30.0240000Z,851710fe-0e1d-4a72-aedf-f34f032442c1,WPI6_y173o3868476910,Successful,0,Real,Windows 10,799,1198,Eastern Standard Time,"ANGLE (NVIDIA, NVIDIA GeForce RTX 3070 Laptop GPU (0x0000249D) Direct3D11 vs_5_0 ps_5_0, D3D11)",0,17,10,1,128,1.22.33,0,Chrome 131,3,26,26,-1,6,121.867126,65.57115,DEFAULT,1,N/A,2024-12-10T22:11:30.0240000Z,N/A,N/A
539,2024-12-10T22:53:37.1410000Z,851710fe-0e1d-4a72-aedf-f34f032442c1,WPI6_17338709n4643h7,Successful,0,Real,Windows 10,1738,2995,Eastern Standard Time,"ANGLE (Intel, Intel(R) UHD Graphics (0x00009BC4) Direct3D11 vs_5_0 ps_5_0, D3D11)",0,17,10,1,128,1.22.33,0,Chrome 131,3,12,12,-1,0,49.8896446,231.154541,DEFAULT,1,N/A,2024-12-10T22:53:37.1410000Z,N/A,N/A
540,2024-12-10T22:53:37.1410000Z,851710fe-0e1d-4a72-aedf-f34f032442c1,WPI6_17338709n4643h7,Successful,0,Real,Windows 10,1738,2995,Eastern Standard Time,"ANGLE (Intel, Intel(R) UHD Graphics (0x00009BC4) Direct3D11 vs_5_0 ps_5_0, D3D11)",0,17,10,1,128,1.22.33,0,Chrome 131,3,45,45,-1,1,49.2527733,300.570465,DEFAULT,1,N/A,2024-12-10T22:53:37.1410000Z,N/A,N/A
541,2024-12-10T22:53:37.1410000Z,851710fe-0e1d-4a72-aedf-f34f032442c1,WPI6_17338709n4643h7,Successful,0,Real,Windows 10,1738,2995,Eastern Standard Time,"ANGLE (Intel, Intel(R) UHD Graphics (0x00009BC4) Direct3D11 vs_5_0 ps_5_0, D3D11)",0,17,10,1,128,1.22.33,0,Chrome 131,3,3,3,-1,2,49.6749649,292.3623,DEFAULT,1,N/A,2024-12-10T22:53:37.1410000Z,N/A,N/A
542,2024-12-10T22:53:37.1410000Z,851710fe-0e1d-4a72-aedf-f34f032442c1,WPI6_17338709n4643h7,Successful,0,Real,Windows 10,1738,2995,Eastern Standard Time,"ANGLE (Intel, Intel(R) UHD Graphics (0x00009BC4) Direct3D11 vs_5_0 ps_5_0, D3D11)",0,17,10,1,128,1.22.33,0,Chrome 131,3,26,26,-1,3,48.0907364,224.1407,DEFAULT,1,N/A,2024-12-10T22:53:37.1410000Z,N/A,N/A
543,2024-12-10T22:53:37.1410000Z,851710fe-0e1d-4a72-aedf-f34f032442c1,WPI6_17338709n4643h7,Successful,0,Real,Windows 10,1738,2995,Eastern Standard Time,"ANGLE (Intel, Intel(R) UHD Graphics (0x00009BC4) Direct3D11 vs_5_0 ps_5_0, D3D11)",0,17,10,1,128,1.22.33,0,Chrome 131,3,-1,-1,-1,4,45.04574,231.74353,DEFAULT,1,N/A,2024-12-10T22:53:37.1410000Z,N/A,N/A
544,2024-12-10T22:53:37.1410000Z,851710fe-0e1d-4a72-aedf-f34f032442c1,WPI6_17338709n4643h7,Successful,0,Real,Windows 10,1738,2995,Eastern Standard Time,"ANGLE (Intel, Intel(R) UHD Graphics (0x00009BC4) Direct3D11 vs_5_0 ps_5_0, D3D11)",0,17,10,1,128,1.22.33,0,Chrome 131,3,8,8,-1,5,49.62543,392.965729,DEFAULT,1,N/A,2024-12-10T22:53:37.1410000Z,N/A,N/A
545,2024-12-10T22:53:37.1410000Z,851710fe-0e1d-4a72-aedf-f34f032442c1,WPI6_17338709n4643h7,Successful,0,Real,Windows 10,1738,2995,Eastern Standard Time,"ANGLE (Intel, Intel(R) UHD Graphics (0x00009BC4) Direct3D11 vs_5_0 ps_5_0, D3D11)",0,17,10,1,128,1.22.33,0,Chrome 131,3,73,73,-1,6,46.78947,298.0238,DEFAULT,1,N/A,2024-12-10T22:53:37.1410000Z,N/A,N/A
546,2024-12-11T01:20:30.1590000Z,851710fe-0e1d-4a72-aedf-f34f032442c1,WPI6_o1d733879690572,Successful,0,Real,Windows 10,1199,1797,Eastern Standard Time,"ANGLE (Intel, Intel(R) UHD Graphics (0x0000A7A8) Direct3D11 vs_5_0 ps_5_0, D3D11)",0,17,10,1,128,1.22.33,0,Chrome 131,3,12,12,-1,0,107.177376,123.170265,DEFAULT,1,N/A,2024-12-11T01:20:30.1590000Z,N/A,N/A
547,2024-12-11T01:20:30.1590000Z,851710fe-0e1d-4a72-aedf-f34f032442c1,WPI6_o1d733879690572,Successful,0,Real,Windows 10,1199,1797,Eastern Standard Time,"ANGLE (Intel, Intel(R) UHD Graphics (0x0000A7A8) Direct3D11 vs_5_0 ps_5_0, D3D11)",0,17,10,1,128,1.22.33,0,Chrome 131,3,-1,-1,-1,1,106.266525,105.168007,DEFAULT,1,N/A,2024-12-11T01:20:30.1590000Z,N/A,N/A
548,2024-12-11T01:20:30.1590000Z,851710fe-0e1d-4a72-aedf-f34f032442c1,WPI6_o1d733879690572,Successful,0,Real,Windows 10,1199,1797,Eastern Standard Time,"ANGLE (Intel, Intel(R) UHD Graphics (0x0000A7A8) Direct3D11 vs_5_0 ps_5_0, D3D11)",0,17,10,1,128,1.22.33,0,Chrome 131,3,42,42,-1,2,106.540459,88.465004,DEFAULT,1,N/A,2024-12-11T01:20:30.1590000Z,N/A,N/A
549,2024-12-11T01:20:30.1590000Z,851710fe-0e1d-4a72-aedf-f34f032442c1,WPI6_o1d733879690572,Successful,0,Real,Windows 10,1199,1797,Eastern Standard Time,"ANGLE (Intel, Intel(R) UHD Graphics (0x0000A7A8) Direct3D11 vs_5_0 ps_5_0, D3D11)",0,17,10,1,128,1.22.33,0,Chrome 131,3,74,74,-1,3,105.211838,71.87203,DEFAULT,1,N/A,2024-12-11T01:20:30.1590000Z,N/A,N/A
550,2024-12-11T01:20:30.1590000Z,851710fe-0e1d-4a72-aedf-f34f032442c1,WPI6_o1d733879690572,Successful,0,Real,Windows 10,1199,1797,Eastern Standard Time,"ANGLE (Intel, Intel(R) UHD Graphics (0x0000A7A8) Direct3D11 vs_5_0 ps_5_0, D3D11)",0,17,10,1,128,1.22.33,0,Chrome 131,3,2,2,-1,4,103.882263,105.306534,DEFAULT,1,N/A,2024-12-11T01:20:30.1590000Z,N/A,N/A
551,2024-12-11T01:20:30.1590000Z,851710fe-0e1d-4a72-aedf-f34f032442c1,WPI6_o1d733879690572,Successful,0,Real,Windows 10,1199,1797,Eastern Standard Time,"ANGLE (Intel, Intel(R) UHD Graphics (0x0000A7A8) Direct3D11 vs_5_0 ps_5_0, D3D11)",0,17,10,1,128,1.22.33,0,Chrome 131,3,7,7,-1,5,103.702766,162.900436,DEFAULT,1,N/A,2024-12-11T01:20:30.1590000Z,N/A,N/A
552,2024-12-11T01:20:30.1590000Z,851710fe-0e1d-4a72-aedf-f34f032442c1,WPI6_o1d733879690572,Successful,0,Real,Windows 10,1199,1797,Eastern Standard Time,"ANGLE (Intel, Intel(R) UHD Graphics (0x0000A7A8) Direct3D11 vs_5_0 ps_5_0, D3D11)",0,17,10,1,128,1.22.33,0,Chrome 131,3,8,8,-1,6,106.728325,146.773529,DEFAULT,1,N/A,2024-12-11T01:20:30.1590000Z,N/A,N/A
553,2024-12-11T01:22:52.4780000Z,851710fe-0e1d-4a72-aedf-f34f032442c1,WPI6_z17l33879987190,Successful,0,Real,Mac OS X 10_15_7,1448,2396,Eastern Standard Time,Apple GPU,0,17,10,1,128,1.22.33,0,Safari 17.2,3,12,12,-1,0,122.9112,158.665421,DEFAULT,1,N/A,2024-12-11T01:22:52.4780000Z,N/A,N/A
554,2024-12-11T01:22:52.4780000Z,851710fe-0e1d-4a72-aedf-f34f032442c1,WPI6_z17l33879987190,Successful,0,Real,Mac OS X 10_15_7,1448,2396,Eastern Standard Time,Apple GPU,0,17,10,1,128,1.22.33,0,Safari 17.2,3,2,2,-1,1,125.219017,126.976471,DEFAULT,1,N/A,2024-12-11T01:22:52.4780000Z,N/A,N/A
555,2024-12-11T01:22:52.4780000Z,851710fe-0e1d-4a72-aedf-f34f032442c1,WPI6_z17l33879987190,Successful,0,Real,Mac OS X 10_15_7,1448,2396,Eastern Standard Time,Apple GPU,0,17,10,1,128,1.22.33,0,Safari 17.2,3,7,7,-1,2,124.240349,75.3011856,DEFAULT,1,N/A,2024-12-11T01:22:52.4780000Z,N/A,N/A
556,2024-12-11T01:22:52.4780000Z,851710fe-0e1d-4a72-aedf-f34f032442c1,WPI6_z17l33879987190,Successful,0,Real,Mac OS X 10_15_7,1448,2396,Eastern Standard Time,Apple GPU,0,17,10,1,128,1.22.33,0,Safari 17.2,3,35,36,-1,3,123.463089,126.215538,DEFAULT,0,N/A,2024-12-11T01:22:52.4780000Z,N/A,N/A
557,2024-12-11T01:22:52.4780000Z,851710fe-0e1d-4a72-aedf-f34f032442c1,WPI6_z17l33879987190,Successful,0,Real,Mac OS X 10_15_7,1448,2396,Eastern Standard Time,Apple GPU,0,17,10,1,128,1.22.33,0,Safari 17.2,3,3,3,-1,4,122.6271,108.402359,DEFAULT,1,N/A,2024-12-11T01:22:52.4780000Z,N/A,N/A
558,2024-12-11T01:22:52.4780000Z,851710fe-0e1d-4a72-aedf-f34f032442c1,WPI6_z17l33879987190,Successful,0,Real,Mac OS X 10_15_7,1448,2396,Eastern Standard Time,Apple GPU,0,17,10,1,128,1.22.33,0,Safari 17.2,3,-1,-1,-1,5,125.159668,107.896545,DEFAULT,1,N/A,2024-12-11T01:22:52.4780000Z,N/A,N/A
559,2024-12-11T01:22:52.4780000Z,851710fe-0e1d-4a72-aedf-f34f032442c1,WPI6_z17l33879987190,Successful,0,Real,Mac OS X 10_15_7,1448,2396,Eastern Standard Time,Apple GPU,0,17,10,1,128,1.22.33,0,Safari 17.2,3,57,57,-1,6,123.711578,79.79506,DEFAULT,1,N/A,2024-12-11T01:22:52.4780000Z,N/A,N/A
560,2024-12-11T01:40:18.4920000Z,851710fe-0e1d-4a72-aedf-f34f032442c1,WPI6_17338t8102032o8,Successful,0,Real,Mac OS X 10_15_7,1598,2396,Eastern Standard Time,"ANGLE (Apple, ANGLE Metal Renderer: Apple M1 Pro, Unspecified Version)",0,17,10,1,128,1.22.33,0,Chrome 131,3,12,12,-1,0,120.280869,28.7576923,DEFAULT,1,N/A,2024-12-11T01:40:18.4920000Z,N/A,N/A
561,2024-12-11T01:40:18.4920000Z,851710fe-0e1d-4a72-aedf-f34f032442c1,WPI6_17338t8102032o8,Successful,0,Real,Mac OS X 10_15_7,1598,2396,Eastern Standard Time,"ANGLE (Apple, ANGLE Metal Renderer: Apple M1 Pro, Unspecified Version)",0,17,10,1,128,1.22.33,0,Chrome 131,3,6,6,-1,1,118.94693,48.285862,DEFAULT,1,N/A,2024-12-11T01:40:18.4920000Z,N/A,N/A
562,2024-12-11T01:40:18.4920000Z,851710fe-0e1d-4a72-aedf-f34f032442c1,WPI6_17338t8102032o8,Successful,0,Real,Mac OS X 10_15_7,1598,2396,Eastern Standard Time,"ANGLE (Apple, ANGLE Metal Renderer: Apple M1 Pro, Unspecified Version)",0,17,10,1,128,1.22.33,0,Chrome 131,3,16,16,-1,2,118.483612,60.6763229,DEFAULT,1,N/A,2024-12-11T01:40:18.4920000Z,N/A,N/A
563,2024-12-11T01:40:18.4920000Z,851710fe-0e1d-4a72-aedf-f34f032442c1,WPI6_17338t8102032o8,Successful,0,Real,Mac OS X 10_15_7,1598,2396,Eastern Standard Time,"ANGLE (Apple, ANGLE Metal Renderer: Apple M1 Pro, Unspecified Version)",0,17,10,1,128,1.22.33,0,Chrome 131,3,35,35,-1,3,118.531059,61.275322,DEFAULT,1,N/A,2024-12-11T01:40:18.4920000Z,N/A,N/A
564,2024-12-11T01:40:18.4920000Z,851710fe-0e1d-4a72-aedf-f34f032442c1,WPI6_17338t8102032o8,Successful,0,Real,Mac OS X 10_15_7,1598,2396,Eastern Standard Time,"ANGLE (Apple, ANGLE Metal Renderer: Apple M1 Pro, Unspecified Version)",0,17,10,1,128,1.22.33,0,Chrome 131,3,2,2,-1,4,119.46698,35.0508957,DEFAULT,1,N/A,2024-12-11T01:40:18.4920000Z,N/A,N/A
565,2024-12-11T01:40:18.4920000Z,851710fe-0e1d-4a72-aedf-f34f032442c1,WPI6_17338t8102032o8,Successful,0,Real,Mac OS X 10_15_7,1598,2396,Eastern Standard Time,"ANGLE (Apple, ANGLE Metal Renderer: Apple M1 Pro, Unspecified Version)",0,17,10,1,128,1.22.33,0,Chrome 131,3,-1,-1,-1,5,118.774216,61.10524,DEFAULT,1,N/A,2024-12-11T01:40:18.4920000Z,N/A,N/A
566,2024-12-11T01:40:18.4920000Z,851710fe-0e1d-4a72-aedf-f34f032442c1,WPI6_17338t8102032o8,Successful,0,Real,Mac OS X 10_15_7,1598,2396,Eastern Standard Time,"ANGLE (Apple, ANGLE Metal Renderer: Apple M1 Pro, Unspecified Version)",0,17,10,1,128,1.22.33,0,Chrome 131,3,5,5,-1,6,118.826477,84.88808,DEFAULT,1,N/A,2024-12-11T01:40:18.4920000Z,N/A,N/A
567,2024-12-11T02:06:32.1260000Z,851710fe-0e1d-4a72-aedf-f34f032442c1,WPI6_17338825v5e9228,Successful,0,Real,Windows 10,1199,1797,Eastern Standard Time,"ANGLE (Intel, Intel(R) UHD Graphics (0x0000A7A8) Direct3D11 vs_5_0 ps_5_0, D3D11)",0,17,10,1,128,1.22.33,0,Chrome 131,3,12,12,-1,0,94.49171,96.58772,DEFAULT,1,N/A,2024-12-11T02:06:32.1260000Z,N/A,N/A
568,2024-12-11T02:06:32.1260000Z,851710fe-0e1d-4a72-aedf-f34f032442c1,WPI6_17338825v5e9228,Successful,0,Real,Windows 10,1199,1797,Eastern Standard Time,"ANGLE (Intel, Intel(R) UHD Graphics (0x0000A7A8) Direct3D11 vs_5_0 ps_5_0, D3D11)",0,17,10,1,128,1.22.33,0,Chrome 131,3,57,57,-1,1,93.8534546,48.998394,DEFAULT,1,N/A,2024-12-11T02:06:32.1260000Z,N/A,N/A
569,2024-12-11T02:06:32.1260000Z,851710fe-0e1d-4a72-aedf-f34f032442c1,WPI6_17338825v5e9228,Successful,0,Real,Windows 10,1199,1797,Eastern Standard Time,"ANGLE (Intel, Intel(R) UHD Graphics (0x0000A7A8) Direct3D11 vs_5_0 ps_5_0, D3D11)",0,17,10,1,128,1.22.33,0,Chrome 131,3,3,3,-1,2,96.70219,86.11354,DEFAULT,1,N/A,2024-12-11T02:06:32.1260000Z,N/A,N/A
570,2024-12-11T02:06:32.1260000Z,851710fe-0e1d-4a72-aedf-f34f032442c1,WPI6_17338825v5e9228,Successful,0,Real,Windows 10,1199,1797,Eastern Standard Time,"ANGLE (Intel, Intel(R) UHD Graphics (0x0000A7A8) Direct3D11 vs_5_0 ps_5_0, D3D11)",0,17,10,1,128,1.22.33,0,Chrome 131,3,42,42,-1,3,96.70926,75.93438,DEFAULT,1,N/A,2024-12-11T02:06:32.1260000Z,N/A,N/A
571,2024-12-11T02:06:32.1260000Z,851710fe-0e1d-4a72-aedf-f34f032442c1,WPI6_17338825v5e9228,Successful,0,Real,Windows 10,1199,1797,Eastern Standard Time,"ANGLE (Intel, Intel(R) UHD Graphics (0x0000A7A8) Direct3D11 vs_5_0 ps_5_0, D3D11)",0,17,10,1,128,1.22.33,0,Chrome 131,3,-1,-1,-1,4,96.83388,77.40655,DEFAULT,1,N/A,2024-12-11T02:06:32.1260000Z,N/A,N/A
572,2024-12-11T02:06:32.1260000Z,851710fe-0e1d-4a72-aedf-f34f032442c1,WPI6_17338825v5e9228,Successful,0,Real,Windows 10,1199,1797,Eastern Standard Time,"ANGLE (Intel, Intel(R) UHD Graphics (0x0000A7A8) Direct3D11 vs_5_0 ps_5_0, D3D11)",0,17,10,1,128,1.22.33,0,Chrome 131,3,5,5,-1,5,92.58397,56.4164734,DEFAULT,1,N/A,2024-12-11T02:06:32.1260000Z,N/A,N/A
573,2024-12-11T02:06:32.1260000Z,851710fe-0e1d-4a72-aedf-f34f032442c1,WPI6_17338825v5e9228,Successful,0,Real,Windows 10,1199,1797,Eastern Standard Time,"ANGLE (Intel, Intel(R) UHD Graphics (0x0000A7A8) Direct3D11 vs_5_0 ps_5_0, D3D11)",0,17,10,1,128,1.22.33,0,Chrome 131,3,97,97,-1,6,94.9562759,63.0539665,DEFAULT,1,N/A,2024-12-11T02:06:32.1260000Z,N/A,N/A
574,2024-12-11T07:01:51.3410000Z,851710fe-0e1d-4a72-aedf-f34f032442c1,WPI6_173388493v28x43,Successful,0,Real,Mac OS X 10_15_7,1598,2396,Eastern Standard Time,"ANGLE (Apple, ANGLE Metal Renderer: Apple M2 Pro, Unspecified Version)",0,17,10,1,128,1.22.33,0,Chrome 129,3,12,12,-1,0,120.764252,110.552139,DEFAULT,1,N/A,2024-12-11T07:01:51.3410000Z,N/A,N/A
575,2024-12-11T07:01:51.3410000Z,851710fe-0e1d-4a72-aedf-f34f032442c1,WPI6_173388493v28x43,Successful,0,Real,Mac OS X 10_15_7,1598,2396,Eastern Standard Time,"ANGLE (Apple, ANGLE Metal Renderer: Apple M2 Pro, Unspecified Version)",0,17,10,1,128,1.22.33,0,Chrome 129,3,5,5,-1,1,120.679504,81.11827,DEFAULT,1,N/A,2024-12-11T07:01:51.3410000Z,N/A,N/A
576,2024-12-11T07:01:51.3410000Z,851710fe-0e1d-4a72-aedf-f34f032442c1,WPI6_173388493v28x43,Successful,0,Real,Mac OS X 10_15_7,1598,2396,Eastern Standard Time,"ANGLE (Apple, ANGLE Metal Renderer: Apple M2 Pro, Unspecified Version)",0,17,10,1,128,1.22.33,0,Chrome 129,3,-1,-1,-1,2,121.306267,121.3462,DEFAULT,1,N/A,2024-12-11T07:01:51.3410000Z,N/A,N/A
577,2024-12-11T07:01:51.3410000Z,851710fe-0e1d-4a72-aedf-f34f032442c1,WPI6_173388493v28x43,Successful,0,Real,Mac OS X 10_15_7,1598,2396,Eastern Standard Time,"ANGLE (Apple, ANGLE Metal Renderer: Apple M2 Pro, Unspecified Version)",0,17,10,1,128,1.22.33,0,Chrome 129,3,45,45,-1,3,120.480446,98.91775,DEFAULT,1,N/A,2024-12-11T07:01:51.3410000Z,N/A,N/A
578,2024-12-11T07:01:51.3410000Z,851710fe-0e1d-4a72-aedf-f34f032442c1,WPI6_173388493v28x43,Successful,0,Real,Mac OS X 10_15_7,1598,2396,Eastern Standard Time,"ANGLE (Apple, ANGLE Metal Renderer: Apple M2 Pro, Unspecified Version)",0,17,10,1,128,1.22.33,0,Chrome 129,3,8,8,-1,4,120.483673,123.525024,DEFAULT,1,N/A,2024-12-11T07:01:51.3410000Z,N/A,N/A
579,2024-12-11T07:01:51.3410000Z,851710fe-0e1d-4a72-aedf-f34f032442c1,WPI6_173388493v28x43,Successful,0,Real,Mac OS X 10_15_7,1598,2396,Eastern Standard Time,"ANGLE (Apple, ANGLE Metal Renderer: Apple M2 Pro, Unspecified Version)",0,17,10,1,128,1.22.33,0,Chrome 129,3,42,42,-1,5,121.2316,120.963028,DEFAULT,1,N/A,2024-12-11T07:01:51.3410000Z,N/A,N/A
580,2024-12-11T07:01:51.3410000Z,851710fe-0e1d-4a72-aedf-f34f032442c1,WPI6_173388493v28x43,Successful,0,Real,Mac OS X 10_15_7,1598,2396,Eastern Standard Time,"ANGLE (Apple, ANGLE Metal Renderer: Apple M2 Pro, Unspecified Version)",0,17,10,1,128,1.22.33,0,Chrome 129,3,3,3,-1,6,121.0718,87.2095642,DEFAULT,1,N/A,2024-12-11T07:01:51.3410000Z,N/A,N/A
581,2024-12-11T16:27:05.5080000Z,851710fe-0e1d-4a72-aedf-f34f032442c1,WPI6_17f339q34159746,Successful,0,Real,Windows 10,1398,2097,Eastern Standard Time,"ANGLE (Intel, Intel(R) Iris(R) Xe Graphics (0x0000A7A0) Direct3D11 vs_5_0 ps_5_0, D3D11)",0,17,10,1,128,1.22.33,0,Chrome 131,3,12,12,-1,0,64.3735352,129.618469,DEFAULT,1,N/A,2024-12-11T16:27:05.5080000Z,N/A,N/A
582,2024-12-11T16:27:05.5080000Z,851710fe-0e1d-4a72-aedf-f34f032442c1,WPI6_17f339q34159746,Successful,0,Real,Windows 10,1398,2097,Eastern Standard Time,"ANGLE (Intel, Intel(R) Iris(R) Xe Graphics (0x0000A7A0) Direct3D11 vs_5_0 ps_5_0, D3D11)",0,17,10,1,128,1.22.33,0,Chrome 131,3,26,26,-1,1,63.4827766,80.73401,DEFAULT,1,N/A,2024-12-11T16:27:05.5080000Z,N/A,N/A
583,2024-12-11T16:27:05.5080000Z,851710fe-0e1d-4a72-aedf-f34f032442c1,WPI6_17f339q34159746,Successful,0,Real,Windows 10,1398,2097,Eastern Standard Time,"ANGLE (Intel, Intel(R) Iris(R) Xe Graphics (0x0000A7A0) Direct3D11 vs_5_0 ps_5_0, D3D11)",0,17,10,1,128,1.22.33,0,Chrome 131,3,57,57,-1,2,63.28097,62.18232,DEFAULT,1,N/A,2024-12-11T16:27:05.5080000Z,N/A,N/A
584,2024-12-11T16:27:05.5080000Z,851710fe-0e1d-4a72-aedf-f34f032442c1,WPI6_17f339q34159746,Successful,0,Real,Windows 10,1398,2097,Eastern Standard Time,"ANGLE (Intel, Intel(R) Iris(R) Xe Graphics (0x0000A7A0) Direct3D11 vs_5_0 ps_5_0, D3D11)",0,17,10,1,128,1.22.33,0,Chrome 131,3,-1,-1,-1,3,66.14808,152.981827,DEFAULT,1,N/A,2024-12-11T16:27:05.5080000Z,N/A,N/A
585,2024-12-11T16:27:05.5080000Z,851710fe-0e1d-4a72-aedf-f34f032442c1,WPI6_17f339q34159746,Successful,0,Real,Windows 10,1398,2097,Eastern Standard Time,"ANGLE (Intel, Intel(R) Iris(R) Xe Graphics (0x0000A7A0) Direct3D11 vs_5_0 ps_5_0, D3D11)",0,17,10,1,128,1.22.33,0,Chrome 131,3,97,97,-1,4,63.66403,88.1192856,DEFAULT,1,N/A,2024-12-11T16:27:05.5080000Z,N/A,N/A
586,2024-12-11T16:27:05.5080000Z,851710fe-0e1d-4a72-aedf-f34f032442c1,WPI6_17f339q34159746,Successful,0,Real,Windows 10,1398,2097,Eastern Standard Time,"ANGLE (Intel, Intel(R) Iris(R) Xe Graphics (0x0000A7A0) Direct3D11 vs_5_0 ps_5_0, D3D11)",0,17,10,1,128,1.22.33,0,Chrome 131,3,5,5,-1,5,62.023365,44.6348457,DEFAULT,1,N/A,2024-12-11T16:27:05.5080000Z,N/A,N/A
587,2024-12-11T16:27:05.5080000Z,851710fe-0e1d-4a72-aedf-f34f032442c1,WPI6_17f339q34159746,Successful,0,Real,Windows 10,1398,2097,Eastern Standard Time,"ANGLE (Intel, Intel(R) Iris(R) Xe Graphics (0x0000A7A0) Direct3D11 vs_5_0 ps_5_0, D3D11)",0,17,10,1,128,1.22.33,0,Chrome 131,3,7,7,-1,6,65.44797,96.81691000000001,DEFAULT,1,N/A,2024-12-11T16:27:05.5080000Z,N/A,N/A
588,2024-12-11T20:21:44.2740000Z,851710fe-0e1d-4a72-aedf-f34f032442c1,WPI6_1l7339482913t05,Successful,0,Real,Windows 10,913,1498,Eastern Standard Time,"ANGLE (Intel, Intel(R) Iris(R) Xe Graphics (0x000046A6) Direct3D11 vs_5_0 ps_5_0, D3D11)",0,17,10,1,128,1.22.33,0,Chrome 131,3,12,12,-1,0,121.104,64.425,DEFAULT,1,N/A,2024-12-11T20:21:44.2740000Z,N/A,N/A
589,2024-12-11T20:21:44.2740000Z,851710fe-0e1d-4a72-aedf-f34f032442c1,WPI6_1l7339482913t05,Successful,0,Real,Windows 10,913,1498,Eastern Standard Time,"ANGLE (Intel, Intel(R) Iris(R) Xe Graphics (0x000046A6) Direct3D11 vs_5_0 ps_5_0, D3D11)",0,17,10,1,128,1.22.33,0,Chrome 131,3,15,15,-1,1,121.468193,74.91172,DEFAULT,1,N/A,2024-12-11T20:21:44.2740000Z,N/A,N/A
590,2024-12-11T20:21:44.2740000Z,851710fe-0e1d-4a72-aedf-f34f032442c1,WPI6_1l7339482913t05,Successful,0,Real,Windows 10,913,1498,Eastern Standard Time,"ANGLE (Intel, Intel(R) Iris(R) Xe Graphics (0x000046A6) Direct3D11 vs_5_0 ps_5_0, D3D11)",0,17,10,1,128,1.22.33,0,Chrome 131,3,29,29,-1,2,121.317352,80.6863251,DEFAULT,1,N/A,2024-12-11T20:21:44.2740000Z,N/A,N/A
591,2024-12-11T20:21:44.2740000Z,851710fe-0e1d-4a72-aedf-f34f032442c1,WPI6_1l7339482913t05,Successful,0,Real,Windows 10,913,1498,Eastern Standard Time,"ANGLE (Intel, Intel(R) Iris(R) Xe Graphics (0x000046A6) Direct3D11 vs_5_0 ps_5_0, D3D11)",0,17,10,1,128,1.22.33,0,Chrome 131,3,5,5,-1,3,119.169128,63.3540154,DEFAULT,1,N/A,2024-12-11T20:21:44.2740000Z,N/A,N/A
592,2024-12-11T20:21:44.2740000Z,851710fe-0e1d-4a72-aedf-f34f032442c1,WPI6_1l7339482913t05,Successful,0,Real,Windows 10,913,1498,Eastern Standard Time,"ANGLE (Intel, Intel(R) Iris(R) Xe Graphics (0x000046A6) Direct3D11 vs_5_0 ps_5_0, D3D11)",0,17,10,1,128,1.22.33,0,Chrome 131,3,45,45,-1,4,121.311958,64.63922,DEFAULT,1,N/A,2024-12-11T20:21:44.2740000Z,N/A,N/A
593,2024-12-11T20:21:44.2740000Z,851710fe-0e1d-4a72-aedf-f34f032442c1,WPI6_1l7339482913t05,Successful,0,Real,Windows 10,913,1498,Eastern Standard Time,"ANGLE (Intel, Intel(R) Iris(R) Xe Graphics (0x000046A6) Direct3D11 vs_5_0 ps_5_0, D3D11)",0,17,10,1,128,1.22.33,0,Chrome 131,3,42,42,-1,5,120.848991,61.8072929,DEFAULT,1,N/A,2024-12-11T20:21:44.2740000Z,N/A,N/A
594,2024-12-11T20:21:44.2740000Z,851710fe-0e1d-4a72-aedf-f34f032442c1,WPI6_1l7339482913t05,Successful,0,Real,Windows 10,913,1498,Eastern Standard Time,"ANGLE (Intel, Intel(R) Iris(R) Xe Graphics (0x000046A6) Direct3D11 vs_5_0 ps_5_0, D3D11)",0,17,10,1,128,1.22.33,0,Chrome 131,3,-1,-1,-1,6,121.057671,83.92013,DEFAULT,1,N/A,2024-12-11T20:21:44.2740000Z,N/A,N/A
595,2024-12-11T22:14:28.8160000Z,851710fe-0e1d-4a72-aedf-f34f032442c1,WPI6_1v733i955008467,Successful,0,Real,Windows 10,799,1198,Eastern Standard Time,"ANGLE (AMD, AMD Radeon(TM) Graphics (0x00001681) Direct3D11 vs_5_0 ps_5_0, D3D11)",0,17,10,1,128,1.22.33,0,Chrome 131,3,12,12,-1,0,122.478386,51.2944031,DEFAULT,1,N/A,2024-12-11T22:14:28.8160000Z,N/A,N/A
596,2024-12-11T22:14:28.8160000Z,851710fe-0e1d-4a72-aedf-f34f032442c1,WPI6_1v733i955008467,Successful,0,Real,Windows 10,799,1198,Eastern Standard Time,"ANGLE (AMD, AMD Radeon(TM) Graphics (0x00001681) Direct3D11 vs_5_0 ps_5_0, D3D11)",0,17,10,1,128,1.22.33,0,Chrome 131,3,29,29,-1,1,122.404617,57.76102,DEFAULT,1,N/A,2024-12-11T22:14:28.8160000Z,N/A,N/A
597,2024-12-11T22:14:28.8160000Z,851710fe-0e1d-4a72-aedf-f34f032442c1,WPI6_1v733i955008467,Successful,0,Real,Windows 10,799,1198,Eastern Standard Time,"ANGLE (AMD, AMD Radeon(TM) Graphics (0x00001681) Direct3D11 vs_5_0 ps_5_0, D3D11)",0,17,10,1,128,1.22.33,0,Chrome 131,3,16,16,-1,2,123.180084,63.8998756,DEFAULT,1,N/A,2024-12-11T22:14:28.8160000Z,N/A,N/A
598,2024-12-11T22:14:28.8160000Z,851710fe-0e1d-4a72-aedf-f34f032442c1,WPI6_1v733i955008467,Successful,0,Real,Windows 10,799,1198,Eastern Standard Time,"ANGLE (AMD, AMD Radeon(TM) Graphics (0x00001681) Direct3D11 vs_5_0 ps_5_0, D3D11)",0,17,10,1,128,1.22.33,0,Chrome 131,3,5,5,-1,3,124.036667,67.221756,DEFAULT,1,N/A,2024-12-11T22:14:28.8160000Z,N/A,N/A
599,2024-12-11T22:14:28.8160000Z,851710fe-0e1d-4a72-aedf-f34f032442c1,WPI6_1v733i955008467,Successful,0,Real,Windows 10,799,1198,Eastern Standard Time,"ANGLE (AMD, AMD Radeon(TM) Graphics (0x00001681) Direct3D11 vs_5_0 ps_5_0, D3D11)",0,17,10,1,128,1.22.33,0,Chrome 131,3,-1,-1,-1,4,121.635124,51.4590263,DEFAULT,1,N/A,2024-12-11T22:14:28.8160000Z,N/A,N/A
600,2024-12-11T22:14:28.8160000Z,851710fe-0e1d-4a72-aedf-f34f032442c1,WPI6_1v733i955008467,Successful,0,Real,Windows 10,799,1198,Eastern Standard Time,"ANGLE (AMD, AMD Radeon(TM) Graphics (0x00001681) Direct3D11 vs_5_0 ps_5_0, D3D11)",0,17,10,1,128,1.22.33,0,Chrome 131,3,2,2,-1,5,122.325974,57.60357,DEFAULT,1,N/A,2024-12-11T22:14:28.8160000Z,N/A,N/A
601,2024-12-11T22:14:28.8160000Z,851710fe-0e1d-4a72-aedf-f34f032442c1,WPI6_1v733i955008467,Successful,0,Real,Windows 10,799,1198,Eastern Standard Time,"ANGLE (AMD, AMD Radeon(TM) Graphics (0x00001681) Direct3D11 vs_5_0 ps_5_0, D3D11)",0,17,10,1,128,1.22.33,0,Chrome 131,3,26,26,-1,6,123.485985,66.93791,DEFAULT,1,N/A,2024-12-11T22:14:28.8160000Z,N/A,N/A
602,2024-12-11T22:22:58.6110000Z,851710fe-0e1d-4a72-aedf-f34f032442c1,WPI6_1i7z33955583506,Successful,0,Real,Windows 10,799,1198,Eastern Standard Time,"ANGLE (NVIDIA, NVIDIA GeForce RTX 3080 (0x00002206) Direct3D11 vs_5_0 ps_5_0, D3D11)",0,17,10,1,128,1.22.33,0,Chrome 131,3,12,12,-1,0,121.082748,73.14795,DEFAULT,1,N/A,2024-12-11T22:22:58.6110000Z,N/A,N/A
603,2024-12-11T22:22:58.6110000Z,851710fe-0e1d-4a72-aedf-f34f032442c1,WPI6_1i7z33955583506,Successful,0,Real,Windows 10,799,1198,Eastern Standard Time,"ANGLE (NVIDIA, NVIDIA GeForce RTX 3080 (0x00002206) Direct3D11 vs_5_0 ps_5_0, D3D11)",0,17,10,1,128,1.22.33,0,Chrome 131,3,57,57,-1,1,120.527916,69.37078,DEFAULT,1,N/A,2024-12-11T22:22:58.6110000Z,N/A,N/A
604,2024-12-11T22:22:58.6110000Z,851710fe-0e1d-4a72-aedf-f34f032442c1,WPI6_1i7z33955583506,Successful,0,Real,Windows 10,799,1198,Eastern Standard Time,"ANGLE (NVIDIA, NVIDIA GeForce RTX 3080 (0x00002206) Direct3D11 vs_5_0 ps_5_0, D3D11)",0,17,10,1,128,1.22.33,0,Chrome 131,3,15,15,-1,2,120.80056,55.2193832,DEFAULT,1,N/A,2024-12-11T22:22:58.6110000Z,N/A,N/A
605,2024-12-11T22:22:58.6110000Z,851710fe-0e1d-4a72-aedf-f34f032442c1,WPI6_1i7z33955583506,Successful,0,Real,Windows 10,799,1198,Eastern Standard Time,"ANGLE (NVIDIA, NVIDIA GeForce RTX 3080 (0x00002206) Direct3D11 vs_5_0 ps_5_0, D3D11)",0,17,10,1,128,1.22.33,0,Chrome 131,3,45,45,-1,3,120.552879,64.6213455,DEFAULT,1,N/A,2024-12-11T22:22:58.6110000Z,N/A,N/A
606,2024-12-11T22:22:58.6110000Z,851710fe-0e1d-4a72-aedf-f34f032442c1,WPI6_1i7z33955583506,Successful,0,Real,Windows 10,799,1198,Eastern Standard Time,"ANGLE (NVIDIA, NVIDIA GeForce RTX 3080 (0x00002206) Direct3D11 vs_5_0 ps_5_0, D3D11)",0,17,10,1,128,1.22.33,0,Chrome 131,3,-1,-1,-1,4,119.978226,60.757,DEFAULT,1,N/A,2024-12-11T22:22:58.6110000Z,N/A,N/A
607,2024-12-11T22:22:58.6110000Z,851710fe-0e1d-4a72-aedf-f34f032442c1,WPI6_1i7z33955583506,Successful,0,Real,Windows 10,799,1198,Eastern Standard Time,"ANGLE (NVIDIA, NVIDIA GeForce RTX 3080 (0x00002206) Direct3D11 vs_5_0 ps_5_0, D3D11)",0,17,10,1,128,1.22.33,0,Chrome 131,3,35,35,-1,5,120.89135,67.90228,DEFAULT,1,N/A,2024-12-11T22:22:58.6110000Z,N/A,N/A
608,2024-12-11T22:22:58.6110000Z,851710fe-0e1d-4a72-aedf-f34f032442c1,WPI6_1i7z33955583506,Successful,0,Real,Windows 10,799,1198,Eastern Standard Time,"ANGLE (NVIDIA, NVIDIA GeForce RTX 3080 (0x00002206) Direct3D11 vs_5_0 ps_5_0, D3D11)",0,17,10,1,128,1.22.33,0,Chrome 131,3,5,5,-1,6,119.8613,68.048584,DEFAULT,1,N/A,2024-12-11T22:22:58.6110000Z,N/A,N/A
609,2024-12-12T00:23:30.6160000Z,851710fe-0e1d-4a72-aedf-f34f032442c1,WPI6_1y733962t796929,Successful,0,Real,Windows 10,880,1498,Eastern Standard Time,"ANGLE (AMD, AMD Radeon(TM) Graphics (0x0000164C) Direct3D11 vs_5_0 ps_5_0, D3D11)",0,17,10,1,128,1.22.33,0,Chrome 131,3,12,12,-1,0,121.510582,72.0151749,DEFAULT,1,N/A,2024-12-12T00:23:30.6160000Z,N/A,N/A
610,2024-12-12T00:23:30.6160000Z,851710fe-0e1d-4a72-aedf-f34f032442c1,WPI6_1y733962t796929,Successful,0,Real,Windows 10,880,1498,Eastern Standard Time,"ANGLE (AMD, AMD Radeon(TM) Graphics (0x0000164C) Direct3D11 vs_5_0 ps_5_0, D3D11)",0,17,10,1,128,1.22.33,0,Chrome 131,3,-1,-1,-1,1,121.229248,57.37083,DEFAULT,1,N/A,2024-12-12T00:23:30.6160000Z,N/A,N/A
611,2024-12-12T00:23:30.6160000Z,851710fe-0e1d-4a72-aedf-f34f032442c1,WPI6_1y733962t796929,Successful,0,Real,Windows 10,880,1498,Eastern Standard Time,"ANGLE (AMD, AMD Radeon(TM) Graphics (0x0000164C) Direct3D11 vs_5_0 ps_5_0, D3D11)",0,17,10,1,128,1.22.33,0,Chrome 131,3,3,3,-1,2,120.373016,67.2254944,DEFAULT,1,N/A,2024-12-12T00:23:30.6160000Z,N/A,N/A
612,2024-12-12T00:23:30.6160000Z,851710fe-0e1d-4a72-aedf-f34f032442c1,WPI6_1y733962t796929,Successful,0,Real,Windows 10,880,1498,Eastern Standard Time,"ANGLE (AMD, AMD Radeon(TM) Graphics (0x0000164C) Direct3D11 vs_5_0 ps_5_0, D3D11)",0,17,10,1,128,1.22.33,0,Chrome 131,3,16,16,-1,3,120.968506,74.39398,DEFAULT,1,N/A,2024-12-12T00:23:30.6160000Z,N/A,N/A
613,2024-12-12T00:23:30.6160000Z,851710fe-0e1d-4a72-aedf-f34f032442c1,WPI6_1y733962t796929,Successful,0,Real,Windows 10,880,1498,Eastern Standard Time,"ANGLE (AMD, AMD Radeon(TM) Graphics (0x0000164C) Direct3D11 vs_5_0 ps_5_0, D3D11)",0,17,10,1,128,1.22.33,0,Chrome 131,3,8,8,-1,4,119.87632,76.8717957,DEFAULT,1,N/A,2024-12-12T00:23:30.6160000Z,N/A,N/A
614,2024-12-12T00:23:30.6160000Z,851710fe-0e1d-4a72-aedf-f34f032442c1,WPI6_1y733962t796929,Successful,0,Real,Windows 10,880,1498,Eastern Standard Time,"ANGLE (AMD, AMD Radeon(TM) Graphics (0x0000164C) Direct3D11 vs_5_0 ps_5_0, D3D11)",0,17,10,1,128,1.22.33,0,Chrome 131,3,35,35,-1,5,120.545319,68.32703,DEFAULT,1,N/A,2024-12-12T00:23:30.6160000Z,N/A,N/A
615,2024-12-12T00:23:30.6160000Z,851710fe-0e1d-4a72-aedf-f34f032442c1,WPI6_1y733962t796929,Successful,0,Real,Windows 10,880,1498,Eastern Standard Time,"ANGLE (AMD, AMD Radeon(TM) Graphics (0x0000164C) Direct3D11 vs_5_0 ps_5_0, D3D11)",0,17,10,1,128,1.22.33,0,Chrome 131,3,6,6,-1,6,120.436737,64.95924,DEFAULT,1,N/A,2024-12-12T00:23:30.6160000Z,N/A,N/A
616,2024-12-12T01:05:26.0200000Z,851710fe-0e1d-4a72-aedf-f34f032442c1,WPI6_1i73396523t4991,Successful,0,Real,Windows 10,880,1498,Eastern Standard Time,"ANGLE (Intel, Intel(R) Iris(R) Xe Graphics (0x00009A49) Direct3D11 vs_5_0 ps_5_0, D3D11)",0,17,10,1,128,1.22.33,0,Chrome 130,3,12,12,-1,0,70.05934,396.566345,DEFAULT,1,N/A,2024-12-12T01:05:26.0200000Z,N/A,N/A
617,2024-12-12T01:05:26.0200000Z,851710fe-0e1d-4a72-aedf-f34f032442c1,WPI6_1i73396523t4991,Successful,0,Real,Windows 10,880,1498,Eastern Standard Time,"ANGLE (Intel, Intel(R) Iris(R) Xe Graphics (0x00009A49) Direct3D11 vs_5_0 ps_5_0, D3D11)",0,17,10,1,128,1.22.33,0,Chrome 130,3,-1,-1,-1,1,75.0808258,538.465454,DEFAULT,1,N/A,2024-12-12T01:05:26.0200000Z,N/A,N/A
618,2024-12-12T01:05:26.0200000Z,851710fe-0e1d-4a72-aedf-f34f032442c1,WPI6_1i73396523t4991,Successful,0,Real,Windows 10,880,1498,Eastern Standard Time,"ANGLE (Intel, Intel(R) Iris(R) Xe Graphics (0x00009A49) Direct3D11 vs_5_0 ps_5_0, D3D11)",0,17,10,1,128,1.22.33,0,Chrome 130,3,16,16,-1,2,72.52021,466.885681,DEFAULT,1,N/A,2024-12-12T01:05:26.0200000Z,N/A,N/A
619,2024-12-12T01:05:26.0200000Z,851710fe-0e1d-4a72-aedf-f34f032442c1,WPI6_1i73396523t4991,Successful,0,Real,Windows 10,880,1498,Eastern Standard Time,"ANGLE (Intel, Intel(R) Iris(R) Xe Graphics (0x00009A49) Direct3D11 vs_5_0 ps_5_0, D3D11)",0,17,10,1,128,1.22.33,0,Chrome 130,3,5,5,-1,3,68.43796,362.809967,DEFAULT,1,N/A,2024-12-12T01:05:26.0200000Z,N/A,N/A
620,2024-12-12T01:05:26.0200000Z,851710fe-0e1d-4a72-aedf-f34f032442c1,WPI6_1i73396523t4991,Successful,0,Real,Windows 10,880,1498,Eastern Standard Time,"ANGLE (Intel, Intel(R) Iris(R) Xe Graphics (0x00009A49) Direct3D11 vs_5_0 ps_5_0, D3D11)",0,17,10,1,128,1.22.33,0,Chrome 130,3,57,57,-1,4,68.34643,334.180359,DEFAULT,1,N/A,2024-12-12T01:05:26.0200000Z,N/A,N/A
621,2024-12-12T01:05:26.0200000Z,851710fe-0e1d-4a72-aedf-f34f032442c1,WPI6_1i73396523t4991,Successful,0,Real,Windows 10,880,1498,Eastern Standard Time,"ANGLE (Intel, Intel(R) Iris(R) Xe Graphics (0x00009A49) Direct3D11 vs_5_0 ps_5_0, D3D11)",0,17,10,1,128,1.22.33,0,Chrome 130,3,35,35,-1,5,71.30361,468.5133,DEFAULT,1,N/A,2024-12-12T01:05:26.0200000Z,N/A,N/A
622,2024-12-12T01:05:26.0200000Z,851710fe-0e1d-4a72-aedf-f34f032442c1,WPI6_1i73396523t4991,Successful,0,Real,Windows 10,880,1498,Eastern Standard Time,"ANGLE (Intel, Intel(R) Iris(R) Xe Graphics (0x00009A49) Direct3D11 vs_5_0 ps_5_0, D3D11)",0,17,10,1,128,1.22.33,0,Chrome 130,3,45,45,-1,6,72.19985,499.315369,DEFAULT,1,N/A,2024-12-12T01:05:26.0200000Z,N/A,N/A
623,2024-12-12T01:47:22.0160000Z,851710fe-0e1d-4a72-aedf-f34f032442c1,WPI6_1c73t3962767618,Successful,0,Real,Windows 10,999,1498,Eastern Standard Time,"ANGLE (Intel, Intel(R) UHD Graphics (0x0000A7A8) Direct3D11 vs_5_0 ps_5_0, D3D11)",0,17,10,1,128,1.22.33,0,Chrome 131,3,12,12,-1,0,118.723541,100.902046,DEFAULT,1,N/A,2024-12-12T01:47:22.0160000Z,N/A,N/A
624,2024-12-12T01:47:22.0160000Z,851710fe-0e1d-4a72-aedf-f34f032442c1,WPI6_1c73t3962767618,Successful,0,Real,Windows 10,999,1498,Eastern Standard Time,"ANGLE (Intel, Intel(R) UHD Graphics (0x0000A7A8) Direct3D11 vs_5_0 ps_5_0, D3D11)",0,17,10,1,128,1.22.33,0,Chrome 131,3,-1,-1,-1,1,118.691605,105.7291,DEFAULT,1,N/A,2024-12-12T01:47:22.0160000Z,N/A,N/A
625,2024-12-12T01:47:22.0160000Z,851710fe-0e1d-4a72-aedf-f34f032442c1,WPI6_1c73t3962767618,Successful,0,Real,Windows 10,999,1498,Eastern Standard Time,"ANGLE (Intel, Intel(R) UHD Graphics (0x0000A7A8) Direct3D11 vs_5_0 ps_5_0, D3D11)",0,17,10,1,128,1.22.33,0,Chrome 131,3,26,26,-1,2,120.520744,102.407578,DEFAULT,1,N/A,2024-12-12T01:47:22.0160000Z,N/A,N/A
626,2024-12-12T01:47:22.0160000Z,851710fe-0e1d-4a72-aedf-f34f032442c1,WPI6_1c73t3962767618,Successful,0,Real,Windows 10,999,1498,Eastern Standard Time,"ANGLE (Intel, Intel(R) UHD Graphics (0x0000A7A8) Direct3D11 vs_5_0 ps_5_0, D3D11)",0,17,10,1,128,1.22.33,0,Chrome 131,3,45,45,-1,3,120.351845,81.9163361,DEFAULT,1,N/A,2024-12-12T01:47:22.0160000Z,N/A,N/A
627,2024-12-12T01:47:22.0160000Z,851710fe-0e1d-4a72-aedf-f34f032442c1,WPI6_1c73t3962767618,Successful,0,Real,Windows 10,999,1498,Eastern Standard Time,"ANGLE (Intel, Intel(R) UHD Graphics (0x0000A7A8) Direct3D11 vs_5_0 ps_5_0, D3D11)",0,17,10,1,128,1.22.33,0,Chrome 131,3,15,15,-1,4,120.622292,67.27192,DEFAULT,1,N/A,2024-12-12T01:47:22.0160000Z,N/A,N/A
628,2024-12-12T01:47:22.0160000Z,851710fe-0e1d-4a72-aedf-f34f032442c1,WPI6_1c73t3962767618,Successful,0,Real,Windows 10,999,1498,Eastern Standard Time,"ANGLE (Intel, Intel(R) UHD Graphics (0x0000A7A8) Direct3D11 vs_5_0 ps_5_0, D3D11)",0,17,10,1,128,1.22.33,0,Chrome 131,3,57,57,-1,5,119.541542,80.3841858,DEFAULT,1,N/A,2024-12-12T01:47:22.0160000Z,N/A,N/A
629,2024-12-12T01:47:22.0160000Z,851710fe-0e1d-4a72-aedf-f34f032442c1,WPI6_1c73t3962767618,Successful,0,Real,Windows 10,999,1498,Eastern Standard Time,"ANGLE (Intel, Intel(R) UHD Graphics (0x0000A7A8) Direct3D11 vs_5_0 ps_5_0, D3D11)",0,17,10,1,128,1.22.33,0,Chrome 131,3,7,7,-1,6,118.791061,89.13034,DEFAULT,1,N/A,2024-12-12T01:47:22.0160000Z,N/A,N/A
630,2024-12-12T05:00:49.7230000Z,851710fe-0e1d-4a72-aedf-f34f032442c1,WPI6_d173397n9368828,Successful,0,Real,Mac OS X 10_15_7,1556,2396,Eastern Standard Time,"ANGLE (Apple, ANGLE Metal Renderer: Apple M1, Unspecified Version)",0,17,10,1,128,1.22.33,0,Chrome 130,3,12,12,-1,0,118.08049,75.4460754,DEFAULT,1,N/A,2024-12-12T05:00:49.7230000Z,N/A,N/A
631,2024-12-12T05:00:49.7230000Z,851710fe-0e1d-4a72-aedf-f34f032442c1,WPI6_d173397n9368828,Successful,0,Real,Mac OS X 10_15_7,1556,2396,Eastern Standard Time,"ANGLE (Apple, ANGLE Metal Renderer: Apple M1, Unspecified Version)",0,17,10,1,128,1.22.33,0,Chrome 130,3,15,15,-1,1,115.675705,117.273682,DEFAULT,1,N/A,2024-12-12T05:00:49.7230000Z,N/A,N/A
632,2024-12-12T05:00:49.7230000Z,851710fe-0e1d-4a72-aedf-f34f032442c1,WPI6_d173397n9368828,Successful,0,Real,Mac OS X 10_15_7,1556,2396,Eastern Standard Time,"ANGLE (Apple, ANGLE Metal Renderer: Apple M1, Unspecified Version)",0,17,10,1,128,1.22.33,0,Chrome 130,3,5,5,-1,2,116.56765,86.39418,DEFAULT,1,N/A,2024-12-12T05:00:49.7230000Z,N/A,N/A
633,2024-12-12T05:00:49.7230000Z,851710fe-0e1d-4a72-aedf-f34f032442c1,WPI6_d173397n9368828,Successful,0,Real,Mac OS X 10_15_7,1556,2396,Eastern Standard Time,"ANGLE (Apple, ANGLE Metal Renderer: Apple M1, Unspecified Version)",0,17,10,1,128,1.22.33,0,Chrome 130,3,2,2,-1,3,117.611855,87.034996,DEFAULT,1,N/A,2024-12-12T05:00:49.7230000Z,N/A,N/A
634,2024-12-12T05:00:49.7230000Z,851710fe-0e1d-4a72-aedf-f34f032442c1,WPI6_d173397n9368828,Successful,0,Real,Mac OS X 10_15_7,1556,2396,Eastern Standard Time,"ANGLE (Apple, ANGLE Metal Renderer: Apple M1, Unspecified Version)",0,17,10,1,128,1.22.33,0,Chrome 130,3,-1,-1,-1,4,116.601128,95.81612,DEFAULT,1,N/A,2024-12-12T05:00:49.7230000Z,N/A,N/A
635,2024-12-12T05:00:49.7230000Z,851710fe-0e1d-4a72-aedf-f34f032442c1,WPI6_d173397n9368828,Successful,0,Real,Mac OS X 10_15_7,1556,2396,Eastern Standard Time,"ANGLE (Apple, ANGLE Metal Renderer: Apple M1, Unspecified Version)",0,17,10,1,128,1.22.33,0,Chrome 130,3,29,29,-1,5,116.978729,81.585434,DEFAULT,1,N/A,2024-12-12T05:00:49.7230000Z,N/A,N/A
636,2024-12-12T05:00:49.7230000Z,851710fe-0e1d-4a72-aedf-f34f032442c1,WPI6_d173397n9368828,Successful,0,Real,Mac OS X 10_15_7,1556,2396,Eastern Standard Time,"ANGLE (Apple, ANGLE Metal Renderer: Apple M1, Unspecified Version)",0,17,10,1,128,1.22.33,0,Chrome 130,3,26,26,-1,6,116.73378,77.87497,DEFAULT,1,N/A,2024-12-12T05:00:49.7230000Z,N/A,N/A
637,2025-01-16T02:51:58.3560000Z,851710fe-0e1d-4a72-aedf-f34f032442c1,WPI6_1l736995524u302,Successful,0,Real,Mac OS X 10_15_7,1556,2396,Eastern Standard Time,Apple GPU,0,17,10,1,128,1.22.33,0,Safari 18.1,3,12,12,-1,0,118.13237,92.87363,DEFAULT,1,N/A,2025-01-16T02:51:58.3560000Z,N/A,N/A
638,2025-01-16T02:51:58.3560000Z,851710fe-0e1d-4a72-aedf-f34f032442c1,WPI6_1l736995524u302,Successful,0,Real,Mac OS X 10_15_7,1556,2396,Eastern Standard Time,Apple GPU,0,17,10,1,128,1.22.33,0,Safari 18.1,3,57,57,-1,1,118.7309,85.87099,DEFAULT,1,N/A,2025-01-16T02:51:58.3560000Z,N/A,N/A
639,2025-01-16T02:51:58.3560000Z,851710fe-0e1d-4a72-aedf-f34f032442c1,WPI6_1l736995524u302,Successful,0,Real,Mac OS X 10_15_7,1556,2396,Eastern Standard Time,Apple GPU,0,17,10,1,128,1.22.33,0,Safari 18.1,3,2,2,-1,2,119.188019,93.60462,DEFAULT,1,N/A,2025-01-16T02:51:58.3560000Z,N/A,N/A
640,2025-01-16T02:51:58.3560000Z,851710fe-0e1d-4a72-aedf-f34f032442c1,WPI6_1l736995524u302,Successful,0,Real,Mac OS X 10_15_7,1556,2396,Eastern Standard Time,Apple GPU,0,17,10,1,128,1.22.33,0,Safari 18.1,3,5,5,-1,3,119.516052,93.44164,DEFAULT,1,N/A,2025-01-16T02:51:58.3560000Z,N/A,N/A
641,2025-01-16T02:51:58.3560000Z,851710fe-0e1d-4a72-aedf-f34f032442c1,WPI6_1l736995524u302,Successful,0,Real,Mac OS X 10_15_7,1556,2396,Eastern Standard Time,Apple GPU,0,17,10,1,128,1.22.33,0,Safari 18.1,3,5,5,-1,4,119.034035,89.31523,DEFAULT,1,N/A,2025-01-16T02:51:58.3560000Z,N/A,N/A
642,2025-01-16T02:51:58.3560000Z,851710fe-0e1d-4a72-aedf-f34f032442c1,WPI6_1l736995524u302,Successful,0,Real,Mac OS X 10_15_7,1556,2396,Eastern Standard Time,Apple GPU,0,17,10,1,128,1.22.33,0,Safari 18.1,3,35,35,-1,5,118.96434,97.16454,DEFAULT,1,N/A,2025-01-16T02:51:58.3560000Z,N/A,N/A
643,2025-01-16T02:51:58.3560000Z,851710fe-0e1d-4a72-aedf-f34f032442c1,WPI6_1l736995524u302,Successful,0,Real,Mac OS X 10_15_7,1556,2396,Eastern Standard Time,Apple GPU,0,17,10,1,128,1.22.33,0,Safari 18.1,3,-1,4,-1,6,118.993736,100.386284,DEFAULT,0,N/A,2025-01-16T02:51:58.3560000Z,N/A,N/A
644,2025-01-16T16:25:27.9790000Z,851710fe-0e1d-4a72-aedf-f34f032442c1,WPI6_1m73704443z1595,Successful,0,Real,Windows 10,999,1498,Eastern Standard Time,"ANGLE (Intel, Intel(R) Iris(R) Xe Graphics (0x0000A7A1) Direct3D11 vs_5_0 ps_5_0, D3D11)",0,17,10,1,128,1.22.33,0,Chrome 131,3,12,12,-1,0,120.588058,76.30427,DEFAULT,1,N/A,2025-01-16T16:25:27.9790000Z,N/A,N/A
645,2025-01-16T16:25:27.9790000Z,851710fe-0e1d-4a72-aedf-f34f032442c1,WPI6_1m73704443z1595,Successful,0,Real,Windows 10,999,1498,Eastern Standard Time,"ANGLE (Intel, Intel(R) Iris(R) Xe Graphics (0x0000A7A1) Direct3D11 vs_5_0 ps_5_0, D3D11)",0,17,10,1,128,1.22.33,0,Chrome 131,3,7,7,-1,1,119.159081,86.7954941,DEFAULT,1,N/A,2025-01-16T16:25:27.9790000Z,N/A,N/A
646,2025-01-16T16:25:27.9790000Z,851710fe-0e1d-4a72-aedf-f34f032442c1,WPI6_1m73704443z1595,Successful,0,Real,Windows 10,999,1498,Eastern Standard Time,"ANGLE (Intel, Intel(R) Iris(R) Xe Graphics (0x0000A7A1) Direct3D11 vs_5_0 ps_5_0, D3D11)",0,17,10,1,128,1.22.33,0,Chrome 131,3,6,6,-1,2,120.826134,76.8898544,DEFAULT,1,N/A,2025-01-16T16:25:27.9790000Z,N/A,N/A
647,2025-01-16T16:25:27.9790000Z,851710fe-0e1d-4a72-aedf-f34f032442c1,WPI6_1m73704443z1595,Successful,0,Real,Windows 10,999,1498,Eastern Standard Time,"ANGLE (Intel, Intel(R) Iris(R) Xe Graphics (0x0000A7A1) Direct3D11 vs_5_0 ps_5_0, D3D11)",0,17,10,1,128,1.22.33,0,Chrome 131,3,57,57,-1,3,119.201469,72.7668152,DEFAULT,1,N/A,2025-01-16T16:25:27.9790000Z,N/A,N/A
648,2025-01-16T16:25:27.9790000Z,851710fe-0e1d-4a72-aedf-f34f032442c1,WPI6_1m73704443z1595,Successful,0,Real,Windows 10,999,1498,Eastern Standard Time,"ANGLE (Intel, Intel(R) Iris(R) Xe Graphics (0x0000A7A1) Direct3D11 vs_5_0 ps_5_0, D3D11)",0,17,10,1,128,1.22.33,0,Chrome 131,3,26,26,-1,4,120.550056,81.3717,DEFAULT,1,N/A,2025-01-16T16:25:27.9790000Z,N/A,N/A
649,2025-01-16T16:25:27.9790000Z,851710fe-0e1d-4a72-aedf-f34f032442c1,WPI6_1m73704443z1595,Successful,0,Real,Windows 10,999,1498,Eastern Standard Time,"ANGLE (Intel, Intel(R) Iris(R) Xe Graphics (0x0000A7A1) Direct3D11 vs_5_0 ps_5_0, D3D11)",0,17,10,1,128,1.22.33,0,Chrome 131,3,15,15,-1,5,119.481216,79.32817,DEFAULT,1,N/A,2025-01-16T16:25:27.9790000Z,N/A,N/A
650,2025-01-16T16:25:27.9790000Z,851710fe-0e1d-4a72-aedf-f34f032442c1,WPI6_1m73704443z1595,Successful,0,Real,Windows 10,999,1498,Eastern Standard Time,"ANGLE (Intel, Intel(R) Iris(R) Xe Graphics (0x0000A7A1) Direct3D11 vs_5_0 ps_5_0, D3D11)",0,17,10,1,128,1.22.33,0,Chrome 131,3,-1,-1,-1,6,120.73114,67.08231,DEFAULT,1,N/A,2025-01-16T16:25:27.9790000Z,N/A,N/A
651,2025-01-17T16:09:16.2780000Z,851710fe-0e1d-4a72-aedf-f34f032442c1,WPI6_17371297c74k795,Successful,0,Real,Windows 10,947,1797,Eastern Standard Time,"ANGLE (AMD, AMD Radeon(TM) Graphics (0x0000164C) Direct3D11 vs_5_0 ps_5_0, D3D11)",0,17,10,1,128,1.22.33,0,Chrome 131,3,12,12,-1,0,119.947342,78.18187,DEFAULT,1,N/A,2025-01-17T16:09:16.2780000Z,N/A,N/A
652,2025-01-17T16:09:16.2780000Z,851710fe-0e1d-4a72-aedf-f34f032442c1,WPI6_17371297c74k795,Successful,0,Real,Windows 10,947,1797,Eastern Standard Time,"ANGLE (AMD, AMD Radeon(TM) Graphics (0x0000164C) Direct3D11 vs_5_0 ps_5_0, D3D11)",0,17,10,1,128,1.22.33,0,Chrome 131,3,29,29,-1,1,119.773575,69.2439651,DEFAULT,1,N/A,2025-01-17T16:09:16.2780000Z,N/A,N/A
653,2025-01-17T16:09:16.2780000Z,851710fe-0e1d-4a72-aedf-f34f032442c1,WPI6_17371297c74k795,Successful,0,Real,Windows 10,947,1797,Eastern Standard Time,"ANGLE (AMD, AMD Radeon(TM) Graphics (0x0000164C) Direct3D11 vs_5_0 ps_5_0, D3D11)",0,17,10,1,128,1.22.33,0,Chrome 131,3,26,26,-1,2,119.107422,64.46741,DEFAULT,1,N/A,2025-01-17T16:09:16.2780000Z,N/A,N/A
654,2025-01-17T16:09:16.2780000Z,851710fe-0e1d-4a72-aedf-f34f032442c1,WPI6_17371297c74k795,Successful,0,Real,Windows 10,947,1797,Eastern Standard Time,"ANGLE (AMD, AMD Radeon(TM) Graphics (0x0000164C) Direct3D11 vs_5_0 ps_5_0, D3D11)",0,17,10,1,128,1.22.33,0,Chrome 131,3,-1,-1,-1,3,120.47377,66.18845,DEFAULT,1,N/A,2025-01-17T16:09:16.2780000Z,N/A,N/A
655,2025-01-17T16:09:16.2780000Z,851710fe-0e1d-4a72-aedf-f34f032442c1,WPI6_17371297c74k795,Successful,0,Real,Windows 10,947,1797,Eastern Standard Time,"ANGLE (AMD, AMD Radeon(TM) Graphics (0x0000164C) Direct3D11 vs_5_0 ps_5_0, D3D11)",0,17,10,1,128,1.22.33,0,Chrome 131,3,97,97,-1,4,119.359306,87.8167343,DEFAULT,1,N/A,2025-01-17T16:09:16.2780000Z,N/A,N/A
656,2025-01-17T16:09:16.2780000Z,851710fe-0e1d-4a72-aedf-f34f032442c1,WPI6_17371297c74k795,Successful,0,Real,Windows 10,947,1797,Eastern Standard Time,"ANGLE (AMD, AMD Radeon(TM) Graphics (0x0000164C) Direct3D11 vs_5_0 ps_5_0, D3D11)",0,17,10,1,128,1.22.33,0,Chrome 131,3,73,23,-1,5,119.848404,77.49376,DEFAULT,0,N/A,2025-01-17T16:09:16.2780000Z,N/A,N/A
657,2025-01-17T16:09:16.2780000Z,851710fe-0e1d-4a72-aedf-f34f032442c1,WPI6_17371297c74k795,Successful,0,Real,Windows 10,947,1797,Eastern Standard Time,"ANGLE (AMD, AMD Radeon(TM) Graphics (0x0000164C) Direct3D11 vs_5_0 ps_5_0, D3D11)",0,17,10,1,128,1.22.33,0,Chrome 131,3,3,3,-1,6,119.764648,76.67898,DEFAULT,1,N/A,2025-01-17T16:09:16.2780000Z,N/A,N/A
658,2025-01-17T20:17:36.6960000Z,851710fe-0e1d-4a72-aedf-f34f032442c1,WPI6_173h71448348g92,Successful,0,Real,Windows 10,1530,2396,Eastern Standard Time,"ANGLE (Intel, Intel(R) Iris(R) Xe Graphics (0x00009A49) Direct3D11 vs_5_0 ps_5_0, D3D11)",0,17,9,1,128,1.22.33,0,Chrome 130,3,12,12,-1,0,68.78897,357.941772,DEFAULT,1,N/A,2025-01-17T20:17:36.6960000Z,N/A,N/A
659,2025-01-17T20:17:36.6960000Z,851710fe-0e1d-4a72-aedf-f34f032442c1,WPI6_173h71448348g92,Successful,0,Real,Windows 10,1530,2396,Eastern Standard Time,"ANGLE (Intel, Intel(R) Iris(R) Xe Graphics (0x00009A49) Direct3D11 vs_5_0 ps_5_0, D3D11)",0,17,9,1,128,1.22.33,0,Chrome 130,3,97,87,-1,1,78.02757,302.701721,DEFAULT,0,N/A,2025-01-17T20:17:36.6960000Z,N/A,N/A
660,2025-01-17T20:17:36.6960000Z,851710fe-0e1d-4a72-aedf-f34f032442c1,WPI6_173h71448348g92,Successful,0,Real,Windows 10,1530,2396,Eastern Standard Time,"ANGLE (Intel, Intel(R) Iris(R) Xe Graphics (0x00009A49) Direct3D11 vs_5_0 ps_5_0, D3D11)",0,17,9,1,128,1.22.33,0,Chrome 130,3,73,73,-1,2,78.74466,385.0727,DEFAULT,1,N/A,2025-01-17T20:17:36.6960000Z,N/A,N/A
661,2025-01-17T20:17:36.6960000Z,851710fe-0e1d-4a72-aedf-f34f032442c1,WPI6_173h71448348g92,Successful,0,Real,Windows 10,1530,2396,Eastern Standard Time,"ANGLE (Intel, Intel(R) Iris(R) Xe Graphics (0x00009A49) Direct3D11 vs_5_0 ps_5_0, D3D11)",0,17,9,1,128,1.22.33,0,Chrome 130,3,57,57,-1,3,78.65343,295.026947,DEFAULT,1,N/A,2025-01-17T20:17:36.6960000Z,N/A,N/A
662,2025-01-17T20:17:36.6960000Z,851710fe-0e1d-4a72-aedf-f34f032442c1,WPI6_173h71448348g92,Successful,0,Real,Windows 10,1530,2396,Eastern Standard Time,"ANGLE (Intel, Intel(R) Iris(R) Xe Graphics (0x00009A49) Direct3D11 vs_5_0 ps_5_0, D3D11)",0,17,9,1,128,1.22.33,0,Chrome 130,3,26,26,-1,4,79.00894,293.714722,DEFAULT,1,N/A,2025-01-17T20:17:36.6960000Z,N/A,N/A
663,2025-01-17T20:17:36.6960000Z,851710fe-0e1d-4a72-aedf-f34f032442c1,WPI6_173h71448348g92,Successful,0,Real,Windows 10,1530,2396,Eastern Standard Time,"ANGLE (Intel, Intel(R) Iris(R) Xe Graphics (0x00009A49) Direct3D11 vs_5_0 ps_5_0, D3D11)",0,17,9,1,128,1.22.33,0,Chrome 130,3,74,74,-1,5,80.80484,284.392548,DEFAULT,1,N/A,2025-01-17T20:17:36.6960000Z,N/A,N/A
664,2025-01-17T20:17:36.6960000Z,851710fe-0e1d-4a72-aedf-f34f032442c1,WPI6_173h71448348g92,Successful,0,Real,Windows 10,1530,2396,Eastern Standard Time,"ANGLE (Intel, Intel(R) Iris(R) Xe Graphics (0x00009A49) Direct3D11 vs_5_0 ps_5_0, D3D11)",0,17,9,1,128,1.22.33,0,Chrome 130,3,-1,-1,-1,6,73.65651,330.4048,DEFAULT,1,N/A,2025-01-17T20:17:36.6960000Z,N/A,N/A
665,2025-01-17T23:01:51.1050000Z,851710fe-0e1d-4a72-aedf-f34f032442c1,WPI6_1r737154721n469,Successful,0,Real,Windows 10,999,1498,Eastern Standard Time,"ANGLE (AMD, AMD Radeon RX 7900 GRE (0x0000744C) Direct3D11 vs_5_0 ps_5_0, D3D11)",0,17,10,1,128,1.22.33,0,Chrome 131,3,12,12,-1,0,124.879005,23.8321228,DEFAULT,1,N/A,2025-01-17T23:01:51.1050000Z,N/A,N/A
666,2025-01-17T23:01:51.1050000Z,851710fe-0e1d-4a72-aedf-f34f032442c1,WPI6_1r737154721n469,Successful,0,Real,Windows 10,999,1498,Eastern Standard Time,"ANGLE (AMD, AMD Radeon RX 7900 GRE (0x0000744C) Direct3D11 vs_5_0 ps_5_0, D3D11)",0,17,10,1,128,1.22.33,0,Chrome 131,3,6,6,-1,1,125.172882,27.8354549,DEFAULT,1,N/A,2025-01-17T23:01:51.1050000Z,N/A,N/A
667,2025-01-17T23:01:51.1050000Z,851710fe-0e1d-4a72-aedf-f34f032442c1,WPI6_1r737154721n469,Successful,0,Real,Windows 10,999,1498,Eastern Standard Time,"ANGLE (AMD, AMD Radeon RX 7900 GRE (0x0000744C) Direct3D11 vs_5_0 ps_5_0, D3D11)",0,17,10,1,128,1.22.33,0,Chrome 131,3,35,35,-1,2,124.766281,26.5943241,DEFAULT,1,N/A,2025-01-17T23:01:51.1050000Z,N/A,N/A
668,2025-01-17T23:01:51.1050000Z,851710fe-0e1d-4a72-aedf-f34f032442c1,WPI6_1r737154721n469,Successful,0,Real,Windows 10,999,1498,Eastern Standard Time,"ANGLE (AMD, AMD Radeon RX 7900 GRE (0x0000744C) Direct3D11 vs_5_0 ps_5_0, D3D11)",0,17,10,1,128,1.22.33,0,Chrome 131,3,57,57,-1,3,124.897911,19.69427,DEFAULT,1,N/A,2025-01-17T23:01:51.1050000Z,N/A,N/A
669,2025-01-17T23:01:51.1050000Z,851710fe-0e1d-4a72-aedf-f34f032442c1,WPI6_1r737154721n469,Successful,0,Real,Windows 10,999,1498,Eastern Standard Time,"ANGLE (AMD, AMD Radeon RX 7900 GRE (0x0000744C) Direct3D11 vs_5_0 ps_5_0, D3D11)",0,17,10,1,128,1.22.33,0,Chrome 131,3,3,3,-1,4,125.0928,23.7185917,DEFAULT,1,N/A,2025-01-17T23:01:51.1050000Z,N/A,N/A
670,2025-01-17T23:01:51.1050000Z,851710fe-0e1d-4a72-aedf-f34f032442c1,WPI6_1r737154721n469,Successful,0,Real,Windows 10,999,1498,Eastern Standard Time,"ANGLE (AMD, AMD Radeon RX 7900 GRE (0x0000744C) Direct3D11 vs_5_0 ps_5_0, D3D11)",0,17,10,1,128,1.22.33,0,Chrome 131,3,5,5,-1,5,125.407196,19.6221886,DEFAULT,1,N/A,2025-01-17T23:01:51.1050000Z,N/A,N/A
671,2025-01-17T23:01:51.1050000Z,851710fe-0e1d-4a72-aedf-f34f032442c1,WPI6_1r737154721n469,Successful,0,Real,Windows 10,999,1498,Eastern Standard Time,"ANGLE (AMD, AMD Radeon RX 7900 GRE (0x0000744C) Direct3D11 vs_5_0 ps_5_0, D3D11)",0,17,10,1,128,1.22.33,0,Chrome 131,3,-1,-1,-1,6,125.459671,18.98201,DEFAULT,1,N/A,2025-01-17T23:01:51.1050000Z,N/A,N/A
672,2025-01-18T17:04:56.8520000Z,851710fe-0e1d-4a72-aedf-f34f032442c1,WPI6_p17372196220r04,Successful,0,Real,Mac OS X 10_15_7,1594,2396,Eastern Standard Time,"ANGLE (Apple, ANGLE Metal Renderer: Apple M3, Unspecified Version)",0,17,10,1,128,1.22.33,0,Chrome 131,3,12,12,-1,0,120.686089,48.02046,DEFAULT,1,N/A,2025-01-18T17:04:56.8520000Z,N/A,N/A
673,2025-01-18T17:04:56.8520000Z,851710fe-0e1d-4a72-aedf-f34f032442c1,WPI6_p17372196220r04,Successful,0,Real,Mac OS X 10_15_7,1594,2396,Eastern Standard Time,"ANGLE (Apple, ANGLE Metal Renderer: Apple M3, Unspecified Version)",0,17,10,1,128,1.22.33,0,Chrome 131,3,73,73,-1,1,120.631905,51.0787163,DEFAULT,1,N/A,2025-01-18T17:04:56.8520000Z,N/A,N/A
674,2025-01-18T17:04:56.8520000Z,851710fe-0e1d-4a72-aedf-f34f032442c1,WPI6_p17372196220r04,Successful,0,Real,Mac OS X 10_15_7,1594,2396,Eastern Standard Time,"ANGLE (Apple, ANGLE Metal Renderer: Apple M3, Unspecified Version)",0,17,10,1,128,1.22.33,0,Chrome 131,3,42,42,-1,2,120.52095,40.7777023,DEFAULT,1,N/A,2025-01-18T17:04:56.8520000Z,N/A,N/A
675,2025-01-18T17:04:56.8520000Z,851710fe-0e1d-4a72-aedf-f34f032442c1,WPI6_p17372196220r04,Successful,0,Real,Mac OS X 10_15_7,1594,2396,Eastern Standard Time,"ANGLE (Apple, ANGLE Metal Renderer: Apple M3, Unspecified Version)",0,17,10,1,128,1.22.33,0,Chrome 131,3,-1,-1,-1,3,120.613724,32.3019676,DEFAULT,1,N/A,2025-01-18T17:04:56.8520000Z,N/A,N/A
676,2025-01-18T17:04:56.8520000Z,851710fe-0e1d-4a72-aedf-f34f032442c1,WPI6_p17372196220r04,Successful,0,Real,Mac OS X 10_15_7,1594,2396,Eastern Standard Time,"ANGLE (Apple, ANGLE Metal Renderer: Apple M3, Unspecified Version)",0,17,10,1,128,1.22.33,0,Chrome 131,3,29,29,-1,4,120.246246,38.42721,DEFAULT,1,N/A,2025-01-18T17:04:56.8520000Z,N/A,N/A
677,2025-01-18T17:04:56.8520000Z,851710fe-0e1d-4a72-aedf-f34f032442c1,WPI6_p17372196220r04,Successful,0,Real,Mac OS X 10_15_7,1594,2396,Eastern Standard Time,"ANGLE (Apple, ANGLE Metal Renderer: Apple M3, Unspecified Version)",0,17,10,1,128,1.22.33,0,Chrome 131,3,97,97,-1,5,120.776596,41.2827759,DEFAULT,1,N/A,2025-01-18T17:04:56.8520000Z,N/A,N/A
678,2025-01-18T17:04:56.8520000Z,851710fe-0e1d-4a72-aedf-f34f032442c1,WPI6_p17372196220r04,Successful,0,Real,Mac OS X 10_15_7,1594,2396,Eastern Standard Time,"ANGLE (Apple, ANGLE Metal Renderer: Apple M3, Unspecified Version)",0,17,10,1,128,1.22.33,0,Chrome 131,3,5,5,-1,6,120.3614,40.32452,DEFAULT,1,N/A,2025-01-18T17:04:56.8520000Z,N/A,N/A
679,2025-01-19T17:06:32.9450000Z,851710fe-0e1d-4a72-aedf-f34f032442c1,WPI6_173730609q4x876,Successful,0,Real,Windows 10,827,1797,Eastern Standard Time,"ANGLE (Intel, Intel(R) Iris(R) Xe Graphics (0x00009A49) Direct3D11 vs_5_0 ps_5_0, D3D11)",0,17,10,1,128,1.22.33,0,Chrome 131,3,12,12,-1,0,81.12383,415.0218,DEFAULT,1,N/A,2025-01-19T17:06:32.9450000Z,N/A,N/A
680,2025-01-19T17:06:32.9450000Z,851710fe-0e1d-4a72-aedf-f34f032442c1,WPI6_173730609q4x876,Successful,0,Real,Windows 10,827,1797,Eastern Standard Time,"ANGLE (Intel, Intel(R) Iris(R) Xe Graphics (0x00009A49) Direct3D11 vs_5_0 ps_5_0, D3D11)",0,17,10,1,128,1.22.33,0,Chrome 131,3,3,3,-1,1,80.84832,339.6643,DEFAULT,1,N/A,2025-01-19T17:06:32.9450000Z,N/A,N/A
681,2025-01-19T17:06:32.9450000Z,851710fe-0e1d-4a72-aedf-f34f032442c1,WPI6_173730609q4x876,Successful,0,Real,Windows 10,827,1797,Eastern Standard Time,"ANGLE (Intel, Intel(R) Iris(R) Xe Graphics (0x00009A49) Direct3D11 vs_5_0 ps_5_0, D3D11)",0,17,10,1,128,1.22.33,0,Chrome 131,3,-1,-1,-1,2,79.96821,366.9603,DEFAULT,1,N/A,2025-01-19T17:06:32.9450000Z,N/A,N/A
682,2025-01-19T17:06:32.9450000Z,851710fe-0e1d-4a72-aedf-f34f032442c1,WPI6_173730609q4x876,Successful,0,Real,Windows 10,827,1797,Eastern Standard Time,"ANGLE (Intel, Intel(R) Iris(R) Xe Graphics (0x00009A49) Direct3D11 vs_5_0 ps_5_0, D3D11)",0,17,10,1,128,1.22.33,0,Chrome 131,3,97,97,-1,3,80.82685,394.0499,DEFAULT,1,N/A,2025-01-19T17:06:32.9450000Z,N/A,N/A
683,2025-01-19T17:06:32.9450000Z,851710fe-0e1d-4a72-aedf-f34f032442c1,WPI6_173730609q4x876,Successful,0,Real,Windows 10,827,1797,Eastern Standard Time,"ANGLE (Intel, Intel(R) Iris(R) Xe Graphics (0x00009A49) Direct3D11 vs_5_0 ps_5_0, D3D11)",0,17,10,1,128,1.22.33,0,Chrome 131,3,29,29,-1,4,82.17285,374.967316,DEFAULT,1,N/A,2025-01-19T17:06:32.9450000Z,N/A,N/A
684,2025-01-19T17:06:32.9450000Z,851710fe-0e1d-4a72-aedf-f34f032442c1,WPI6_173730609q4x876,Successful,0,Real,Windows 10,827,1797,Eastern Standard Time,"ANGLE (Intel, Intel(R) Iris(R) Xe Graphics (0x00009A49) Direct3D11 vs_5_0 ps_5_0, D3D11)",0,17,10,1,128,1.22.33,0,Chrome 131,3,26,26,-1,5,79.566,433.7119,DEFAULT,1,N/A,2025-01-19T17:06:32.9450000Z,N/A,N/A
685,2025-01-19T17:06:32.9450000Z,851710fe-0e1d-4a72-aedf-f34f032442c1,WPI6_173730609q4x876,Successful,0,Real,Windows 10,827,1797,Eastern Standard Time,"ANGLE (Intel, Intel(R) Iris(R) Xe Graphics (0x00009A49) Direct3D11 vs_5_0 ps_5_0, D3D11)",0,17,10,1,128,1.22.33,0,Chrome 131,3,16,16,-1,6,81.81841,369.121277,DEFAULT,1,N/A,2025-01-19T17:06:32.9450000Z,N/A,N/A
686,2025-01-24T20:08:20.5350000Z,851710fe-0e1d-4a72-aedf-f34f032442c1,WPI6_1737e74876m2689,Successful,0,Real,Windows 10,1598,2396,Eastern Standard Time,"ANGLE (Intel, Intel(R) Iris(R) Xe Graphics (0x0000A7A0) Direct3D11 vs_5_0 ps_5_0, D3D11)",0,17,10,1,128,1.22.33,0,Chrome 132,3,12,12,-1,0,119.441261,82.06333,DEFAULT,1,N/A,2025-01-24T20:08:20.5350000Z,N/A,N/A
687,2025-01-24T20:08:20.5350000Z,851710fe-0e1d-4a72-aedf-f34f032442c1,WPI6_1737e74876m2689,Successful,0,Real,Windows 10,1598,2396,Eastern Standard Time,"ANGLE (Intel, Intel(R) Iris(R) Xe Graphics (0x0000A7A0) Direct3D11 vs_5_0 ps_5_0, D3D11)",0,17,10,1,128,1.22.33,0,Chrome 132,3,6,6,-1,1,120.7476,76.41391,DEFAULT,1,N/A,2025-01-24T20:08:20.5350000Z,N/A,N/A
688,2025-01-24T20:08:20.5350000Z,851710fe-0e1d-4a72-aedf-f34f032442c1,WPI6_1737e74876m2689,Successful,0,Real,Windows 10,1598,2396,Eastern Standard Time,"ANGLE (Intel, Intel(R) Iris(R) Xe Graphics (0x0000A7A0) Direct3D11 vs_5_0 ps_5_0, D3D11)",0,17,10,1,128,1.22.33,0,Chrome 132,3,-1,-1,-1,2,120.687851,82.42751,DEFAULT,1,N/A,2025-01-24T20:08:20.5350000Z,N/A,N/A
689,2025-01-24T20:08:20.5350000Z,851710fe-0e1d-4a72-aedf-f34f032442c1,WPI6_1737e74876m2689,Successful,0,Real,Windows 10,1598,2396,Eastern Standard Time,"ANGLE (Intel, Intel(R) Iris(R) Xe Graphics (0x0000A7A0) Direct3D11 vs_5_0 ps_5_0, D3D11)",0,17,10,1,128,1.22.33,0,Chrome 132,3,35,35,-1,3,120.3868,73.99884,DEFAULT,1,N/A,2025-01-24T20:08:20.5350000Z,N/A,N/A
690,2025-01-24T20:08:20.5350000Z,851710fe-0e1d-4a72-aedf-f34f032442c1,WPI6_1737e74876m2689,Successful,0,Real,Windows 10,1598,2396,Eastern Standard Time,"ANGLE (Intel, Intel(R) Iris(R) Xe Graphics (0x0000A7A0) Direct3D11 vs_5_0 ps_5_0, D3D11)",0,17,10,1,128,1.22.33,0,Chrome 132,3,5,5,-1,4,120.179337,86.9945145,DEFAULT,1,N/A,2025-01-24T20:08:20.5350000Z,N/A,N/A
691,2025-01-24T20:08:20.5350000Z,851710fe-0e1d-4a72-aedf-f34f032442c1,WPI6_1737e74876m2689,Successful,0,Real,Windows 10,1598,2396,Eastern Standard Time,"ANGLE (Intel, Intel(R) Iris(R) Xe Graphics (0x0000A7A0) Direct3D11 vs_5_0 ps_5_0, D3D11)",0,17,10,1,128,1.22.33,0,Chrome 132,3,29,29,-1,5,120.192543,83.36792,DEFAULT,1,N/A,2025-01-24T20:08:20.5350000Z,N/A,N/A
692,2025-01-24T20:08:20.5350000Z,851710fe-0e1d-4a72-aedf-f34f032442c1,WPI6_1737e74876m2689,Successful,0,Real,Windows 10,1598,2396,Eastern Standard Time,"ANGLE (Intel, Intel(R) Iris(R) Xe Graphics (0x0000A7A0) Direct3D11 vs_5_0 ps_5_0, D3D11)",0,17,10,1,128,1.22.33,0,Chrome 132,3,5,5,-1,6,118.619812,93.28087,DEFAULT,1,N/A,2025-01-24T20:08:20.5350000Z,N/A,N/A
693,2025-01-26T02:43:36.4160000Z,851710fe-0e1d-4a72-aedf-f34f032442c1,WPI6_17u37n859249841,Successful,0,Real,Windows 10,799,1198,Eastern Standard Time,"ANGLE (Intel, Intel(R) UHD Graphics (0x0000A788) Direct3D11 vs_5_0 ps_5_0, D3D11)",0,17,10,1,128,1.22.33,0,Chrome 132,3,12,12,-1,0,122.425186,65.44095,DEFAULT,1,N/A,2025-01-26T02:43:36.4160000Z,N/A,N/A
694,2025-01-26T02:43:36.4160000Z,851710fe-0e1d-4a72-aedf-f34f032442c1,WPI6_17u37n859249841,Successful,0,Real,Windows 10,799,1198,Eastern Standard Time,"ANGLE (Intel, Intel(R) UHD Graphics (0x0000A788) Direct3D11 vs_5_0 ps_5_0, D3D11)",0,17,10,1,128,1.22.33,0,Chrome 132,3,35,35,-1,1,121.491508,74.4029846,DEFAULT,1,N/A,2025-01-26T02:43:36.4160000Z,N/A,N/A
695,2025-01-26T02:43:36.4160000Z,851710fe-0e1d-4a72-aedf-f34f032442c1,WPI6_17u37n859249841,Successful,0,Real,Windows 10,799,1198,Eastern Standard Time,"ANGLE (Intel, Intel(R) UHD Graphics (0x0000A788) Direct3D11 vs_5_0 ps_5_0, D3D11)",0,17,10,1,128,1.22.33,0,Chrome 132,3,6,6,-1,2,120.630234,68.28899,DEFAULT,1,N/A,2025-01-26T02:43:36.4160000Z,N/A,N/A
696,2025-01-26T02:43:36.4160000Z,851710fe-0e1d-4a72-aedf-f34f032442c1,WPI6_17u37n859249841,Successful,0,Real,Windows 10,799,1198,Eastern Standard Time,"ANGLE (Intel, Intel(R) UHD Graphics (0x0000A788) Direct3D11 vs_5_0 ps_5_0, D3D11)",0,17,10,1,128,1.22.33,0,Chrome 132,3,73,73,-1,3,121.2226,81.1101151,DEFAULT,1,N/A,2025-01-26T02:43:36.4160000Z,N/A,N/A
697,2025-01-26T02:43:36.4160000Z,851710fe-0e1d-4a72-aedf-f34f032442c1,WPI6_17u37n859249841,Successful,0,Real,Windows 10,799,1198,Eastern Standard Time,"ANGLE (Intel, Intel(R) UHD Graphics (0x0000A788) Direct3D11 vs_5_0 ps_5_0, D3D11)",0,17,10,1,128,1.22.33,0,Chrome 132,3,2,2,-1,4,122.086914,79.4074,DEFAULT,1,N/A,2025-01-26T02:43:36.4160000Z,N/A,N/A
698,2025-01-26T02:43:36.4160000Z,851710fe-0e1d-4a72-aedf-f34f032442c1,WPI6_17u37n859249841,Successful,0,Real,Windows 10,799,1198,Eastern Standard Time,"ANGLE (Intel, Intel(R) UHD Graphics (0x0000A788) Direct3D11 vs_5_0 ps_5_0, D3D11)",0,17,10,1,128,1.22.33,0,Chrome 132,3,15,15,-1,5,119.810905,90.06924,DEFAULT,1,N/A,2025-01-26T02:43:36.4160000Z,N/A,N/A
699,2025-01-26T02:43:36.4160000Z,851710fe-0e1d-4a72-aedf-f34f032442c1,WPI6_17u37n859249841,Successful,0,Real,Windows 10,799,1198,Eastern Standard Time,"ANGLE (Intel, Intel(R) UHD Graphics (0x0000A788) Direct3D11 vs_5_0 ps_5_0, D3D11)",0,17,10,1,128,1.22.33,0,Chrome 132,3,-1,-1,-1,6,121.209236,87.8358154,DEFAULT,1,N/A,2025-01-26T02:43:36.4160000Z,N/A,N/A
700,2025-01-26T02:53:56.7220000Z,851710fe-0e1d-4a72-aedf-f34f032442c1,WPI6_17h37i859872534,Successful,0,Real,Windows 10,799,1198,Eastern Standard Time,"ANGLE (Intel, Intel(R) UHD Graphics (0x0000A788) Direct3D11 vs_5_0 ps_5_0, D3D11)",0,17,10,1,128,1.22.33,0,Chrome 132,3,12,12,-1,0,121.5126,94.76818,DEFAULT,1,N/A,2025-01-26T02:53:56.7220000Z,N/A,N/A
701,2025-01-26T02:53:56.7220000Z,851710fe-0e1d-4a72-aedf-f34f032442c1,WPI6_17h37i859872534,Successful,0,Real,Windows 10,799,1198,Eastern Standard Time,"ANGLE (Intel, Intel(R) UHD Graphics (0x0000A788) Direct3D11 vs_5_0 ps_5_0, D3D11)",0,17,10,1,128,1.22.33,0,Chrome 132,3,16,16,-1,1,120.897354,87.26165,DEFAULT,1,N/A,2025-01-26T02:53:56.7220000Z,N/A,N/A
702,2025-01-26T02:53:56.7220000Z,851710fe-0e1d-4a72-aedf-f34f032442c1,WPI6_17h37i859872534,Successful,0,Real,Windows 10,799,1198,Eastern Standard Time,"ANGLE (Intel, Intel(R) UHD Graphics (0x0000A788) Direct3D11 vs_5_0 ps_5_0, D3D11)",0,17,10,1,128,1.22.33,0,Chrome 132,3,6,6,-1,2,121.572388,91.64322,DEFAULT,1,N/A,2025-01-26T02:53:56.7220000Z,N/A,N/A
703,2025-01-26T02:53:56.7220000Z,851710fe-0e1d-4a72-aedf-f34f032442c1,WPI6_17h37i859872534,Successful,0,Real,Windows 10,799,1198,Eastern Standard Time,"ANGLE (Intel, Intel(R) UHD Graphics (0x0000A788) Direct3D11 vs_5_0 ps_5_0, D3D11)",0,17,10,1,128,1.22.33,0,Chrome 132,3,74,74,-1,3,121.303825,92.3210449,DEFAULT,1,N/A,2025-01-26T02:53:56.7220000Z,N/A,N/A
704,2025-01-26T02:53:56.7220000Z,851710fe-0e1d-4a72-aedf-f34f032442c1,WPI6_17h37i859872534,Successful,0,Real,Windows 10,799,1198,Eastern Standard Time,"ANGLE (Intel, Intel(R) UHD Graphics (0x0000A788) Direct3D11 vs_5_0 ps_5_0, D3D11)",0,17,10,1,128,1.22.33,0,Chrome 132,3,-1,-1,-1,4,121.19117,79.52713,DEFAULT,1,N/A,2025-01-26T02:53:56.7220000Z,N/A,N/A
705,2025-01-26T02:53:56.7220000Z,851710fe-0e1d-4a72-aedf-f34f032442c1,WPI6_17h37i859872534,Successful,0,Real,Windows 10,799,1198,Eastern Standard Time,"ANGLE (Intel, Intel(R) UHD Graphics (0x0000A788) Direct3D11 vs_5_0 ps_5_0, D3D11)",0,17,10,1,128,1.22.33,0,Chrome 132,3,26,26,-1,5,120.125381,83.5943146,DEFAULT,1,N/A,2025-01-26T02:53:56.7220000Z,N/A,N/A
706,2025-01-26T02:53:56.7220000Z,851710fe-0e1d-4a72-aedf-f34f032442c1,WPI6_17h37i859872534,Successful,0,Real,Windows 10,799,1198,Eastern Standard Time,"ANGLE (Intel, Intel(R) UHD Graphics (0x0000A788) Direct3D11 vs_5_0 ps_5_0, D3D11)",0,17,10,1,128,1.22.33,0,Chrome 132,3,97,97,-1,6,122.181885,84.21247,DEFAULT,1,N/A,2025-01-26T02:53:56.7220000Z,N/A,N/A
707,2025-01-29T18:39:41.1290000Z,851710fe-0e1d-4a72-aedf-f34f032442c1,WPI6_o173817567g7689,Successful,0,Real,Windows 10,947,1797,Eastern Standard Time,"ANGLE (Intel, Intel(R) Iris(R) Xe Graphics (0x00009A49) Direct3D11 vs_5_0 ps_5_0, D3D11)",0,17,10,1,128,1.22.33,0,Chrome 132,3,12,12,-1,0,120.765656,69.4766159,DEFAULT,1,N/A,2025-01-29T18:39:41.1290000Z,N/A,N/A
708,2025-01-29T18:39:41.1290000Z,851710fe-0e1d-4a72-aedf-f34f032442c1,WPI6_o173817567g7689,Successful,0,Real,Windows 10,947,1797,Eastern Standard Time,"ANGLE (Intel, Intel(R) Iris(R) Xe Graphics (0x00009A49) Direct3D11 vs_5_0 ps_5_0, D3D11)",0,17,10,1,128,1.22.33,0,Chrome 132,3,8,8,-1,1,120.799721,63.0978,DEFAULT,1,N/A,2025-01-29T18:39:41.1290000Z,N/A,N/A
709,2025-01-29T18:39:41.1290000Z,851710fe-0e1d-4a72-aedf-f34f032442c1,WPI6_o173817567g7689,Successful,0,Real,Windows 10,947,1797,Eastern Standard Time,"ANGLE (Intel, Intel(R) Iris(R) Xe Graphics (0x00009A49) Direct3D11 vs_5_0 ps_5_0, D3D11)",0,17,10,1,128,1.22.33,0,Chrome 132,3,-1,49,-1,2,120.99472,61.6776237,DEFAULT,0,N/A,2025-01-29T18:39:41.1290000Z,N/A,N/A
710,2025-01-29T18:39:41.1290000Z,851710fe-0e1d-4a72-aedf-f34f032442c1,WPI6_o173817567g7689,Successful,0,Real,Windows 10,947,1797,Eastern Standard Time,"ANGLE (Intel, Intel(R) Iris(R) Xe Graphics (0x00009A49) Direct3D11 vs_5_0 ps_5_0, D3D11)",0,17,10,1,128,1.22.33,0,Chrome 132,3,73,73,-1,3,120.845123,73.4075,DEFAULT,1,N/A,2025-01-29T18:39:41.1290000Z,N/A,N/A
711,2025-01-29T18:39:41.1290000Z,851710fe-0e1d-4a72-aedf-f34f032442c1,WPI6_o173817567g7689,Successful,0,Real,Windows 10,947,1797,Eastern Standard Time,"ANGLE (Intel, Intel(R) Iris(R) Xe Graphics (0x00009A49) Direct3D11 vs_5_0 ps_5_0, D3D11)",0,17,10,1,128,1.22.33,0,Chrome 132,3,6,6,-1,4,120.739624,54.9908829,DEFAULT,1,N/A,2025-01-29T18:39:41.1290000Z,N/A,N/A
712,2025-01-29T18:39:41.1290000Z,851710fe-0e1d-4a72-aedf-f34f032442c1,WPI6_o173817567g7689,Successful,0,Real,Windows 10,947,1797,Eastern Standard Time,"ANGLE (Intel, Intel(R) Iris(R) Xe Graphics (0x00009A49) Direct3D11 vs_5_0 ps_5_0, D3D11)",0,17,10,1,128,1.22.33,0,Chrome 132,3,26,26,-1,5,120.96048,60.44086,DEFAULT,1,N/A,2025-01-29T18:39:41.1290000Z,N/A,N/A
713,2025-01-29T18:39:41.1290000Z,851710fe-0e1d-4a72-aedf-f34f032442c1,WPI6_o173817567g7689,Successful,0,Real,Windows 10,947,1797,Eastern Standard Time,"ANGLE (Intel, Intel(R) Iris(R) Xe Graphics (0x00009A49) Direct3D11 vs_5_0 ps_5_0, D3D11)",0,17,10,1,128,1.22.33,0,Chrome 132,3,3,3,-1,6,121.083,72.15778,DEFAULT,1,N/A,2025-01-29T18:39:41.1290000Z,N/A,N/A
714,2025-01-31T20:00:22.3110000Z,851710fe-0e1d-4a72-aedf-f34f032442c1,WPI6_17383534ok19345,Successful,0,Real,Mac OS X 10_15_7,1470,2396,Eastern Standard Time,Apple GPU,0,17,10,1,128,1.22.33,0,Safari 16.6,3,12,12,-1,0,119.977028,113.793571,DEFAULT,1,N/A,2025-01-31T20:00:22.3110000Z,N/A,N/A
715,2025-01-31T20:00:22.3110000Z,851710fe-0e1d-4a72-aedf-f34f032442c1,WPI6_17383534ok19345,Successful,0,Real,Mac OS X 10_15_7,1470,2396,Eastern Standard Time,Apple GPU,0,17,10,1,128,1.22.33,0,Safari 16.6,3,8,8,-1,1,119.165192,110.538918,DEFAULT,1,N/A,2025-01-31T20:00:22.3110000Z,N/A,N/A
716,2025-01-31T20:00:22.3110000Z,851710fe-0e1d-4a72-aedf-f34f032442c1,WPI6_17383534ok19345,Successful,0,Real,Mac OS X 10_15_7,1470,2396,Eastern Standard Time,Apple GPU,0,17,10,1,128,1.22.33,0,Safari 16.6,3,-1,-1,-1,2,118.8571,106.998627,DEFAULT,1,N/A,2025-01-31T20:00:22.3110000Z,N/A,N/A
717,2025-01-31T20:00:22.3110000Z,851710fe-0e1d-4a72-aedf-f34f032442c1,WPI6_17383534ok19345,Successful,0,Real,Mac OS X 10_15_7,1470,2396,Eastern Standard Time,Apple GPU,0,17,10,1,128,1.22.33,0,Safari 16.6,3,7,7,-1,3,119.542755,88.12197,DEFAULT,1,N/A,2025-01-31T20:00:22.3110000Z,N/A,N/A
718,2025-01-31T20:00:22.3110000Z,851710fe-0e1d-4a72-aedf-f34f032442c1,WPI6_17383534ok19345,Successful,0,Real,Mac OS X 10_15_7,1470,2396,Eastern Standard Time,Apple GPU,0,17,10,1,128,1.22.33,0,Safari 16.6,3,74,74,-1,4,118.986877,108.769913,DEFAULT,1,N/A,2025-01-31T20:00:22.3110000Z,N/A,N/A
719,2025-01-31T20:00:22.3110000Z,851710fe-0e1d-4a72-aedf-f34f032442c1,WPI6_17383534ok19345,Successful,0,Real,Mac OS X 10_15_7,1470,2396,Eastern Standard Time,Apple GPU,0,17,10,1,128,1.22.33,0,Safari 16.6,3,6,6,-1,5,119.080421,110.509216,DEFAULT,1,N/A,2025-01-31T20:00:22.3110000Z,N/A,N/A
720,2025-01-31T20:00:22.3110000Z,851710fe-0e1d-4a72-aedf-f34f032442c1,WPI6_17383534ok19345,Successful,0,Real,Mac OS X 10_15_7,1470,2396,Eastern Standard Time,Apple GPU,0,17,10,1,128,1.22.33,0,Safari 16.6,3,26,26,-1,6,119.726341,103.531204,DEFAULT,1,N/A,2025-01-31T20:00:22.3110000Z,N/A,N/A
721,2025-02-01T05:26:24.4730000Z,851710fe-0e1d-4a72-aedf-f34f032442c1,WPI6_173838737tl8734,Successful,0,Real,Windows 10,999,1498,Eastern Standard Time,"ANGLE (Intel, Intel(R) UHD Graphics (0x0000A7A8) Direct3D11 vs_5_0 ps_5_0, D3D11)",0,17,10,1,128,1.22.33,0,Chrome 132,3,12,12,-1,0,87.6505,754.88916,DEFAULT,1,N/A,2025-02-01T05:26:24.4730000Z,N/A,N/A
722,2025-02-01T05:26:24.4730000Z,851710fe-0e1d-4a72-aedf-f34f032442c1,WPI6_173838737tl8734,Successful,0,Real,Windows 10,999,1498,Eastern Standard Time,"ANGLE (Intel, Intel(R) UHD Graphics (0x0000A7A8) Direct3D11 vs_5_0 ps_5_0, D3D11)",0,17,10,1,128,1.22.33,0,Chrome 132,3,73,73,-1,1,81.11737,717.5841,DEFAULT,1,N/A,2025-02-01T05:26:24.4730000Z,N/A,N/A
723,2025-02-01T05:26:24.4730000Z,851710fe-0e1d-4a72-aedf-f34f032442c1,WPI6_173838737tl8734,Successful,0,Real,Windows 10,999,1498,Eastern Standard Time,"ANGLE (Intel, Intel(R) UHD Graphics (0x0000A7A8) Direct3D11 vs_5_0 ps_5_0, D3D11)",0,17,10,1,128,1.22.33,0,Chrome 132,3,97,97,-1,2,80.95622,661.7807,DEFAULT,1,N/A,2025-02-01T05:26:24.4730000Z,N/A,N/A
724,2025-02-01T05:26:24.4730000Z,851710fe-0e1d-4a72-aedf-f34f032442c1,WPI6_173838737tl8734,Successful,0,Real,Windows 10,999,1498,Eastern Standard Time,"ANGLE (Intel, Intel(R) UHD Graphics (0x0000A7A8) Direct3D11 vs_5_0 ps_5_0, D3D11)",0,17,10,1,128,1.22.33,0,Chrome 132,3,-1,-1,-1,3,82.07345,714.462769,DEFAULT,1,N/A,2025-02-01T05:26:24.4730000Z,N/A,N/A
725,2025-02-01T05:26:24.4730000Z,851710fe-0e1d-4a72-aedf-f34f032442c1,WPI6_173838737tl8734,Successful,0,Real,Windows 10,999,1498,Eastern Standard Time,"ANGLE (Intel, Intel(R) UHD Graphics (0x0000A7A8) Direct3D11 vs_5_0 ps_5_0, D3D11)",0,17,10,1,128,1.22.33,0,Chrome 132,3,57,57,-1,4,76.10294,561.866333,DEFAULT,1,N/A,2025-02-01T05:26:24.4730000Z,N/A,N/A
726,2025-02-01T05:26:24.4730000Z,851710fe-0e1d-4a72-aedf-f34f032442c1,WPI6_173838737tl8734,Successful,0,Real,Windows 10,999,1498,Eastern Standard Time,"ANGLE (Intel, Intel(R) UHD Graphics (0x0000A7A8) Direct3D11 vs_5_0 ps_5_0, D3D11)",0,17,10,1,128,1.22.33,0,Chrome 132,3,42,42,-1,5,78.4535446,627.7601,DEFAULT,1,N/A,2025-02-01T05:26:24.4730000Z,N/A,N/A
727,2025-02-01T05:26:24.4730000Z,851710fe-0e1d-4a72-aedf-f34f032442c1,WPI6_173838737tl8734,Successful,0,Real,Windows 10,999,1498,Eastern Standard Time,"ANGLE (Intel, Intel(R) UHD Graphics (0x0000A7A8) Direct3D11 vs_5_0 ps_5_0, D3D11)",0,17,10,1,128,1.22.33,0,Chrome 132,3,74,74,-1,6,79.46786,587.293,DEFAULT,1,N/A,2025-02-01T05:26:24.4730000Z,N/A,N/A
728,2025-02-05T02:09:26.0810000Z,851710fe-0e1d-4a72-aedf-f34f032442c1,WPI6_1738b721104t176,Successful,0,Real,Mac OS X 10_15_7,1338,2396,Eastern Standard Time,"ANGLE (Apple, ANGLE Metal Renderer: Apple M1, Unspecified Version)",0,17,10,1,128,1.22.33,0,Chrome 131,3,12,12,-1,0,120.293579,39.59577,DEFAULT,1,N/A,2025-02-05T02:09:26.0810000Z,N/A,N/A
729,2025-02-05T02:09:26.0810000Z,851710fe-0e1d-4a72-aedf-f34f032442c1,WPI6_1738b721104t176,Successful,0,Real,Mac OS X 10_15_7,1338,2396,Eastern Standard Time,"ANGLE (Apple, ANGLE Metal Renderer: Apple M1, Unspecified Version)",0,17,10,1,128,1.22.33,0,Chrome 131,3,7,7,-1,1,120.439362,52.68905,DEFAULT,1,N/A,2025-02-05T02:09:26.0810000Z,N/A,N/A
730,2025-02-05T02:09:26.0810000Z,851710fe-0e1d-4a72-aedf-f34f032442c1,WPI6_1738b721104t176,Successful,0,Real,Mac OS X 10_15_7,1338,2396,Eastern Standard Time,"ANGLE (Apple, ANGLE Metal Renderer: Apple M1, Unspecified Version)",0,17,10,1,128,1.22.33,0,Chrome 131,3,6,6,-1,2,120.633446,51.2915344,DEFAULT,1,N/A,2025-02-05T02:09:26.0810000Z,N/A,N/A
731,2025-02-05T02:09:26.0810000Z,851710fe-0e1d-4a72-aedf-f34f032442c1,WPI6_1738b721104t176,Successful,0,Real,Mac OS X 10_15_7,1338,2396,Eastern Standard Time,"ANGLE (Apple, ANGLE Metal Renderer: Apple M1, Unspecified Version)",0,17,10,1,128,1.22.33,0,Chrome 131,3,57,57,-1,3,120.485855,40.9506035,DEFAULT,1,N/A,2025-02-05T02:09:26.0810000Z,N/A,N/A
732,2025-02-05T02:09:26.0810000Z,851710fe-0e1d-4a72-aedf-f34f032442c1,WPI6_1738b721104t176,Successful,0,Real,Mac OS X 10_15_7,1338,2396,Eastern Standard Time,"ANGLE (Apple, ANGLE Metal Renderer: Apple M1, Unspecified Version)",0,17,10,1,128,1.22.33,0,Chrome 131,3,26,26,-1,4,120.422623,47.1800461,DEFAULT,1,N/A,2025-02-05T02:09:26.0810000Z,N/A,N/A
733,2025-02-05T02:09:26.0810000Z,851710fe-0e1d-4a72-aedf-f34f032442c1,WPI6_1738b721104t176,Successful,0,Real,Mac OS X 10_15_7,1338,2396,Eastern Standard Time,"ANGLE (Apple, ANGLE Metal Renderer: Apple M1, Unspecified Version)",0,17,10,1,128,1.22.33,0,Chrome 131,3,15,15,-1,5,120.474953,50.34479,DEFAULT,1,N/A,2025-02-05T02:09:26.0810000Z,N/A,N/A
734,2025-02-05T02:09:26.0810000Z,851710fe-0e1d-4a72-aedf-f34f032442c1,WPI6_1738b721104t176,Successful,0,Real,Mac OS X 10_15_7,1338,2396,Eastern Standard Time,"ANGLE (Apple, ANGLE Metal Renderer: Apple M1, Unspecified Version)",0,17,10,1,128,1.22.33,0,Chrome 131,3,-1,-1,-1,6,120.764053,40.6303368,DEFAULT,1,N/A,2025-02-05T02:09:26.0810000Z,N/A,N/A
735,2025-02-06T16:58:39.8890000Z,851710fe-0e1d-4a72-aedf-f34f032442c1,WPI6_1738hs860820486,Successful,0,Real,Windows 10,1280,2396,Eastern Standard Time,"ANGLE (Intel, Intel(R) Iris(R) Xe Graphics (0x0000A7A1) Direct3D11 vs_5_0 ps_5_0, D3D11)",0,17,10,1,128,1.22.33,0,Chrome 132,3,12,12,-1,0,119.838676,113.666206,DEFAULT,1,N/A,2025-02-06T16:58:39.8890000Z,N/A,N/A
736,2025-02-06T16:58:39.8890000Z,851710fe-0e1d-4a72-aedf-f34f032442c1,WPI6_1738hs860820486,Successful,0,Real,Windows 10,1280,2396,Eastern Standard Time,"ANGLE (Intel, Intel(R) Iris(R) Xe Graphics (0x0000A7A1) Direct3D11 vs_5_0 ps_5_0, D3D11)",0,17,10,1,128,1.22.33,0,Chrome 132,3,6,6,-1,1,120.141792,92.91375,DEFAULT,1,N/A,2025-02-06T16:58:39.8890000Z,N/A,N/A
737,2025-02-06T16:58:39.8890000Z,851710fe-0e1d-4a72-aedf-f34f032442c1,WPI6_1738hs860820486,Successful,0,Real,Windows 10,1280,2396,Eastern Standard Time,"ANGLE (Intel, Intel(R) Iris(R) Xe Graphics (0x0000A7A1) Direct3D11 vs_5_0 ps_5_0, D3D11)",0,17,10,1,128,1.22.33,0,Chrome 132,3,-1,-1,-1,2,120.806129,89.3369141,DEFAULT,1,N/A,2025-02-06T16:58:39.8890000Z,N/A,N/A
738,2025-02-06T16:58:39.8890000Z,851710fe-0e1d-4a72-aedf-f34f032442c1,WPI6_1738hs860820486,Successful,0,Real,Windows 10,1280,2396,Eastern Standard Time,"ANGLE (Intel, Intel(R) Iris(R) Xe Graphics (0x0000A7A1) Direct3D11 vs_5_0 ps_5_0, D3D11)",0,17,10,1,128,1.22.33,0,Chrome 132,3,73,73,-1,3,120.344963,89.33106,DEFAULT,1,N/A,2025-02-06T16:58:39.8890000Z,N/A,N/A
739,2025-02-06T16:58:39.8890000Z,851710fe-0e1d-4a72-aedf-f34f032442c1,WPI6_1738hs860820486,Successful,0,Real,Windows 10,1280,2396,Eastern Standard Time,"ANGLE (Intel, Intel(R) Iris(R) Xe Graphics (0x0000A7A1) Direct3D11 vs_5_0 ps_5_0, D3D11)",0,17,10,1,128,1.22.33,0,Chrome 132,3,45,45,-1,4,121.301979,88.92405,DEFAULT,1,N/A,2025-02-06T16:58:39.8890000Z,N/A,N/A
740,2025-02-06T16:58:39.8890000Z,851710fe-0e1d-4a72-aedf-f34f032442c1,WPI6_1738hs860820486,Successful,0,Real,Windows 10,1280,2396,Eastern Standard Time,"ANGLE (Intel, Intel(R) Iris(R) Xe Graphics (0x0000A7A1) Direct3D11 vs_5_0 ps_5_0, D3D11)",0,17,10,1,128,1.22.33,0,Chrome 132,3,35,35,-1,5,121.15049,76.4859543,DEFAULT,1,N/A,2025-02-06T16:58:39.8890000Z,N/A,N/A
741,2025-02-06T16:58:39.8890000Z,851710fe-0e1d-4a72-aedf-f34f032442c1,WPI6_1738hs860820486,Successful,0,Real,Windows 10,1280,2396,Eastern Standard Time,"ANGLE (Intel, Intel(R) Iris(R) Xe Graphics (0x0000A7A1) Direct3D11 vs_5_0 ps_5_0, D3D11)",0,17,10,1,128,1.22.33,0,Chrome 132,3,5,5,-1,6,119.723167,92.0450745,DEFAULT,1,N/A,2025-02-06T16:58:39.8890000Z,N/A,N/A
742,2025-02-06T22:34:31.7910000Z,851710fe-0e1d-4a72-aedf-f34f032442c1,WPI6_17f3888076p6356,Successful,0,Real,Windows 10,799,977,Eastern Standard Time,"ANGLE (NVIDIA, NVIDIA GeForce GTX 1650 (0x00002188) Direct3D11 vs_5_0 ps_5_0, D3D11)",0,17,10,1,128,1.22.33,0,Chrome 132,3,12,12,-1,0,121.81366,41.9467926,DEFAULT,1,N/A,2025-02-06T22:34:31.7910000Z,N/A,N/A
743,2025-02-06T22:34:31.7910000Z,851710fe-0e1d-4a72-aedf-f34f032442c1,WPI6_17f3888076p6356,Successful,0,Real,Windows 10,799,977,Eastern Standard Time,"ANGLE (NVIDIA, NVIDIA GeForce GTX 1650 (0x00002188) Direct3D11 vs_5_0 ps_5_0, D3D11)",0,17,10,1,128,1.22.33,0,Chrome 132,3,5,5,-1,1,122.01606,34.6449623,DEFAULT,1,N/A,2025-02-06T22:34:31.7910000Z,N/A,N/A
744,2025-02-06T22:34:31.7910000Z,851710fe-0e1d-4a72-aedf-f34f032442c1,WPI6_17f3888076p6356,Successful,0,Real,Windows 10,799,977,Eastern Standard Time,"ANGLE (NVIDIA, NVIDIA GeForce GTX 1650 (0x00002188) Direct3D11 vs_5_0 ps_5_0, D3D11)",0,17,10,1,128,1.22.33,0,Chrome 132,3,42,42,-1,2,121.88195,41.6313553,DEFAULT,1,N/A,2025-02-06T22:34:31.7910000Z,N/A,N/A
745,2025-02-06T22:34:31.7910000Z,851710fe-0e1d-4a72-aedf-f34f032442c1,WPI6_17f3888076p6356,Successful,0,Real,Windows 10,799,977,Eastern Standard Time,"ANGLE (NVIDIA, NVIDIA GeForce GTX 1650 (0x00002188) Direct3D11 vs_5_0 ps_5_0, D3D11)",0,17,10,1,128,1.22.33,0,Chrome 132,3,8,8,-1,3,122.4356,34.8676338,DEFAULT,1,N/A,2025-02-06T22:34:31.7910000Z,N/A,N/A
746,2025-02-06T22:34:31.7910000Z,851710fe-0e1d-4a72-aedf-f34f032442c1,WPI6_17f3888076p6356,Successful,0,Real,Windows 10,799,977,Eastern Standard Time,"ANGLE (NVIDIA, NVIDIA GeForce GTX 1650 (0x00002188) Direct3D11 vs_5_0 ps_5_0, D3D11)",0,17,10,1,128,1.22.33,0,Chrome 132,3,6,6,-1,4,121.777832,36.6361771,DEFAULT,1,N/A,2025-02-06T22:34:31.7910000Z,N/A,N/A
747,2025-02-06T22:34:31.7910000Z,851710fe-0e1d-4a72-aedf-f34f032442c1,WPI6_17f3888076p6356,Successful,0,Real,Windows 10,799,977,Eastern Standard Time,"ANGLE (NVIDIA, NVIDIA GeForce GTX 1650 (0x00002188) Direct3D11 vs_5_0 ps_5_0, D3D11)",0,17,10,1,128,1.22.33,0,Chrome 132,3,7,7,-1,5,121.7673,45.799778,DEFAULT,1,N/A,2025-02-06T22:34:31.7910000Z,N/A,N/A
748,2025-02-06T22:34:31.7910000Z,851710fe-0e1d-4a72-aedf-f34f032442c1,WPI6_17f3888076p6356,Successful,0,Real,Windows 10,799,977,Eastern Standard Time,"ANGLE (NVIDIA, NVIDIA GeForce GTX 1650 (0x00002188) Direct3D11 vs_5_0 ps_5_0, D3D11)",0,17,10,1,128,1.22.33,0,Chrome 132,3,-1,-1,-1,6,122.490929,40.86591,DEFAULT,1,N/A,2025-02-06T22:34:31.7910000Z,N/A,N/A
749,2025-02-07T05:20:28.9330000Z,851710fe-0e1d-4a72-aedf-f34f032442c1,WPI6_173p89053d86846,Successful,0,Real,Windows 10,2160,3841,Eastern Standard Time,"ANGLE (Intel, Intel(R) Iris(R) Xe Graphics (0x00009A49) Direct3D11 vs_5_0 ps_5_0, D3D11)",0,17,10,1,128,1.22.33,0,Chrome 132,3,12,12,-1,0,42.01561,814.2083,DEFAULT,1,N/A,2025-02-07T05:20:28.9330000Z,N/A,N/A
750,2025-02-07T05:20:28.9330000Z,851710fe-0e1d-4a72-aedf-f34f032442c1,WPI6_173p89053d86846,Successful,0,Real,Windows 10,2160,3841,Eastern Standard Time,"ANGLE (Intel, Intel(R) Iris(R) Xe Graphics (0x00009A49) Direct3D11 vs_5_0 ps_5_0, D3D11)",0,17,10,1,128,1.22.33,0,Chrome 132,3,-1,-1,-1,1,46.13295,1031.82214,DEFAULT,1,N/A,2025-02-07T05:20:28.9330000Z,N/A,N/A
751,2025-02-07T05:20:28.9330000Z,851710fe-0e1d-4a72-aedf-f34f032442c1,WPI6_173p89053d86846,Successful,0,Real,Windows 10,2160,3841,Eastern Standard Time,"ANGLE (Intel, Intel(R) Iris(R) Xe Graphics (0x00009A49) Direct3D11 vs_5_0 ps_5_0, D3D11)",0,17,10,1,128,1.22.33,0,Chrome 132,3,5,5,-1,2,47.3257065,1020.25372,DEFAULT,1,N/A,2025-02-07T05:20:28.9330000Z,N/A,N/A
752,2025-02-07T05:20:28.9330000Z,851710fe-0e1d-4a72-aedf-f34f032442c1,WPI6_173p89053d86846,Successful,0,Real,Windows 10,2160,3841,Eastern Standard Time,"ANGLE (Intel, Intel(R) Iris(R) Xe Graphics (0x00009A49) Direct3D11 vs_5_0 ps_5_0, D3D11)",0,17,10,1,128,1.22.33,0,Chrome 132,3,97,97,-1,3,43.1118,847.382141,DEFAULT,1,N/A,2025-02-07T05:20:28.9330000Z,N/A,N/A
753,2025-02-07T05:20:28.9330000Z,851710fe-0e1d-4a72-aedf-f34f032442c1,WPI6_173p89053d86846,Successful,0,Real,Windows 10,2160,3841,Eastern Standard Time,"ANGLE (Intel, Intel(R) Iris(R) Xe Graphics (0x00009A49) Direct3D11 vs_5_0 ps_5_0, D3D11)",0,17,10,1,128,1.22.33,0,Chrome 132,3,3,3,-1,4,45.572113,983.680359,DEFAULT,1,N/A,2025-02-07T05:20:28.9330000Z,N/A,N/A
754,2025-02-07T05:20:28.9330000Z,851710fe-0e1d-4a72-aedf-f34f032442c1,WPI6_173p89053d86846,Successful,0,Real,Windows 10,2160,3841,Eastern Standard Time,"ANGLE (Intel, Intel(R) Iris(R) Xe Graphics (0x00009A49) Direct3D11 vs_5_0 ps_5_0, D3D11)",0,17,10,1,128,1.22.33,0,Chrome 132,3,96,96,-1,5,42.9226761,794.2866,DEFAULT,1,N/A,2025-02-07T05:20:28.9330000Z,N/A,N/A
755,2025-02-07T05:20:28.9330000Z,851710fe-0e1d-4a72-aedf-f34f032442c1,WPI6_173p89053d86846,Successful,0,Real,Windows 10,2160,3841,Eastern Standard Time,"ANGLE (Intel, Intel(R) Iris(R) Xe Graphics (0x00009A49) Direct3D11 vs_5_0 ps_5_0, D3D11)",0,17,10,1,128,1.22.33,0,Chrome 132,3,57,57,-1,6,43.55013,830.550232,DEFAULT,1,N/A,2025-02-07T05:20:28.9330000Z,N/A,N/A
756,2025-02-12T21:09:40.1170000Z,851710fe-0e1d-4a72-aedf-f34f032442c1,WPI6_mj1739394319224,Successful,0,Real,Windows 10,608,1198,Eastern Standard Time,"ANGLE (Intel, Intel(R) Iris(R) Plus Graphics (0x00008A52) Direct3D11 vs_5_0 ps_5_0, D3D11)",0,17,10,1,128,1.22.33,0,Chrome 133,3,12,12,-1,0,80.05509,580.2093,DEFAULT,1,N/A,2025-02-12T21:09:40.1170000Z,N/A,N/A
757,2025-02-12T21:09:40.1170000Z,851710fe-0e1d-4a72-aedf-f34f032442c1,WPI6_mj1739394319224,Successful,0,Real,Windows 10,608,1198,Eastern Standard Time,"ANGLE (Intel, Intel(R) Iris(R) Plus Graphics (0x00008A52) Direct3D11 vs_5_0 ps_5_0, D3D11)",0,17,10,1,128,1.22.33,0,Chrome 133,3,42,42,-1,1,72.20551,453.251617,DEFAULT,1,N/A,2025-02-12T21:09:40.1170000Z,N/A,N/A
758,2025-02-12T21:09:40.1170000Z,851710fe-0e1d-4a72-aedf-f34f032442c1,WPI6_mj1739394319224,Successful,0,Real,Windows 10,608,1198,Eastern Standard Time,"ANGLE (Intel, Intel(R) Iris(R) Plus Graphics (0x00008A52) Direct3D11 vs_5_0 ps_5_0, D3D11)",0,17,10,1,128,1.22.33,0,Chrome 133,3,16,16,-1,2,70.8108749,406.77298,DEFAULT,1,N/A,2025-02-12T21:09:40.1170000Z,N/A,N/A
759,2025-02-12T21:09:40.1170000Z,851710fe-0e1d-4a72-aedf-f34f032442c1,WPI6_mj1739394319224,Successful,0,Real,Windows 10,608,1198,Eastern Standard Time,"ANGLE (Intel, Intel(R) Iris(R) Plus Graphics (0x00008A52) Direct3D11 vs_5_0 ps_5_0, D3D11)",0,17,10,1,128,1.22.33,0,Chrome 133,3,-1,-1,-1,3,79.66261,638.620056,DEFAULT,1,N/A,2025-02-12T21:09:40.1170000Z,N/A,N/A
760,2025-02-12T21:09:40.1170000Z,851710fe-0e1d-4a72-aedf-f34f032442c1,WPI6_mj1739394319224,Successful,0,Real,Windows 10,608,1198,Eastern Standard Time,"ANGLE (Intel, Intel(R) Iris(R) Plus Graphics (0x00008A52) Direct3D11 vs_5_0 ps_5_0, D3D11)",0,17,10,1,128,1.22.33,0,Chrome 133,3,97,97,-1,4,71.13574,446.891785,DEFAULT,1,N/A,2025-02-12T21:09:40.1170000Z,N/A,N/A
761,2025-02-12T21:09:40.1170000Z,851710fe-0e1d-4a72-aedf-f34f032442c1,WPI6_mj1739394319224,Successful,0,Real,Windows 10,608,1198,Eastern Standard Time,"ANGLE (Intel, Intel(R) Iris(R) Plus Graphics (0x00008A52) Direct3D11 vs_5_0 ps_5_0, D3D11)",0,17,10,1,128,1.22.33,0,Chrome 133,3,8,8,-1,5,71.098526,387.027161,DEFAULT,1,N/A,2025-02-12T21:09:40.1170000Z,N/A,N/A
762,2025-02-12T21:09:40.1170000Z,851710fe-0e1d-4a72-aedf-f34f032442c1,WPI6_mj1739394319224,Successful,0,Real,Windows 10,608,1198,Eastern Standard Time,"ANGLE (Intel, Intel(R) Iris(R) Plus Graphics (0x00008A52) Direct3D11 vs_5_0 ps_5_0, D3D11)",0,17,10,1,128,1.22.33,0,Chrome 133,3,74,74,-1,6,69.40702,354.2037,DEFAULT,1,N/A,2025-02-12T21:09:40.1170000Z,N/A,N/A
763,2025-02-15T18:08:10.0840000Z,851710fe-0e1d-4a72-aedf-f34f032442c1,WPI6_17396q4267631u4,Successful,0,Real,Windows 10,1011,1797,Eastern Standard Time,"ANGLE (Intel, Intel(R) Arc(TM) Graphics (0x00007D55) Direct3D11 vs_5_0 ps_5_0, D3D11)",0,17,10,1,128,1.22.33,0,Chrome 132,3,12,12,-1,0,116.91378,193.636017,DEFAULT,1,N/A,2025-02-15T18:08:10.0840000Z,N/A,N/A
764,2025-02-15T18:08:10.0840000Z,851710fe-0e1d-4a72-aedf-f34f032442c1,WPI6_17396q4267631u4,Successful,0,Real,Windows 10,1011,1797,Eastern Standard Time,"ANGLE (Intel, Intel(R) Arc(TM) Graphics (0x00007D55) Direct3D11 vs_5_0 ps_5_0, D3D11)",0,17,10,1,128,1.22.33,0,Chrome 132,3,26,26,-1,1,118.637161,87.22959,DEFAULT,1,N/A,2025-02-15T18:08:10.0840000Z,N/A,N/A
765,2025-02-15T18:08:10.0840000Z,851710fe-0e1d-4a72-aedf-f34f032442c1,WPI6_17396q4267631u4,Successful,0,Real,Windows 10,1011,1797,Eastern Standard Time,"ANGLE (Intel, Intel(R) Arc(TM) Graphics (0x00007D55) Direct3D11 vs_5_0 ps_5_0, D3D11)",0,17,10,1,128,1.22.33,0,Chrome 132,3,57,57,-1,2,115.887962,203.487915,DEFAULT,1,N/A,2025-02-15T18:08:10.0840000Z,N/A,N/A
766,2025-02-15T18:08:10.0840000Z,851710fe-0e1d-4a72-aedf-f34f032442c1,WPI6_17396q4267631u4,Successful,0,Real,Windows 10,1011,1797,Eastern Standard Time,"ANGLE (Intel, Intel(R) Arc(TM) Graphics (0x00007D55) Direct3D11 vs_5_0 ps_5_0, D3D11)",0,17,10,1,128,1.22.33,0,Chrome 132,3,-1,-1,-1,3,116.755051,180.936462,DEFAULT,1,N/A,2025-02-15T18:08:10.0840000Z,N/A,N/A
767,2025-02-15T18:08:10.0840000Z,851710fe-0e1d-4a72-aedf-f34f032442c1,WPI6_17396q4267631u4,Successful,0,Real,Windows 10,1011,1797,Eastern Standard Time,"ANGLE (Intel, Intel(R) Arc(TM) Graphics (0x00007D55) Direct3D11 vs_5_0 ps_5_0, D3D11)",0,17,10,1,128,1.22.33,0,Chrome 132,3,97,87,-1,4,117.201828,112.895538,DEFAULT,0,N/A,2025-02-15T18:08:10.0840000Z,N/A,N/A
768,2025-02-15T18:08:10.0840000Z,851710fe-0e1d-4a72-aedf-f34f032442c1,WPI6_17396q4267631u4,Successful,0,Real,Windows 10,1011,1797,Eastern Standard Time,"ANGLE (Intel, Intel(R) Arc(TM) Graphics (0x00007D55) Direct3D11 vs_5_0 ps_5_0, D3D11)",0,17,10,1,128,1.22.33,0,Chrome 132,3,5,5,-1,5,119.968239,49.1481056,DEFAULT,1,N/A,2025-02-15T18:08:10.0840000Z,N/A,N/A
769,2025-02-15T18:08:10.0840000Z,851710fe-0e1d-4a72-aedf-f34f032442c1,WPI6_17396q4267631u4,Successful,0,Real,Windows 10,1011,1797,Eastern Standard Time,"ANGLE (Intel, Intel(R) Arc(TM) Graphics (0x00007D55) Direct3D11 vs_5_0 ps_5_0, D3D11)",0,17,10,1,128,1.22.33,0,Chrome 132,3,7,7,-1,6,116.451607,151.147186,DEFAULT,1,N/A,2025-02-15T18:08:10.0840000Z,N/A,N/A
770,2025-02-16T22:32:41.7320000Z,851710fe-0e1d-4a72-aedf-f34f032442c1,WPI6_kp1739744908873,Successful,0,Real,Windows 10,998,1498,Eastern Standard Time,"ANGLE (NVIDIA, NVIDIA GeForce RTX 4060 Laptop GPU (0x000028A0) Direct3D11 vs_5_0 ps_5_0, D3D11)",0,17,10,1,128,1.22.33,0,Chrome 133,3,12,12,-1,0,120.997856,63.0732536,DEFAULT,1,N/A,2025-02-16T22:32:41.7320000Z,N/A,N/A
771,2025-02-16T22:32:41.7320000Z,851710fe-0e1d-4a72-aedf-f34f032442c1,WPI6_kp1739744908873,Successful,0,Real,Windows 10,998,1498,Eastern Standard Time,"ANGLE (NVIDIA, NVIDIA GeForce RTX 4060 Laptop GPU (0x000028A0) Direct3D11 vs_5_0 ps_5_0, D3D11)",0,17,10,1,128,1.22.33,0,Chrome 133,3,74,74,-1,1,120.883171,49.73882,DEFAULT,1,N/A,2025-02-16T22:32:41.7320000Z,N/A,N/A
772,2025-02-16T22:32:41.7320000Z,851710fe-0e1d-4a72-aedf-f34f032442c1,WPI6_kp1739744908873,Successful,0,Real,Windows 10,998,1498,Eastern Standard Time,"ANGLE (NVIDIA, NVIDIA GeForce RTX 4060 Laptop GPU (0x000028A0) Direct3D11 vs_5_0 ps_5_0, D3D11)",0,17,10,1,128,1.22.33,0,Chrome 133,3,-1,-1,-1,2,120.494118,53.747303,DEFAULT,1,N/A,2025-02-16T22:32:41.7320000Z,N/A,N/A
773,2025-02-16T22:32:41.7320000Z,851710fe-0e1d-4a72-aedf-f34f032442c1,WPI6_kp1739744908873,Successful,0,Real,Windows 10,998,1498,Eastern Standard Time,"ANGLE (NVIDIA, NVIDIA GeForce RTX 4060 Laptop GPU (0x000028A0) Direct3D11 vs_5_0 ps_5_0, D3D11)",0,17,10,1,128,1.22.33,0,Chrome 133,3,97,97,-1,3,120.454041,48.57554,DEFAULT,1,N/A,2025-02-16T22:32:41.7320000Z,N/A,N/A
774,2025-02-16T22:32:41.7320000Z,851710fe-0e1d-4a72-aedf-f34f032442c1,WPI6_kp1739744908873,Successful,0,Real,Windows 10,998,1498,Eastern Standard Time,"ANGLE (NVIDIA, NVIDIA GeForce RTX 4060 Laptop GPU (0x000028A0) Direct3D11 vs_5_0 ps_5_0, D3D11)",0,17,10,1,128,1.22.33,0,Chrome 133,3,16,16,-1,4,121.219482,55.0861435,DEFAULT,1,N/A,2025-02-16T22:32:41.7320000Z,N/A,N/A
775,2025-02-16T22:32:41.7320000Z,851710fe-0e1d-4a72-aedf-f34f032442c1,WPI6_kp1739744908873,Successful,0,Real,Windows 10,998,1498,Eastern Standard Time,"ANGLE (NVIDIA, NVIDIA GeForce RTX 4060 Laptop GPU (0x000028A0) Direct3D11 vs_5_0 ps_5_0, D3D11)",0,17,10,1,128,1.22.33,0,Chrome 133,3,6,6,-1,5,120.33831,52.02011,DEFAULT,1,N/A,2025-02-16T22:32:41.7320000Z,N/A,N/A
776,2025-02-16T22:32:41.7320000Z,851710fe-0e1d-4a72-aedf-f34f032442c1,WPI6_kp1739744908873,Successful,0,Real,Windows 10,998,1498,Eastern Standard Time,"ANGLE (NVIDIA, NVIDIA GeForce RTX 4060 Laptop GPU (0x000028A0) Direct3D11 vs_5_0 ps_5_0, D3D11)",0,17,10,1,128,1.22.33,0,Chrome 133,3,26,26,-1,6,120.49276,50.7502136,DEFAULT,1,N/A,2025-02-16T22:32:41.7320000Z,N/A,N/A
777,2025-02-19T02:48:18.7640000Z,851710fe-0e1d-4a72-aedf-f34f032442c1,WPI6_173l993m3129573,Successful,0,Real,Windows 10,1530,2396,Eastern Standard Time,"ANGLE (Intel, Intel(R) Iris(R) Xe Graphics (0x00009A49) Direct3D11 vs_5_0 ps_5_0, D3D11)",0,17,9,1,128,1.22.33,0,Chrome 133,3,12,12,-1,0,59.44956,115.795975,DEFAULT,1,N/A,2025-02-19T02:48:18.7640000Z,N/A,N/A
778,2025-02-19T02:48:18.7640000Z,851710fe-0e1d-4a72-aedf-f34f032442c1,WPI6_173l993m3129573,Successful,0,Real,Windows 10,1530,2396,Eastern Standard Time,"ANGLE (Intel, Intel(R) Iris(R) Xe Graphics (0x00009A49) Direct3D11 vs_5_0 ps_5_0, D3D11)",0,17,9,1,128,1.22.33,0,Chrome 133,3,5,5,-1,1,60.44782,71.05704,DEFAULT,1,N/A,2025-02-19T02:48:18.7640000Z,N/A,N/A
779,2025-02-19T02:48:18.7640000Z,851710fe-0e1d-4a72-aedf-f34f032442c1,WPI6_173l993m3129573,Successful,0,Real,Windows 10,1530,2396,Eastern Standard Time,"ANGLE (Intel, Intel(R) Iris(R) Xe Graphics (0x00009A49) Direct3D11 vs_5_0 ps_5_0, D3D11)",0,17,9,1,128,1.22.33,0,Chrome 133,3,-1,49,-1,2,61.5506477,86.01958,DEFAULT,0,N/A,2025-02-19T02:48:18.7640000Z,N/A,N/A
780,2025-02-19T02:48:18.7640000Z,851710fe-0e1d-4a72-aedf-f34f032442c1,WPI6_173l993m3129573,Successful,0,Real,Windows 10,1530,2396,Eastern Standard Time,"ANGLE (Intel, Intel(R) Iris(R) Xe Graphics (0x00009A49) Direct3D11 vs_5_0 ps_5_0, D3D11)",0,17,9,1,128,1.22.33,0,Chrome 133,3,8,8,-1,3,61.7510872,80.93764,DEFAULT,1,N/A,2025-02-19T02:48:18.7640000Z,N/A,N/A
781,2025-02-19T02:48:18.7640000Z,851710fe-0e1d-4a72-aedf-f34f032442c1,WPI6_173l993m3129573,Successful,0,Real,Windows 10,1530,2396,Eastern Standard Time,"ANGLE (Intel, Intel(R) Iris(R) Xe Graphics (0x00009A49) Direct3D11 vs_5_0 ps_5_0, D3D11)",0,17,9,1,128,1.22.33,0,Chrome 133,3,45,45,-1,4,60.49594,41.8054161,DEFAULT,1,N/A,2025-02-19T02:48:18.7640000Z,N/A,N/A
782,2025-02-19T02:48:18.7640000Z,851710fe-0e1d-4a72-aedf-f34f032442c1,WPI6_173l993m3129573,Successful,0,Real,Windows 10,1530,2396,Eastern Standard Time,"ANGLE (Intel, Intel(R) Iris(R) Xe Graphics (0x00009A49) Direct3D11 vs_5_0 ps_5_0, D3D11)",0,17,9,1,128,1.22.33,0,Chrome 133,3,5,5,-1,5,60.4115143,39.5993462,DEFAULT,1,N/A,2025-02-19T02:48:18.7640000Z,N/A,N/A
783,2025-02-19T02:48:18.7640000Z,851710fe-0e1d-4a72-aedf-f34f032442c1,WPI6_173l993m3129573,Successful,0,Real,Windows 10,1530,2396,Eastern Standard Time,"ANGLE (Intel, Intel(R) Iris(R) Xe Graphics (0x00009A49) Direct3D11 vs_5_0 ps_5_0, D3D11)",0,17,9,1,128,1.22.33,0,Chrome 133,3,26,26,-1,6,59.79751,100.377312,DEFAULT,1,N/A,2025-02-19T02:48:18.7640000Z,N/A,N/A
784,2025-02-22T02:57:29.0760000Z,851710fe-0e1d-4a72-aedf-f34f032442c1,WPI6_1qv740192824504,Successful,0,Real,Mac OS X 10_15_7,1530,1954,Eastern Standard Time,"ANGLE (Apple, ANGLE Metal Renderer: Apple M2, Unspecified Version)",0,17,10,1,128,1.22.33,0,Chrome 131,3,12,12,-1,0,121.692734,26.5912361,DEFAULT,1,N/A,2025-02-22T02:57:29.0760000Z,N/A,N/A
785,2025-02-22T02:57:29.0760000Z,851710fe-0e1d-4a72-aedf-f34f032442c1,WPI6_1qv740192824504,Successful,0,Real,Mac OS X 10_15_7,1530,1954,Eastern Standard Time,"ANGLE (Apple, ANGLE Metal Renderer: Apple M2, Unspecified Version)",0,17,10,1,128,1.22.33,0,Chrome 131,3,8,8,-1,1,122.777954,22.9635754,DEFAULT,1,N/A,2025-02-22T02:57:29.0760000Z,N/A,N/A
786,2025-02-22T02:57:29.0760000Z,851710fe-0e1d-4a72-aedf-f34f032442c1,WPI6_1qv740192824504,Successful,0,Real,Mac OS X 10_15_7,1530,1954,Eastern Standard Time,"ANGLE (Apple, ANGLE Metal Renderer: Apple M2, Unspecified Version)",0,17,10,1,128,1.22.33,0,Chrome 131,3,6,6,-1,2,121.881538,29.74509,DEFAULT,1,N/A,2025-02-22T02:57:29.0760000Z,N/A,N/A
787,2025-02-22T02:57:29.0760000Z,851710fe-0e1d-4a72-aedf-f34f032442c1,WPI6_1qv740192824504,Successful,0,Real,Mac OS X 10_15_7,1530,1954,Eastern Standard Time,"ANGLE (Apple, ANGLE Metal Renderer: Apple M2, Unspecified Version)",0,17,10,1,128,1.22.33,0,Chrome 131,3,7,7,-1,3,120.162109,26.9576168,DEFAULT,1,N/A,2025-02-22T02:57:29.0760000Z,N/A,N/A
788,2025-02-22T02:57:29.0760000Z,851710fe-0e1d-4a72-aedf-f34f032442c1,WPI6_1qv740192824504,Successful,0,Real,Mac OS X 10_15_7,1530,1954,Eastern Standard Time,"ANGLE (Apple, ANGLE Metal Renderer: Apple M2, Unspecified Version)",0,17,10,1,128,1.22.33,0,Chrome 131,3,15,15,-1,4,120.234169,31.4420147,DEFAULT,1,N/A,2025-02-22T02:57:29.0760000Z,N/A,N/A
789,2025-02-22T02:57:29.0760000Z,851710fe-0e1d-4a72-aedf-f34f032442c1,WPI6_1qv740192824504,Successful,0,Real,Mac OS X 10_15_7,1530,1954,Eastern Standard Time,"ANGLE (Apple, ANGLE Metal Renderer: Apple M2, Unspecified Version)",0,17,10,1,128,1.22.33,0,Chrome 131,3,35,35,-1,5,120.267693,30.40863,DEFAULT,1,N/A,2025-02-22T02:57:29.0760000Z,N/A,N/A
790,2025-02-22T02:57:29.0760000Z,851710fe-0e1d-4a72-aedf-f34f032442c1,WPI6_1qv740192824504,Successful,0,Real,Mac OS X 10_15_7,1530,1954,Eastern Standard Time,"ANGLE (Apple, ANGLE Metal Renderer: Apple M2, Unspecified Version)",0,17,10,1,128,1.22.33,0,Chrome 131,3,-1,-1,-1,6,120.6041,25.7315369,DEFAULT,1,N/A,2025-02-22T02:57:29.0760000Z,N/A,N/A
791,2025-02-24T04:27:33.1110000Z,851710fe-0e1d-4a72-aedf-f34f032442c1,WPI6_j1740370837d880,Successful,0,Real,Windows 10,998,1797,Eastern Standard Time,"ANGLE (Intel, Intel(R) Iris(R) Xe Graphics (0x000046A8) Direct3D11 vs_5_0 ps_5_0, D3D11)",0,17,10,1,128,1.22.33,0,Chrome 133,3,12,12,-1,0,113.910576,153.300186,DEFAULT,1,N/A,2025-02-24T04:27:33.1110000Z,N/A,N/A
792,2025-02-24T04:27:33.1110000Z,851710fe-0e1d-4a72-aedf-f34f032442c1,WPI6_j1740370837d880,Successful,0,Real,Windows 10,998,1797,Eastern Standard Time,"ANGLE (Intel, Intel(R) Iris(R) Xe Graphics (0x000046A8) Direct3D11 vs_5_0 ps_5_0, D3D11)",0,17,10,1,128,1.22.33,0,Chrome 133,3,57,57,-1,1,112.589523,173.790741,DEFAULT,1,N/A,2025-02-24T04:27:33.1110000Z,N/A,N/A
793,2025-02-24T04:27:33.1110000Z,851710fe-0e1d-4a72-aedf-f34f032442c1,WPI6_j1740370837d880,Successful,0,Real,Windows 10,998,1797,Eastern Standard Time,"ANGLE (Intel, Intel(R) Iris(R) Xe Graphics (0x000046A8) Direct3D11 vs_5_0 ps_5_0, D3D11)",0,17,10,1,128,1.22.33,0,Chrome 133,3,15,15,-1,2,111.058113,174.935974,DEFAULT,1,N/A,2025-02-24T04:27:33.1110000Z,N/A,N/A
794,2025-02-24T04:27:33.1110000Z,851710fe-0e1d-4a72-aedf-f34f032442c1,WPI6_j1740370837d880,Successful,0,Real,Windows 10,998,1797,Eastern Standard Time,"ANGLE (Intel, Intel(R) Iris(R) Xe Graphics (0x000046A8) Direct3D11 vs_5_0 ps_5_0, D3D11)",0,17,10,1,128,1.22.33,0,Chrome 133,3,45,45,-1,3,111.656639,192.760544,DEFAULT,1,N/A,2025-02-24T04:27:33.1110000Z,N/A,N/A
795,2025-02-24T04:27:33.1110000Z,851710fe-0e1d-4a72-aedf-f34f032442c1,WPI6_j1740370837d880,Successful,0,Real,Windows 10,998,1797,Eastern Standard Time,"ANGLE (Intel, Intel(R) Iris(R) Xe Graphics (0x000046A8) Direct3D11 vs_5_0 ps_5_0, D3D11)",0,17,10,1,128,1.22.33,0,Chrome 133,3,-1,-1,-1,4,113.749786,154.569519,DEFAULT,1,N/A,2025-02-24T04:27:33.1110000Z,N/A,N/A
796,2025-02-24T04:27:33.1110000Z,851710fe-0e1d-4a72-aedf-f34f032442c1,WPI6_j1740370837d880,Successful,0,Real,Windows 10,998,1797,Eastern Standard Time,"ANGLE (Intel, Intel(R) Iris(R) Xe Graphics (0x000046A8) Direct3D11 vs_5_0 ps_5_0, D3D11)",0,17,10,1,128,1.22.33,0,Chrome 133,3,35,35,-1,5,115.577667,127.335938,DEFAULT,1,N/A,2025-02-24T04:27:33.1110000Z,N/A,N/A
797,2025-02-24T04:27:33.1110000Z,851710fe-0e1d-4a72-aedf-f34f032442c1,WPI6_j1740370837d880,Successful,0,Real,Windows 10,998,1797,Eastern Standard Time,"ANGLE (Intel, Intel(R) Iris(R) Xe Graphics (0x000046A8) Direct3D11 vs_5_0 ps_5_0, D3D11)",0,17,10,1,128,1.22.33,0,Chrome 133,3,5,5,-1,6,115.45208,134.031967,DEFAULT,1,N/A,2025-02-24T04:27:33.1110000Z,N/A,N/A
798,2025-02-24T20:30:40.4370000Z,851710fe-0e1d-4a72-aedf-f34f032442c1,WPI6_174042qp8665997,Successful,0,Real,Windows 10,999,1498,Eastern Standard Time,"ANGLE (Intel, Intel(R) Arc(TM) Graphics (0x00007D55) Direct3D11 vs_5_0 ps_5_0, D3D11)",0,17,10,1,128,1.22.33,0,Chrome 133,3,12,12,-1,0,120.739113,71.02211,DEFAULT,1,N/A,2025-02-24T20:30:40.4370000Z,N/A,N/A
799,2025-02-24T20:30:40.4370000Z,851710fe-0e1d-4a72-aedf-f34f032442c1,WPI6_174042qp8665997,Successful,0,Real,Windows 10,999,1498,Eastern Standard Time,"ANGLE (Intel, Intel(R) Arc(TM) Graphics (0x00007D55) Direct3D11 vs_5_0 ps_5_0, D3D11)",0,17,10,1,128,1.22.33,0,Chrome 133,3,7,77,-1,1,120.033081,77.6355743,DEFAULT,0,N/A,2025-02-24T20:30:40.4370000Z,N/A,N/A
800,2025-02-24T20:30:40.4370000Z,851710fe-0e1d-4a72-aedf-f34f032442c1,WPI6_174042qp8665997,Successful,0,Real,Windows 10,999,1498,Eastern Standard Time,"ANGLE (Intel, Intel(R) Arc(TM) Graphics (0x00007D55) Direct3D11 vs_5_0 ps_5_0, D3D11)",0,17,10,1,128,1.22.33,0,Chrome 133,3,97,97,-1,2,120.863617,66.91731,DEFAULT,1,N/A,2025-02-24T20:30:40.4370000Z,N/A,N/A
801,2025-02-24T20:30:40.4370000Z,851710fe-0e1d-4a72-aedf-f34f032442c1,WPI6_174042qp8665997,Successful,0,Real,Windows 10,999,1498,Eastern Standard Time,"ANGLE (Intel, Intel(R) Arc(TM) Graphics (0x00007D55) Direct3D11 vs_5_0 ps_5_0, D3D11)",0,17,10,1,128,1.22.33,0,Chrome 133,3,15,15,-1,3,120.476654,64.5472,DEFAULT,1,N/A,2025-02-24T20:30:40.4370000Z,N/A,N/A
802,2025-02-24T20:30:40.4370000Z,851710fe-0e1d-4a72-aedf-f34f032442c1,WPI6_174042qp8665997,Successful,0,Real,Windows 10,999,1498,Eastern Standard Time,"ANGLE (Intel, Intel(R) Arc(TM) Graphics (0x00007D55) Direct3D11 vs_5_0 ps_5_0, D3D11)",0,17,10,1,128,1.22.33,0,Chrome 133,3,96,96,-1,4,119.971619,74.24693,DEFAULT,1,N/A,2025-02-24T20:30:40.4370000Z,N/A,N/A
803,2025-02-24T20:30:40.4370000Z,851710fe-0e1d-4a72-aedf-f34f032442c1,WPI6_174042qp8665997,Successful,0,Real,Windows 10,999,1498,Eastern Standard Time,"ANGLE (Intel, Intel(R) Arc(TM) Graphics (0x00007D55) Direct3D11 vs_5_0 ps_5_0, D3D11)",0,17,10,1,128,1.22.33,0,Chrome 133,3,8,8,-1,5,121.40403,82.96122,DEFAULT,1,N/A,2025-02-24T20:30:40.4370000Z,N/A,N/A
804,2025-02-24T20:30:40.4370000Z,851710fe-0e1d-4a72-aedf-f34f032442c1,WPI6_174042qp8665997,Successful,0,Real,Windows 10,999,1498,Eastern Standard Time,"ANGLE (Intel, Intel(R) Arc(TM) Graphics (0x00007D55) Direct3D11 vs_5_0 ps_5_0, D3D11)",0,17,10,1,128,1.22.33,0,Chrome 133,3,-1,-1,-1,6,120.386063,60.5707169,DEFAULT,1,N/A,2025-02-24T20:30:40.4370000Z,N/A,N/A
805,2025-02-25T23:19:49.0570000Z,851710fe-0e1d-4a72-aedf-f34f032442c1,WPI6_1740524s9759r04,Successful,0,Real,Windows 10,869,1498,Eastern Standard Time,"ANGLE (Google, Vulkan 1.3.0 (SwiftShader Device (Subzero) (0x0000C0DE)), SwiftShader driver)",0,17,10,1,128,1.22.33,0,Chrome 133,3,12,12,-1,0,45.39711,2340.32837,DEFAULT,1,N/A,2025-02-25T23:19:49.0570000Z,N/A,N/A
806,2025-02-25T23:19:49.0570000Z,851710fe-0e1d-4a72-aedf-f34f032442c1,WPI6_1740524s9759r04,Successful,0,Real,Windows 10,869,1498,Eastern Standard Time,"ANGLE (Google, Vulkan 1.3.0 (SwiftShader Device (Subzero) (0x0000C0DE)), SwiftShader driver)",0,17,10,1,128,1.22.33,0,Chrome 133,3,7,7,-1,1,42.31701,2251.13721,DEFAULT,1,N/A,2025-02-25T23:19:49.0570000Z,N/A,N/A
807,2025-02-25T23:19:49.0570000Z,851710fe-0e1d-4a72-aedf-f34f032442c1,WPI6_1740524s9759r04,Successful,0,Real,Windows 10,869,1498,Eastern Standard Time,"ANGLE (Google, Vulkan 1.3.0 (SwiftShader Device (Subzero) (0x0000C0DE)), SwiftShader driver)",0,17,10,1,128,1.22.33,0,Chrome 133,3,6,6,-1,2,36.37126,2020.829,DEFAULT,1,N/A,2025-02-25T23:19:49.0570000Z,N/A,N/A
808,2025-02-25T23:19:49.0570000Z,851710fe-0e1d-4a72-aedf-f34f032442c1,WPI6_1740524s9759r04,Successful,0,Real,Windows 10,869,1498,Eastern Standard Time,"ANGLE (Google, Vulkan 1.3.0 (SwiftShader Device (Subzero) (0x0000C0DE)), SwiftShader driver)",0,17,10,1,128,1.22.33,0,Chrome 133,3,15,15,-1,3,44.90092,2550.5354,DEFAULT,1,N/A,2025-02-25T23:19:49.0570000Z,N/A,N/A
809,2025-02-25T23:19:49.0570000Z,851710fe-0e1d-4a72-aedf-f34f032442c1,WPI6_1740524s9759r04,Successful,0,Real,Windows 10,869,1498,Eastern Standard Time,"ANGLE (Google, Vulkan 1.3.0 (SwiftShader Device (Subzero) (0x0000C0DE)), SwiftShader driver)",0,17,10,1,128,1.22.33,0,Chrome 133,3,-1,-1,-1,4,43.5484047,2314.27563,DEFAULT,1,N/A,2025-02-25T23:19:49.0570000Z,N/A,N/A
810,2025-02-25T23:19:49.0570000Z,851710fe-0e1d-4a72-aedf-f34f032442c1,WPI6_1740524s9759r04,Successful,0,Real,Windows 10,869,1498,Eastern Standard Time,"ANGLE (Google, Vulkan 1.3.0 (SwiftShader Device (Subzero) (0x0000C0DE)), SwiftShader driver)",0,17,10,1,128,1.22.33,0,Chrome 133,3,35,35,-1,5,43.99066,2291.03687,DEFAULT,1,N/A,2025-02-25T23:19:49.0570000Z,N/A,N/A
811,2025-02-25T23:19:49.0570000Z,851710fe-0e1d-4a72-aedf-f34f032442c1,WPI6_1740524s9759r04,Successful,0,Real,Windows 10,869,1498,Eastern Standard Time,"ANGLE (Google, Vulkan 1.3.0 (SwiftShader Device (Subzero) (0x0000C0DE)), SwiftShader driver)",0,17,10,1,128,1.22.33,0,Chrome 133,3,8,8,-1,6,33.46918,1855.22522,DEFAULT,1,N/A,2025-02-25T23:19:49.0570000Z,N/A,N/A
812,2025-02-26T20:44:50.8400000Z,851710fe-0e1d-4a72-aedf-f34f032442c1,WPI6_17406022rb74018,Successful,0,Real,Mac OS X 10_15_7,1598,2396,Eastern Standard Time,"ANGLE (Apple, ANGLE Metal Renderer: Apple M1, Unspecified Version)",0,17,10,1,128,1.22.33,0,Chrome 133,3,12,12,-1,0,120.529083,49.791008,DEFAULT,1,N/A,2025-02-26T20:44:50.8400000Z,N/A,N/A
813,2025-02-26T20:44:50.8400000Z,851710fe-0e1d-4a72-aedf-f34f032442c1,WPI6_17406022rb74018,Successful,0,Real,Mac OS X 10_15_7,1598,2396,Eastern Standard Time,"ANGLE (Apple, ANGLE Metal Renderer: Apple M1, Unspecified Version)",0,17,10,1,128,1.22.33,0,Chrome 133,3,42,42,-1,1,120.476173,60.0985641,DEFAULT,1,N/A,2025-02-26T20:44:50.8400000Z,N/A,N/A
814,2025-02-26T20:44:50.8400000Z,851710fe-0e1d-4a72-aedf-f34f032442c1,WPI6_17406022rb74018,Successful,0,Real,Mac OS X 10_15_7,1598,2396,Eastern Standard Time,"ANGLE (Apple, ANGLE Metal Renderer: Apple M1, Unspecified Version)",0,17,10,1,128,1.22.33,0,Chrome 133,3,15,15,-1,2,120.5711,63.3068962,DEFAULT,1,N/A,2025-02-26T20:44:50.8400000Z,N/A,N/A
815,2025-02-26T20:44:50.8400000Z,851710fe-0e1d-4a72-aedf-f34f032442c1,WPI6_17406022rb74018,Successful,0,Real,Mac OS X 10_15_7,1598,2396,Eastern Standard Time,"ANGLE (Apple, ANGLE Metal Renderer: Apple M1, Unspecified Version)",0,17,10,1,128,1.22.33,0,Chrome 133,3,6,6,-1,3,120.391037,49.0689926,DEFAULT,1,N/A,2025-02-26T20:44:50.8400000Z,N/A,N/A
816,2025-02-26T20:44:50.8400000Z,851710fe-0e1d-4a72-aedf-f34f032442c1,WPI6_17406022rb74018,Successful,0,Real,Mac OS X 10_15_7,1598,2396,Eastern Standard Time,"ANGLE (Apple, ANGLE Metal Renderer: Apple M1, Unspecified Version)",0,17,10,1,128,1.22.33,0,Chrome 133,3,2,2,-1,4,120.213791,52.2348328,DEFAULT,1,N/A,2025-02-26T20:44:50.8400000Z,N/A,N/A
817,2025-02-26T20:44:50.8400000Z,851710fe-0e1d-4a72-aedf-f34f032442c1,WPI6_17406022rb74018,Successful,0,Real,Mac OS X 10_15_7,1598,2396,Eastern Standard Time,"ANGLE (Apple, ANGLE Metal Renderer: Apple M1, Unspecified Version)",0,17,10,1,128,1.22.33,0,Chrome 133,3,-1,-1,-1,5,120.470345,55.28816,DEFAULT,1,N/A,2025-02-26T20:44:50.8400000Z,N/A,N/A
818,2025-02-26T20:44:50.8400000Z,851710fe-0e1d-4a72-aedf-f34f032442c1,WPI6_17406022rb74018,Successful,0,Real,Mac OS X 10_15_7,1598,2396,Eastern Standard Time,"ANGLE (Apple, ANGLE Metal Renderer: Apple M1, Unspecified Version)",0,17,10,1,128,1.22.33,0,Chrome 133,3,73,73,-1,6,120.671013,52.0079575,DEFAULT,1,N/A,2025-02-26T20:44:50.8400000Z,N/A,N/A
819,2025-02-27T01:12:03.4040000Z,851710fe-0e1d-4a72-aedf-f34f032442c1,WPI6_1740i61853a0874,Successful,0,Real,Mac OS X 10_15_7,1458,2232,Eastern Standard Time,"ANGLE (Apple, ANGLE Metal Renderer: Apple M2, Unspecified Version)",0,17,10,1,128,1.22.33,0,Chrome 133,3,12,12,-1,0,120.321083,43.78818,DEFAULT,1,N/A,2025-02-27T01:12:03.4040000Z,N/A,N/A
820,2025-02-27T01:12:03.4040000Z,851710fe-0e1d-4a72-aedf-f34f032442c1,WPI6_1740i61853a0874,Successful,0,Real,Mac OS X 10_15_7,1458,2232,Eastern Standard Time,"ANGLE (Apple, ANGLE Metal Renderer: Apple M2, Unspecified Version)",0,17,10,1,128,1.22.33,0,Chrome 133,3,6,6,-1,1,120.432945,47.3412,DEFAULT,1,N/A,2025-02-27T01:12:03.4040000Z,N/A,N/A
821,2025-02-27T01:12:03.4040000Z,851710fe-0e1d-4a72-aedf-f34f032442c1,WPI6_1740i61853a0874,Successful,0,Real,Mac OS X 10_15_7,1458,2232,Eastern Standard Time,"ANGLE (Apple, ANGLE Metal Renderer: Apple M2, Unspecified Version)",0,17,10,1,128,1.22.33,0,Chrome 133,3,16,16,-1,2,120.370842,48.76997,DEFAULT,1,N/A,2025-02-27T01:12:03.4040000Z,N/A,N/A
822,2025-02-27T01:12:03.4040000Z,851710fe-0e1d-4a72-aedf-f34f032442c1,WPI6_1740i61853a0874,Successful,0,Real,Mac OS X 10_15_7,1458,2232,Eastern Standard Time,"ANGLE (Apple, ANGLE Metal Renderer: Apple M2, Unspecified Version)",0,17,10,1,128,1.22.33,0,Chrome 133,3,-1,-1,-1,3,121.058105,48.91749,DEFAULT,1,N/A,2025-02-27T01:12:03.4040000Z,N/A,N/A
823,2025-02-27T01:12:03.4040000Z,851710fe-0e1d-4a72-aedf-f34f032442c1,WPI6_1740i61853a0874,Successful,0,Real,Mac OS X 10_15_7,1458,2232,Eastern Standard Time,"ANGLE (Apple, ANGLE Metal Renderer: Apple M2, Unspecified Version)",0,17,10,1,128,1.22.33,0,Chrome 133,3,42,42,-1,4,120.4632,43.94182,DEFAULT,1,N/A,2025-02-27T01:12:03.4040000Z,N/A,N/A
824,2025-02-27T01:12:03.4040000Z,851710fe-0e1d-4a72-aedf-f34f032442c1,WPI6_1740i61853a0874,Successful,0,Real,Mac OS X 10_15_7,1458,2232,Eastern Standard Time,"ANGLE (Apple, ANGLE Metal Renderer: Apple M2, Unspecified Version)",0,17,10,1,128,1.22.33,0,Chrome 133,3,74,4,-1,5,120.061775,50.7879639,DEFAULT,0,N/A,2025-02-27T01:12:03.4040000Z,N/A,N/A
825,2025-02-27T01:12:03.4040000Z,851710fe-0e1d-4a72-aedf-f34f032442c1,WPI6_1740i61853a0874,Successful,0,Real,Mac OS X 10_15_7,1458,2232,Eastern Standard Time,"ANGLE (Apple, ANGLE Metal Renderer: Apple M2, Unspecified Version)",0,17,10,1,128,1.22.33,0,Chrome 133,3,6,6,-1,6,120.261116,45.20779,DEFAULT,1,N/A,2025-02-27T01:12:03.4040000Z,N/A,N/A
826,2025-02-27T15:06:05.8510000Z,851710fe-0e1d-4a72-aedf-f34f032442c1,WPI6_174w0i668552492,Successful,0,Real,Windows 10,999,1498,Eastern Standard Time,"ANGLE (NVIDIA, NVIDIA GeForce RTX 4080 SUPER (0x00002702) Direct3D11 vs_5_0 ps_5_0, D3D11)",0,17,10,1,128,1.22.33,0,Chrome 131,3,12,12,-1,0,119.631714,55.493248,DEFAULT,1,N/A,2025-02-27T15:06:05.8510000Z,N/A,N/A
827,2025-02-27T15:06:05.8510000Z,851710fe-0e1d-4a72-aedf-f34f032442c1,WPI6_174w0i668552492,Successful,0,Real,Windows 10,999,1498,Eastern Standard Time,"ANGLE (NVIDIA, NVIDIA GeForce RTX 4080 SUPER (0x00002702) Direct3D11 vs_5_0 ps_5_0, D3D11)",0,17,10,1,128,1.22.33,0,Chrome 131,3,6,6,-1,1,119.506134,49.83376,DEFAULT,1,N/A,2025-02-27T15:06:05.8510000Z,N/A,N/A
828,2025-02-27T15:06:05.8510000Z,851710fe-0e1d-4a72-aedf-f34f032442c1,WPI6_174w0i668552492,Successful,0,Real,Windows 10,999,1498,Eastern Standard Time,"ANGLE (NVIDIA, NVIDIA GeForce RTX 4080 SUPER (0x00002702) Direct3D11 vs_5_0 ps_5_0, D3D11)",0,17,10,1,128,1.22.33,0,Chrome 131,3,-1,-1,-1,2,119.954178,46.56706,DEFAULT,1,N/A,2025-02-27T15:06:05.8510000Z,N/A,N/A
829,2025-02-27T15:06:05.8510000Z,851710fe-0e1d-4a72-aedf-f34f032442c1,WPI6_174w0i668552492,Successful,0,Real,Windows 10,999,1498,Eastern Standard Time,"ANGLE (NVIDIA, NVIDIA GeForce RTX 4080 SUPER (0x00002702) Direct3D11 vs_5_0 ps_5_0, D3D11)",0,17,10,1,128,1.22.33,0,Chrome 131,3,26,26,-1,3,119.437088,53.2213326,DEFAULT,1,N/A,2025-02-27T15:06:05.8510000Z,N/A,N/A
830,2025-02-27T15:06:05.8510000Z,851710fe-0e1d-4a72-aedf-f34f032442c1,WPI6_174w0i668552492,Successful,0,Real,Windows 10,999,1498,Eastern Standard Time,"ANGLE (NVIDIA, NVIDIA GeForce RTX 4080 SUPER (0x00002702) Direct3D11 vs_5_0 ps_5_0, D3D11)",0,17,10,1,128,1.22.33,0,Chrome 131,3,74,24,-1,4,119.86747,49.9087067,DEFAULT,0,N/A,2025-02-27T15:06:05.8510000Z,N/A,N/A
831,2025-02-27T15:06:05.8510000Z,851710fe-0e1d-4a72-aedf-f34f032442c1,WPI6_174w0i668552492,Successful,0,Real,Windows 10,999,1498,Eastern Standard Time,"ANGLE (NVIDIA, NVIDIA GeForce RTX 4080 SUPER (0x00002702) Direct3D11 vs_5_0 ps_5_0, D3D11)",0,17,10,1,128,1.22.33,0,Chrome 131,3,6,6,-1,5,120.484383,54.89081,DEFAULT,1,N/A,2025-02-27T15:06:05.8510000Z,N/A,N/A
832,2025-02-27T15:06:05.8510000Z,851710fe-0e1d-4a72-aedf-f34f032442c1,WPI6_174w0i668552492,Successful,0,Real,Windows 10,999,1498,Eastern Standard Time,"ANGLE (NVIDIA, NVIDIA GeForce RTX 4080 SUPER (0x00002702) Direct3D11 vs_5_0 ps_5_0, D3D11)",0,17,10,1,128,1.22.33,0,Chrome 131,3,16,16,-1,6,119.371506,53.9465637,DEFAULT,1,N/A,2025-02-27T15:06:05.8510000Z,N/A,N/A
833,2025-02-27T15:27:38.5050000Z,851710fe-0e1d-4a72-aedf-f34f032442c1,WPI6_1740g669f912366,Successful,0,Real,Windows 10,799,1198,Eastern Standard Time,"ANGLE (NVIDIA, NVIDIA GeForce RTX 4070 (0x00002786) Direct3D11 vs_5_0 ps_5_0, D3D11)",0,17,10,1,128,1.22.33,0,Chrome 133,3,12,12,-1,0,120.486267,45.05846,DEFAULT,1,N/A,2025-02-27T15:27:38.5050000Z,N/A,N/A
834,2025-02-27T15:27:38.5050000Z,851710fe-0e1d-4a72-aedf-f34f032442c1,WPI6_1740g669f912366,Successful,0,Real,Windows 10,799,1198,Eastern Standard Time,"ANGLE (NVIDIA, NVIDIA GeForce RTX 4070 (0x00002786) Direct3D11 vs_5_0 ps_5_0, D3D11)",0,17,10,1,128,1.22.33,0,Chrome 133,3,97,97,-1,1,120.075005,52.44809,DEFAULT,1,N/A,2025-02-27T15:27:38.5050000Z,N/A,N/A
835,2025-02-27T15:27:38.5050000Z,851710fe-0e1d-4a72-aedf-f34f032442c1,WPI6_1740g669f912366,Successful,0,Real,Windows 10,799,1198,Eastern Standard Time,"ANGLE (NVIDIA, NVIDIA GeForce RTX 4070 (0x00002786) Direct3D11 vs_5_0 ps_5_0, D3D11)",0,17,10,1,128,1.22.33,0,Chrome 133,3,57,57,-1,2,119.390167,48.8786659,DEFAULT,1,N/A,2025-02-27T15:27:38.5050000Z,N/A,N/A
836,2025-02-27T15:27:38.5050000Z,851710fe-0e1d-4a72-aedf-f34f032442c1,WPI6_1740g669f912366,Successful,0,Real,Windows 10,799,1198,Eastern Standard Time,"ANGLE (NVIDIA, NVIDIA GeForce RTX 4070 (0x00002786) Direct3D11 vs_5_0 ps_5_0, D3D11)",0,17,10,1,128,1.22.33,0,Chrome 133,3,5,5,-1,3,119.466309,49.8179932,DEFAULT,1,N/A,2025-02-27T15:27:38.5050000Z,N/A,N/A
837,2025-02-27T15:27:38.5050000Z,851710fe-0e1d-4a72-aedf-f34f032442c1,WPI6_1740g669f912366,Successful,0,Real,Windows 10,799,1198,Eastern Standard Time,"ANGLE (NVIDIA, NVIDIA GeForce RTX 4070 (0x00002786) Direct3D11 vs_5_0 ps_5_0, D3D11)",0,17,10,1,128,1.22.33,0,Chrome 133,3,5,5,-1,4,119.443123,62.7366867,DEFAULT,1,N/A,2025-02-27T15:27:38.5050000Z,N/A,N/A
838,2025-02-27T15:27:38.5050000Z,851710fe-0e1d-4a72-aedf-f34f032442c1,WPI6_1740g669f912366,Successful,0,Real,Windows 10,799,1198,Eastern Standard Time,"ANGLE (NVIDIA, NVIDIA GeForce RTX 4070 (0x00002786) Direct3D11 vs_5_0 ps_5_0, D3D11)",0,17,10,1,128,1.22.33,0,Chrome 133,3,42,42,-1,5,119.794426,56.35693,DEFAULT,1,N/A,2025-02-27T15:27:38.5050000Z,N/A,N/A
839,2025-02-27T15:27:38.5050000Z,851710fe-0e1d-4a72-aedf-f34f032442c1,WPI6_1740g669f912366,Successful,0,Real,Windows 10,799,1198,Eastern Standard Time,"ANGLE (NVIDIA, NVIDIA GeForce RTX 4070 (0x00002786) Direct3D11 vs_5_0 ps_5_0, D3D11)",0,17,10,1,128,1.22.33,0,Chrome 133,3,-1,-1,-1,6,120.084305,51.7127533,DEFAULT,1,N/A,2025-02-27T15:27:38.5050000Z,N/A,N/A
840,2025-02-27T17:38:20.2030000Z,851710fe-0e1d-4a72-aedf-f34f032442c1,WPI6_1f7406g77677691,Successful,0,Real,Mac OS X 10_15_7,1576,2396,Eastern Standard Time,"ANGLE (Apple, ANGLE Metal Renderer: Apple M2, Unspecified Version)",0,17,10,1,128,1.22.33,0,Chrome 133,3,12,12,-1,0,119.808136,48.5608177,DEFAULT,1,N/A,2025-02-27T17:38:20.2030000Z,N/A,N/A
841,2025-02-27T17:38:20.2030000Z,851710fe-0e1d-4a72-aedf-f34f032442c1,WPI6_1f7406g77677691,Successful,0,Real,Mac OS X 10_15_7,1576,2396,Eastern Standard Time,"ANGLE (Apple, ANGLE Metal Renderer: Apple M2, Unspecified Version)",0,17,10,1,128,1.22.33,0,Chrome 133,3,-1,-1,-1,1,120.404846,43.6810265,DEFAULT,1,N/A,2025-02-27T17:38:20.2030000Z,N/A,N/A
842,2025-02-27T17:38:20.2030000Z,851710fe-0e1d-4a72-aedf-f34f032442c1,WPI6_1f7406g77677691,Successful,0,Real,Mac OS X 10_15_7,1576,2396,Eastern Standard Time,"ANGLE (Apple, ANGLE Metal Renderer: Apple M2, Unspecified Version)",0,17,10,1,128,1.22.33,0,Chrome 133,3,5,5,-1,2,119.6492,51.6444473,DEFAULT,1,N/A,2025-02-27T17:38:20.2030000Z,N/A,N/A
843,2025-02-27T17:38:20.2030000Z,851710fe-0e1d-4a72-aedf-f34f032442c1,WPI6_1f7406g77677691,Successful,0,Real,Mac OS X 10_15_7,1576,2396,Eastern Standard Time,"ANGLE (Apple, ANGLE Metal Renderer: Apple M2, Unspecified Version)",0,17,10,1,128,1.22.33,0,Chrome 133,3,5,5,-1,3,120.274857,50.21394,DEFAULT,1,N/A,2025-02-27T17:38:20.2030000Z,N/A,N/A
844,2025-02-27T17:38:20.2030000Z,851710fe-0e1d-4a72-aedf-f34f032442c1,WPI6_1f7406g77677691,Successful,0,Real,Mac OS X 10_15_7,1576,2396,Eastern Standard Time,"ANGLE (Apple, ANGLE Metal Renderer: Apple M2, Unspecified Version)",0,17,10,1,128,1.22.33,0,Chrome 133,3,57,57,-1,4,121.261795,58.2684326,DEFAULT,1,N/A,2025-02-27T17:38:20.2030000Z,N/A,N/A
845,2025-02-27T17:38:20.2030000Z,851710fe-0e1d-4a72-aedf-f34f032442c1,WPI6_1f7406g77677691,Successful,0,Real,Mac OS X 10_15_7,1576,2396,Eastern Standard Time,"ANGLE (Apple, ANGLE Metal Renderer: Apple M2, Unspecified Version)",0,17,10,1,128,1.22.33,0,Chrome 133,3,97,97,-1,5,120.105553,43.0649223,DEFAULT,1,N/A,2025-02-27T17:38:20.2030000Z,N/A,N/A
846,2025-02-27T17:38:20.2030000Z,851710fe-0e1d-4a72-aedf-f34f032442c1,WPI6_1f7406g77677691,Successful,0,Real,Mac OS X 10_15_7,1576,2396,Eastern Standard Time,"ANGLE (Apple, ANGLE Metal Renderer: Apple M2, Unspecified Version)",0,17,10,1,128,1.22.33,0,Chrome 133,3,42,42,-1,6,120.554848,64.373085,DEFAULT,1,N/A,2025-02-27T17:38:20.2030000Z,N/A,N/A
847,2025-02-27T17:34:55.8080000Z,851710fe-0e1d-4a72-aedf-f34f032442c1,WPI6_q1e740677454194,Successful,0,Real,Windows 10,1554,2396,Eastern Standard Time,"ANGLE (Intel, Intel(R) Iris(R) Plus Graphics (0x00008A52) Direct3D11 vs_5_0 ps_5_0, D3D11)",0,17,10,1,128,1.22.33,0,Chrome 133,3,12,12,-1,0,83.7152,136.274567,DEFAULT,1,N/A,2025-02-27T17:34:55.8080000Z,N/A,N/A
848,2025-02-27T17:34:55.8080000Z,851710fe-0e1d-4a72-aedf-f34f032442c1,WPI6_q1e740677454194,Successful,0,Real,Windows 10,1554,2396,Eastern Standard Time,"ANGLE (Intel, Intel(R) Iris(R) Plus Graphics (0x00008A52) Direct3D11 vs_5_0 ps_5_0, D3D11)",0,17,10,1,128,1.22.33,0,Chrome 133,3,6,6,-1,1,84.3847351,165.773315,DEFAULT,1,N/A,2025-02-27T17:34:55.8080000Z,N/A,N/A
849,2025-02-27T17:34:55.8080000Z,851710fe-0e1d-4a72-aedf-f34f032442c1,WPI6_q1e740677454194,Successful,0,Real,Windows 10,1554,2396,Eastern Standard Time,"ANGLE (Intel, Intel(R) Iris(R) Plus Graphics (0x00008A52) Direct3D11 vs_5_0 ps_5_0, D3D11)",0,17,10,1,128,1.22.33,0,Chrome 133,3,16,16,-1,2,87.40541,149.094208,DEFAULT,1,N/A,2025-02-27T17:34:55.8080000Z,N/A,N/A
850,2025-02-27T17:34:55.8080000Z,851710fe-0e1d-4a72-aedf-f34f032442c1,WPI6_q1e740677454194,Successful,0,Real,Windows 10,1554,2396,Eastern Standard Time,"ANGLE (Intel, Intel(R) Iris(R) Plus Graphics (0x00008A52) Direct3D11 vs_5_0 ps_5_0, D3D11)",0,17,10,1,128,1.22.33,0,Chrome 133,3,35,35,-1,3,92.30474,173.927261,DEFAULT,1,N/A,2025-02-27T17:34:55.8080000Z,N/A,N/A
851,2025-02-27T17:34:55.8080000Z,851710fe-0e1d-4a72-aedf-f34f032442c1,WPI6_q1e740677454194,Successful,0,Real,Windows 10,1554,2396,Eastern Standard Time,"ANGLE (Intel, Intel(R) Iris(R) Plus Graphics (0x00008A52) Direct3D11 vs_5_0 ps_5_0, D3D11)",0,17,10,1,128,1.22.33,0,Chrome 133,3,2,2,-1,4,90.22801,240.135818,DEFAULT,1,N/A,2025-02-27T17:34:55.8080000Z,N/A,N/A
852,2025-02-27T17:34:55.8080000Z,851710fe-0e1d-4a72-aedf-f34f032442c1,WPI6_q1e740677454194,Successful,0,Real,Windows 10,1554,2396,Eastern Standard Time,"ANGLE (Intel, Intel(R) Iris(R) Plus Graphics (0x00008A52) Direct3D11 vs_5_0 ps_5_0, D3D11)",0,17,10,1,128,1.22.33,0,Chrome 133,3,-1,-1,-1,5,93.2233353,192.768356,DEFAULT,1,N/A,2025-02-27T17:34:55.8080000Z,N/A,N/A
853,2025-02-27T17:34:55.8080000Z,851710fe-0e1d-4a72-aedf-f34f032442c1,WPI6_q1e740677454194,Successful,0,Real,Windows 10,1554,2396,Eastern Standard Time,"ANGLE (Intel, Intel(R) Iris(R) Plus Graphics (0x00008A52) Direct3D11 vs_5_0 ps_5_0, D3D11)",0,17,10,1,128,1.22.33,0,Chrome 133,3,5,5,-1,6,89.9206848,229.759933,DEFAULT,1,N/A,2025-02-27T17:34:55.8080000Z,N/A,N/A
854,2025-02-28T01:44:37.9210000Z,851710fe-0e1d-4a72-aedf-f34f032442c1,WPI6_174d07067656g47,Successful,0,Real,Mac OS X 10_15_7,1356,2396,Eastern Standard Time,"ANGLE (Apple, ANGLE Metal Renderer: Apple M2, Unspecified Version)",0,17,10,1,128,1.22.33,0,Chrome 133,3,12,12,-1,0,119.945641,50.5694,DEFAULT,1,N/A,2025-02-28T01:44:37.9210000Z,N/A,N/A
855,2025-02-28T01:44:37.9210000Z,851710fe-0e1d-4a72-aedf-f34f032442c1,WPI6_174d07067656g47,Successful,0,Real,Mac OS X 10_15_7,1356,2396,Eastern Standard Time,"ANGLE (Apple, ANGLE Metal Renderer: Apple M2, Unspecified Version)",0,17,10,1,128,1.22.33,0,Chrome 133,3,73,73,-1,1,120.540527,49.65413,DEFAULT,1,N/A,2025-02-28T01:44:37.9210000Z,N/A,N/A
856,2025-02-28T01:44:37.9210000Z,851710fe-0e1d-4a72-aedf-f34f032442c1,WPI6_174d07067656g47,Successful,0,Real,Mac OS X 10_15_7,1356,2396,Eastern Standard Time,"ANGLE (Apple, ANGLE Metal Renderer: Apple M2, Unspecified Version)",0,17,10,1,128,1.22.33,0,Chrome 133,3,29,29,-1,2,119.609581,53.04953,DEFAULT,1,N/A,2025-02-28T01:44:37.9210000Z,N/A,N/A
857,2025-02-28T01:44:37.9210000Z,851710fe-0e1d-4a72-aedf-f34f032442c1,WPI6_174d07067656g47,Successful,0,Real,Mac OS X 10_15_7,1356,2396,Eastern Standard Time,"ANGLE (Apple, ANGLE Metal Renderer: Apple M2, Unspecified Version)",0,17,10,1,128,1.22.33,0,Chrome 133,3,2,2,-1,3,120.406288,51.016243,DEFAULT,1,N/A,2025-02-28T01:44:37.9210000Z,N/A,N/A
858,2025-02-28T01:44:37.9210000Z,851710fe-0e1d-4a72-aedf-f34f032442c1,WPI6_174d07067656g47,Successful,0,Real,Mac OS X 10_15_7,1356,2396,Eastern Standard Time,"ANGLE (Apple, ANGLE Metal Renderer: Apple M2, Unspecified Version)",0,17,10,1,128,1.22.33,0,Chrome 133,3,15,15,-1,4,120.33419,62.15892,DEFAULT,1,N/A,2025-02-28T01:44:37.9210000Z,N/A,N/A
859,2025-02-28T01:44:37.9210000Z,851710fe-0e1d-4a72-aedf-f34f032442c1,WPI6_174d07067656g47,Successful,0,Real,Mac OS X 10_15_7,1356,2396,Eastern Standard Time,"ANGLE (Apple, ANGLE Metal Renderer: Apple M2, Unspecified Version)",0,17,10,1,128,1.22.33,0,Chrome 133,3,-1,-1,-1,5,119.662178,52.296402,DEFAULT,1,N/A,2025-02-28T01:44:37.9210000Z,N/A,N/A
860,2025-02-28T01:44:37.9210000Z,851710fe-0e1d-4a72-aedf-f34f032442c1,WPI6_174d07067656g47,Successful,0,Real,Mac OS X 10_15_7,1356,2396,Eastern Standard Time,"ANGLE (Apple, ANGLE Metal Renderer: Apple M2, Unspecified Version)",0,17,10,1,128,1.22.33,0,Chrome 133,3,42,42,-1,6,120.352127,38.8065872,DEFAULT,1,N/A,2025-02-28T01:44:37.9210000Z,N/A,N/A
861,2025-02-28T03:35:00.0190000Z,851710fe-0e1d-4a72-aedf-f34f032442c1,WPI6_1e74071347v6471,Successful,0,Real,Linux -,1199,1797,Eastern Standard Time,"Intel(R) HD Graphics, or similar",0,17,10,1,128,1.22.33,0,Firefox 135,3,12,12,-1,0,105.396439,141.61142,DEFAULT,1,N/A,2025-02-28T03:35:00.0190000Z,N/A,N/A
862,2025-02-28T03:35:00.0190000Z,851710fe-0e1d-4a72-aedf-f34f032442c1,WPI6_1e74071347v6471,Successful,0,Real,Linux -,1199,1797,Eastern Standard Time,"Intel(R) HD Graphics, or similar",0,17,10,1,128,1.22.33,0,Firefox 135,3,7,7,-1,1,103.935677,141.618378,DEFAULT,1,N/A,2025-02-28T03:35:00.0190000Z,N/A,N/A
863,2025-02-28T03:35:00.0190000Z,851710fe-0e1d-4a72-aedf-f34f032442c1,WPI6_1e74071347v6471,Successful,0,Real,Linux -,1199,1797,Eastern Standard Time,"Intel(R) HD Graphics, or similar",0,17,10,1,128,1.22.33,0,Firefox 135,3,57,57,-1,2,105.576653,111.381958,DEFAULT,1,N/A,2025-02-28T03:35:00.0190000Z,N/A,N/A
864,2025-02-28T03:35:00.0190000Z,851710fe-0e1d-4a72-aedf-f34f032442c1,WPI6_1e74071347v6471,Successful,0,Real,Linux -,1199,1797,Eastern Standard Time,"Intel(R) HD Graphics, or similar",0,17,10,1,128,1.22.33,0,Firefox 135,3,6,6,-1,3,97.76481,163.801147,DEFAULT,1,N/A,2025-02-28T03:35:00.0190000Z,N/A,N/A
865,2025-02-28T03:35:00.0190000Z,851710fe-0e1d-4a72-aedf-f34f032442c1,WPI6_1e74071347v6471,Successful,0,Real,Linux -,1199,1797,Eastern Standard Time,"Intel(R) HD Graphics, or similar",0,17,10,1,128,1.22.33,0,Firefox 135,3,15,15,-1,4,104.131775,112.795418,DEFAULT,1,N/A,2025-02-28T03:35:00.0190000Z,N/A,N/A
866,2025-02-28T03:35:00.0190000Z,851710fe-0e1d-4a72-aedf-f34f032442c1,WPI6_1e74071347v6471,Successful,0,Real,Linux -,1199,1797,Eastern Standard Time,"Intel(R) HD Graphics, or similar",0,17,10,1,128,1.22.33,0,Firefox 135,3,-1,-1,-1,5,98.3977661,221.235321,DEFAULT,1,N/A,2025-02-28T03:35:00.0190000Z,N/A,N/A
867,2025-02-28T03:35:00.0190000Z,851710fe-0e1d-4a72-aedf-f34f032442c1,WPI6_1e74071347v6471,Successful,0,Real,Linux -,1199,1797,Eastern Standard Time,"Intel(R) HD Graphics, or similar",0,17,10,1,128,1.22.33,0,Firefox 135,3,42,42,-1,6,104.002625,123.232895,DEFAULT,1,N/A,2025-02-28T03:35:00.0190000Z,N/A,N/A
868,2025-02-28T15:36:22.0930000Z,851710fe-0e1d-4a72-aedf-f34f032442c1,WPI6_174n0s756739428,Successful,0,Real,Mac OS X 10_15_7,1598,2396,Eastern Standard Time,"ANGLE (Apple, ANGLE Metal Renderer: Apple M1, Unspecified Version)",0,17,10,1,128,1.22.33,0,Chrome 133,3,12,12,-1,0,121.049461,60.9406776,DEFAULT,1,N/A,2025-02-28T15:36:22.0930000Z,N/A,N/A
869,2025-02-28T15:36:22.0930000Z,851710fe-0e1d-4a72-aedf-f34f032442c1,WPI6_174n0s756739428,Successful,0,Real,Mac OS X 10_15_7,1598,2396,Eastern Standard Time,"ANGLE (Apple, ANGLE Metal Renderer: Apple M1, Unspecified Version)",0,17,10,1,128,1.22.33,0,Chrome 133,3,-1,-1,-1,1,121.075653,64.53402,DEFAULT,1,N/A,2025-02-28T15:36:22.0930000Z,N/A,N/A
870,2025-02-28T15:36:22.0930000Z,851710fe-0e1d-4a72-aedf-f34f032442c1,WPI6_174n0s756739428,Successful,0,Real,Mac OS X 10_15_7,1598,2396,Eastern Standard Time,"ANGLE (Apple, ANGLE Metal Renderer: Apple M1, Unspecified Version)",0,17,10,1,128,1.22.33,0,Chrome 133,3,42,42,-1,2,120.571426,68.09451,DEFAULT,1,N/A,2025-02-28T15:36:22.0930000Z,N/A,N/A
871,2025-02-28T15:36:22.0930000Z,851710fe-0e1d-4a72-aedf-f34f032442c1,WPI6_174n0s756739428,Successful,0,Real,Mac OS X 10_15_7,1598,2396,Eastern Standard Time,"ANGLE (Apple, ANGLE Metal Renderer: Apple M1, Unspecified Version)",0,17,10,1,128,1.22.33,0,Chrome 133,3,3,3,-1,3,121.088768,53.0265732,DEFAULT,1,N/A,2025-02-28T15:36:22.0930000Z,N/A,N/A
872,2025-02-28T15:36:22.0930000Z,851710fe-0e1d-4a72-aedf-f34f032442c1,WPI6_174n0s756739428,Successful,0,Real,Mac OS X 10_15_7,1598,2396,Eastern Standard Time,"ANGLE (Apple, ANGLE Metal Renderer: Apple M1, Unspecified Version)",0,17,10,1,128,1.22.33,0,Chrome 133,3,57,57,-1,4,120.918594,65.38576,DEFAULT,1,N/A,2025-02-28T15:36:22.0930000Z,N/A,N/A
873,2025-02-28T15:36:22.0930000Z,851710fe-0e1d-4a72-aedf-f34f032442c1,WPI6_174n0s756739428,Successful,0,Real,Mac OS X 10_15_7,1598,2396,Eastern Standard Time,"ANGLE (Apple, ANGLE Metal Renderer: Apple M1, Unspecified Version)",0,17,10,1,128,1.22.33,0,Chrome 133,3,2,2,-1,5,120.533066,55.7934456,DEFAULT,1,N/A,2025-02-28T15:36:22.0930000Z,N/A,N/A
874,2025-02-28T15:36:22.0930000Z,851710fe-0e1d-4a72-aedf-f34f032442c1,WPI6_174n0s756739428,Successful,0,Real,Mac OS X 10_15_7,1598,2396,Eastern Standard Time,"ANGLE (Apple, ANGLE Metal Renderer: Apple M1, Unspecified Version)",0,17,10,1,128,1.22.33,0,Chrome 133,3,73,73,-1,6,120.52813,64.6117249,DEFAULT,1,N/A,2025-02-28T15:36:22.0930000Z,N/A,N/A
875,2025-03-01T22:30:47.5770000Z,851710fe-0e1d-4a72-aedf-f34f032442c1,WPI6_174086804h9n285,Successful,0,Real,Windows 10,913,1498,Eastern Standard Time,"ANGLE (Intel, Intel(R) Iris(R) Xe Graphics (0x00009A49) Direct3D11 vs_5_0 ps_5_0, D3D11)",0,17,10,1,128,1.22.33,0,Chrome 133,3,12,12,-1,0,101.620911,173.679764,DEFAULT,1,N/A,2025-03-01T22:30:47.5770000Z,N/A,N/A
876,2025-03-01T22:30:47.5770000Z,851710fe-0e1d-4a72-aedf-f34f032442c1,WPI6_174086804h9n285,Successful,0,Real,Windows 10,913,1498,Eastern Standard Time,"ANGLE (Intel, Intel(R) Iris(R) Xe Graphics (0x00009A49) Direct3D11 vs_5_0 ps_5_0, D3D11)",0,17,10,1,128,1.22.33,0,Chrome 133,3,26,26,-1,1,102.378914,156.90947,DEFAULT,1,N/A,2025-03-01T22:30:47.5770000Z,N/A,N/A
877,2025-03-01T22:30:47.5770000Z,851710fe-0e1d-4a72-aedf-f34f032442c1,WPI6_174086804h9n285,Successful,0,Real,Windows 10,913,1498,Eastern Standard Time,"ANGLE (Intel, Intel(R) Iris(R) Xe Graphics (0x00009A49) Direct3D11 vs_5_0 ps_5_0, D3D11)",0,17,10,1,128,1.22.33,0,Chrome 133,3,16,16,-1,2,103.194824,193.10144,DEFAULT,1,N/A,2025-03-01T22:30:47.5770000Z,N/A,N/A
878,2025-03-01T22:30:47.5770000Z,851710fe-0e1d-4a72-aedf-f34f032442c1,WPI6_174086804h9n285,Successful,0,Real,Windows 10,913,1498,Eastern Standard Time,"ANGLE (Intel, Intel(R) Iris(R) Xe Graphics (0x00009A49) Direct3D11 vs_5_0 ps_5_0, D3D11)",0,17,10,1,128,1.22.33,0,Chrome 133,3,-1,-1,-1,3,104.093704,184.758026,DEFAULT,1,N/A,2025-03-01T22:30:47.5770000Z,N/A,N/A
879,2025-03-01T22:30:47.5770000Z,851710fe-0e1d-4a72-aedf-f34f032442c1,WPI6_174086804h9n285,Successful,0,Real,Windows 10,913,1498,Eastern Standard Time,"ANGLE (Intel, Intel(R) Iris(R) Xe Graphics (0x00009A49) Direct3D11 vs_5_0 ps_5_0, D3D11)",0,17,10,1,128,1.22.33,0,Chrome 133,3,8,8,-1,4,103.8494,200.663116,DEFAULT,1,N/A,2025-03-01T22:30:47.5770000Z,N/A,N/A
880,2025-03-01T22:30:47.5770000Z,851710fe-0e1d-4a72-aedf-f34f032442c1,WPI6_174086804h9n285,Successful,0,Real,Windows 10,913,1498,Eastern Standard Time,"ANGLE (Intel, Intel(R) Iris(R) Xe Graphics (0x00009A49) Direct3D11 vs_5_0 ps_5_0, D3D11)",0,17,10,1,128,1.22.33,0,Chrome 133,3,45,45,-1,5,103.277367,198.3793,DEFAULT,1,N/A,2025-03-01T22:30:47.5770000Z,N/A,N/A
881,2025-03-01T22:30:47.5770000Z,851710fe-0e1d-4a72-aedf-f34f032442c1,WPI6_174086804h9n285,Successful,0,Real,Windows 10,913,1498,Eastern Standard Time,"ANGLE (Intel, Intel(R) Iris(R) Xe Graphics (0x00009A49) Direct3D11 vs_5_0 ps_5_0, D3D11)",0,17,10,1,128,1.22.33,0,Chrome 133,3,3,3,-1,6,103.137009,195.296677,DEFAULT,1,N/A,2025-03-01T22:30:47.5770000Z,N/A,N/A
882,2025-03-02T01:58:24.3960000Z,851710fe-0e1d-4a72-aedf-f34f032442c1,WPI6_17z40o880451621,Successful,0,Real,Windows 10,1199,1797,Eastern Standard Time,"ANGLE (Intel, Intel(R) Iris(R) Xe Graphics (0x000046A8) Direct3D11 vs_5_0 ps_5_0, D3D11)",0,17,10,1,128,1.22.33,0,Chrome 133,3,12,12,-1,0,77.22661,492.873474,DEFAULT,1,N/A,2025-03-02T01:58:24.3960000Z,N/A,N/A
883,2025-03-02T01:58:24.3960000Z,851710fe-0e1d-4a72-aedf-f34f032442c1,WPI6_17z40o880451621,Successful,0,Real,Windows 10,1199,1797,Eastern Standard Time,"ANGLE (Intel, Intel(R) Iris(R) Xe Graphics (0x000046A8) Direct3D11 vs_5_0 ps_5_0, D3D11)",0,17,10,1,128,1.22.33,0,Chrome 133,3,8,8,-1,1,82.14879,565.292358,DEFAULT,1,N/A,2025-03-02T01:58:24.3960000Z,N/A,N/A
884,2025-03-02T01:58:24.3960000Z,851710fe-0e1d-4a72-aedf-f34f032442c1,WPI6_17z40o880451621,Successful,0,Real,Windows 10,1199,1797,Eastern Standard Time,"ANGLE (Intel, Intel(R) Iris(R) Xe Graphics (0x000046A8) Direct3D11 vs_5_0 ps_5_0, D3D11)",0,17,10,1,128,1.22.33,0,Chrome 133,3,45,45,-1,2,66.2887039,224.911285,DEFAULT,1,N/A,2025-03-02T01:58:24.3960000Z,N/A,N/A
885,2025-03-02T01:58:24.3960000Z,851710fe-0e1d-4a72-aedf-f34f032442c1,WPI6_17z40o880451621,Successful,0,Real,Windows 10,1199,1797,Eastern Standard Time,"ANGLE (Intel, Intel(R) Iris(R) Xe Graphics (0x000046A8) Direct3D11 vs_5_0 ps_5_0, D3D11)",0,17,10,1,128,1.22.33,0,Chrome 133,3,73,23,-1,3,64.19282,152.361832,DEFAULT,0,N/A,2025-03-02T01:58:24.3960000Z,N/A,N/A
886,2025-03-02T01:58:24.3960000Z,851710fe-0e1d-4a72-aedf-f34f032442c1,WPI6_17z40o880451621,Successful,0,Real,Windows 10,1199,1797,Eastern Standard Time,"ANGLE (Intel, Intel(R) Iris(R) Xe Graphics (0x000046A8) Direct3D11 vs_5_0 ps_5_0, D3D11)",0,17,10,1,128,1.22.33,0,Chrome 133,3,15,15,-1,4,62.39353,70.5003052,DEFAULT,1,N/A,2025-03-02T01:58:24.3960000Z,N/A,N/A
887,2025-03-02T01:58:24.3960000Z,851710fe-0e1d-4a72-aedf-f34f032442c1,WPI6_17z40o880451621,Successful,0,Real,Windows 10,1199,1797,Eastern Standard Time,"ANGLE (Intel, Intel(R) Iris(R) Xe Graphics (0x000046A8) Direct3D11 vs_5_0 ps_5_0, D3D11)",0,17,10,1,128,1.22.33,0,Chrome 133,3,-1,-1,-1,5,66.74988,215.125809,DEFAULT,1,N/A,2025-03-02T01:58:24.3960000Z,N/A,N/A
888,2025-03-02T01:58:24.3960000Z,851710fe-0e1d-4a72-aedf-f34f032442c1,WPI6_17z40o880451621,Successful,0,Real,Windows 10,1199,1797,Eastern Standard Time,"ANGLE (Intel, Intel(R) Iris(R) Xe Graphics (0x000046A8) Direct3D11 vs_5_0 ps_5_0, D3D11)",0,17,10,1,128,1.22.33,0,Chrome 133,3,26,26,-1,6,62.30486,54.74419,DEFAULT,1,N/A,2025-03-02T01:58:24.3960000Z,N/A,N/A
889,2025-03-03T02:31:26.7070000Z,851710fe-0e1d-4a72-aedf-f34f032442c1,WPI6_1740968n8902q65,Successful,0,Real,Windows 10,2022,3594,Eastern Standard Time,"ANGLE (Intel, Intel(R) Iris(R) Xe Graphics (0x000046A6) Direct3D11 vs_5_0 ps_5_0, D3D11)",0,17,10,1,128,1.22.33,0,Chrome 133,3,12,12,-1,0,59.3850861,218.593918,DEFAULT,1,N/A,2025-03-03T02:31:26.7070000Z,N/A,N/A
890,2025-03-03T02:31:26.7070000Z,851710fe-0e1d-4a72-aedf-f34f032442c1,WPI6_1740968n8902q65,Successful,0,Real,Windows 10,2022,3594,Eastern Standard Time,"ANGLE (Intel, Intel(R) Iris(R) Xe Graphics (0x000046A6) Direct3D11 vs_5_0 ps_5_0, D3D11)",0,17,10,1,128,1.22.33,0,Chrome 133,3,5,5,-1,1,65.00541,526.959839,DEFAULT,1,N/A,2025-03-03T02:31:26.7070000Z,N/A,N/A
891,2025-03-03T02:31:26.7070000Z,851710fe-0e1d-4a72-aedf-f34f032442c1,WPI6_1740968n8902q65,Successful,0,Real,Windows 10,2022,3594,Eastern Standard Time,"ANGLE (Intel, Intel(R) Iris(R) Xe Graphics (0x000046A6) Direct3D11 vs_5_0 ps_5_0, D3D11)",0,17,10,1,128,1.22.33,0,Chrome 133,3,-1,-1,-1,2,60.3143463,351.889038,DEFAULT,1,N/A,2025-03-03T02:31:26.7070000Z,N/A,N/A
892,2025-03-03T02:31:26.7070000Z,851710fe-0e1d-4a72-aedf-f34f032442c1,WPI6_1740968n8902q65,Successful,0,Real,Windows 10,2022,3594,Eastern Standard Time,"ANGLE (Intel, Intel(R) Iris(R) Xe Graphics (0x000046A6) Direct3D11 vs_5_0 ps_5_0, D3D11)",0,17,10,1,128,1.22.33,0,Chrome 133,3,45,45,-1,3,54.3975067,218.055832,DEFAULT,1,N/A,2025-03-03T02:31:26.7070000Z,N/A,N/A
893,2025-03-03T02:31:26.7070000Z,851710fe-0e1d-4a72-aedf-f34f032442c1,WPI6_1740968n8902q65,Successful,0,Real,Windows 10,2022,3594,Eastern Standard Time,"ANGLE (Intel, Intel(R) Iris(R) Xe Graphics (0x000046A6) Direct3D11 vs_5_0 ps_5_0, D3D11)",0,17,10,1,128,1.22.33,0,Chrome 133,3,29,29,-1,4,61.2185822,320.576782,DEFAULT,1,N/A,2025-03-03T02:31:26.7070000Z,N/A,N/A
894,2025-03-03T02:31:26.7070000Z,851710fe-0e1d-4a72-aedf-f34f032442c1,WPI6_1740968n8902q65,Successful,0,Real,Windows 10,2022,3594,Eastern Standard Time,"ANGLE (Intel, Intel(R) Iris(R) Xe Graphics (0x000046A6) Direct3D11 vs_5_0 ps_5_0, D3D11)",0,17,10,1,128,1.22.33,0,Chrome 133,3,96,96,-1,5,66.15307,472.278564,DEFAULT,1,N/A,2025-03-03T02:31:26.7070000Z,N/A,N/A
895,2025-03-03T02:31:26.7070000Z,851710fe-0e1d-4a72-aedf-f34f032442c1,WPI6_1740968n8902q65,Successful,0,Real,Windows 10,2022,3594,Eastern Standard Time,"ANGLE (Intel, Intel(R) Iris(R) Xe Graphics (0x000046A6) Direct3D11 vs_5_0 ps_5_0, D3D11)",0,17,10,1,128,1.22.33,0,Chrome 133,3,3,8,-1,6,63.15792,411.561432,DEFAULT,0,N/A,2025-03-03T02:31:26.7070000Z,N/A,N/A
896,2025-03-03T03:44:47.7060000Z,851710fe-0e1d-4a72-aedf-f34f032442c1,WPI6_1h740973f335708,Successful,0,Real,Windows 10,799,1198,Eastern Standard Time,"ANGLE (NVIDIA, NVIDIA GeForce RTX 3060 (0x00002504) Direct3D11 vs_5_0 ps_5_0, D3D11)",0,17,10,1,128,1.22.33,0,Chrome 133,3,12,12,-1,0,118.767418,30.9266739,DEFAULT,1,N/A,2025-03-03T03:44:47.7060000Z,N/A,N/A
897,2025-03-03T03:44:47.7060000Z,851710fe-0e1d-4a72-aedf-f34f032442c1,WPI6_1h740973f335708,Successful,0,Real,Windows 10,799,1198,Eastern Standard Time,"ANGLE (NVIDIA, NVIDIA GeForce RTX 3060 (0x00002504) Direct3D11 vs_5_0 ps_5_0, D3D11)",0,17,10,1,128,1.22.33,0,Chrome 133,3,45,45,-1,1,119.807793,37.387867,DEFAULT,1,N/A,2025-03-03T03:44:47.7060000Z,N/A,N/A
898,2025-03-03T03:44:47.7060000Z,851710fe-0e1d-4a72-aedf-f34f032442c1,WPI6_1h740973f335708,Successful,0,Real,Windows 10,799,1198,Eastern Standard Time,"ANGLE (NVIDIA, NVIDIA GeForce RTX 3060 (0x00002504) Direct3D11 vs_5_0 ps_5_0, D3D11)",0,17,10,1,128,1.22.33,0,Chrome 133,3,5,5,-1,2,119.104645,38.556675,DEFAULT,1,N/A,2025-03-03T03:44:47.7060000Z,N/A,N/A
899,2025-03-03T03:44:47.7060000Z,851710fe-0e1d-4a72-aedf-f34f032442c1,WPI6_1h740973f335708,Successful,0,Real,Windows 10,799,1198,Eastern Standard Time,"ANGLE (NVIDIA, NVIDIA GeForce RTX 3060 (0x00002504) Direct3D11 vs_5_0 ps_5_0, D3D11)",0,17,10,1,128,1.22.33,0,Chrome 133,3,3,3,-1,3,119.768784,43.8724861,DEFAULT,1,N/A,2025-03-03T03:44:47.7060000Z,N/A,N/A
900,2025-03-03T03:44:47.7060000Z,851710fe-0e1d-4a72-aedf-f34f032442c1,WPI6_1h740973f335708,Successful,0,Real,Windows 10,799,1198,Eastern Standard Time,"ANGLE (NVIDIA, NVIDIA GeForce RTX 3060 (0x00002504) Direct3D11 vs_5_0 ps_5_0, D3D11)",0,17,10,1,128,1.22.33,0,Chrome 133,3,6,6,-1,4,120.148323,42.8112221,DEFAULT,1,N/A,2025-03-03T03:44:47.7060000Z,N/A,N/A
901,2025-03-03T03:44:47.7060000Z,851710fe-0e1d-4a72-aedf-f34f032442c1,WPI6_1h740973f335708,Successful,0,Real,Windows 10,799,1198,Eastern Standard Time,"ANGLE (NVIDIA, NVIDIA GeForce RTX 3060 (0x00002504) Direct3D11 vs_5_0 ps_5_0, D3D11)",0,17,10,1,128,1.22.33,0,Chrome 133,3,35,35,-1,5,119.676079,42.4353142,DEFAULT,1,N/A,2025-03-03T03:44:47.7060000Z,N/A,N/A
902,2025-03-03T03:44:47.7060000Z,851710fe-0e1d-4a72-aedf-f34f032442c1,WPI6_1h740973f335708,Successful,0,Real,Windows 10,799,1198,Eastern Standard Time,"ANGLE (NVIDIA, NVIDIA GeForce RTX 3060 (0x00002504) Direct3D11 vs_5_0 ps_5_0, D3D11)",0,17,10,1,128,1.22.33,0,Chrome 133,3,-1,-1,-1,6,119.212822,33.5853233,DEFAULT,1,N/A,2025-03-03T03:44:47.7060000Z,N/A,N/A
903,2025-03-03T19:21:46.6420000Z,851710fe-0e1d-4a72-aedf-f34f032442c1,WPI6_17410292957qb07,Successful,0,Real,Windows 10,1520,2396,Eastern Standard Time,"ANGLE (AMD, AMD Radeon(TM) Graphics (0x00001638) Direct3D11 vs_5_0 ps_5_0, D3D11)",0,17,10,1,128,1.22.33,0,Chrome 134,3,12,12,-1,0,119.681274,92.69419,DEFAULT,1,N/A,2025-03-03T19:21:46.6420000Z,N/A,N/A
904,2025-03-03T19:21:46.6420000Z,851710fe-0e1d-4a72-aedf-f34f032442c1,WPI6_17410292957qb07,Successful,0,Real,Windows 10,1520,2396,Eastern Standard Time,"ANGLE (AMD, AMD Radeon(TM) Graphics (0x00001638) Direct3D11 vs_5_0 ps_5_0, D3D11)",0,17,10,1,128,1.22.33,0,Chrome 134,3,3,3,-1,1,120.850052,57.8304939,DEFAULT,1,N/A,2025-03-03T19:21:46.6420000Z,N/A,N/A
905,2025-03-03T19:21:46.6420000Z,851710fe-0e1d-4a72-aedf-f34f032442c1,WPI6_17410292957qb07,Successful,0,Real,Windows 10,1520,2396,Eastern Standard Time,"ANGLE (AMD, AMD Radeon(TM) Graphics (0x00001638) Direct3D11 vs_5_0 ps_5_0, D3D11)",0,17,10,1,128,1.22.33,0,Chrome 134,3,26,26,-1,2,120.293327,61.60252,DEFAULT,1,N/A,2025-03-03T19:21:46.6420000Z,N/A,N/A
906,2025-03-03T19:21:46.6420000Z,851710fe-0e1d-4a72-aedf-f34f032442c1,WPI6_17410292957qb07,Successful,0,Real,Windows 10,1520,2396,Eastern Standard Time,"ANGLE (AMD, AMD Radeon(TM) Graphics (0x00001638) Direct3D11 vs_5_0 ps_5_0, D3D11)",0,17,10,1,128,1.22.33,0,Chrome 134,3,2,2,-1,3,121.73082,48.7856255,DEFAULT,1,N/A,2025-03-03T19:21:46.6420000Z,N/A,N/A
907,2025-03-03T19:21:46.6420000Z,851710fe-0e1d-4a72-aedf-f34f032442c1,WPI6_17410292957qb07,Successful,0,Real,Windows 10,1520,2396,Eastern Standard Time,"ANGLE (AMD, AMD Radeon(TM) Graphics (0x00001638) Direct3D11 vs_5_0 ps_5_0, D3D11)",0,17,10,1,128,1.22.33,0,Chrome 134,3,16,16,-1,4,120.83522,90.86513,DEFAULT,1,N/A,2025-03-03T19:21:46.6420000Z,N/A,N/A
908,2025-03-03T19:21:46.6420000Z,851710fe-0e1d-4a72-aedf-f34f032442c1,WPI6_17410292957qb07,Successful,0,Real,Windows 10,1520,2396,Eastern Standard Time,"ANGLE (AMD, AMD Radeon(TM) Graphics (0x00001638) Direct3D11 vs_5_0 ps_5_0, D3D11)",0,17,10,1,128,1.22.33,0,Chrome 134,3,8,8,-1,5,120.21653,90.3494644,DEFAULT,1,N/A,2025-03-03T19:21:46.6420000Z,N/A,N/A
909,2025-03-03T19:21:46.6420000Z,851710fe-0e1d-4a72-aedf-f34f032442c1,WPI6_17410292957qb07,Successful,0,Real,Windows 10,1520,2396,Eastern Standard Time,"ANGLE (AMD, AMD Radeon(TM) Graphics (0x00001638) Direct3D11 vs_5_0 ps_5_0, D3D11)",0,17,10,1,128,1.22.33,0,Chrome 134,3,-1,-1,-1,6,121.556541,58.51691,DEFAULT,1,N/A,2025-03-03T19:21:46.6420000Z,N/A,N/A
910,2025-03-03T21:06:38.5500000Z,851710fe-0e1d-4a72-aedf-f34f032442c1,WPI6_17u398172e74462,Successful,0,Real,Windows 10,999,1498,Eastern Standard Time,"ANGLE (Intel, Intel(R) Arc(TM) Graphics (0x00007D55) Direct3D11 vs_5_0 ps_5_0, D3D11)",0,17,10,1,128,1.22.33,0,Chrome 132,3,12,12,-1,0,76.20608,601.4351,DEFAULT,1,N/A,2025-03-03T21:06:38.5500000Z,N/A,N/A
911,2025-03-03T21:06:38.5500000Z,851710fe-0e1d-4a72-aedf-f34f032442c1,WPI6_17u398172e74462,Successful,0,Real,Windows 10,999,1498,Eastern Standard Time,"ANGLE (Intel, Intel(R) Arc(TM) Graphics (0x00007D55) Direct3D11 vs_5_0 ps_5_0, D3D11)",0,17,10,1,128,1.22.33,0,Chrome 132,3,8,8,-1,1,74.07862,473.41522199999997,DEFAULT,1,N/A,2025-03-03T21:06:38.5500000Z,N/A,N/A
912,2025-03-03T21:06:38.5500000Z,851710fe-0e1d-4a72-aedf-f34f032442c1,WPI6_17u398172e74462,Successful,0,Real,Windows 10,999,1498,Eastern Standard Time,"ANGLE (Intel, Intel(R) Arc(TM) Graphics (0x00007D55) Direct3D11 vs_5_0 ps_5_0, D3D11)",0,17,10,1,128,1.22.33,0,Chrome 132,3,96,96,-1,2,81.52784,687.981934,DEFAULT,1,N/A,2025-03-03T21:06:38.5500000Z,N/A,N/A
913,2025-03-03T21:06:38.5500000Z,851710fe-0e1d-4a72-aedf-f34f032442c1,WPI6_17u398172e74462,Successful,0,Real,Windows 10,999,1498,Eastern Standard Time,"ANGLE (Intel, Intel(R) Arc(TM) Graphics (0x00007D55) Direct3D11 vs_5_0 ps_5_0, D3D11)",0,17,10,1,128,1.22.33,0,Chrome 132,3,5,5,-1,3,79.47104,671.399231,DEFAULT,1,N/A,2025-03-03T21:06:38.5500000Z,N/A,N/A
914,2025-03-03T21:06:38.5500000Z,851710fe-0e1d-4a72-aedf-f34f032442c1,WPI6_17u398172e74462,Successful,0,Real,Windows 10,999,1498,Eastern Standard Time,"ANGLE (Intel, Intel(R) Arc(TM) Graphics (0x00007D55) Direct3D11 vs_5_0 ps_5_0, D3D11)",0,17,10,1,128,1.22.33,0,Chrome 132,3,73,73,-1,4,76.39863,581.829956,DEFAULT,1,N/A,2025-03-03T21:06:38.5500000Z,N/A,N/A
915,2025-03-03T21:06:38.5500000Z,851710fe-0e1d-4a72-aedf-f34f032442c1,WPI6_17u398172e74462,Successful,0,Real,Windows 10,999,1498,Eastern Standard Time,"ANGLE (Intel, Intel(R) Arc(TM) Graphics (0x00007D55) Direct3D11 vs_5_0 ps_5_0, D3D11)",0,17,10,1,128,1.22.33,0,Chrome 132,3,97,97,-1,5,76.4084244,592.237732,DEFAULT,1,N/A,2025-03-03T21:06:38.5500000Z,N/A,N/A
916,2025-03-03T21:06:38.5500000Z,851710fe-0e1d-4a72-aedf-f34f032442c1,WPI6_17u398172e74462,Successful,0,Real,Windows 10,999,1498,Eastern Standard Time,"ANGLE (Intel, Intel(R) Arc(TM) Graphics (0x00007D55) Direct3D11 vs_5_0 ps_5_0, D3D11)",0,17,10,1,128,1.22.33,0,Chrome 132,3,-1,-1,-1,6,77.42645,574.9677,DEFAULT,1,N/A,2025-03-03T21:06:38.5500000Z,N/A,N/A
917,2025-03-03T22:00:24.3140000Z,851710fe-0e1d-4a72-aedf-f34f032442c1,WPI6_1741038939h14e0,Successful,0,Real,Windows 10,999,1498,Eastern Standard Time,"ANGLE (Intel, Intel(R) Iris(R) Xe Graphics (0x0000A7A1) Direct3D11 vs_5_0 ps_5_0, D3D11)",0,17,10,1,128,1.22.33,0,Chrome 133,3,12,12,-1,0,82.57918,450.46875,DEFAULT,1,N/A,2025-03-03T22:00:24.3140000Z,N/A,N/A
918,2025-03-03T22:00:24.3140000Z,851710fe-0e1d-4a72-aedf-f34f032442c1,WPI6_1741038939h14e0,Successful,0,Real,Windows 10,999,1498,Eastern Standard Time,"ANGLE (Intel, Intel(R) Iris(R) Xe Graphics (0x0000A7A1) Direct3D11 vs_5_0 ps_5_0, D3D11)",0,17,10,1,128,1.22.33,0,Chrome 133,3,7,7,-1,1,78.70213,510.789185,DEFAULT,1,N/A,2025-03-03T22:00:24.3140000Z,N/A,N/A
919,2025-03-03T22:00:24.3140000Z,851710fe-0e1d-4a72-aedf-f34f032442c1,WPI6_1741038939h14e0,Successful,0,Real,Windows 10,999,1498,Eastern Standard Time,"ANGLE (Intel, Intel(R) Iris(R) Xe Graphics (0x0000A7A1) Direct3D11 vs_5_0 ps_5_0, D3D11)",0,17,10,1,128,1.22.33,0,Chrome 133,3,42,42,-1,2,80.77057,432.6407,DEFAULT,1,N/A,2025-03-03T22:00:24.3140000Z,N/A,N/A
920,2025-03-03T22:00:24.3140000Z,851710fe-0e1d-4a72-aedf-f34f032442c1,WPI6_1741038939h14e0,Successful,0,Real,Windows 10,999,1498,Eastern Standard Time,"ANGLE (Intel, Intel(R) Iris(R) Xe Graphics (0x0000A7A1) Direct3D11 vs_5_0 ps_5_0, D3D11)",0,17,10,1,128,1.22.33,0,Chrome 133,3,6,6,-1,3,67.927,183.2964,DEFAULT,1,N/A,2025-03-03T22:00:24.3140000Z,N/A,N/A
921,2025-03-03T22:00:24.3140000Z,851710fe-0e1d-4a72-aedf-f34f032442c1,WPI6_1741038939h14e0,Successful,0,Real,Windows 10,999,1498,Eastern Standard Time,"ANGLE (Intel, Intel(R) Iris(R) Xe Graphics (0x0000A7A1) Direct3D11 vs_5_0 ps_5_0, D3D11)",0,17,10,1,128,1.22.33,0,Chrome 133,3,8,8,-1,4,75.7959061,291.394165,DEFAULT,1,N/A,2025-03-03T22:00:24.3140000Z,N/A,N/A
922,2025-03-03T22:00:24.3140000Z,851710fe-0e1d-4a72-aedf-f34f032442c1,WPI6_1741038939h14e0,Successful,0,Real,Windows 10,999,1498,Eastern Standard Time,"ANGLE (Intel, Intel(R) Iris(R) Xe Graphics (0x0000A7A1) Direct3D11 vs_5_0 ps_5_0, D3D11)",0,17,10,1,128,1.22.33,0,Chrome 133,3,74,74,-1,5,72.34476,280.8746,DEFAULT,1,N/A,2025-03-03T22:00:24.3140000Z,N/A,N/A
923,2025-03-03T22:00:24.3140000Z,851710fe-0e1d-4a72-aedf-f34f032442c1,WPI6_1741038939h14e0,Successful,0,Real,Windows 10,999,1498,Eastern Standard Time,"ANGLE (Intel, Intel(R) Iris(R) Xe Graphics (0x0000A7A1) Direct3D11 vs_5_0 ps_5_0, D3D11)",0,17,10,1,128,1.22.33,0,Chrome 133,3,-1,-1,-1,6,75.63837,297.6409,DEFAULT,1,N/A,2025-03-03T22:00:24.3140000Z,N/A,N/A
924,2025-03-04T01:13:18.9140000Z,851710fe-0e1d-4a72-aedf-f34f032442c1,WPI6_q1741050307u581,Successful,0,Real,Windows 10,608,1198,Eastern Standard Time,"ANGLE (Intel, Intel(R) UHD Graphics 600 (0x00003185) Direct3D11 vs_5_0 ps_5_0, D3D11)",0,17,10,1,128,1.22.33,0,Chrome 133,3,12,12,-1,0,73.527565,403.843719,DEFAULT,1,N/A,2025-03-04T01:13:18.9140000Z,N/A,N/A
925,2025-03-04T01:13:18.9140000Z,851710fe-0e1d-4a72-aedf-f34f032442c1,WPI6_q1741050307u581,Successful,0,Real,Windows 10,608,1198,Eastern Standard Time,"ANGLE (Intel, Intel(R) UHD Graphics 600 (0x00003185) Direct3D11 vs_5_0 ps_5_0, D3D11)",0,17,10,1,128,1.22.33,0,Chrome 133,3,2,2,-1,1,68.75795,127.388847,DEFAULT,1,N/A,2025-03-04T01:13:18.9140000Z,N/A,N/A
926,2025-03-04T01:13:18.9140000Z,851710fe-0e1d-4a72-aedf-f34f032442c1,WPI6_q1741050307u581,Successful,0,Real,Windows 10,608,1198,Eastern Standard Time,"ANGLE (Intel, Intel(R) UHD Graphics 600 (0x00003185) Direct3D11 vs_5_0 ps_5_0, D3D11)",0,17,10,1,128,1.22.33,0,Chrome 133,3,73,73,-1,2,66.9323654,119.350174,DEFAULT,1,N/A,2025-03-04T01:13:18.9140000Z,N/A,N/A
927,2025-03-04T01:13:18.9140000Z,851710fe-0e1d-4a72-aedf-f34f032442c1,WPI6_q1741050307u581,Successful,0,Real,Windows 10,608,1198,Eastern Standard Time,"ANGLE (Intel, Intel(R) UHD Graphics 600 (0x00003185) Direct3D11 vs_5_0 ps_5_0, D3D11)",0,17,10,1,128,1.22.33,0,Chrome 133,3,-1,-1,-1,3,65.99364,153.8788,DEFAULT,1,N/A,2025-03-04T01:13:18.9140000Z,N/A,N/A
928,2025-03-04T01:13:18.9140000Z,851710fe-0e1d-4a72-aedf-f34f032442c1,WPI6_q1741050307u581,Successful,0,Real,Windows 10,608,1198,Eastern Standard Time,"ANGLE (Intel, Intel(R) UHD Graphics 600 (0x00003185) Direct3D11 vs_5_0 ps_5_0, D3D11)",0,17,10,1,128,1.22.33,0,Chrome 133,3,74,74,-1,4,68.34212,122.602493,DEFAULT,1,N/A,2025-03-04T01:13:18.9140000Z,N/A,N/A
929,2025-03-04T01:13:18.9140000Z,851710fe-0e1d-4a72-aedf-f34f032442c1,WPI6_q1741050307u581,Successful,0,Real,Windows 10,608,1198,Eastern Standard Time,"ANGLE (Intel, Intel(R) UHD Graphics 600 (0x00003185) Direct3D11 vs_5_0 ps_5_0, D3D11)",0,17,10,1,128,1.22.33,0,Chrome 133,3,8,8,-1,5,68.02019,242.641724,DEFAULT,1,N/A,2025-03-04T01:13:18.9140000Z,N/A,N/A
930,2025-03-04T01:13:18.9140000Z,851710fe-0e1d-4a72-aedf-f34f032442c1,WPI6_q1741050307u581,Successful,0,Real,Windows 10,608,1198,Eastern Standard Time,"ANGLE (Intel, Intel(R) UHD Graphics 600 (0x00003185) Direct3D11 vs_5_0 ps_5_0, D3D11)",0,17,10,1,128,1.22.33,0,Chrome 133,3,42,42,-1,6,64.9173,119.611679,DEFAULT,1,N/A,2025-03-04T01:13:18.9140000Z,N/A,N/A
931,2025-03-04T03:48:14.9080000Z,851710fe-0e1d-4a72-aedf-f34f032442c1,WPI6_1v7c41059919525,Successful,0,Real,Windows 10,1199,1797,Eastern Standard Time,"ANGLE (Intel, Intel(R) UHD Graphics (0x0000A7A8) Direct3D11 vs_5_0 ps_5_0, D3D11)",0,17,10,1,128,1.22.33,0,Chrome 131,3,12,12,-1,0,113.59568,204.394318,DEFAULT,1,N/A,2025-03-04T03:48:14.9080000Z,N/A,N/A
932,2025-03-04T03:48:14.9080000Z,851710fe-0e1d-4a72-aedf-f34f032442c1,WPI6_1v7c41059919525,Successful,0,Real,Windows 10,1199,1797,Eastern Standard Time,"ANGLE (Intel, Intel(R) UHD Graphics (0x0000A7A8) Direct3D11 vs_5_0 ps_5_0, D3D11)",0,17,10,1,128,1.22.33,0,Chrome 131,3,-1,-1,-1,1,116.862007,107.796783,DEFAULT,1,N/A,2025-03-04T03:48:14.9080000Z,N/A,N/A
933,2025-03-04T03:48:14.9080000Z,851710fe-0e1d-4a72-aedf-f34f032442c1,WPI6_1v7c41059919525,Successful,0,Real,Windows 10,1199,1797,Eastern Standard Time,"ANGLE (Intel, Intel(R) UHD Graphics (0x0000A7A8) Direct3D11 vs_5_0 ps_5_0, D3D11)",0,17,10,1,128,1.22.33,0,Chrome 131,3,57,57,-1,2,114.369148,145.6662,DEFAULT,1,N/A,2025-03-04T03:48:14.9080000Z,N/A,N/A
934,2025-03-04T03:48:14.9080000Z,851710fe-0e1d-4a72-aedf-f34f032442c1,WPI6_1v7c41059919525,Successful,0,Real,Windows 10,1199,1797,Eastern Standard Time,"ANGLE (Intel, Intel(R) UHD Graphics (0x0000A7A8) Direct3D11 vs_5_0 ps_5_0, D3D11)",0,17,10,1,128,1.22.33,0,Chrome 131,3,26,26,-1,3,115.123512,131.720734,DEFAULT,1,N/A,2025-03-04T03:48:14.9080000Z,N/A,N/A
935,2025-03-04T03:48:14.9080000Z,851710fe-0e1d-4a72-aedf-f34f032442c1,WPI6_1v7c41059919525,Successful,0,Real,Windows 10,1199,1797,Eastern Standard Time,"ANGLE (Intel, Intel(R) UHD Graphics (0x0000A7A8) Direct3D11 vs_5_0 ps_5_0, D3D11)",0,17,10,1,128,1.22.33,0,Chrome 131,3,16,16,-1,4,113.445313,166.628983,DEFAULT,1,N/A,2025-03-04T03:48:14.9080000Z,N/A,N/A
936,2025-03-04T03:48:14.9080000Z,851710fe-0e1d-4a72-aedf-f34f032442c1,WPI6_1v7c41059919525,Successful,0,Real,Windows 10,1199,1797,Eastern Standard Time,"ANGLE (Intel, Intel(R) UHD Graphics (0x0000A7A8) Direct3D11 vs_5_0 ps_5_0, D3D11)",0,17,10,1,128,1.22.33,0,Chrome 131,3,15,15,-1,5,115.252625,136.16301,DEFAULT,1,N/A,2025-03-04T03:48:14.9080000Z,N/A,N/A
937,2025-03-04T03:48:14.9080000Z,851710fe-0e1d-4a72-aedf-f34f032442c1,WPI6_1v7c41059919525,Successful,0,Real,Windows 10,1199,1797,Eastern Standard Time,"ANGLE (Intel, Intel(R) UHD Graphics (0x0000A7A8) Direct3D11 vs_5_0 ps_5_0, D3D11)",0,17,10,1,128,1.22.33,0,Chrome 131,3,45,45,-1,6,116.629517,122.296692,DEFAULT,1,N/A,2025-03-04T03:48:14.9080000Z,N/A,N/A
938,2025-03-04T16:39:31.2980000Z,851710fe-0e1d-4a72-aedf-f34f032442c1,WPI6_17411a0613131e6,Successful,0,Real,Windows 10,999,1498,Eastern Standard Time,"ANGLE (AMD, AMD Radeon (TM) Graphics (0x000015E7) Direct3D11 vs_5_0 ps_5_0, D3D11)",0,17,10,1,128,1.22.33,0,Chrome 133,3,12,12,-1,0,77.02029,707.782959,DEFAULT,1,N/A,2025-03-04T16:39:31.2980000Z,N/A,N/A
939,2025-03-04T16:39:31.2980000Z,851710fe-0e1d-4a72-aedf-f34f032442c1,WPI6_17411a0613131e6,Successful,0,Real,Windows 10,999,1498,Eastern Standard Time,"ANGLE (AMD, AMD Radeon (TM) Graphics (0x000015E7) Direct3D11 vs_5_0 ps_5_0, D3D11)",0,17,10,1,128,1.22.33,0,Chrome 133,3,97,97,-1,1,72.3135147,506.596436,DEFAULT,1,N/A,2025-03-04T16:39:31.2980000Z,N/A,N/A
940,2025-03-04T16:39:31.2980000Z,851710fe-0e1d-4a72-aedf-f34f032442c1,WPI6_17411a0613131e6,Successful,0,Real,Windows 10,999,1498,Eastern Standard Time,"ANGLE (AMD, AMD Radeon (TM) Graphics (0x000015E7) Direct3D11 vs_5_0 ps_5_0, D3D11)",0,17,10,1,128,1.22.33,0,Chrome 133,3,42,42,-1,2,72.61663,558.4735,DEFAULT,1,N/A,2025-03-04T16:39:31.2980000Z,N/A,N/A
941,2025-03-04T16:39:31.2980000Z,851710fe-0e1d-4a72-aedf-f34f032442c1,WPI6_17411a0613131e6,Successful,0,Real,Windows 10,999,1498,Eastern Standard Time,"ANGLE (AMD, AMD Radeon (TM) Graphics (0x000015E7) Direct3D11 vs_5_0 ps_5_0, D3D11)",0,17,10,1,128,1.22.33,0,Chrome 133,3,6,6,-1,3,79.5272,743.6496,DEFAULT,1,N/A,2025-03-04T16:39:31.2980000Z,N/A,N/A
942,2025-03-04T16:39:31.2980000Z,851710fe-0e1d-4a72-aedf-f34f032442c1,WPI6_17411a0613131e6,Successful,0,Real,Windows 10,999,1498,Eastern Standard Time,"ANGLE (AMD, AMD Radeon (TM) Graphics (0x000015E7) Direct3D11 vs_5_0 ps_5_0, D3D11)",0,17,10,1,128,1.22.33,0,Chrome 133,3,16,16,-1,4,76.888916,736.8767,DEFAULT,1,N/A,2025-03-04T16:39:31.2980000Z,N/A,N/A
943,2025-03-04T16:39:31.2980000Z,851710fe-0e1d-4a72-aedf-f34f032442c1,WPI6_17411a0613131e6,Successful,0,Real,Windows 10,999,1498,Eastern Standard Time,"ANGLE (AMD, AMD Radeon (TM) Graphics (0x000015E7) Direct3D11 vs_5_0 ps_5_0, D3D11)",0,17,10,1,128,1.22.33,0,Chrome 133,3,5,5,-1,5,77.84922,716.4085689999999,DEFAULT,1,N/A,2025-03-04T16:39:31.2980000Z,N/A,N/A
944,2025-03-04T16:39:31.2980000Z,851710fe-0e1d-4a72-aedf-f34f032442c1,WPI6_17411a0613131e6,Successful,0,Real,Windows 10,999,1498,Eastern Standard Time,"ANGLE (AMD, AMD Radeon (TM) Graphics (0x000015E7) Direct3D11 vs_5_0 ps_5_0, D3D11)",0,17,10,1,128,1.22.33,0,Chrome 133,3,-1,-1,-1,6,78.83242,703.5182,DEFAULT,1,N/A,2025-03-04T16:39:31.2980000Z,N/A,N/A
945,2025-03-04T18:44:25.6600000Z,851710fe-0e1d-4a72-aedf-f34f032442c1,WPI6_1741113l62g4959,Successful,0,Real,Windows 10,1582,2396,Eastern Standard Time,"ANGLE (Intel, Intel(R) Iris(R) Xe Graphics (0x000046A8) Direct3D11 vs_5_0 ps_5_0, D3D11)",0,17,10,1,128,1.22.33,0,Chrome 123,3,12,12,-1,0,60.1856651,12.1931038,DEFAULT,1,N/A,2025-03-04T18:44:25.6600000Z,N/A,N/A
946,2025-03-04T18:44:25.6600000Z,851710fe-0e1d-4a72-aedf-f34f032442c1,WPI6_1741113l62g4959,Successful,0,Real,Windows 10,1582,2396,Eastern Standard Time,"ANGLE (Intel, Intel(R) Iris(R) Xe Graphics (0x000046A8) Direct3D11 vs_5_0 ps_5_0, D3D11)",0,17,10,1,128,1.22.33,0,Chrome 123,3,15,15,-1,1,60.34081,27.205204,DEFAULT,1,N/A,2025-03-04T18:44:25.6600000Z,N/A,N/A
947,2025-03-04T18:44:25.6600000Z,851710fe-0e1d-4a72-aedf-f34f032442c1,WPI6_1741113l62g4959,Successful,0,Real,Windows 10,1582,2396,Eastern Standard Time,"ANGLE (Intel, Intel(R) Iris(R) Xe Graphics (0x000046A8) Direct3D11 vs_5_0 ps_5_0, D3D11)",0,17,10,1,128,1.22.33,0,Chrome 123,3,6,6,-1,2,61.0715,49.4310875,DEFAULT,1,N/A,2025-03-04T18:44:25.6600000Z,N/A,N/A
948,2025-03-04T18:44:25.6600000Z,851710fe-0e1d-4a72-aedf-f34f032442c1,WPI6_1741113l62g4959,Successful,0,Real,Windows 10,1582,2396,Eastern Standard Time,"ANGLE (Intel, Intel(R) Iris(R) Xe Graphics (0x000046A8) Direct3D11 vs_5_0 ps_5_0, D3D11)",0,17,10,1,128,1.22.33,0,Chrome 123,3,96,96,-1,3,60.23153,14.3290977,DEFAULT,1,N/A,2025-03-04T18:44:25.6600000Z,N/A,N/A
949,2025-03-04T18:44:25.6600000Z,851710fe-0e1d-4a72-aedf-f34f032442c1,WPI6_1741113l62g4959,Successful,0,Real,Windows 10,1582,2396,Eastern Standard Time,"ANGLE (Intel, Intel(R) Iris(R) Xe Graphics (0x000046A8) Direct3D11 vs_5_0 ps_5_0, D3D11)",0,17,10,1,128,1.22.33,0,Chrome 123,3,-1,-1,-1,4,60.23547,15.7063465,DEFAULT,1,N/A,2025-03-04T18:44:25.6600000Z,N/A,N/A
950,2025-03-04T18:44:25.6600000Z,851710fe-0e1d-4a72-aedf-f34f032442c1,WPI6_1741113l62g4959,Successful,0,Real,Windows 10,1582,2396,Eastern Standard Time,"ANGLE (Intel, Intel(R) Iris(R) Xe Graphics (0x000046A8) Direct3D11 vs_5_0 ps_5_0, D3D11)",0,17,10,1,128,1.22.33,0,Chrome 123,3,8,8,-1,5,60.17079,6.63212967,DEFAULT,1,N/A,2025-03-04T18:44:25.6600000Z,N/A,N/A
951,2025-03-04T18:44:25.6600000Z,851710fe-0e1d-4a72-aedf-f34f032442c1,WPI6_1741113l62g4959,Successful,0,Real,Windows 10,1582,2396,Eastern Standard Time,"ANGLE (Intel, Intel(R) Iris(R) Xe Graphics (0x000046A8) Direct3D11 vs_5_0 ps_5_0, D3D11)",0,17,10,1,128,1.22.33,0,Chrome 123,3,7,7,-1,6,60.65481,64.40099,DEFAULT,1,N/A,2025-03-04T18:44:25.6600000Z,N/A,N/A
952,2025-03-04T18:54:03.5820000Z,851710fe-0e1d-4a72-aedf-f34f032442c1,WPI6_174u1114139w854,Successful,0,Real,Windows 10,799,1198,Eastern Standard Time,"ANGLE (Intel, Intel(R) Iris(R) Plus Graphics (0x00008A52) Direct3D11 vs_5_0 ps_5_0, D3D11)",0,17,10,1,128,1.22.33,0,Chrome 134,3,12,12,-1,0,107.618515,165.435,DEFAULT,1,N/A,2025-03-04T18:54:03.5820000Z,N/A,N/A
953,2025-03-04T18:54:03.5820000Z,851710fe-0e1d-4a72-aedf-f34f032442c1,WPI6_174u1114139w854,Successful,0,Real,Windows 10,799,1198,Eastern Standard Time,"ANGLE (Intel, Intel(R) Iris(R) Plus Graphics (0x00008A52) Direct3D11 vs_5_0 ps_5_0, D3D11)",0,17,10,1,128,1.22.33,0,Chrome 134,3,-1,-1,-1,1,111.315186,134.34407,DEFAULT,1,N/A,2025-03-04T18:54:03.5820000Z,N/A,N/A
954,2025-03-04T18:54:03.5820000Z,851710fe-0e1d-4a72-aedf-f34f032442c1,WPI6_174u1114139w854,Successful,0,Real,Windows 10,799,1198,Eastern Standard Time,"ANGLE (Intel, Intel(R) Iris(R) Plus Graphics (0x00008A52) Direct3D11 vs_5_0 ps_5_0, D3D11)",0,17,10,1,128,1.22.33,0,Chrome 134,3,15,15,-1,2,109.295593,183.51947,DEFAULT,1,N/A,2025-03-04T18:54:03.5820000Z,N/A,N/A
955,2025-03-04T18:54:03.5820000Z,851710fe-0e1d-4a72-aedf-f34f032442c1,WPI6_174u1114139w854,Successful,0,Real,Windows 10,799,1198,Eastern Standard Time,"ANGLE (Intel, Intel(R) Iris(R) Plus Graphics (0x00008A52) Direct3D11 vs_5_0 ps_5_0, D3D11)",0,17,10,1,128,1.22.33,0,Chrome 134,3,7,7,-1,3,113.181473,182.980759,DEFAULT,1,N/A,2025-03-04T18:54:03.5820000Z,N/A,N/A
956,2025-03-04T18:54:03.5820000Z,851710fe-0e1d-4a72-aedf-f34f032442c1,WPI6_174u1114139w854,Successful,0,Real,Windows 10,799,1198,Eastern Standard Time,"ANGLE (Intel, Intel(R) Iris(R) Plus Graphics (0x00008A52) Direct3D11 vs_5_0 ps_5_0, D3D11)",0,17,10,1,128,1.22.33,0,Chrome 134,3,26,26,-1,4,109.297844,190.442108,DEFAULT,1,N/A,2025-03-04T18:54:03.5820000Z,N/A,N/A
957,2025-03-04T18:54:03.5820000Z,851710fe-0e1d-4a72-aedf-f34f032442c1,WPI6_174u1114139w854,Successful,0,Real,Windows 10,799,1198,Eastern Standard Time,"ANGLE (Intel, Intel(R) Iris(R) Plus Graphics (0x00008A52) Direct3D11 vs_5_0 ps_5_0, D3D11)",0,17,10,1,128,1.22.33,0,Chrome 134,3,8,8,-1,5,107.789963,162.629074,DEFAULT,1,N/A,2025-03-04T18:54:03.5820000Z,N/A,N/A
958,2025-03-04T18:54:03.5820000Z,851710fe-0e1d-4a72-aedf-f34f032442c1,WPI6_174u1114139w854,Successful,0,Real,Windows 10,799,1198,Eastern Standard Time,"ANGLE (Intel, Intel(R) Iris(R) Plus Graphics (0x00008A52) Direct3D11 vs_5_0 ps_5_0, D3D11)",0,17,10,1,128,1.22.33,0,Chrome 134,3,97,97,-1,6,109.877663,179.507538,DEFAULT,1,N/A,2025-03-04T18:54:03.5820000Z,N/A,N/A
959,2025-03-04T22:03:03.5600000Z,851710fe-0e1d-4a72-aedf-f34f032442c1,WPI6_1741l12551188a2,Successful,0,Real,Mac OS X 10_15_7,1598,2396,Eastern Standard Time,Apple GPU,0,17,10,1,128,1.22.33,0,Safari 18.3,3,12,12,-1,0,117.895439,91.32416,DEFAULT,1,N/A,2025-03-04T22:03:03.5600000Z,N/A,N/A
960,2025-03-04T22:03:03.5600000Z,851710fe-0e1d-4a72-aedf-f34f032442c1,WPI6_1741l12551188a2,Successful,0,Real,Mac OS X 10_15_7,1598,2396,Eastern Standard Time,Apple GPU,0,17,10,1,128,1.22.33,0,Safari 18.3,3,97,97,-1,1,118.328629,101.058517,DEFAULT,1,N/A,2025-03-04T22:03:03.5600000Z,N/A,N/A
961,2025-03-04T22:03:03.5600000Z,851710fe-0e1d-4a72-aedf-f34f032442c1,WPI6_1741l12551188a2,Successful,0,Real,Mac OS X 10_15_7,1598,2396,Eastern Standard Time,Apple GPU,0,17,10,1,128,1.22.33,0,Safari 18.3,3,42,42,-1,2,118.3043,95.65827,DEFAULT,1,N/A,2025-03-04T22:03:03.5600000Z,N/A,N/A
962,2025-03-04T22:03:03.5600000Z,851710fe-0e1d-4a72-aedf-f34f032442c1,WPI6_1741l12551188a2,Successful,0,Real,Mac OS X 10_15_7,1598,2396,Eastern Standard Time,Apple GPU,0,17,10,1,128,1.22.33,0,Safari 18.3,3,73,73,-1,3,118.701653,94.0284958,DEFAULT,1,N/A,2025-03-04T22:03:03.5600000Z,N/A,N/A
963,2025-03-04T22:03:03.5600000Z,851710fe-0e1d-4a72-aedf-f34f032442c1,WPI6_1741l12551188a2,Successful,0,Real,Mac OS X 10_15_7,1598,2396,Eastern Standard Time,Apple GPU,0,17,10,1,128,1.22.33,0,Safari 18.3,3,15,15,-1,4,118.935188,100.331039,DEFAULT,1,N/A,2025-03-04T22:03:03.5600000Z,N/A,N/A
964,2025-03-04T22:03:03.5600000Z,851710fe-0e1d-4a72-aedf-f34f032442c1,WPI6_1741l12551188a2,Successful,0,Real,Mac OS X 10_15_7,1598,2396,Eastern Standard Time,Apple GPU,0,17,10,1,128,1.22.33,0,Safari 18.3,3,57,57,-1,5,119.1637,95.25332,DEFAULT,1,N/A,2025-03-04T22:03:03.5600000Z,N/A,N/A
965,2025-03-04T22:03:03.5600000Z,851710fe-0e1d-4a72-aedf-f34f032442c1,WPI6_1741l12551188a2,Successful,0,Real,Mac OS X 10_15_7,1598,2396,Eastern Standard Time,Apple GPU,0,17,10,1,128,1.22.33,0,Safari 18.3,3,-1,-1,-1,6,118.527069,99.7520752,DEFAULT,1,N/A,2025-03-04T22:03:03.5600000Z,N/A,N/A
966,2025-03-05T12:51:26.4400000Z,851710fe-0e1d-4a72-aedf-f34f032442c1,WPI6_17411788rg24870,Successful,0,Real,Mac OS X 10_15_7,1480,2396,Eastern Standard Time,"ANGLE (Apple, ANGLE Metal Renderer: Apple M2, Unspecified Version)",0,17,10,1,128,1.22.33,0,Chrome 133,3,12,12,-1,0,120.569389,57.9224777,DEFAULT,1,N/A,2025-03-05T12:51:26.4400000Z,N/A,N/A
967,2025-03-05T12:51:26.4400000Z,851710fe-0e1d-4a72-aedf-f34f032442c1,WPI6_17411788rg24870,Successful,0,Real,Mac OS X 10_15_7,1480,2396,Eastern Standard Time,"ANGLE (Apple, ANGLE Metal Renderer: Apple M2, Unspecified Version)",0,17,10,1,128,1.22.33,0,Chrome 133,3,-1,-1,-1,1,119.622253,54.47699,DEFAULT,1,N/A,2025-03-05T12:51:26.4400000Z,N/A,N/A
968,2025-03-05T12:51:26.4400000Z,851710fe-0e1d-4a72-aedf-f34f032442c1,WPI6_17411788rg24870,Successful,0,Real,Mac OS X 10_15_7,1480,2396,Eastern Standard Time,"ANGLE (Apple, ANGLE Metal Renderer: Apple M2, Unspecified Version)",0,17,10,1,128,1.22.33,0,Chrome 133,3,6,6,-1,2,120.375893,43.6535378,DEFAULT,1,N/A,2025-03-05T12:51:26.4400000Z,N/A,N/A
969,2025-03-05T12:51:26.4400000Z,851710fe-0e1d-4a72-aedf-f34f032442c1,WPI6_17411788rg24870,Successful,0,Real,Mac OS X 10_15_7,1480,2396,Eastern Standard Time,"ANGLE (Apple, ANGLE Metal Renderer: Apple M2, Unspecified Version)",0,17,10,1,128,1.22.33,0,Chrome 133,3,7,7,-1,3,119.815605,49.43073,DEFAULT,1,N/A,2025-03-05T12:51:26.4400000Z,N/A,N/A
970,2025-03-05T12:51:26.4400000Z,851710fe-0e1d-4a72-aedf-f34f032442c1,WPI6_17411788rg24870,Successful,0,Real,Mac OS X 10_15_7,1480,2396,Eastern Standard Time,"ANGLE (Apple, ANGLE Metal Renderer: Apple M2, Unspecified Version)",0,17,10,1,128,1.22.33,0,Chrome 133,3,57,57,-1,4,120.727356,46.0218468,DEFAULT,1,N/A,2025-03-05T12:51:26.4400000Z,N/A,N/A
971,2025-03-05T12:51:26.4400000Z,851710fe-0e1d-4a72-aedf-f34f032442c1,WPI6_17411788rg24870,Successful,0,Real,Mac OS X 10_15_7,1480,2396,Eastern Standard Time,"ANGLE (Apple, ANGLE Metal Renderer: Apple M2, Unspecified Version)",0,17,10,1,128,1.22.33,0,Chrome 133,3,96,96,-1,5,120.055679,53.95731,DEFAULT,1,N/A,2025-03-05T12:51:26.4400000Z,N/A,N/A
972,2025-03-05T12:51:26.4400000Z,851710fe-0e1d-4a72-aedf-f34f032442c1,WPI6_17411788rg24870,Successful,0,Real,Mac OS X 10_15_7,1480,2396,Eastern Standard Time,"ANGLE (Apple, ANGLE Metal Renderer: Apple M2, Unspecified Version)",0,17,10,1,128,1.22.33,0,Chrome 133,3,15,15,-1,6,119.802734,64.71492,DEFAULT,1,N/A,2025-03-05T12:51:26.4400000Z,N/A,N/A
973,2025-03-05T14:28:43.3970000Z,851710fe-0e1d-4a72-aedf-f34f032442c1,WPI6_1z7411846j96472,Successful,0,Real,Windows 10,999,1498,Eastern Standard Time,"ANGLE (AMD, AMD Radeon (TM) Graphics (0x000015E7) Direct3D11 vs_5_0 ps_5_0, D3D11)",0,17,10,1,128,1.22.33,0,Chrome 133,3,12,12,-1,0,60.3251457,15.8840609,DEFAULT,1,N/A,2025-03-05T14:28:43.3970000Z,N/A,N/A
974,2025-03-05T14:28:43.3970000Z,851710fe-0e1d-4a72-aedf-f34f032442c1,WPI6_1z7411846j96472,Successful,0,Real,Windows 10,999,1498,Eastern Standard Time,"ANGLE (AMD, AMD Radeon (TM) Graphics (0x000015E7) Direct3D11 vs_5_0 ps_5_0, D3D11)",0,17,10,1,128,1.22.33,0,Chrome 133,3,57,57,-1,1,60.3665581,15.9771242,DEFAULT,1,N/A,2025-03-05T14:28:43.3970000Z,N/A,N/A
975,2025-03-05T14:28:43.3970000Z,851710fe-0e1d-4a72-aedf-f34f032442c1,WPI6_1z7411846j96472,Successful,0,Real,Windows 10,999,1498,Eastern Standard Time,"ANGLE (AMD, AMD Radeon (TM) Graphics (0x000015E7) Direct3D11 vs_5_0 ps_5_0, D3D11)",0,17,10,1,128,1.22.33,0,Chrome 133,3,26,26,-1,2,60.2734337,14.2552366,DEFAULT,1,N/A,2025-03-05T14:28:43.3970000Z,N/A,N/A
976,2025-03-05T14:28:43.3970000Z,851710fe-0e1d-4a72-aedf-f34f032442c1,WPI6_1z7411846j96472,Successful,0,Real,Windows 10,999,1498,Eastern Standard Time,"ANGLE (AMD, AMD Radeon (TM) Graphics (0x000015E7) Direct3D11 vs_5_0 ps_5_0, D3D11)",0,17,10,1,128,1.22.33,0,Chrome 133,3,5,5,-1,3,60.22673,13.095067,DEFAULT,1,N/A,2025-03-05T14:28:43.3970000Z,N/A,N/A
977,2025-03-05T14:28:43.3970000Z,851710fe-0e1d-4a72-aedf-f34f032442c1,WPI6_1z7411846j96472,Successful,0,Real,Windows 10,999,1498,Eastern Standard Time,"ANGLE (AMD, AMD Radeon (TM) Graphics (0x000015E7) Direct3D11 vs_5_0 ps_5_0, D3D11)",0,17,10,1,128,1.22.33,0,Chrome 133,3,-1,-1,-1,4,60.2388763,14.9847679,DEFAULT,1,N/A,2025-03-05T14:28:43.3970000Z,N/A,N/A
978,2025-03-05T14:28:43.3970000Z,851710fe-0e1d-4a72-aedf-f34f032442c1,WPI6_1z7411846j96472,Successful,0,Real,Windows 10,999,1498,Eastern Standard Time,"ANGLE (AMD, AMD Radeon (TM) Graphics (0x000015E7) Direct3D11 vs_5_0 ps_5_0, D3D11)",0,17,10,1,128,1.22.33,0,Chrome 133,3,6,6,-1,5,60.26001,13.3211479,DEFAULT,1,N/A,2025-03-05T14:28:43.3970000Z,N/A,N/A
979,2025-03-05T14:28:43.3970000Z,851710fe-0e1d-4a72-aedf-f34f032442c1,WPI6_1z7411846j96472,Successful,0,Real,Windows 10,999,1498,Eastern Standard Time,"ANGLE (AMD, AMD Radeon (TM) Graphics (0x000015E7) Direct3D11 vs_5_0 ps_5_0, D3D11)",0,17,10,1,128,1.22.33,0,Chrome 133,3,3,3,-1,6,60.2134056,15.047534,DEFAULT,1,N/A,2025-03-05T14:28:43.3970000Z,N/A,N/A
980,2025-03-05T16:27:35.6130000Z,851710fe-0e1d-4a72-aedf-f34f032442c1,WPI6_1741191f85p4268,Successful,0,Real,Windows 10,869,1498,Eastern Standard Time,"ANGLE (Intel, Intel(R) Iris(R) Xe Graphics (0x000046A6) Direct3D11 vs_5_0 ps_5_0, D3D11)",0,17,10,1,128,1.22.33,0,Chrome 133,3,12,12,-1,0,122.61264,50.6079178,DEFAULT,1,N/A,2025-03-05T16:27:35.6130000Z,N/A,N/A
981,2025-03-05T16:27:35.6130000Z,851710fe-0e1d-4a72-aedf-f34f032442c1,WPI6_1741191f85p4268,Successful,0,Real,Windows 10,869,1498,Eastern Standard Time,"ANGLE (Intel, Intel(R) Iris(R) Xe Graphics (0x000046A6) Direct3D11 vs_5_0 ps_5_0, D3D11)",0,17,10,1,128,1.22.33,0,Chrome 133,3,-1,-1,-1,1,124.181244,49.6704941,DEFAULT,1,N/A,2025-03-05T16:27:35.6130000Z,N/A,N/A
982,2025-03-05T16:27:35.6130000Z,851710fe-0e1d-4a72-aedf-f34f032442c1,WPI6_1741191f85p4268,Successful,0,Real,Windows 10,869,1498,Eastern Standard Time,"ANGLE (Intel, Intel(R) Iris(R) Xe Graphics (0x000046A6) Direct3D11 vs_5_0 ps_5_0, D3D11)",0,17,10,1,128,1.22.33,0,Chrome 133,3,97,97,-1,2,123.111069,61.3497,DEFAULT,1,N/A,2025-03-05T16:27:35.6130000Z,N/A,N/A
983,2025-03-05T16:27:35.6130000Z,851710fe-0e1d-4a72-aedf-f34f032442c1,WPI6_1741191f85p4268,Successful,0,Real,Windows 10,869,1498,Eastern Standard Time,"ANGLE (Intel, Intel(R) Iris(R) Xe Graphics (0x000046A6) Direct3D11 vs_5_0 ps_5_0, D3D11)",0,17,10,1,128,1.22.33,0,Chrome 133,3,57,57,-1,3,122.315689,61.0505562,DEFAULT,1,N/A,2025-03-05T16:27:35.6130000Z,N/A,N/A
984,2025-03-05T16:27:35.6130000Z,851710fe-0e1d-4a72-aedf-f34f032442c1,WPI6_1741191f85p4268,Successful,0,Real,Windows 10,869,1498,Eastern Standard Time,"ANGLE (Intel, Intel(R) Iris(R) Xe Graphics (0x000046A6) Direct3D11 vs_5_0 ps_5_0, D3D11)",0,17,10,1,128,1.22.33,0,Chrome 133,3,73,73,-1,4,123.093918,60.41159,DEFAULT,1,N/A,2025-03-05T16:27:35.6130000Z,N/A,N/A
985,2025-03-05T16:27:35.6130000Z,851710fe-0e1d-4a72-aedf-f34f032442c1,WPI6_1741191f85p4268,Successful,0,Real,Windows 10,869,1498,Eastern Standard Time,"ANGLE (Intel, Intel(R) Iris(R) Xe Graphics (0x000046A6) Direct3D11 vs_5_0 ps_5_0, D3D11)",0,17,10,1,128,1.22.33,0,Chrome 133,3,5,5,-1,5,122.864632,64.64924,DEFAULT,1,N/A,2025-03-05T16:27:35.6130000Z,N/A,N/A
986,2025-03-05T16:27:35.6130000Z,851710fe-0e1d-4a72-aedf-f34f032442c1,WPI6_1741191f85p4268,Successful,0,Real,Windows 10,869,1498,Eastern Standard Time,"ANGLE (Intel, Intel(R) Iris(R) Xe Graphics (0x000046A6) Direct3D11 vs_5_0 ps_5_0, D3D11)",0,17,10,1,128,1.22.33,0,Chrome 133,3,26,26,-1,6,124.185715,53.82945,DEFAULT,1,N/A,2025-03-05T16:27:35.6130000Z,N/A,N/A
987,2025-03-05T22:08:11.6100000Z,851710fe-0e1d-4a72-aedf-f34f032442c1,WPI6_17412122j9998l0,Successful,0,Real,Mac OS X 10_15_7,1598,2396,Eastern Standard Time,Apple GPU,0,17,10,1,128,1.22.33,0,Safari 18.3,3,12,12,-1,0,117.774635,96.00182,DEFAULT,1,N/A,2025-03-05T22:08:11.6100000Z,N/A,N/A
988,2025-03-05T22:08:11.6100000Z,851710fe-0e1d-4a72-aedf-f34f032442c1,WPI6_17412122j9998l0,Successful,0,Real,Mac OS X 10_15_7,1598,2396,Eastern Standard Time,Apple GPU,0,17,10,1,128,1.22.33,0,Safari 18.3,3,29,29,-1,1,118.052353,124.95443,DEFAULT,1,N/A,2025-03-05T22:08:11.6100000Z,N/A,N/A
989,2025-03-05T22:08:11.6100000Z,851710fe-0e1d-4a72-aedf-f34f032442c1,WPI6_17412122j9998l0,Successful,0,Real,Mac OS X 10_15_7,1598,2396,Eastern Standard Time,Apple GPU,0,17,10,1,128,1.22.33,0,Safari 18.3,3,15,15,-1,2,117.604095,115.4829,DEFAULT,1,N/A,2025-03-05T22:08:11.6100000Z,N/A,N/A
990,2025-03-05T22:08:11.6100000Z,851710fe-0e1d-4a72-aedf-f34f032442c1,WPI6_17412122j9998l0,Successful,0,Real,Mac OS X 10_15_7,1598,2396,Eastern Standard Time,Apple GPU,0,17,10,1,128,1.22.33,0,Safari 18.3,3,35,35,-1,3,117.437073,99.76687,DEFAULT,1,N/A,2025-03-05T22:08:11.6100000Z,N/A,N/A
991,2025-03-05T22:08:11.6100000Z,851710fe-0e1d-4a72-aedf-f34f032442c1,WPI6_17412122j9998l0,Successful,0,Real,Mac OS X 10_15_7,1598,2396,Eastern Standard Time,Apple GPU,0,17,10,1,128,1.22.33,0,Safari 18.3,3,73,73,-1,4,117.906921,103.078094,DEFAULT,1,N/A,2025-03-05T22:08:11.6100000Z,N/A,N/A
992,2025-03-05T22:08:11.6100000Z,851710fe-0e1d-4a72-aedf-f34f032442c1,WPI6_17412122j9998l0,Successful,0,Real,Mac OS X 10_15_7,1598,2396,Eastern Standard Time,Apple GPU,0,17,10,1,128,1.22.33,0,Safari 18.3,3,-1,-1,-1,5,118.118233,106.079346,DEFAULT,1,N/A,2025-03-05T22:08:11.6100000Z,N/A,N/A
993,2025-03-05T22:08:11.6100000Z,851710fe-0e1d-4a72-aedf-f34f032442c1,WPI6_17412122j9998l0,Successful,0,Real,Mac OS X 10_15_7,1598,2396,Eastern Standard Time,Apple GPU,0,17,10,1,128,1.22.33,0,Safari 18.3,3,97,97,-1,6,118.070656,106.801178,DEFAULT,1,N/A,2025-03-05T22:08:11.6100000Z,N/A,N/A
994,2025-03-05T23:11:02.7910000Z,851710fe-0e1d-4a72-aedf-f34f032442c1,WPI6_17412160o5u7416,Successful,0,Real,Windows 10,869,1498,Eastern Standard Time,"ANGLE (Intel, Intel(R) UHD Graphics (0x0000A720) Direct3D11 vs_5_0 ps_5_0, D3D11)",0,17,10,1,128,1.22.33,0,Chrome 133,3,12,12,-1,0,84.66011,568.577148,DEFAULT,1,N/A,2025-03-05T23:11:02.7910000Z,N/A,N/A
995,2025-03-05T23:11:02.7910000Z,851710fe-0e1d-4a72-aedf-f34f032442c1,WPI6_17412160o5u7416,Successful,0,Real,Windows 10,869,1498,Eastern Standard Time,"ANGLE (Intel, Intel(R) UHD Graphics (0x0000A720) Direct3D11 vs_5_0 ps_5_0, D3D11)",0,17,10,1,128,1.22.33,0,Chrome 133,3,6,6,-1,1,86.76133,511.528778,DEFAULT,1,N/A,2025-03-05T23:11:02.7910000Z,N/A,N/A
996,2025-03-05T23:11:02.7910000Z,851710fe-0e1d-4a72-aedf-f34f032442c1,WPI6_17412160o5u7416,Successful,0,Real,Windows 10,869,1498,Eastern Standard Time,"ANGLE (Intel, Intel(R) UHD Graphics (0x0000A720) Direct3D11 vs_5_0 ps_5_0, D3D11)",0,17,10,1,128,1.22.33,0,Chrome 133,3,42,42,-1,2,91.48986,655.343567,DEFAULT,1,N/A,2025-03-05T23:11:02.7910000Z,N/A,N/A
997,2025-03-05T23:11:02.7910000Z,851710fe-0e1d-4a72-aedf-f34f032442c1,WPI6_17412160o5u7416,Successful,0,Real,Windows 10,869,1498,Eastern Standard Time,"ANGLE (Intel, Intel(R) UHD Graphics (0x0000A720) Direct3D11 vs_5_0 ps_5_0, D3D11)",0,17,10,1,128,1.22.33,0,Chrome 133,3,29,29,-1,3,101.2159,511.562164,DEFAULT,1,N/A,2025-03-05T23:11:02.7910000Z,N/A,N/A
998,2025-03-05T23:11:02.7910000Z,851710fe-0e1d-4a72-aedf-f34f032442c1,WPI6_17412160o5u7416,Successful,0,Real,Windows 10,869,1498,Eastern Standard Time,"ANGLE (Intel, Intel(R) UHD Graphics (0x0000A720) Direct3D11 vs_5_0 ps_5_0, D3D11)",0,17,10,1,128,1.22.33,0,Chrome 133,3,7,7,-1,4,92.26908,651.782959,DEFAULT,1,N/A,2025-03-05T23:11:02.7910000Z,N/A,N/A
999,2025-03-05T23:11:02.7910000Z,851710fe-0e1d-4a72-aedf-f34f032442c1,WPI6_17412160o5u7416,Successful,0,Real,Windows 10,869,1498,Eastern Standard Time,"ANGLE (Intel, Intel(R) UHD Graphics (0x0000A720) Direct3D11 vs_5_0 ps_5_0, D3D11)",0,17,10,1,128,1.22.33,0,Chrome 133,3,3,3,-1,5,83.2312241,629.4946,DEFAULT,1,N/A,2025-03-05T23:11:02.7910000Z,N/A,N/A
1000,2025-03-05T23:11:02.7910000Z,851710fe-0e1d-4a72-aedf-f34f032442c1,WPI6_17412160o5u7416,Successful,0,Real,Windows 10,869,1498,Eastern Standard Time,"ANGLE (Intel, Intel(R) UHD Graphics (0x0000A720) Direct3D11 vs_5_0 ps_5_0, D3D11)",0,17,10,1,128,1.22.33,0,Chrome 133,3,-1,-1,-1,6,88.08105,557.254,DEFAULT,1,N/A,2025-03-05T23:11:02.7910000Z,N/A,N/A
1001,2025-03-05T23:36:30.4510000Z,851710fe-0e1d-4a72-aedf-f34f032442c1,WPI6_1741q21v7504699,Successful,0,Real,Windows 10,1978,2995,Eastern Standard Time,"ANGLE (AMD, AMD Radeon(TM) Graphics (0x00001681) Direct3D11 vs_5_0 ps_5_0, D3D11)",0,17,10,1,128,1.22.33,0,Chrome 132,3,12,12,-1,0,120.757416,60.1442566,DEFAULT,1,N/A,2025-03-05T23:36:30.4510000Z,N/A,N/A
1002,2025-03-05T23:36:30.4510000Z,851710fe-0e1d-4a72-aedf-f34f032442c1,WPI6_1741q21v7504699,Successful,0,Real,Windows 10,1978,2995,Eastern Standard Time,"ANGLE (AMD, AMD Radeon(TM) Graphics (0x00001681) Direct3D11 vs_5_0 ps_5_0, D3D11)",0,17,10,1,128,1.22.33,0,Chrome 132,3,45,45,-1,1,121.145561,57.93077,DEFAULT,1,N/A,2025-03-05T23:36:30.4510000Z,N/A,N/A
1003,2025-03-05T23:36:30.4510000Z,851710fe-0e1d-4a72-aedf-f34f032442c1,WPI6_1741q21v7504699,Successful,0,Real,Windows 10,1978,2995,Eastern Standard Time,"ANGLE (AMD, AMD Radeon(TM) Graphics (0x00001681) Direct3D11 vs_5_0 ps_5_0, D3D11)",0,17,10,1,128,1.22.33,0,Chrome 132,3,-1,-1,-1,2,120.954826,75.5509,DEFAULT,1,N/A,2025-03-05T23:36:30.4510000Z,N/A,N/A
1004,2025-03-05T23:36:30.4510000Z,851710fe-0e1d-4a72-aedf-f34f032442c1,WPI6_1741q21v7504699,Successful,0,Real,Windows 10,1978,2995,Eastern Standard Time,"ANGLE (AMD, AMD Radeon(TM) Graphics (0x00001681) Direct3D11 vs_5_0 ps_5_0, D3D11)",0,17,10,1,128,1.22.33,0,Chrome 132,3,6,6,-1,3,121.106476,49.965847,DEFAULT,1,N/A,2025-03-05T23:36:30.4510000Z,N/A,N/A
1005,2025-03-05T23:36:30.4510000Z,851710fe-0e1d-4a72-aedf-f34f032442c1,WPI6_1741q21v7504699,Successful,0,Real,Windows 10,1978,2995,Eastern Standard Time,"ANGLE (AMD, AMD Radeon(TM) Graphics (0x00001681) Direct3D11 vs_5_0 ps_5_0, D3D11)",0,17,10,1,128,1.22.33,0,Chrome 132,3,5,5,-1,4,120.757919,70.93382,DEFAULT,1,N/A,2025-03-05T23:36:30.4510000Z,N/A,N/A
1006,2025-03-05T23:36:30.4510000Z,851710fe-0e1d-4a72-aedf-f34f032442c1,WPI6_1741q21v7504699,Successful,0,Real,Windows 10,1978,2995,Eastern Standard Time,"ANGLE (AMD, AMD Radeon(TM) Graphics (0x00001681) Direct3D11 vs_5_0 ps_5_0, D3D11)",0,17,10,1,128,1.22.33,0,Chrome 132,3,74,74,-1,5,120.404037,66.51522,DEFAULT,1,N/A,2025-03-05T23:36:30.4510000Z,N/A,N/A
1007,2025-03-05T23:36:30.4510000Z,851710fe-0e1d-4a72-aedf-f34f032442c1,WPI6_1741q21v7504699,Successful,0,Real,Windows 10,1978,2995,Eastern Standard Time,"ANGLE (AMD, AMD Radeon(TM) Graphics (0x00001681) Direct3D11 vs_5_0 ps_5_0, D3D11)",0,17,10,1,128,1.22.33,0,Chrome 132,3,26,26,-1,6,120.937714,59.9374657,DEFAULT,1,N/A,2025-03-05T23:36:30.4510000Z,N/A,N/A
1008,2025-03-06T00:40:23.6340000Z,851710fe-0e1d-4a72-aedf-f34f032442c1,WPI6_l174m1221155790,Successful,0,Real,Mac OS X 10_15_7,1598,2396,Eastern Standard Time,"ANGLE (Apple, ANGLE Metal Renderer: Apple M3 Pro, Unspecified Version)",0,17,10,1,128,1.22.33,0,Chrome 132,3,12,12,-1,0,118.42392,54.6095352,DEFAULT,1,N/A,2025-03-06T00:40:23.6340000Z,N/A,N/A
1009,2025-03-06T00:40:23.6340000Z,851710fe-0e1d-4a72-aedf-f34f032442c1,WPI6_l174m1221155790,Successful,0,Real,Mac OS X 10_15_7,1598,2396,Eastern Standard Time,"ANGLE (Apple, ANGLE Metal Renderer: Apple M3 Pro, Unspecified Version)",0,17,10,1,128,1.22.33,0,Chrome 132,3,-1,-1,-1,1,118.853661,32.8631248,DEFAULT,1,N/A,2025-03-06T00:40:23.6340000Z,N/A,N/A
1010,2025-03-06T00:40:23.6340000Z,851710fe-0e1d-4a72-aedf-f34f032442c1,WPI6_l174m1221155790,Successful,0,Real,Mac OS X 10_15_7,1598,2396,Eastern Standard Time,"ANGLE (Apple, ANGLE Metal Renderer: Apple M3 Pro, Unspecified Version)",0,17,10,1,128,1.22.33,0,Chrome 132,3,96,96,-1,2,117.797188,52.01451,DEFAULT,1,N/A,2025-03-06T00:40:23.6340000Z,N/A,N/A
1011,2025-03-06T00:40:23.6340000Z,851710fe-0e1d-4a72-aedf-f34f032442c1,WPI6_l174m1221155790,Successful,0,Real,Mac OS X 10_15_7,1598,2396,Eastern Standard Time,"ANGLE (Apple, ANGLE Metal Renderer: Apple M3 Pro, Unspecified Version)",0,17,10,1,128,1.22.33,0,Chrome 132,3,6,6,-1,3,117.790138,57.8622055,DEFAULT,1,N/A,2025-03-06T00:40:23.6340000Z,N/A,N/A
1012,2025-03-06T00:40:23.6340000Z,851710fe-0e1d-4a72-aedf-f34f032442c1,WPI6_l174m1221155790,Successful,0,Real,Mac OS X 10_15_7,1598,2396,Eastern Standard Time,"ANGLE (Apple, ANGLE Metal Renderer: Apple M3 Pro, Unspecified Version)",0,17,10,1,128,1.22.33,0,Chrome 132,3,16,16,-1,4,118.43985,54.54332,DEFAULT,1,N/A,2025-03-06T00:40:23.6340000Z,N/A,N/A
1013,2025-03-06T00:40:23.6340000Z,851710fe-0e1d-4a72-aedf-f34f032442c1,WPI6_l174m1221155790,Successful,0,Real,Mac OS X 10_15_7,1598,2396,Eastern Standard Time,"ANGLE (Apple, ANGLE Metal Renderer: Apple M3 Pro, Unspecified Version)",0,17,10,1,128,1.22.33,0,Chrome 132,3,57,57,-1,5,119.478249,38.2611465,DEFAULT,1,N/A,2025-03-06T00:40:23.6340000Z,N/A,N/A
1014,2025-03-06T00:40:23.6340000Z,851710fe-0e1d-4a72-aedf-f34f032442c1,WPI6_l174m1221155790,Successful,0,Real,Mac OS X 10_15_7,1598,2396,Eastern Standard Time,"ANGLE (Apple, ANGLE Metal Renderer: Apple M3 Pro, Unspecified Version)",0,17,10,1,128,1.22.33,0,Chrome 132,3,3,3,-1,6,117.451416,57.890934,DEFAULT,1,N/A,2025-03-06T00:40:23.6340000Z,N/A,N/A
1015,2025-03-06T01:33:32.0240000Z,851710fe-0e1d-4a72-aedf-f34f032442c1,WPI6_1y7412246422e42,Successful,0,Real,Mac OS X 10_15_7,1468,2396,Eastern Standard Time,Apple GPU,0,17,10,1,128,1.22.33,0,Safari 16.6,3,12,12,-1,0,117.775261,100.694679,DEFAULT,1,N/A,2025-03-06T01:33:32.0240000Z,N/A,N/A
1016,2025-03-06T01:33:32.0240000Z,851710fe-0e1d-4a72-aedf-f34f032442c1,WPI6_1y7412246422e42,Successful,0,Real,Mac OS X 10_15_7,1468,2396,Eastern Standard Time,Apple GPU,0,17,10,1,128,1.22.33,0,Safari 16.6,3,3,3,-1,1,117.381088,71.80404,DEFAULT,1,N/A,2025-03-06T01:33:32.0240000Z,N/A,N/A
1017,2025-03-06T01:33:32.0240000Z,851710fe-0e1d-4a72-aedf-f34f032442c1,WPI6_1y7412246422e42,Successful,0,Real,Mac OS X 10_15_7,1468,2396,Eastern Standard Time,Apple GPU,0,17,10,1,128,1.22.33,0,Safari 16.6,3,-1,-1,-1,2,119.653137,109.495972,DEFAULT,1,N/A,2025-03-06T01:33:32.0240000Z,N/A,N/A
1018,2025-03-06T01:33:32.0240000Z,851710fe-0e1d-4a72-aedf-f34f032442c1,WPI6_1y7412246422e42,Successful,0,Real,Mac OS X 10_15_7,1468,2396,Eastern Standard Time,Apple GPU,0,17,10,1,128,1.22.33,0,Safari 16.6,3,7,7,-1,3,119.598137,105.343285,DEFAULT,1,N/A,2025-03-06T01:33:32.0240000Z,N/A,N/A
1019,2025-03-06T01:33:32.0240000Z,851710fe-0e1d-4a72-aedf-f34f032442c1,WPI6_1y7412246422e42,Successful,0,Real,Mac OS X 10_15_7,1468,2396,Eastern Standard Time,Apple GPU,0,17,10,1,128,1.22.33,0,Safari 16.6,3,45,45,-1,4,118.789337,122.609238,DEFAULT,1,N/A,2025-03-06T01:33:32.0240000Z,N/A,N/A
1020,2025-03-06T01:33:32.0240000Z,851710fe-0e1d-4a72-aedf-f34f032442c1,WPI6_1y7412246422e42,Successful,0,Real,Mac OS X 10_15_7,1468,2396,Eastern Standard Time,Apple GPU,0,17,10,1,128,1.22.33,0,Safari 16.6,3,57,57,-1,5,118.824509,90.6873245,DEFAULT,1,N/A,2025-03-06T01:33:32.0240000Z,N/A,N/A
1021,2025-03-06T01:33:32.0240000Z,851710fe-0e1d-4a72-aedf-f34f032442c1,WPI6_1y7412246422e42,Successful,0,Real,Mac OS X 10_15_7,1468,2396,Eastern Standard Time,Apple GPU,0,17,10,1,128,1.22.33,0,Safari 16.6,3,35,35,-1,6,117.664734,97.48437,DEFAULT,1,N/A,2025-03-06T01:33:32.0240000Z,N/A,N/A
1022,2025-03-06T02:10:49.9850000Z,851710fe-0e1d-4a72-aedf-f34f032442c1,WPI6_17w41x226847641,Successful,0,Real,Mac OS X 10_15_7,1524,2396,Eastern Standard Time,Apple GPU,0,17,10,1,128,1.22.33,0,Safari 16.6,3,12,12,-1,0,118.4132,125.66835,DEFAULT,1,N/A,2025-03-06T02:10:49.9850000Z,N/A,N/A
1023,2025-03-06T02:10:49.9850000Z,851710fe-0e1d-4a72-aedf-f34f032442c1,WPI6_17w41x226847641,Successful,0,Real,Mac OS X 10_15_7,1524,2396,Eastern Standard Time,Apple GPU,0,17,10,1,128,1.22.33,0,Safari 16.6,3,45,45,-1,1,119.654839,107.970612,DEFAULT,1,N/A,2025-03-06T02:10:49.9850000Z,N/A,N/A
1024,2025-03-06T02:10:49.9850000Z,851710fe-0e1d-4a72-aedf-f34f032442c1,WPI6_17w41x226847641,Successful,0,Real,Mac OS X 10_15_7,1524,2396,Eastern Standard Time,Apple GPU,0,17,10,1,128,1.22.33,0,Safari 16.6,3,74,74,-1,2,118.972855,85.4748154,DEFAULT,1,N/A,2025-03-06T02:10:49.9850000Z,N/A,N/A
1025,2025-03-06T02:10:49.9850000Z,851710fe-0e1d-4a72-aedf-f34f032442c1,WPI6_17w41x226847641,Successful,0,Real,Mac OS X 10_15_7,1524,2396,Eastern Standard Time,Apple GPU,0,17,10,1,128,1.22.33,0,Safari 16.6,3,42,42,-1,3,119.834496,118.410278,DEFAULT,1,N/A,2025-03-06T02:10:49.9850000Z,N/A,N/A
1026,2025-03-06T02:10:49.9850000Z,851710fe-0e1d-4a72-aedf-f34f032442c1,WPI6_17w41x226847641,Successful,0,Real,Mac OS X 10_15_7,1524,2396,Eastern Standard Time,Apple GPU,0,17,10,1,128,1.22.33,0,Safari 16.6,3,-1,-1,-1,4,119.284088,98.7816544,DEFAULT,1,N/A,2025-03-06T02:10:49.9850000Z,N/A,N/A
1027,2025-03-06T02:10:49.9850000Z,851710fe-0e1d-4a72-aedf-f34f032442c1,WPI6_17w41x226847641,Successful,0,Real,Mac OS X 10_15_7,1524,2396,Eastern Standard Time,Apple GPU,0,17,10,1,128,1.22.33,0,Safari 16.6,3,29,29,-1,5,118.139618,92.71797,DEFAULT,1,N/A,2025-03-06T02:10:49.9850000Z,N/A,N/A
1028,2025-03-06T02:10:49.9850000Z,851710fe-0e1d-4a72-aedf-f34f032442c1,WPI6_17w41x226847641,Successful,0,Real,Mac OS X 10_15_7,1524,2396,Eastern Standard Time,Apple GPU,0,17,10,1,128,1.22.33,0,Safari 16.6,3,7,7,-1,6,120.175728,116.454475,DEFAULT,1,N/A,2025-03-06T02:10:49.9850000Z,N/A,N/A
1029,2025-03-06T02:56:45.0220000Z,851710fe-0e1d-4a72-aedf-f34f032442c1,WPI6_1m7412r29608936,Successful,0,Real,Windows 10,1084,1920,Eastern Standard Time,"ANGLE (NVIDIA, NVIDIA GeForce RTX 3060 Laptop GPU (0x00002520) Direct3D11 vs_5_0 ps_5_0, D3D11)",0,17,10,1,128,1.22.33,0,Chrome 133,3,12,12,-1,0,123.768547,38.42415,DEFAULT,1,N/A,2025-03-06T02:56:45.0220000Z,N/A,N/A
1030,2025-03-06T02:56:45.0220000Z,851710fe-0e1d-4a72-aedf-f34f032442c1,WPI6_1m7412r29608936,Successful,0,Real,Windows 10,1084,1920,Eastern Standard Time,"ANGLE (NVIDIA, NVIDIA GeForce RTX 3060 Laptop GPU (0x00002520) Direct3D11 vs_5_0 ps_5_0, D3D11)",0,17,10,1,128,1.22.33,0,Chrome 133,3,45,45,-1,1,125.186958,45.1338463,DEFAULT,1,N/A,2025-03-06T02:56:45.0220000Z,N/A,N/A
1031,2025-03-06T02:56:45.0220000Z,851710fe-0e1d-4a72-aedf-f34f032442c1,WPI6_1m7412r29608936,Successful,0,Real,Windows 10,1084,1920,Eastern Standard Time,"ANGLE (NVIDIA, NVIDIA GeForce RTX 3060 Laptop GPU (0x00002520) Direct3D11 vs_5_0 ps_5_0, D3D11)",0,17,10,1,128,1.22.33,0,Chrome 133,3,3,3,-1,2,124.673439,46.5562,DEFAULT,1,N/A,2025-03-06T02:56:45.0220000Z,N/A,N/A
1032,2025-03-06T02:56:45.0220000Z,851710fe-0e1d-4a72-aedf-f34f032442c1,WPI6_1m7412r29608936,Successful,0,Real,Windows 10,1084,1920,Eastern Standard Time,"ANGLE (NVIDIA, NVIDIA GeForce RTX 3060 Laptop GPU (0x00002520) Direct3D11 vs_5_0 ps_5_0, D3D11)",0,17,10,1,128,1.22.33,0,Chrome 133,3,73,73,-1,3,124.678795,45.429512,DEFAULT,1,N/A,2025-03-06T02:56:45.0220000Z,N/A,N/A
1033,2025-03-06T02:56:45.0220000Z,851710fe-0e1d-4a72-aedf-f34f032442c1,WPI6_1m7412r29608936,Successful,0,Real,Windows 10,1084,1920,Eastern Standard Time,"ANGLE (NVIDIA, NVIDIA GeForce RTX 3060 Laptop GPU (0x00002520) Direct3D11 vs_5_0 ps_5_0, D3D11)",0,17,10,1,128,1.22.33,0,Chrome 133,3,57,57,-1,4,125.239906,41.88357,DEFAULT,1,N/A,2025-03-06T02:56:45.0220000Z,N/A,N/A
1034,2025-03-06T02:56:45.0220000Z,851710fe-0e1d-4a72-aedf-f34f032442c1,WPI6_1m7412r29608936,Successful,0,Real,Windows 10,1084,1920,Eastern Standard Time,"ANGLE (NVIDIA, NVIDIA GeForce RTX 3060 Laptop GPU (0x00002520) Direct3D11 vs_5_0 ps_5_0, D3D11)",0,17,10,1,128,1.22.33,0,Chrome 133,3,-1,-1,-1,5,124.99424,44.1121559,DEFAULT,1,N/A,2025-03-06T02:56:45.0220000Z,N/A,N/A
1035,2025-03-06T02:56:45.0220000Z,851710fe-0e1d-4a72-aedf-f34f032442c1,WPI6_1m7412r29608936,Successful,0,Real,Windows 10,1084,1920,Eastern Standard Time,"ANGLE (NVIDIA, NVIDIA GeForce RTX 3060 Laptop GPU (0x00002520) Direct3D11 vs_5_0 ps_5_0, D3D11)",0,17,10,1,128,1.22.33,0,Chrome 133,3,26,-1,-1,6,124.98716,45.1431847,DEFAULT,0,N/A,2025-03-06T02:56:45.0220000Z,N/A,N/A
1036,2025-03-06T03:39:58.9310000Z,851710fe-0e1d-4a72-aedf-f34f032442c1,WPI6_ks1741224788020,Successful,0,Real,Mac OS X 10_15_7,1482,2182,Eastern Standard Time,"ANGLE (Apple, ANGLE Metal Renderer: Apple M2, Unspecified Version)",0,17,10,1,128,1.22.33,0,Chrome 133,3,12,12,-1,0,120.613945,65.84204,DEFAULT,1,N/A,2025-03-06T03:39:58.9310000Z,N/A,N/A
1037,2025-03-06T03:39:58.9310000Z,851710fe-0e1d-4a72-aedf-f34f032442c1,WPI6_ks1741224788020,Successful,0,Real,Mac OS X 10_15_7,1482,2182,Eastern Standard Time,"ANGLE (Apple, ANGLE Metal Renderer: Apple M2, Unspecified Version)",0,17,10,1,128,1.22.33,0,Chrome 133,3,-1,49,-1,1,120.244827,60.6862869,DEFAULT,0,N/A,2025-03-06T03:39:58.9310000Z,N/A,N/A
1038,2025-03-06T03:39:58.9310000Z,851710fe-0e1d-4a72-aedf-f34f032442c1,WPI6_ks1741224788020,Successful,0,Real,Mac OS X 10_15_7,1482,2182,Eastern Standard Time,"ANGLE (Apple, ANGLE Metal Renderer: Apple M2, Unspecified Version)",0,17,10,1,128,1.22.33,0,Chrome 133,3,96,96,-1,2,120.464073,59.157,DEFAULT,1,N/A,2025-03-06T03:39:58.9310000Z,N/A,N/A
1039,2025-03-06T03:39:58.9310000Z,851710fe-0e1d-4a72-aedf-f34f032442c1,WPI6_ks1741224788020,Successful,0,Real,Mac OS X 10_15_7,1482,2182,Eastern Standard Time,"ANGLE (Apple, ANGLE Metal Renderer: Apple M2, Unspecified Version)",0,17,10,1,128,1.22.33,0,Chrome 133,3,97,97,-1,3,120.380653,55.4300079,DEFAULT,1,N/A,2025-03-06T03:39:58.9310000Z,N/A,N/A
1040,2025-03-06T03:39:58.9310000Z,851710fe-0e1d-4a72-aedf-f34f032442c1,WPI6_ks1741224788020,Successful,0,Real,Mac OS X 10_15_7,1482,2182,Eastern Standard Time,"ANGLE (Apple, ANGLE Metal Renderer: Apple M2, Unspecified Version)",0,17,10,1,128,1.22.33,0,Chrome 133,3,7,7,-1,4,120.4494,53.4066,DEFAULT,1,N/A,2025-03-06T03:39:58.9310000Z,N/A,N/A
1041,2025-03-06T03:39:58.9310000Z,851710fe-0e1d-4a72-aedf-f34f032442c1,WPI6_ks1741224788020,Successful,0,Real,Mac OS X 10_15_7,1482,2182,Eastern Standard Time,"ANGLE (Apple, ANGLE Metal Renderer: Apple M2, Unspecified Version)",0,17,10,1,128,1.22.33,0,Chrome 133,3,57,57,-1,5,120.589508,64.54208,DEFAULT,1,N/A,2025-03-06T03:39:58.9310000Z,N/A,N/A
1042,2025-03-06T03:39:58.9310000Z,851710fe-0e1d-4a72-aedf-f34f032442c1,WPI6_ks1741224788020,Successful,0,Real,Mac OS X 10_15_7,1482,2182,Eastern Standard Time,"ANGLE (Apple, ANGLE Metal Renderer: Apple M2, Unspecified Version)",0,17,10,1,128,1.22.33,0,Chrome 133,3,74,74,-1,6,120.441734,48.13725,DEFAULT,1,N/A,2025-03-06T03:39:58.9310000Z,N/A,N/A
1043,2025-03-06T03:41:00.3570000Z,851710fe-0e1d-4a72-aedf-f34f032442c1,WPI6_c1741232235t549,Successful,0,Real,Mac OS X 10_15_7,1582,2396,Eastern Standard Time,Apple GPU,0,17,10,1,128,1.22.33,0,Safari 17.4,3,12,12,-1,0,119.10498,89.36397,DEFAULT,1,N/A,2025-03-06T03:41:00.3570000Z,N/A,N/A
1044,2025-03-06T03:41:00.3570000Z,851710fe-0e1d-4a72-aedf-f34f032442c1,WPI6_c1741232235t549,Successful,0,Real,Mac OS X 10_15_7,1582,2396,Eastern Standard Time,Apple GPU,0,17,10,1,128,1.22.33,0,Safari 17.4,3,6,6,-1,1,118.2458,78.62693,DEFAULT,1,N/A,2025-03-06T03:41:00.3570000Z,N/A,N/A
1045,2025-03-06T03:41:00.3570000Z,851710fe-0e1d-4a72-aedf-f34f032442c1,WPI6_c1741232235t549,Successful,0,Real,Mac OS X 10_15_7,1582,2396,Eastern Standard Time,Apple GPU,0,17,10,1,128,1.22.33,0,Safari 17.4,3,-1,-1,-1,2,118.807991,95.3894,DEFAULT,1,N/A,2025-03-06T03:41:00.3570000Z,N/A,N/A
1046,2025-03-06T03:41:00.3570000Z,851710fe-0e1d-4a72-aedf-f34f032442c1,WPI6_c1741232235t549,Successful,0,Real,Mac OS X 10_15_7,1582,2396,Eastern Standard Time,Apple GPU,0,17,10,1,128,1.22.33,0,Safari 17.4,3,16,16,-1,3,119.6576,96.01864,DEFAULT,1,N/A,2025-03-06T03:41:00.3570000Z,N/A,N/A
1047,2025-03-06T03:41:00.3570000Z,851710fe-0e1d-4a72-aedf-f34f032442c1,WPI6_c1741232235t549,Successful,0,Real,Mac OS X 10_15_7,1582,2396,Eastern Standard Time,Apple GPU,0,17,10,1,128,1.22.33,0,Safari 17.4,3,96,96,-1,4,119.563492,99.60331,DEFAULT,1,N/A,2025-03-06T03:41:00.3570000Z,N/A,N/A
1048,2025-03-06T03:41:00.3570000Z,851710fe-0e1d-4a72-aedf-f34f032442c1,WPI6_c1741232235t549,Successful,0,Real,Mac OS X 10_15_7,1582,2396,Eastern Standard Time,Apple GPU,0,17,10,1,128,1.22.33,0,Safari 17.4,3,2,2,-1,5,119.7774,119.989113,DEFAULT,1,N/A,2025-03-06T03:41:00.3570000Z,N/A,N/A
1049,2025-03-06T03:41:00.3570000Z,851710fe-0e1d-4a72-aedf-f34f032442c1,WPI6_c1741232235t549,Successful,0,Real,Mac OS X 10_15_7,1582,2396,Eastern Standard Time,Apple GPU,0,17,10,1,128,1.22.33,0,Safari 17.4,3,3,3,-1,6,118.990074,105.59317,DEFAULT,1,N/A,2025-03-06T03:41:00.3570000Z,N/A,N/A
1050,2025-03-17T19:47:56.4620000Z,851710fe-0e1d-4a72-aedf-f34f032442c1,WPI6_kt1742240680294,Successful,0,Real,Linux -,1206,2396,Eastern Standard Time,"Intel(R) HD Graphics 400, or similar",0,17,10,1,128,1.22.33,0,Firefox 136,3,12,12,-1,0,58.7059364,49.8452454,DEFAULT,1,N/A,2025-03-17T19:47:56.4620000Z,N/A,N/A
1051,2025-03-17T19:47:56.4620000Z,851710fe-0e1d-4a72-aedf-f34f032442c1,WPI6_kt1742240680294,Successful,0,Real,Linux -,1206,2396,Eastern Standard Time,"Intel(R) HD Graphics 400, or similar",0,17,10,1,128,1.22.33,0,Firefox 136,3,-1,-1,-1,1,60.3088837,129.41832,DEFAULT,1,N/A,2025-03-17T19:47:56.4620000Z,N/A,N/A
1052,2025-03-17T19:47:56.4620000Z,851710fe-0e1d-4a72-aedf-f34f032442c1,WPI6_kt1742240680294,Successful,0,Real,Linux -,1206,2396,Eastern Standard Time,"Intel(R) HD Graphics 400, or similar",0,17,10,1,128,1.22.33,0,Firefox 136,3,6,6,-1,2,60.3552361,75.32755,DEFAULT,1,N/A,2025-03-17T19:47:56.4620000Z,N/A,N/A
1053,2025-03-17T19:47:56.4620000Z,851710fe-0e1d-4a72-aedf-f34f032442c1,WPI6_kt1742240680294,Successful,0,Real,Linux -,1206,2396,Eastern Standard Time,"Intel(R) HD Graphics 400, or similar",0,17,10,1,128,1.22.33,0,Firefox 136,3,6,6,-1,3,61.377018,63.83238,DEFAULT,1,N/A,2025-03-17T19:47:56.4620000Z,N/A,N/A
1054,2025-03-17T19:47:56.4620000Z,851710fe-0e1d-4a72-aedf-f34f032442c1,WPI6_kt1742240680294,Successful,0,Real,Linux -,1206,2396,Eastern Standard Time,"Intel(R) HD Graphics 400, or similar",0,17,10,1,128,1.22.33,0,Firefox 136,3,74,74,-1,4,60.00569,52.93298,DEFAULT,1,N/A,2025-03-17T19:47:56.4620000Z,N/A,N/A
1055,2025-03-17T19:47:56.4620000Z,851710fe-0e1d-4a72-aedf-f34f032442c1,WPI6_kt1742240680294,Successful,0,Real,Linux -,1206,2396,Eastern Standard Time,"Intel(R) HD Graphics 400, or similar",0,17,10,1,128,1.22.33,0,Firefox 136,3,35,35,-1,5,58.6215363,71.59718,DEFAULT,1,N/A,2025-03-17T19:47:56.4620000Z,N/A,N/A
1056,2025-03-17T19:47:56.4620000Z,851710fe-0e1d-4a72-aedf-f34f032442c1,WPI6_kt1742240680294,Successful,0,Real,Linux -,1206,2396,Eastern Standard Time,"Intel(R) HD Graphics 400, or similar",0,17,10,1,128,1.22.33,0,Firefox 136,3,7,7,-1,6,59.55405,38.6606369,DEFAULT,1,N/A,2025-03-17T19:47:56.4620000Z,N/A,N/A
1057,2025-03-17T20:41:45.9350000Z,851710fe-0e1d-4a72-aedf-f34f032442c1,WPI6_17422439lm02566,Successful,0,Real,Mac OS X 10_15_7,1598,2396,Eastern Standard Time,"ANGLE (Apple, ANGLE Metal Renderer: Apple M3, Unspecified Version)",0,17,10,1,128,1.22.33,0,Chrome 134,3,12,12,-1,0,120.4412,63.8417549,DEFAULT,1,N/A,2025-03-17T20:41:45.9350000Z,N/A,N/A
1058,2025-03-17T20:41:45.9350000Z,851710fe-0e1d-4a72-aedf-f34f032442c1,WPI6_17422439lm02566,Successful,0,Real,Mac OS X 10_15_7,1598,2396,Eastern Standard Time,"ANGLE (Apple, ANGLE Metal Renderer: Apple M3, Unspecified Version)",0,17,10,1,128,1.22.33,0,Chrome 134,3,42,42,-1,1,120.5121,73.60702,DEFAULT,1,N/A,2025-03-17T20:41:45.9350000Z,N/A,N/A
1059,2025-03-17T20:41:45.9350000Z,851710fe-0e1d-4a72-aedf-f34f032442c1,WPI6_17422439lm02566,Successful,0,Real,Mac OS X 10_15_7,1598,2396,Eastern Standard Time,"ANGLE (Apple, ANGLE Metal Renderer: Apple M3, Unspecified Version)",0,17,10,1,128,1.22.33,0,Chrome 134,3,-1,-1,-1,2,120.475655,55.0648766,DEFAULT,1,N/A,2025-03-17T20:41:45.9350000Z,N/A,N/A
1060,2025-03-17T20:41:45.9350000Z,851710fe-0e1d-4a72-aedf-f34f032442c1,WPI6_17422439lm02566,Successful,0,Real,Mac OS X 10_15_7,1598,2396,Eastern Standard Time,"ANGLE (Apple, ANGLE Metal Renderer: Apple M3, Unspecified Version)",0,17,10,1,128,1.22.33,0,Chrome 134,3,74,74,-1,3,120.312546,49.112793,DEFAULT,1,N/A,2025-03-17T20:41:45.9350000Z,N/A,N/A
1061,2025-03-17T20:41:45.9350000Z,851710fe-0e1d-4a72-aedf-f34f032442c1,WPI6_17422439lm02566,Successful,0,Real,Mac OS X 10_15_7,1598,2396,Eastern Standard Time,"ANGLE (Apple, ANGLE Metal Renderer: Apple M3, Unspecified Version)",0,17,10,1,128,1.22.33,0,Chrome 134,3,8,8,-1,4,120.562378,70.44055,DEFAULT,1,N/A,2025-03-17T20:41:45.9350000Z,N/A,N/A
1062,2025-03-17T20:41:45.9350000Z,851710fe-0e1d-4a72-aedf-f34f032442c1,WPI6_17422439lm02566,Successful,0,Real,Mac OS X 10_15_7,1598,2396,Eastern Standard Time,"ANGLE (Apple, ANGLE Metal Renderer: Apple M3, Unspecified Version)",0,17,10,1,128,1.22.33,0,Chrome 134,3,97,87,-1,5,120.6408,42.80979,DEFAULT,0,N/A,2025-03-17T20:41:45.9350000Z,N/A,N/A
1063,2025-03-17T20:41:45.9350000Z,851710fe-0e1d-4a72-aedf-f34f032442c1,WPI6_17422439lm02566,Successful,0,Real,Mac OS X 10_15_7,1598,2396,Eastern Standard Time,"ANGLE (Apple, ANGLE Metal Renderer: Apple M3, Unspecified Version)",0,17,10,1,128,1.22.33,0,Chrome 134,3,73,73,-1,6,121.0259,73.45393,DEFAULT,1,N/A,2025-03-17T20:41:45.9350000Z,N/A,N/A
1064,2025-03-18T15:52:09.3080000Z,851710fe-0e1d-4a72-aedf-f34f032442c1,WPI6_17z42g312914732,Successful,0,Real,Windows 10,1199,1797,Eastern Standard Time,"ANGLE (AMD, AMD Radeon(TM) Graphics (0x00001681) Direct3D11 vs_5_0 ps_5_0, D3D11)",0,17,10,1,128,1.22.33,0,Chrome 133,3,12,12,-1,0,75.67067,676.487854,DEFAULT,1,N/A,2025-03-18T15:52:09.3080000Z,N/A,N/A
1065,2025-03-18T15:52:09.3080000Z,851710fe-0e1d-4a72-aedf-f34f032442c1,WPI6_17z42g312914732,Successful,0,Real,Windows 10,1199,1797,Eastern Standard Time,"ANGLE (AMD, AMD Radeon(TM) Graphics (0x00001681) Direct3D11 vs_5_0 ps_5_0, D3D11)",0,17,10,1,128,1.22.33,0,Chrome 133,3,5,5,-1,1,75.3968048,682.4317,DEFAULT,1,N/A,2025-03-18T15:52:09.3080000Z,N/A,N/A
1066,2025-03-18T15:52:09.3080000Z,851710fe-0e1d-4a72-aedf-f34f032442c1,WPI6_17z42g312914732,Successful,0,Real,Windows 10,1199,1797,Eastern Standard Time,"ANGLE (AMD, AMD Radeon(TM) Graphics (0x00001681) Direct3D11 vs_5_0 ps_5_0, D3D11)",0,17,10,1,128,1.22.33,0,Chrome 133,3,97,97,-1,2,73.41723,563.8379,DEFAULT,1,N/A,2025-03-18T15:52:09.3080000Z,N/A,N/A
1067,2025-03-18T15:52:09.3080000Z,851710fe-0e1d-4a72-aedf-f34f032442c1,WPI6_17z42g312914732,Successful,0,Real,Windows 10,1199,1797,Eastern Standard Time,"ANGLE (AMD, AMD Radeon(TM) Graphics (0x00001681) Direct3D11 vs_5_0 ps_5_0, D3D11)",0,17,10,1,128,1.22.33,0,Chrome 133,3,6,6,-1,3,74.80803,614.1316,DEFAULT,1,N/A,2025-03-18T15:52:09.3080000Z,N/A,N/A
1068,2025-03-18T15:52:09.3080000Z,851710fe-0e1d-4a72-aedf-f34f032442c1,WPI6_17z42g312914732,Successful,0,Real,Windows 10,1199,1797,Eastern Standard Time,"ANGLE (AMD, AMD Radeon(TM) Graphics (0x00001681) Direct3D11 vs_5_0 ps_5_0, D3D11)",0,17,10,1,128,1.22.33,0,Chrome 133,3,-1,-1,-1,4,78.05018,721.786255,DEFAULT,1,N/A,2025-03-18T15:52:09.3080000Z,N/A,N/A
1069,2025-03-18T15:52:09.3080000Z,851710fe-0e1d-4a72-aedf-f34f032442c1,WPI6_17z42g312914732,Successful,0,Real,Windows 10,1199,1797,Eastern Standard Time,"ANGLE (AMD, AMD Radeon(TM) Graphics (0x00001681) Direct3D11 vs_5_0 ps_5_0, D3D11)",0,17,10,1,128,1.22.33,0,Chrome 133,3,42,42,-1,5,75.14817,638.255432,DEFAULT,1,N/A,2025-03-18T15:52:09.3080000Z,N/A,N/A
1070,2025-03-18T15:52:09.3080000Z,851710fe-0e1d-4a72-aedf-f34f032442c1,WPI6_17z42g312914732,Successful,0,Real,Windows 10,1199,1797,Eastern Standard Time,"ANGLE (AMD, AMD Radeon(TM) Graphics (0x00001681) Direct3D11 vs_5_0 ps_5_0, D3D11)",0,17,10,1,128,1.22.33,0,Chrome 133,3,74,74,-1,6,76.97239,691.03186,DEFAULT,1,N/A,2025-03-18T15:52:09.3080000Z,N/A,N/A
1071,2025-03-18T16:32:26.7420000Z,851710fe-0e1d-4a72-aedf-f34f032442c1,WPI6_174231530i78e83,Successful,0,Real,Windows 10,948,1498,Eastern Standard Time,"ANGLE (NVIDIA, NVIDIA GeForce RTX 3070 Laptop GPU (0x0000249D) Direct3D11 vs_5_0 ps_5_0, D3D11)",0,17,10,1,128,1.22.33,0,Chrome 132,3,12,12,-1,0,122.781273,65.70714,DEFAULT,1,N/A,2025-03-18T16:32:26.7420000Z,N/A,N/A
1072,2025-03-18T16:32:26.7420000Z,851710fe-0e1d-4a72-aedf-f34f032442c1,WPI6_174231530i78e83,Successful,0,Real,Windows 10,948,1498,Eastern Standard Time,"ANGLE (NVIDIA, NVIDIA GeForce RTX 3070 Laptop GPU (0x0000249D) Direct3D11 vs_5_0 ps_5_0, D3D11)",0,17,10,1,128,1.22.33,0,Chrome 132,3,2,2,-1,1,122.030106,71.01039,DEFAULT,1,N/A,2025-03-18T16:32:26.7420000Z,N/A,N/A
1073,2025-03-18T16:32:26.7420000Z,851710fe-0e1d-4a72-aedf-f34f032442c1,WPI6_174231530i78e83,Successful,0,Real,Windows 10,948,1498,Eastern Standard Time,"ANGLE (NVIDIA, NVIDIA GeForce RTX 3070 Laptop GPU (0x0000249D) Direct3D11 vs_5_0 ps_5_0, D3D11)",0,17,10,1,128,1.22.33,0,Chrome 132,3,-1,-1,-1,2,121.829475,72.57111,DEFAULT,1,N/A,2025-03-18T16:32:26.7420000Z,N/A,N/A
1074,2025-03-18T16:32:26.7420000Z,851710fe-0e1d-4a72-aedf-f34f032442c1,WPI6_174231530i78e83,Successful,0,Real,Windows 10,948,1498,Eastern Standard Time,"ANGLE (NVIDIA, NVIDIA GeForce RTX 3070 Laptop GPU (0x0000249D) Direct3D11 vs_5_0 ps_5_0, D3D11)",0,17,10,1,128,1.22.33,0,Chrome 132,3,3,3,-1,3,121.968369,74.30261,DEFAULT,1,N/A,2025-03-18T16:32:26.7420000Z,N/A,N/A
1075,2025-03-18T16:32:26.7420000Z,851710fe-0e1d-4a72-aedf-f34f032442c1,WPI6_174231530i78e83,Successful,0,Real,Windows 10,948,1498,Eastern Standard Time,"ANGLE (NVIDIA, NVIDIA GeForce RTX 3070 Laptop GPU (0x0000249D) Direct3D11 vs_5_0 ps_5_0, D3D11)",0,17,10,1,128,1.22.33,0,Chrome 132,3,42,42,-1,4,121.99601,66.4049454,DEFAULT,1,N/A,2025-03-18T16:32:26.7420000Z,N/A,N/A
1076,2025-03-18T16:32:26.7420000Z,851710fe-0e1d-4a72-aedf-f34f032442c1,WPI6_174231530i78e83,Successful,0,Real,Windows 10,948,1498,Eastern Standard Time,"ANGLE (NVIDIA, NVIDIA GeForce RTX 3070 Laptop GPU (0x0000249D) Direct3D11 vs_5_0 ps_5_0, D3D11)",0,17,10,1,128,1.22.33,0,Chrome 132,3,73,23,-1,5,121.649834,73.73285,DEFAULT,0,N/A,2025-03-18T16:32:26.7420000Z,N/A,N/A
1077,2025-03-18T16:32:26.7420000Z,851710fe-0e1d-4a72-aedf-f34f032442c1,WPI6_174231530i78e83,Successful,0,Real,Windows 10,948,1498,Eastern Standard Time,"ANGLE (NVIDIA, NVIDIA GeForce RTX 3070 Laptop GPU (0x0000249D) Direct3D11 vs_5_0 ps_5_0, D3D11)",0,17,10,1,128,1.22.33,0,Chrome 132,3,8,8,-1,6,121.092064,74.54596,DEFAULT,1,N/A,2025-03-18T16:32:26.7420000Z,N/A,N/A
1078,2025-03-19T17:31:59.8740000Z,851710fe-0e1d-4a72-aedf-f34f032442c1,WPI6_1x742405b300238,Successful,0,Real,Windows 10,799,1198,Eastern Standard Time,"ANGLE (AMD, AMD Radeon(TM) Graphics (0x00001638) Direct3D11 vs_5_0 ps_5_0, D3D11)",0,17,10,1,128,1.22.33,0,Chrome 134,3,12,12,-1,0,121.26194,80.40115,DEFAULT,1,N/A,2025-03-19T17:31:59.8740000Z,N/A,N/A
1079,2025-03-19T17:31:59.8740000Z,851710fe-0e1d-4a72-aedf-f34f032442c1,WPI6_1x742405b300238,Successful,0,Real,Windows 10,799,1198,Eastern Standard Time,"ANGLE (AMD, AMD Radeon(TM) Graphics (0x00001638) Direct3D11 vs_5_0 ps_5_0, D3D11)",0,17,10,1,128,1.22.33,0,Chrome 134,3,-1,-1,-1,1,120.511505,91.02481,DEFAULT,1,N/A,2025-03-19T17:31:59.8740000Z,N/A,N/A
1080,2025-03-19T17:31:59.8740000Z,851710fe-0e1d-4a72-aedf-f34f032442c1,WPI6_1x742405b300238,Successful,0,Real,Windows 10,799,1198,Eastern Standard Time,"ANGLE (AMD, AMD Radeon(TM) Graphics (0x00001638) Direct3D11 vs_5_0 ps_5_0, D3D11)",0,17,10,1,128,1.22.33,0,Chrome 134,3,57,57,-1,2,121.829,88.8392,DEFAULT,1,N/A,2025-03-19T17:31:59.8740000Z,N/A,N/A
1081,2025-03-19T17:31:59.8740000Z,851710fe-0e1d-4a72-aedf-f34f032442c1,WPI6_1x742405b300238,Successful,0,Real,Windows 10,799,1198,Eastern Standard Time,"ANGLE (AMD, AMD Radeon(TM) Graphics (0x00001638) Direct3D11 vs_5_0 ps_5_0, D3D11)",0,17,10,1,128,1.22.33,0,Chrome 134,3,26,26,-1,3,120.292892,100.320831,DEFAULT,1,N/A,2025-03-19T17:31:59.8740000Z,N/A,N/A
1082,2025-03-19T17:31:59.8740000Z,851710fe-0e1d-4a72-aedf-f34f032442c1,WPI6_1x742405b300238,Successful,0,Real,Windows 10,799,1198,Eastern Standard Time,"ANGLE (AMD, AMD Radeon(TM) Graphics (0x00001638) Direct3D11 vs_5_0 ps_5_0, D3D11)",0,17,10,1,128,1.22.33,0,Chrome 134,3,7,7,-1,4,122.825569,94.44352,DEFAULT,1,N/A,2025-03-19T17:31:59.8740000Z,N/A,N/A
1083,2025-03-19T17:31:59.8740000Z,851710fe-0e1d-4a72-aedf-f34f032442c1,WPI6_1x742405b300238,Successful,0,Real,Windows 10,799,1198,Eastern Standard Time,"ANGLE (AMD, AMD Radeon(TM) Graphics (0x00001638) Direct3D11 vs_5_0 ps_5_0, D3D11)",0,17,10,1,128,1.22.33,0,Chrome 134,3,45,45,-1,5,122.860115,81.38018,DEFAULT,1,N/A,2025-03-19T17:31:59.8740000Z,N/A,N/A
1084,2025-03-19T17:31:59.8740000Z,851710fe-0e1d-4a72-aedf-f34f032442c1,WPI6_1x742405b300238,Successful,0,Real,Windows 10,799,1198,Eastern Standard Time,"ANGLE (AMD, AMD Radeon(TM) Graphics (0x00001638) Direct3D11 vs_5_0 ps_5_0, D3D11)",0,17,10,1,128,1.22.33,0,Chrome 134,3,3,3,-1,6,121.606644,100.143211,DEFAULT,1,N/A,2025-03-19T17:31:59.8740000Z,N/A,N/A
1085,2025-03-19T19:48:56.5030000Z,851710fe-0e1d-4a72-aedf-f34f032442c1,WPI6_1742zp413500004,Successful,0,Real,Windows 10,1893,3594,Eastern Standard Time,"ANGLE (Intel, Intel(R) Iris(R) Xe Graphics (0x00009A49) Direct3D11 vs_5_0 ps_5_0, D3D11)",0,17,10,1,128,1.22.33,0,Chrome 134,3,12,12,-1,0,62.0976448,191.061722,DEFAULT,1,N/A,2025-03-19T19:48:56.5030000Z,N/A,N/A
1086,2025-03-19T19:48:56.5030000Z,851710fe-0e1d-4a72-aedf-f34f032442c1,WPI6_1742zp413500004,Successful,0,Real,Windows 10,1893,3594,Eastern Standard Time,"ANGLE (Intel, Intel(R) Iris(R) Xe Graphics (0x00009A49) Direct3D11 vs_5_0 ps_5_0, D3D11)",0,17,10,1,128,1.22.33,0,Chrome 134,3,16,16,-1,1,60.8566246,75.74061,DEFAULT,1,N/A,2025-03-19T19:48:56.5030000Z,N/A,N/A
1087,2025-03-19T19:48:56.5030000Z,851710fe-0e1d-4a72-aedf-f34f032442c1,WPI6_1742zp413500004,Successful,0,Real,Windows 10,1893,3594,Eastern Standard Time,"ANGLE (Intel, Intel(R) Iris(R) Xe Graphics (0x00009A49) Direct3D11 vs_5_0 ps_5_0, D3D11)",0,17,10,1,128,1.22.33,0,Chrome 134,3,5,5,-1,2,60.4479256,48.8624268,DEFAULT,1,N/A,2025-03-19T19:48:56.5030000Z,N/A,N/A
1088,2025-03-19T19:48:56.5030000Z,851710fe-0e1d-4a72-aedf-f34f032442c1,WPI6_1742zp413500004,Successful,0,Real,Windows 10,1893,3594,Eastern Standard Time,"ANGLE (Intel, Intel(R) Iris(R) Xe Graphics (0x00009A49) Direct3D11 vs_5_0 ps_5_0, D3D11)",0,17,10,1,128,1.22.33,0,Chrome 134,3,2,2,-1,3,60.27656,20.4306431,DEFAULT,1,N/A,2025-03-19T19:48:56.5030000Z,N/A,N/A
1089,2025-03-19T19:48:56.5030000Z,851710fe-0e1d-4a72-aedf-f34f032442c1,WPI6_1742zp413500004,Successful,0,Real,Windows 10,1893,3594,Eastern Standard Time,"ANGLE (Intel, Intel(R) Iris(R) Xe Graphics (0x00009A49) Direct3D11 vs_5_0 ps_5_0, D3D11)",0,17,10,1,128,1.22.33,0,Chrome 134,3,26,26,-1,4,61.46468,115.019791,DEFAULT,1,N/A,2025-03-19T19:48:56.5030000Z,N/A,N/A
1090,2025-03-19T19:48:56.5030000Z,851710fe-0e1d-4a72-aedf-f34f032442c1,WPI6_1742zp413500004,Successful,0,Real,Windows 10,1893,3594,Eastern Standard Time,"ANGLE (Intel, Intel(R) Iris(R) Xe Graphics (0x00009A49) Direct3D11 vs_5_0 ps_5_0, D3D11)",0,17,10,1,128,1.22.33,0,Chrome 134,3,6,6,-1,5,61.1714478,97.191925,DEFAULT,1,N/A,2025-03-19T19:48:56.5030000Z,N/A,N/A
1091,2025-03-19T19:48:56.5030000Z,851710fe-0e1d-4a72-aedf-f34f032442c1,WPI6_1742zp413500004,Successful,0,Real,Windows 10,1893,3594,Eastern Standard Time,"ANGLE (Intel, Intel(R) Iris(R) Xe Graphics (0x00009A49) Direct3D11 vs_5_0 ps_5_0, D3D11)",0,17,10,1,128,1.22.33,0,Chrome 134,3,-1,-1,-1,6,60.78349,63.030777,DEFAULT,1,N/A,2025-03-19T19:48:56.5030000Z,N/A,N/A
1092,2025-03-19T20:05:38.5870000Z,851710fe-0e1d-4a72-aedf-f34f032442c1,WPI6_174p24145429l05,Successful,0,Real,Mac OS X 10_15_7,1598,2396,Eastern Standard Time,"ANGLE (Apple, ANGLE Metal Renderer: Apple M1, Unspecified Version)",0,17,10,1,128,1.22.33,0,Chrome 133,3,12,12,-1,0,119.730148,57.4191437,DEFAULT,1,N/A,2025-03-19T20:05:38.5870000Z,N/A,N/A
1093,2025-03-19T20:05:38.5870000Z,851710fe-0e1d-4a72-aedf-f34f032442c1,WPI6_174p24145429l05,Successful,0,Real,Mac OS X 10_15_7,1598,2396,Eastern Standard Time,"ANGLE (Apple, ANGLE Metal Renderer: Apple M1, Unspecified Version)",0,17,10,1,128,1.22.33,0,Chrome 133,3,45,45,-1,1,120.682091,41.0763931,DEFAULT,1,N/A,2025-03-19T20:05:38.5870000Z,N/A,N/A
1094,2025-03-19T20:05:38.5870000Z,851710fe-0e1d-4a72-aedf-f34f032442c1,WPI6_174p24145429l05,Successful,0,Real,Mac OS X 10_15_7,1598,2396,Eastern Standard Time,"ANGLE (Apple, ANGLE Metal Renderer: Apple M1, Unspecified Version)",0,17,10,1,128,1.22.33,0,Chrome 133,3,96,96,-1,2,119.960541,60.4882927,DEFAULT,1,N/A,2025-03-19T20:05:38.5870000Z,N/A,N/A
1095,2025-03-19T20:05:38.5870000Z,851710fe-0e1d-4a72-aedf-f34f032442c1,WPI6_174p24145429l05,Successful,0,Real,Mac OS X 10_15_7,1598,2396,Eastern Standard Time,"ANGLE (Apple, ANGLE Metal Renderer: Apple M1, Unspecified Version)",0,17,10,1,128,1.22.33,0,Chrome 133,3,-1,-1,-1,3,120.455475,74.14295,DEFAULT,1,N/A,2025-03-19T20:05:38.5870000Z,N/A,N/A
1096,2025-03-19T20:05:38.5870000Z,851710fe-0e1d-4a72-aedf-f34f032442c1,WPI6_174p24145429l05,Successful,0,Real,Mac OS X 10_15_7,1598,2396,Eastern Standard Time,"ANGLE (Apple, ANGLE Metal Renderer: Apple M1, Unspecified Version)",0,17,10,1,128,1.22.33,0,Chrome 133,3,6,6,-1,4,120.705109,55.3558273,DEFAULT,1,N/A,2025-03-19T20:05:38.5870000Z,N/A,N/A
1097,2025-03-19T20:05:38.5870000Z,851710fe-0e1d-4a72-aedf-f34f032442c1,WPI6_174p24145429l05,Successful,0,Real,Mac OS X 10_15_7,1598,2396,Eastern Standard Time,"ANGLE (Apple, ANGLE Metal Renderer: Apple M1, Unspecified Version)",0,17,10,1,128,1.22.33,0,Chrome 133,3,5,5,-1,5,120.812752,59.46301,DEFAULT,1,N/A,2025-03-19T20:05:38.5870000Z,N/A,N/A
1098,2025-03-19T20:05:38.5870000Z,851710fe-0e1d-4a72-aedf-f34f032442c1,WPI6_174p24145429l05,Successful,0,Real,Mac OS X 10_15_7,1598,2396,Eastern Standard Time,"ANGLE (Apple, ANGLE Metal Renderer: Apple M1, Unspecified Version)",0,17,10,1,128,1.22.33,0,Chrome 133,3,15,15,-1,6,120.619179,53.90153,DEFAULT,1,N/A,2025-03-19T20:05:38.5870000Z,N/A,N/A
1099,2025-03-19T23:26:10.6420000Z,851710fe-0e1d-4a72-aedf-f34f032442c1,WPI6_g174242653912y4,Successful,0,Real,Mac OS X 10_15_7,1426,2396,Eastern Standard Time,Apple GPU,0,17,10,1,128,1.22.33,0,Safari 18.1,3,12,12,-1,0,30.0397434,0.7585368,DEFAULT,1,N/A,2025-03-19T23:26:10.6420000Z,N/A,N/A
1100,2025-03-19T23:26:10.6420000Z,851710fe-0e1d-4a72-aedf-f34f032442c1,WPI6_g174242653912y4,Successful,0,Real,Mac OS X 10_15_7,1426,2396,Eastern Standard Time,Apple GPU,0,17,10,1,128,1.22.33,0,Safari 18.1,3,-1,-1,-1,1,32.3074455,196.248566,DEFAULT,1,N/A,2025-03-19T23:26:10.6420000Z,N/A,N/A
1101,2025-03-19T23:26:10.6420000Z,851710fe-0e1d-4a72-aedf-f34f032442c1,WPI6_g174242653912y4,Successful,0,Real,Mac OS X 10_15_7,1426,2396,Eastern Standard Time,Apple GPU,0,17,10,1,128,1.22.33,0,Safari 18.1,3,6,6,-1,2,30.063179,1.05643761,DEFAULT,1,N/A,2025-03-19T23:26:10.6420000Z,N/A,N/A
1102,2025-03-19T23:26:10.6420000Z,851710fe-0e1d-4a72-aedf-f34f032442c1,WPI6_g174242653912y4,Successful,0,Real,Mac OS X 10_15_7,1426,2396,Eastern Standard Time,Apple GPU,0,17,10,1,128,1.22.33,0,Safari 18.1,3,7,7,-1,3,34.6417732,392.486969,DEFAULT,1,N/A,2025-03-19T23:26:10.6420000Z,N/A,N/A
1103,2025-03-19T23:26:10.6420000Z,851710fe-0e1d-4a72-aedf-f34f032442c1,WPI6_g174242653912y4,Successful,0,Real,Mac OS X 10_15_7,1426,2396,Eastern Standard Time,Apple GPU,0,17,10,1,128,1.22.33,0,Safari 18.1,3,15,15,-1,4,30.0522327,0.982829452,DEFAULT,1,N/A,2025-03-19T23:26:10.6420000Z,N/A,N/A
1104,2025-03-19T23:26:10.6420000Z,851710fe-0e1d-4a72-aedf-f34f032442c1,WPI6_g174242653912y4,Successful,0,Real,Mac OS X 10_15_7,1426,2396,Eastern Standard Time,Apple GPU,0,17,10,1,128,1.22.33,0,Safari 18.1,3,96,96,-1,5,30.0572052,1.447818,DEFAULT,1,N/A,2025-03-19T23:26:10.6420000Z,N/A,N/A
1105,2025-03-19T23:26:10.6420000Z,851710fe-0e1d-4a72-aedf-f34f032442c1,WPI6_g174242653912y4,Successful,0,Real,Mac OS X 10_15_7,1426,2396,Eastern Standard Time,Apple GPU,0,17,10,1,128,1.22.33,0,Safari 18.1,3,29,29,-1,6,30.0658188,1.06919813,DEFAULT,1,N/A,2025-03-19T23:26:10.6420000Z,N/A,N/A
1106,2025-03-21T02:37:22.4480000Z,851710fe-0e1d-4a72-aedf-f34f032442c1,WPI6_1f74252o4451050,Successful,0,Real,Mac OS X 10_15_7,1598,2396,Eastern Standard Time,"ANGLE (Apple, ANGLE Metal Renderer: Apple M3, Unspecified Version)",0,17,10,1,128,1.22.33,0,Chrome 130,3,12,12,-1,0,120.463135,50.0816,DEFAULT,1,N/A,2025-03-21T02:37:22.4480000Z,N/A,N/A
1107,2025-03-21T02:37:22.4480000Z,851710fe-0e1d-4a72-aedf-f34f032442c1,WPI6_1f74252o4451050,Successful,0,Real,Mac OS X 10_15_7,1598,2396,Eastern Standard Time,"ANGLE (Apple, ANGLE Metal Renderer: Apple M3, Unspecified Version)",0,17,10,1,128,1.22.33,0,Chrome 130,3,73,73,-1,1,119.273682,48.5543365,DEFAULT,1,N/A,2025-03-21T02:37:22.4480000Z,N/A,N/A
1108,2025-03-21T02:37:22.4480000Z,851710fe-0e1d-4a72-aedf-f34f032442c1,WPI6_1f74252o4451050,Successful,0,Real,Mac OS X 10_15_7,1598,2396,Eastern Standard Time,"ANGLE (Apple, ANGLE Metal Renderer: Apple M3, Unspecified Version)",0,17,10,1,128,1.22.33,0,Chrome 130,3,29,29,-1,2,119.827675,50.9146729,DEFAULT,1,N/A,2025-03-21T02:37:22.4480000Z,N/A,N/A
1109,2025-03-21T02:37:22.4480000Z,851710fe-0e1d-4a72-aedf-f34f032442c1,WPI6_1f74252o4451050,Successful,0,Real,Mac OS X 10_15_7,1598,2396,Eastern Standard Time,"ANGLE (Apple, ANGLE Metal Renderer: Apple M3, Unspecified Version)",0,17,10,1,128,1.22.33,0,Chrome 130,3,2,2,-1,3,119.545105,37.56286,DEFAULT,1,N/A,2025-03-21T02:37:22.4480000Z,N/A,N/A
1110,2025-03-21T02:37:22.4480000Z,851710fe-0e1d-4a72-aedf-f34f032442c1,WPI6_1f74252o4451050,Successful,0,Real,Mac OS X 10_15_7,1598,2396,Eastern Standard Time,"ANGLE (Apple, ANGLE Metal Renderer: Apple M3, Unspecified Version)",0,17,10,1,128,1.22.33,0,Chrome 130,3,15,15,-1,4,119.386604,48.9153671,DEFAULT,1,N/A,2025-03-21T02:37:22.4480000Z,N/A,N/A
1111,2025-03-21T02:37:22.4480000Z,851710fe-0e1d-4a72-aedf-f34f032442c1,WPI6_1f74252o4451050,Successful,0,Real,Mac OS X 10_15_7,1598,2396,Eastern Standard Time,"ANGLE (Apple, ANGLE Metal Renderer: Apple M3, Unspecified Version)",0,17,10,1,128,1.22.33,0,Chrome 130,3,-1,-1,-1,5,119.398537,39.54394,DEFAULT,1,N/A,2025-03-21T02:37:22.4480000Z,N/A,N/A
1112,2025-03-21T02:37:22.4480000Z,851710fe-0e1d-4a72-aedf-f34f032442c1,WPI6_1f74252o4451050,Successful,0,Real,Mac OS X 10_15_7,1598,2396,Eastern Standard Time,"ANGLE (Apple, ANGLE Metal Renderer: Apple M3, Unspecified Version)",0,17,10,1,128,1.22.33,0,Chrome 130,3,42,42,-1,6,119.790863,48.1814766,DEFAULT,1,N/A,2025-03-21T02:37:22.4480000Z,N/A,N/A
1113,2025-03-24T00:32:25.2930000Z,851710fe-0e1d-4a72-aedf-f34f032442c1,WPI6_17427e760n70078,Successful,0,Real,Mac OS X 10_15_7,1598,2396,Eastern Standard Time,Apple GPU,0,17,10,1,128,1.22.33,0,Safari 17.2,3,12,12,-1,0,119.208969,90.48576,DEFAULT,1,N/A,2025-03-24T00:32:25.2930000Z,N/A,N/A
1114,2025-03-24T00:32:25.2930000Z,851710fe-0e1d-4a72-aedf-f34f032442c1,WPI6_17427e760n70078,Successful,0,Real,Mac OS X 10_15_7,1598,2396,Eastern Standard Time,Apple GPU,0,17,10,1,128,1.22.33,0,Safari 17.2,3,45,45,-1,1,119.3238,81.45169,DEFAULT,1,N/A,2025-03-24T00:32:25.2930000Z,N/A,N/A
1115,2025-03-24T00:32:25.2930000Z,851710fe-0e1d-4a72-aedf-f34f032442c1,WPI6_17427e760n70078,Successful,0,Real,Mac OS X 10_15_7,1598,2396,Eastern Standard Time,Apple GPU,0,17,10,1,128,1.22.33,0,Safari 17.2,3,29,29,-1,2,119.464661,81.7395859,DEFAULT,1,N/A,2025-03-24T00:32:25.2930000Z,N/A,N/A
1116,2025-03-24T00:32:25.2930000Z,851710fe-0e1d-4a72-aedf-f34f032442c1,WPI6_17427e760n70078,Successful,0,Real,Mac OS X 10_15_7,1598,2396,Eastern Standard Time,Apple GPU,0,17,10,1,128,1.22.33,0,Safari 17.2,3,-1,-1,-1,3,119.260239,67.0656357,DEFAULT,1,N/A,2025-03-24T00:32:25.2930000Z,N/A,N/A
1117,2025-03-24T00:32:25.2930000Z,851710fe-0e1d-4a72-aedf-f34f032442c1,WPI6_17427e760n70078,Successful,0,Real,Mac OS X 10_15_7,1598,2396,Eastern Standard Time,Apple GPU,0,17,10,1,128,1.22.33,0,Safari 17.2,3,5,5,-1,4,119.511971,108.623177,DEFAULT,1,N/A,2025-03-24T00:32:25.2930000Z,N/A,N/A
1118,2025-03-24T00:32:25.2930000Z,851710fe-0e1d-4a72-aedf-f34f032442c1,WPI6_17427e760n70078,Successful,0,Real,Mac OS X 10_15_7,1598,2396,Eastern Standard Time,Apple GPU,0,17,10,1,128,1.22.33,0,Safari 17.2,3,26,26,-1,5,119.654228,83.61008,DEFAULT,1,N/A,2025-03-24T00:32:25.2930000Z,N/A,N/A
1119,2025-03-24T00:32:25.2930000Z,851710fe-0e1d-4a72-aedf-f34f032442c1,WPI6_17427e760n70078,Successful,0,Real,Mac OS X 10_15_7,1598,2396,Eastern Standard Time,Apple GPU,0,17,10,1,128,1.22.33,0,Safari 17.2,3,74,74,-1,6,119.529274,89.400116,DEFAULT,1,N/A,2025-03-24T00:32:25.2930000Z,N/A,N/A
1120,2025-03-28T17:42:55.5670000Z,851710fe-0e1d-4a72-aedf-f34f032442c1,WPI6_17y4318c3570291,Successful,0,Real,Windows 10,799,1198,Eastern Standard Time,"ANGLE (NVIDIA, NVIDIA GeForce GTX 980 Direct3D11 vs_5_0 ps_5_0), or similar",0,17,10,1,128,1.22.33,0,Firefox 136,3,12,12,-1,0,64.6664,8.636298,DEFAULT,1,N/A,2025-03-28T17:42:55.5670000Z,N/A,N/A
1121,2025-03-28T17:42:55.5670000Z,851710fe-0e1d-4a72-aedf-f34f032442c1,WPI6_17y4318c3570291,Successful,0,Real,Windows 10,799,1198,Eastern Standard Time,"ANGLE (NVIDIA, NVIDIA GeForce GTX 980 Direct3D11 vs_5_0 ps_5_0), or similar",0,17,10,1,128,1.22.33,0,Firefox 136,3,16,16,-1,1,64.64861,9.588018,DEFAULT,1,N/A,2025-03-28T17:42:55.5670000Z,N/A,N/A
1122,2025-03-28T17:42:55.5670000Z,851710fe-0e1d-4a72-aedf-f34f032442c1,WPI6_17y4318c3570291,Successful,0,Real,Windows 10,799,1198,Eastern Standard Time,"ANGLE (NVIDIA, NVIDIA GeForce GTX 980 Direct3D11 vs_5_0 ps_5_0), or similar",0,17,10,1,128,1.22.33,0,Firefox 136,3,45,45,-1,2,64.76172,9.253658,DEFAULT,1,N/A,2025-03-28T17:42:55.5670000Z,N/A,N/A
1123,2025-03-28T17:42:55.5670000Z,851710fe-0e1d-4a72-aedf-f34f032442c1,WPI6_17y4318c3570291,Successful,0,Real,Windows 10,799,1198,Eastern Standard Time,"ANGLE (NVIDIA, NVIDIA GeForce GTX 980 Direct3D11 vs_5_0 ps_5_0), or similar",0,17,10,1,128,1.22.33,0,Firefox 136,3,42,42,-1,3,64.6715546,8.76888,DEFAULT,1,N/A,2025-03-28T17:42:55.5670000Z,N/A,N/A
1124,2025-03-28T17:42:55.5670000Z,851710fe-0e1d-4a72-aedf-f34f032442c1,WPI6_17y4318c3570291,Successful,0,Real,Windows 10,799,1198,Eastern Standard Time,"ANGLE (NVIDIA, NVIDIA GeForce GTX 980 Direct3D11 vs_5_0 ps_5_0), or similar",0,17,10,1,128,1.22.33,0,Firefox 136,3,-1,-1,-1,4,64.63188,8.510953,DEFAULT,1,N/A,2025-03-28T17:42:55.5670000Z,N/A,N/A
1125,2025-03-28T17:42:55.5670000Z,851710fe-0e1d-4a72-aedf-f34f032442c1,WPI6_17y4318c3570291,Successful,0,Real,Windows 10,799,1198,Eastern Standard Time,"ANGLE (NVIDIA, NVIDIA GeForce GTX 980 Direct3D11 vs_5_0 ps_5_0), or similar",0,17,10,1,128,1.22.33,0,Firefox 136,3,3,3,-1,5,64.5215454,9.674954,DEFAULT,1,N/A,2025-03-28T17:42:55.5670000Z,N/A,N/A
1126,2025-03-28T17:42:55.5670000Z,851710fe-0e1d-4a72-aedf-f34f032442c1,WPI6_17y4318c3570291,Successful,0,Real,Windows 10,799,1198,Eastern Standard Time,"ANGLE (NVIDIA, NVIDIA GeForce GTX 980 Direct3D11 vs_5_0 ps_5_0), or similar",0,17,10,1,128,1.22.33,0,Firefox 136,3,29,29,-1,6,64.559494,8.408941,DEFAULT,1,N/A,2025-03-28T17:42:55.5670000Z,N/A,N/A
1127,2025-03-29T01:02:28.4760000Z,851710fe-0e1d-4a72-aedf-f34f032442c1,WPI6_174k32099421p95,Successful,0,Real,Windows 10,1486,2396,Eastern Standard Time,"ANGLE (Intel, Intel(R) Iris(R) Plus Graphics (0x00008A52) Direct3D11 vs_5_0 ps_5_0, D3D11)",0,17,10,1,128,1.22.33,0,Chrome 134,3,12,12,-1,0,105.810959,183.14859,DEFAULT,1,N/A,2025-03-29T01:02:28.4760000Z,N/A,N/A
1128,2025-03-29T01:02:28.4760000Z,851710fe-0e1d-4a72-aedf-f34f032442c1,WPI6_174k32099421p95,Successful,0,Real,Windows 10,1486,2396,Eastern Standard Time,"ANGLE (Intel, Intel(R) Iris(R) Plus Graphics (0x00008A52) Direct3D11 vs_5_0 ps_5_0, D3D11)",0,17,10,1,128,1.22.33,0,Chrome 134,3,5,5,-1,1,109.215996,195.032867,DEFAULT,1,N/A,2025-03-29T01:02:28.4760000Z,N/A,N/A
1129,2025-03-29T01:02:28.4760000Z,851710fe-0e1d-4a72-aedf-f34f032442c1,WPI6_174k32099421p95,Successful,0,Real,Windows 10,1486,2396,Eastern Standard Time,"ANGLE (Intel, Intel(R) Iris(R) Plus Graphics (0x00008A52) Direct3D11 vs_5_0 ps_5_0, D3D11)",0,17,10,1,128,1.22.33,0,Chrome 134,3,2,2,-1,2,106.53138,210.101639,DEFAULT,1,N/A,2025-03-29T01:02:28.4760000Z,N/A,N/A
1130,2025-03-29T01:02:28.4760000Z,851710fe-0e1d-4a72-aedf-f34f032442c1,WPI6_174k32099421p95,Successful,0,Real,Windows 10,1486,2396,Eastern Standard Time,"ANGLE (Intel, Intel(R) Iris(R) Plus Graphics (0x00008A52) Direct3D11 vs_5_0 ps_5_0, D3D11)",0,17,10,1,128,1.22.33,0,Chrome 134,3,5,5,-1,3,106.15815,178.284,DEFAULT,1,N/A,2025-03-29T01:02:28.4760000Z,N/A,N/A
1131,2025-03-29T01:02:28.4760000Z,851710fe-0e1d-4a72-aedf-f34f032442c1,WPI6_174k32099421p95,Successful,0,Real,Windows 10,1486,2396,Eastern Standard Time,"ANGLE (Intel, Intel(R) Iris(R) Plus Graphics (0x00008A52) Direct3D11 vs_5_0 ps_5_0, D3D11)",0,17,10,1,128,1.22.33,0,Chrome 134,3,8,8,-1,4,107.128136,175.754608,DEFAULT,1,N/A,2025-03-29T01:02:28.4760000Z,N/A,N/A
1132,2025-03-29T01:02:28.4760000Z,851710fe-0e1d-4a72-aedf-f34f032442c1,WPI6_174k32099421p95,Successful,0,Real,Windows 10,1486,2396,Eastern Standard Time,"ANGLE (Intel, Intel(R) Iris(R) Plus Graphics (0x00008A52) Direct3D11 vs_5_0 ps_5_0, D3D11)",0,17,10,1,128,1.22.33,0,Chrome 134,3,26,26,-1,5,107.5956,188.308655,DEFAULT,1,N/A,2025-03-29T01:02:28.4760000Z,N/A,N/A
1133,2025-03-29T01:02:28.4760000Z,851710fe-0e1d-4a72-aedf-f34f032442c1,WPI6_174k32099421p95,Successful,0,Real,Windows 10,1486,2396,Eastern Standard Time,"ANGLE (Intel, Intel(R) Iris(R) Plus Graphics (0x00008A52) Direct3D11 vs_5_0 ps_5_0, D3D11)",0,17,10,1,128,1.22.33,0,Chrome 134,3,-1,-1,-1,6,107.46019,171.698227,DEFAULT,1,N/A,2025-03-29T01:02:28.4760000Z,N/A,N/A
1134,2025-03-30T16:08:02.7600000Z,851710fe-0e1d-4a72-aedf-f34f032442c1,WPI6_1743350pn510653,Successful,0,Real,Mac OS X 10_15_7,1556,2396,Eastern Standard Time,"ANGLE (Apple, ANGLE Metal Renderer: Apple M1, Unspecified Version)",0,17,10,1,128,1.22.33,0,Chrome 134,3,12,12,-1,0,121.1913,41.80868,DEFAULT,1,N/A,2025-03-30T16:08:02.7600000Z,N/A,N/A
1135,2025-03-30T16:08:02.7600000Z,851710fe-0e1d-4a72-aedf-f34f032442c1,WPI6_1743350pn510653,Successful,0,Real,Mac OS X 10_15_7,1556,2396,Eastern Standard Time,"ANGLE (Apple, ANGLE Metal Renderer: Apple M1, Unspecified Version)",0,17,10,1,128,1.22.33,0,Chrome 134,3,15,15,-1,1,120.770515,41.42298,DEFAULT,1,N/A,2025-03-30T16:08:02.7600000Z,N/A,N/A
1136,2025-03-30T16:08:02.7600000Z,851710fe-0e1d-4a72-aedf-f34f032442c1,WPI6_1743350pn510653,Successful,0,Real,Mac OS X 10_15_7,1556,2396,Eastern Standard Time,"ANGLE (Apple, ANGLE Metal Renderer: Apple M1, Unspecified Version)",0,17,10,1,128,1.22.33,0,Chrome 134,3,-1,-1,-1,2,120.43705,44.2795525,DEFAULT,1,N/A,2025-03-30T16:08:02.7600000Z,N/A,N/A
1137,2025-03-30T16:08:02.7600000Z,851710fe-0e1d-4a72-aedf-f34f032442c1,WPI6_1743350pn510653,Successful,0,Real,Mac OS X 10_15_7,1556,2396,Eastern Standard Time,"ANGLE (Apple, ANGLE Metal Renderer: Apple M1, Unspecified Version)",0,17,10,1,128,1.22.33,0,Chrome 134,3,73,73,-1,3,120.688591,50.93476,DEFAULT,1,N/A,2025-03-30T16:08:02.7600000Z,N/A,N/A
1138,2025-03-30T16:08:02.7600000Z,851710fe-0e1d-4a72-aedf-f34f032442c1,WPI6_1743350pn510653,Successful,0,Real,Mac OS X 10_15_7,1556,2396,Eastern Standard Time,"ANGLE (Apple, ANGLE Metal Renderer: Apple M1, Unspecified Version)",0,17,10,1,128,1.22.33,0,Chrome 134,3,8,8,-1,4,121.377449,50.00586,DEFAULT,1,N/A,2025-03-30T16:08:02.7600000Z,N/A,N/A
1139,2025-03-30T16:08:02.7600000Z,851710fe-0e1d-4a72-aedf-f34f032442c1,WPI6_1743350pn510653,Successful,0,Real,Mac OS X 10_15_7,1556,2396,Eastern Standard Time,"ANGLE (Apple, ANGLE Metal Renderer: Apple M1, Unspecified Version)",0,17,10,1,128,1.22.33,0,Chrome 134,3,96,96,-1,5,120.930786,48.65043,DEFAULT,1,N/A,2025-03-30T16:08:02.7600000Z,N/A,N/A
1140,2025-03-30T16:08:02.7600000Z,851710fe-0e1d-4a72-aedf-f34f032442c1,WPI6_1743350pn510653,Successful,0,Real,Mac OS X 10_15_7,1556,2396,Eastern Standard Time,"ANGLE (Apple, ANGLE Metal Renderer: Apple M1, Unspecified Version)",0,17,10,1,128,1.22.33,0,Chrome 134,3,2,2,-1,6,120.518089,53.97729,DEFAULT,1,N/A,2025-03-30T16:08:02.7600000Z,N/A,N/A
1141,2025-03-31T23:29:00.5850000Z,851710fe-0e1d-4a72-aedf-f34f032442c1,WPI6_1743463d53c8386,Successful,0,Real,Windows 10,870,1498,Eastern Standard Time,"ANGLE (AMD, AMD Radeon(TM) Graphics (0x00001638) Direct3D11 vs_5_0 ps_5_0, D3D11)",0,17,10,1,128,1.22.33,0,Chrome 134,3,12,12,-1,0,125.325439,40.3230247,DEFAULT,1,N/A,2025-03-31T23:29:00.5850000Z,N/A,N/A
1142,2025-03-31T23:29:00.5850000Z,851710fe-0e1d-4a72-aedf-f34f032442c1,WPI6_1743463d53c8386,Successful,0,Real,Windows 10,870,1498,Eastern Standard Time,"ANGLE (AMD, AMD Radeon(TM) Graphics (0x00001638) Direct3D11 vs_5_0 ps_5_0, D3D11)",0,17,10,1,128,1.22.33,0,Chrome 134,3,16,16,-1,1,124.683685,41.82757,DEFAULT,1,N/A,2025-03-31T23:29:00.5850000Z,N/A,N/A
1143,2025-03-31T23:29:00.5850000Z,851710fe-0e1d-4a72-aedf-f34f032442c1,WPI6_1743463d53c8386,Successful,0,Real,Windows 10,870,1498,Eastern Standard Time,"ANGLE (AMD, AMD Radeon(TM) Graphics (0x00001638) Direct3D11 vs_5_0 ps_5_0, D3D11)",0,17,10,1,128,1.22.33,0,Chrome 134,3,6,6,-1,2,125.848038,41.66801,DEFAULT,1,N/A,2025-03-31T23:29:00.5850000Z,N/A,N/A
1144,2025-03-31T23:29:00.5850000Z,851710fe-0e1d-4a72-aedf-f34f032442c1,WPI6_1743463d53c8386,Successful,0,Real,Windows 10,870,1498,Eastern Standard Time,"ANGLE (AMD, AMD Radeon(TM) Graphics (0x00001638) Direct3D11 vs_5_0 ps_5_0, D3D11)",0,17,10,1,128,1.22.33,0,Chrome 134,3,26,26,-1,3,125.294273,42.49284,DEFAULT,1,N/A,2025-03-31T23:29:00.5850000Z,N/A,N/A
1145,2025-03-31T23:29:00.5850000Z,851710fe-0e1d-4a72-aedf-f34f032442c1,WPI6_1743463d53c8386,Successful,0,Real,Windows 10,870,1498,Eastern Standard Time,"ANGLE (AMD, AMD Radeon(TM) Graphics (0x00001638) Direct3D11 vs_5_0 ps_5_0, D3D11)",0,17,10,1,128,1.22.33,0,Chrome 134,3,5,5,-1,4,125.745651,43.874855,DEFAULT,1,N/A,2025-03-31T23:29:00.5850000Z,N/A,N/A
1146,2025-03-31T23:29:00.5850000Z,851710fe-0e1d-4a72-aedf-f34f032442c1,WPI6_1743463d53c8386,Successful,0,Real,Windows 10,870,1498,Eastern Standard Time,"ANGLE (AMD, AMD Radeon(TM) Graphics (0x00001638) Direct3D11 vs_5_0 ps_5_0, D3D11)",0,17,10,1,128,1.22.33,0,Chrome 134,3,-1,-1,-1,5,124.881851,42.7430153,DEFAULT,1,N/A,2025-03-31T23:29:00.5850000Z,N/A,N/A
1147,2025-03-31T23:29:00.5850000Z,851710fe-0e1d-4a72-aedf-f34f032442c1,WPI6_1743463d53c8386,Successful,0,Real,Windows 10,870,1498,Eastern Standard Time,"ANGLE (AMD, AMD Radeon(TM) Graphics (0x00001638) Direct3D11 vs_5_0 ps_5_0, D3D11)",0,17,10,1,128,1.22.33,0,Chrome 134,3,57,57,-1,6,125.175369,44.58417,DEFAULT,1,N/A,2025-03-31T23:29:00.5850000Z,N/A,N/A
1148,2025-04-01T16:49:32.1340000Z,851710fe-0e1d-4a72-aedf-f34f032442c1,WPI6_174u352s5874757,Successful,0,Real,Windows 10,878,1797,Eastern Standard Time,"ANGLE (Intel, Intel(R) Iris(R) Xe Graphics (0x0000A7A1) Direct3D11 vs_5_0 ps_5_0, D3D11)",0,17,10,1,128,1.22.33,0,Chrome 134,3,12,12,-1,0,99.45739,91.78138,DEFAULT,1,N/A,2025-04-01T16:49:32.1340000Z,N/A,N/A
1149,2025-04-01T16:49:32.1340000Z,851710fe-0e1d-4a72-aedf-f34f032442c1,WPI6_174u352s5874757,Successful,0,Real,Windows 10,878,1797,Eastern Standard Time,"ANGLE (Intel, Intel(R) Iris(R) Xe Graphics (0x0000A7A1) Direct3D11 vs_5_0 ps_5_0, D3D11)",0,17,10,1,128,1.22.33,0,Chrome 134,3,73,73,-1,1,98.96336,110.573532,DEFAULT,1,N/A,2025-04-01T16:49:32.1340000Z,N/A,N/A
1150,2025-04-01T16:49:32.1340000Z,851710fe-0e1d-4a72-aedf-f34f032442c1,WPI6_174u352s5874757,Successful,0,Real,Windows 10,878,1797,Eastern Standard Time,"ANGLE (Intel, Intel(R) Iris(R) Xe Graphics (0x0000A7A1) Direct3D11 vs_5_0 ps_5_0, D3D11)",0,17,10,1,128,1.22.33,0,Chrome 134,3,8,8,-1,2,99.2612,104.744331,DEFAULT,1,N/A,2025-04-01T16:49:32.1340000Z,N/A,N/A
1151,2025-04-01T16:49:32.1340000Z,851710fe-0e1d-4a72-aedf-f34f032442c1,WPI6_174u352s5874757,Successful,0,Real,Windows 10,878,1797,Eastern Standard Time,"ANGLE (Intel, Intel(R) Iris(R) Xe Graphics (0x0000A7A1) Direct3D11 vs_5_0 ps_5_0, D3D11)",0,17,10,1,128,1.22.33,0,Chrome 134,3,26,26,-1,3,99.9684,115.484978,DEFAULT,1,N/A,2025-04-01T16:49:32.1340000Z,N/A,N/A
1152,2025-04-01T16:49:32.1340000Z,851710fe-0e1d-4a72-aedf-f34f032442c1,WPI6_174u352s5874757,Successful,0,Real,Windows 10,878,1797,Eastern Standard Time,"ANGLE (Intel, Intel(R) Iris(R) Xe Graphics (0x0000A7A1) Direct3D11 vs_5_0 ps_5_0, D3D11)",0,17,10,1,128,1.22.33,0,Chrome 134,3,15,15,-1,4,98.22864,113.926376,DEFAULT,1,N/A,2025-04-01T16:49:32.1340000Z,N/A,N/A
1153,2025-04-01T16:49:32.1340000Z,851710fe-0e1d-4a72-aedf-f34f032442c1,WPI6_174u352s5874757,Successful,0,Real,Windows 10,878,1797,Eastern Standard Time,"ANGLE (Intel, Intel(R) Iris(R) Xe Graphics (0x0000A7A1) Direct3D11 vs_5_0 ps_5_0, D3D11)",0,17,10,1,128,1.22.33,0,Chrome 134,3,-1,-1,-1,5,100.95488,157.970215,DEFAULT,1,N/A,2025-04-01T16:49:32.1340000Z,N/A,N/A
1154,2025-04-01T16:49:32.1340000Z,851710fe-0e1d-4a72-aedf-f34f032442c1,WPI6_174u352s5874757,Successful,0,Real,Windows 10,878,1797,Eastern Standard Time,"ANGLE (Intel, Intel(R) Iris(R) Xe Graphics (0x0000A7A1) Direct3D11 vs_5_0 ps_5_0, D3D11)",0,17,10,1,128,1.22.33,0,Chrome 134,3,45,45,-1,6,98.88995,104.6902,DEFAULT,1,N/A,2025-04-01T16:49:32.1340000Z,N/A,N/A
1155,2025-04-03T20:10:34.4300000Z,851710fe-0e1d-4a72-aedf-f34f032442c1,WPI6_17d4c3710767579,Successful,0,Real,Windows 10,1262,2396,Eastern Standard Time,"ANGLE (Intel, Intel(R) Arc(TM) 140V GPU (16GB) (0x000064A0) Direct3D11 vs_5_0 ps_5_0, D3D11)",0,17,10,1,128,1.22.33,0,Chrome 134,3,12,12,-1,0,91.99295,642.184753,DEFAULT,1,N/A,2025-04-03T20:10:34.4300000Z,N/A,N/A
1156,2025-04-03T20:10:34.4300000Z,851710fe-0e1d-4a72-aedf-f34f032442c1,WPI6_17d4c3710767579,Successful,0,Real,Windows 10,1262,2396,Eastern Standard Time,"ANGLE (Intel, Intel(R) Arc(TM) 140V GPU (16GB) (0x000064A0) Direct3D11 vs_5_0 ps_5_0, D3D11)",0,17,10,1,128,1.22.33,0,Chrome 134,3,97,97,-1,1,91.0287247,638.6565,DEFAULT,1,N/A,2025-04-03T20:10:34.4300000Z,N/A,N/A
1157,2025-04-03T20:10:34.4300000Z,851710fe-0e1d-4a72-aedf-f34f032442c1,WPI6_17d4c3710767579,Successful,0,Real,Windows 10,1262,2396,Eastern Standard Time,"ANGLE (Intel, Intel(R) Arc(TM) 140V GPU (16GB) (0x000064A0) Direct3D11 vs_5_0 ps_5_0, D3D11)",0,17,10,1,128,1.22.33,0,Chrome 134,3,26,26,-1,2,94.1974,591.1944,DEFAULT,1,N/A,2025-04-03T20:10:34.4300000Z,N/A,N/A
1158,2025-04-03T20:10:34.4300000Z,851710fe-0e1d-4a72-aedf-f34f032442c1,WPI6_17d4c3710767579,Successful,0,Real,Windows 10,1262,2396,Eastern Standard Time,"ANGLE (Intel, Intel(R) Arc(TM) 140V GPU (16GB) (0x000064A0) Direct3D11 vs_5_0 ps_5_0, D3D11)",0,17,10,1,128,1.22.33,0,Chrome 134,3,6,6,-1,3,88.29236,567.8321,DEFAULT,1,N/A,2025-04-03T20:10:34.4300000Z,N/A,N/A
1159,2025-04-03T20:10:34.4300000Z,851710fe-0e1d-4a72-aedf-f34f032442c1,WPI6_17d4c3710767579,Successful,0,Real,Windows 10,1262,2396,Eastern Standard Time,"ANGLE (Intel, Intel(R) Arc(TM) 140V GPU (16GB) (0x000064A0) Direct3D11 vs_5_0 ps_5_0, D3D11)",0,17,10,1,128,1.22.33,0,Chrome 134,3,-1,-1,-1,4,91.87016,589.731934,DEFAULT,1,N/A,2025-04-03T20:10:34.4300000Z,N/A,N/A
1160,2025-04-03T20:10:34.4300000Z,851710fe-0e1d-4a72-aedf-f34f032442c1,WPI6_17d4c3710767579,Successful,0,Real,Windows 10,1262,2396,Eastern Standard Time,"ANGLE (Intel, Intel(R) Arc(TM) 140V GPU (16GB) (0x000064A0) Direct3D11 vs_5_0 ps_5_0, D3D11)",0,17,10,1,128,1.22.33,0,Chrome 134,3,74,74,-1,5,91.91875,570.8834,DEFAULT,1,N/A,2025-04-03T20:10:34.4300000Z,N/A,N/A
1161,2025-04-03T20:10:34.4300000Z,851710fe-0e1d-4a72-aedf-f34f032442c1,WPI6_17d4c3710767579,Successful,0,Real,Windows 10,1262,2396,Eastern Standard Time,"ANGLE (Intel, Intel(R) Arc(TM) 140V GPU (16GB) (0x000064A0) Direct3D11 vs_5_0 ps_5_0, D3D11)",0,17,10,1,128,1.22.33,0,Chrome 134,3,5,5,-1,6,90.48703,567.596436,DEFAULT,1,N/A,2025-04-03T20:10:34.4300000Z,N/A,N/A
1162,2025-04-08T15:24:34.3290000Z,851710fe-0e1d-4a72-aedf-f34f032442c1,WPI6_174k4125s614559,Successful,0,Real,Windows 10,1780,2995,Eastern Standard Time,"ANGLE (Intel, Intel(R) HD Graphics Direct3D11 vs_5_0 ps_5_0), or similar",0,17,10,1,128,1.22.33,0,Firefox 136,3,12,12,-1,0,113.361725,113.283913,DEFAULT,1,N/A,2025-04-08T15:24:34.3290000Z,N/A,N/A
1163,2025-04-08T15:24:34.3290000Z,851710fe-0e1d-4a72-aedf-f34f032442c1,WPI6_174k4125s614559,Successful,0,Real,Windows 10,1780,2995,Eastern Standard Time,"ANGLE (Intel, Intel(R) HD Graphics Direct3D11 vs_5_0 ps_5_0), or similar",0,17,10,1,128,1.22.33,0,Firefox 136,3,97,97,-1,1,113.054512,139.562775,DEFAULT,1,N/A,2025-04-08T15:24:34.3290000Z,N/A,N/A
1164,2025-04-08T15:24:34.3290000Z,851710fe-0e1d-4a72-aedf-f34f032442c1,WPI6_174k4125s614559,Successful,0,Real,Windows 10,1780,2995,Eastern Standard Time,"ANGLE (Intel, Intel(R) HD Graphics Direct3D11 vs_5_0 ps_5_0), or similar",0,17,10,1,128,1.22.33,0,Firefox 136,3,5,5,-1,2,113.606918,126.210083,DEFAULT,1,N/A,2025-04-08T15:24:34.3290000Z,N/A,N/A
1165,2025-04-08T15:24:34.3290000Z,851710fe-0e1d-4a72-aedf-f34f032442c1,WPI6_174k4125s614559,Successful,0,Real,Windows 10,1780,2995,Eastern Standard Time,"ANGLE (Intel, Intel(R) HD Graphics Direct3D11 vs_5_0 ps_5_0), or similar",0,17,10,1,128,1.22.33,0,Firefox 136,3,-1,-1,-1,3,114.448067,126.069679,DEFAULT,1,N/A,2025-04-08T15:24:34.3290000Z,N/A,N/A
1166,2025-04-08T15:24:34.3290000Z,851710fe-0e1d-4a72-aedf-f34f032442c1,WPI6_174k4125s614559,Successful,0,Real,Windows 10,1780,2995,Eastern Standard Time,"ANGLE (Intel, Intel(R) HD Graphics Direct3D11 vs_5_0 ps_5_0), or similar",0,17,10,1,128,1.22.33,0,Firefox 136,3,26,26,-1,4,114.606323,126.651711,DEFAULT,1,N/A,2025-04-08T15:24:34.3290000Z,N/A,N/A
1167,2025-04-08T15:24:34.3290000Z,851710fe-0e1d-4a72-aedf-f34f032442c1,WPI6_174k4125s614559,Successful,0,Real,Windows 10,1780,2995,Eastern Standard Time,"ANGLE (Intel, Intel(R) HD Graphics Direct3D11 vs_5_0 ps_5_0), or similar",0,17,10,1,128,1.22.33,0,Firefox 136,3,29,29,-1,5,113.925362,128.094528,DEFAULT,1,N/A,2025-04-08T15:24:34.3290000Z,N/A,N/A
1168,2025-04-08T15:24:34.3290000Z,851710fe-0e1d-4a72-aedf-f34f032442c1,WPI6_174k4125s614559,Successful,0,Real,Windows 10,1780,2995,Eastern Standard Time,"ANGLE (Intel, Intel(R) HD Graphics Direct3D11 vs_5_0 ps_5_0), or similar",0,17,10,1,128,1.22.33,0,Firefox 136,3,73,73,-1,6,113.306328,109.725609,DEFAULT,1,N/A,2025-04-08T15:24:34.3290000Z,N/A,N/A
1169,2025-04-10T21:29:45.9620000Z,851710fe-0e1d-4a72-aedf-f34f032442c1,WPI6_1q7443c20405493,Successful,0,Real,Windows 10,1321,2097,Eastern Standard Time,"ANGLE (NVIDIA, NVIDIA GeForce RTX 4070 Laptop GPU (0x00002860) Direct3D11 vs_5_0 ps_5_0, D3D11)",0,17,10,1,128,1.22.33,0,Chrome 135,3,12,12,-1,0,121.555183,77.69628,DEFAULT,1,N/A,2025-04-10T21:29:45.9620000Z,N/A,N/A
1170,2025-04-10T21:29:45.9620000Z,851710fe-0e1d-4a72-aedf-f34f032442c1,WPI6_1q7443c20405493,Successful,0,Real,Windows 10,1321,2097,Eastern Standard Time,"ANGLE (NVIDIA, NVIDIA GeForce RTX 4070 Laptop GPU (0x00002860) Direct3D11 vs_5_0 ps_5_0, D3D11)",0,17,10,1,128,1.22.33,0,Chrome 135,3,42,42,-1,1,120.76284,82.21536,DEFAULT,1,N/A,2025-04-10T21:29:45.9620000Z,N/A,N/A
1171,2025-04-10T21:29:45.9620000Z,851710fe-0e1d-4a72-aedf-f34f032442c1,WPI6_1q7443c20405493,Successful,0,Real,Windows 10,1321,2097,Eastern Standard Time,"ANGLE (NVIDIA, NVIDIA GeForce RTX 4070 Laptop GPU (0x00002860) Direct3D11 vs_5_0 ps_5_0, D3D11)",0,17,10,1,128,1.22.33,0,Chrome 135,3,74,74,-1,2,121.371147,82.51898,DEFAULT,1,N/A,2025-04-10T21:29:45.9620000Z,N/A,N/A
1172,2025-04-10T21:29:45.9620000Z,851710fe-0e1d-4a72-aedf-f34f032442c1,WPI6_1q7443c20405493,Successful,0,Real,Windows 10,1321,2097,Eastern Standard Time,"ANGLE (NVIDIA, NVIDIA GeForce RTX 4070 Laptop GPU (0x00002860) Direct3D11 vs_5_0 ps_5_0, D3D11)",0,17,10,1,128,1.22.33,0,Chrome 135,3,-1,-1,-1,3,119.443184,76.02943,DEFAULT,1,N/A,2025-04-10T21:29:45.9620000Z,N/A,N/A
1173,2025-04-10T21:29:45.9620000Z,851710fe-0e1d-4a72-aedf-f34f032442c1,WPI6_1q7443c20405493,Successful,0,Real,Windows 10,1321,2097,Eastern Standard Time,"ANGLE (NVIDIA, NVIDIA GeForce RTX 4070 Laptop GPU (0x00002860) Direct3D11 vs_5_0 ps_5_0, D3D11)",0,17,10,1,128,1.22.33,0,Chrome 135,3,16,16,-1,4,120.045486,71.7723846,DEFAULT,1,N/A,2025-04-10T21:29:45.9620000Z,N/A,N/A
1174,2025-04-10T21:29:45.9620000Z,851710fe-0e1d-4a72-aedf-f34f032442c1,WPI6_1q7443c20405493,Successful,0,Real,Windows 10,1321,2097,Eastern Standard Time,"ANGLE (NVIDIA, NVIDIA GeForce RTX 4070 Laptop GPU (0x00002860) Direct3D11 vs_5_0 ps_5_0, D3D11)",0,17,10,1,128,1.22.33,0,Chrome 135,3,97,97,-1,5,120.260658,75.2919,DEFAULT,1,N/A,2025-04-10T21:29:45.9620000Z,N/A,N/A
1175,2025-04-10T21:29:45.9620000Z,851710fe-0e1d-4a72-aedf-f34f032442c1,WPI6_1q7443c20405493,Successful,0,Real,Windows 10,1321,2097,Eastern Standard Time,"ANGLE (NVIDIA, NVIDIA GeForce RTX 4070 Laptop GPU (0x00002860) Direct3D11 vs_5_0 ps_5_0, D3D11)",0,17,10,1,128,1.22.33,0,Chrome 135,3,6,6,-1,6,119.223618,80.07163,DEFAULT,1,N/A,2025-04-10T21:29:45.9620000Z,N/A,N/A
1176,2025-04-12T17:38:57.6920000Z,851710fe-0e1d-4a72-aedf-f34f032442c1,WPI6_17444x7x9307749,Successful,0,Real,Windows 10,1199,1797,Eastern Standard Time,"ANGLE (Intel, Intel(R) Arc(TM) Graphics (0x00007D55) Direct3D11 vs_5_0 ps_5_0, D3D11)",0,17,10,1,128,1.22.33,0,Chrome 135,3,12,12,-1,0,117.863815,133.960388,DEFAULT,1,N/A,2025-04-12T17:38:57.6920000Z,N/A,N/A
1177,2025-04-12T17:38:57.6920000Z,851710fe-0e1d-4a72-aedf-f34f032442c1,WPI6_17444x7x9307749,Successful,0,Real,Windows 10,1199,1797,Eastern Standard Time,"ANGLE (Intel, Intel(R) Arc(TM) Graphics (0x00007D55) Direct3D11 vs_5_0 ps_5_0, D3D11)",0,17,10,1,128,1.22.33,0,Chrome 135,3,42,42,-1,1,119.084755,52.3032875,DEFAULT,1,N/A,2025-04-12T17:38:57.6920000Z,N/A,N/A
1178,2025-04-12T17:38:57.6920000Z,851710fe-0e1d-4a72-aedf-f34f032442c1,WPI6_17444x7x9307749,Successful,0,Real,Windows 10,1199,1797,Eastern Standard Time,"ANGLE (Intel, Intel(R) Arc(TM) Graphics (0x00007D55) Direct3D11 vs_5_0 ps_5_0, D3D11)",0,17,10,1,128,1.22.33,0,Chrome 135,3,73,73,-1,2,118.924324,51.12062,DEFAULT,1,N/A,2025-04-12T17:38:57.6920000Z,N/A,N/A
1179,2025-04-12T17:38:57.6920000Z,851710fe-0e1d-4a72-aedf-f34f032442c1,WPI6_17444x7x9307749,Successful,0,Real,Windows 10,1199,1797,Eastern Standard Time,"ANGLE (Intel, Intel(R) Arc(TM) Graphics (0x00007D55) Direct3D11 vs_5_0 ps_5_0, D3D11)",0,17,10,1,128,1.22.33,0,Chrome 135,3,-1,-1,-1,3,117.118919,167.608887,DEFAULT,1,N/A,2025-04-12T17:38:57.6920000Z,N/A,N/A
1180,2025-04-12T17:38:57.6920000Z,851710fe-0e1d-4a72-aedf-f34f032442c1,WPI6_17444x7x9307749,Successful,0,Real,Windows 10,1199,1797,Eastern Standard Time,"ANGLE (Intel, Intel(R) Arc(TM) Graphics (0x00007D55) Direct3D11 vs_5_0 ps_5_0, D3D11)",0,17,10,1,128,1.22.33,0,Chrome 135,3,74,74,-1,4,117.189423,151.781479,DEFAULT,1,N/A,2025-04-12T17:38:57.6920000Z,N/A,N/A
1181,2025-04-12T17:38:57.6920000Z,851710fe-0e1d-4a72-aedf-f34f032442c1,WPI6_17444x7x9307749,Successful,0,Real,Windows 10,1199,1797,Eastern Standard Time,"ANGLE (Intel, Intel(R) Arc(TM) Graphics (0x00007D55) Direct3D11 vs_5_0 ps_5_0, D3D11)",0,17,10,1,128,1.22.33,0,Chrome 135,3,8,8,-1,5,116.769035,187.858017,DEFAULT,1,N/A,2025-04-12T17:38:57.6920000Z,N/A,N/A
1182,2025-04-12T17:38:57.6920000Z,851710fe-0e1d-4a72-aedf-f34f032442c1,WPI6_17444x7x9307749,Successful,0,Real,Windows 10,1199,1797,Eastern Standard Time,"ANGLE (Intel, Intel(R) Arc(TM) Graphics (0x00007D55) Direct3D11 vs_5_0 ps_5_0, D3D11)",0,17,10,1,128,1.22.33,0,Chrome 135,3,6,6,-1,6,116.527191,176.455475,DEFAULT,1,N/A,2025-04-12T17:38:57.6920000Z,N/A,N/A
1183,2025-04-14T21:44:25.6350000Z,851710fe-0e1d-4a72-aedf-f34f032442c1,WPI6_174466v6711i514,Successful,0,Real,Mac OS X 10.15,762,1198,Eastern Standard Time,"Intel(R) HD Graphics 400, or similar",0,17,10,1,128,1.22.33,0,Firefox 136,3,12,12,-1,0,99.30243,272.209137,DEFAULT,1,N/A,2025-04-14T21:44:25.6350000Z,N/A,N/A
1184,2025-04-14T21:44:25.6350000Z,851710fe-0e1d-4a72-aedf-f34f032442c1,WPI6_174466v6711i514,Successful,0,Real,Mac OS X 10.15,762,1198,Eastern Standard Time,"Intel(R) HD Graphics 400, or similar",0,17,10,1,128,1.22.33,0,Firefox 136,3,3,3,-1,1,103.218681,166.3434,DEFAULT,1,N/A,2025-04-14T21:44:25.6350000Z,N/A,N/A
1185,2025-04-14T21:44:25.6350000Z,851710fe-0e1d-4a72-aedf-f34f032442c1,WPI6_174466v6711i514,Successful,0,Real,Mac OS X 10.15,762,1198,Eastern Standard Time,"Intel(R) HD Graphics 400, or similar",0,17,10,1,128,1.22.33,0,Firefox 136,3,97,87,-1,2,102.535217,207.050491,DEFAULT,0,N/A,2025-04-14T21:44:25.6350000Z,N/A,N/A
1186,2025-04-14T21:44:25.6350000Z,851710fe-0e1d-4a72-aedf-f34f032442c1,WPI6_174466v6711i514,Successful,0,Real,Mac OS X 10.15,762,1198,Eastern Standard Time,"Intel(R) HD Graphics 400, or similar",0,17,10,1,128,1.22.33,0,Firefox 136,3,7,7,-1,3,97.90703,305.9977,DEFAULT,1,N/A,2025-04-14T21:44:25.6350000Z,N/A,N/A
1187,2025-04-14T21:44:25.6350000Z,851710fe-0e1d-4a72-aedf-f34f032442c1,WPI6_174466v6711i514,Successful,0,Real,Mac OS X 10.15,762,1198,Eastern Standard Time,"Intel(R) HD Graphics 400, or similar",0,17,10,1,128,1.22.33,0,Firefox 136,3,57,57,-1,4,103.206329,194.8353,DEFAULT,1,N/A,2025-04-14T21:44:25.6350000Z,N/A,N/A
1188,2025-04-14T21:44:25.6350000Z,851710fe-0e1d-4a72-aedf-f34f032442c1,WPI6_174466v6711i514,Successful,0,Real,Mac OS X 10.15,762,1198,Eastern Standard Time,"Intel(R) HD Graphics 400, or similar",0,17,10,1,128,1.22.33,0,Firefox 136,3,26,26,-1,5,103.313141,165.553772,DEFAULT,1,N/A,2025-04-14T21:44:25.6350000Z,N/A,N/A
1189,2025-04-14T21:44:25.6350000Z,851710fe-0e1d-4a72-aedf-f34f032442c1,WPI6_174466v6711i514,Successful,0,Real,Mac OS X 10.15,762,1198,Eastern Standard Time,"Intel(R) HD Graphics 400, or similar",0,17,10,1,128,1.22.33,0,Firefox 136,3,-1,-1,-1,6,101.23996,232.47731,DEFAULT,1,N/A,2025-04-14T21:44:25.6350000Z,N/A,N/A
1190,2025-04-14T21:50:49.7700000Z,851710fe-0e1d-4a72-aedf-f34f032442c1,WPI6_r17446q67212312,Successful,0,Real,Mac OS X 10_15_7,1598,2396,Eastern Standard Time,"ANGLE (Intel, ANGLE Metal Renderer: Intel(R) UHD Graphics 630, Unspecified Version)",0,17,10,1,128,1.22.33,0,Chrome 134,3,12,12,-1,0,71.5340042,1396.10657,DEFAULT,1,N/A,2025-04-14T21:50:49.7700000Z,N/A,N/A
1191,2025-04-14T21:50:49.7700000Z,851710fe-0e1d-4a72-aedf-f34f032442c1,WPI6_r17446q67212312,Successful,0,Real,Mac OS X 10_15_7,1598,2396,Eastern Standard Time,"ANGLE (Intel, ANGLE Metal Renderer: Intel(R) UHD Graphics 630, Unspecified Version)",0,17,10,1,128,1.22.33,0,Chrome 134,3,97,97,-1,1,71.17556,1292.91333,DEFAULT,1,N/A,2025-04-14T21:50:49.7700000Z,N/A,N/A
1192,2025-04-14T21:50:49.7700000Z,851710fe-0e1d-4a72-aedf-f34f032442c1,WPI6_r17446q67212312,Successful,0,Real,Mac OS X 10_15_7,1598,2396,Eastern Standard Time,"ANGLE (Intel, ANGLE Metal Renderer: Intel(R) UHD Graphics 630, Unspecified Version)",0,17,10,1,128,1.22.33,0,Chrome 134,3,-1,-1,-1,2,67.75921,1138.20593,DEFAULT,1,N/A,2025-04-14T21:50:49.7700000Z,N/A,N/A
1193,2025-04-14T21:50:49.7700000Z,851710fe-0e1d-4a72-aedf-f34f032442c1,WPI6_r17446q67212312,Successful,0,Real,Mac OS X 10_15_7,1598,2396,Eastern Standard Time,"ANGLE (Intel, ANGLE Metal Renderer: Intel(R) UHD Graphics 630, Unspecified Version)",0,17,10,1,128,1.22.33,0,Chrome 134,3,3,3,-1,3,61.59447,1066.9408,DEFAULT,1,N/A,2025-04-14T21:50:49.7700000Z,N/A,N/A
1194,2025-04-14T21:50:49.7700000Z,851710fe-0e1d-4a72-aedf-f34f032442c1,WPI6_r17446q67212312,Successful,0,Real,Mac OS X 10_15_7,1598,2396,Eastern Standard Time,"ANGLE (Intel, ANGLE Metal Renderer: Intel(R) UHD Graphics 630, Unspecified Version)",0,17,10,1,128,1.22.33,0,Chrome 134,3,6,6,-1,4,65.95701,1267.26025,DEFAULT,1,N/A,2025-04-14T21:50:49.7700000Z,N/A,N/A
1195,2025-04-14T21:50:49.7700000Z,851710fe-0e1d-4a72-aedf-f34f032442c1,WPI6_r17446q67212312,Successful,0,Real,Mac OS X 10_15_7,1598,2396,Eastern Standard Time,"ANGLE (Intel, ANGLE Metal Renderer: Intel(R) UHD Graphics 630, Unspecified Version)",0,17,10,1,128,1.22.33,0,Chrome 134,3,96,96,-1,5,66.86642,1198.12866,DEFAULT,1,N/A,2025-04-14T21:50:49.7700000Z,N/A,N/A
1196,2025-04-14T21:50:49.7700000Z,851710fe-0e1d-4a72-aedf-f34f032442c1,WPI6_r17446q67212312,Successful,0,Real,Mac OS X 10_15_7,1598,2396,Eastern Standard Time,"ANGLE (Intel, ANGLE Metal Renderer: Intel(R) UHD Graphics 630, Unspecified Version)",0,17,10,1,128,1.22.33,0,Chrome 134,3,73,73,-1,6,69.01618,1440.05908,DEFAULT,1,N/A,2025-04-14T21:50:49.7700000Z,N/A,N/A
1197,2025-04-17T23:05:09.7610000Z,851710fe-0e1d-4a72-aedf-f34f032442c1,WPI6_174493xg0886649,Successful,0,Real,Windows 10,999,1498,Eastern Standard Time,"ANGLE (Intel, Intel(R) HD Graphics Direct3D11 vs_5_0 ps_5_0), or similar",0,17,10,1,128,1.22.33,0,Firefox 137,3,12,12,-1,0,103.578491,255.183289,DEFAULT,1,N/A,2025-04-17T23:05:09.7610000Z,N/A,N/A
1198,2025-04-17T23:05:09.7610000Z,851710fe-0e1d-4a72-aedf-f34f032442c1,WPI6_174493xg0886649,Successful,0,Real,Windows 10,999,1498,Eastern Standard Time,"ANGLE (Intel, Intel(R) HD Graphics Direct3D11 vs_5_0 ps_5_0), or similar",0,17,10,1,128,1.22.33,0,Firefox 137,3,-1,-1,-1,1,84.9665451,737.3841,DEFAULT,1,N/A,2025-04-17T23:05:09.7610000Z,N/A,N/A
1199,2025-04-17T23:05:09.7610000Z,851710fe-0e1d-4a72-aedf-f34f032442c1,WPI6_174493xg0886649,Successful,0,Real,Windows 10,999,1498,Eastern Standard Time,"ANGLE (Intel, Intel(R) HD Graphics Direct3D11 vs_5_0 ps_5_0), or similar",0,17,10,1,128,1.22.33,0,Firefox 137,3,16,16,-1,2,84.5933151,181.641953,DEFAULT,1,N/A,2025-04-17T23:05:09.7610000Z,N/A,N/A
1200,2025-04-17T23:05:09.7610000Z,851710fe-0e1d-4a72-aedf-f34f032442c1,WPI6_174493xg0886649,Successful,0,Real,Windows 10,999,1498,Eastern Standard Time,"ANGLE (Intel, Intel(R) HD Graphics Direct3D11 vs_5_0 ps_5_0), or similar",0,17,10,1,128,1.22.33,0,Firefox 137,3,8,8,-1,3,81.70512,266.30365,DEFAULT,1,N/A,2025-04-17T23:05:09.7610000Z,N/A,N/A
1201,2025-04-17T23:05:09.7610000Z,851710fe-0e1d-4a72-aedf-f34f032442c1,WPI6_174493xg0886649,Successful,0,Real,Windows 10,999,1498,Eastern Standard Time,"ANGLE (Intel, Intel(R) HD Graphics Direct3D11 vs_5_0 ps_5_0), or similar",0,17,10,1,128,1.22.33,0,Firefox 137,3,42,42,-1,4,79.83353,300.778625,DEFAULT,1,N/A,2025-04-17T23:05:09.7610000Z,N/A,N/A
1202,2025-04-17T23:05:09.7610000Z,851710fe-0e1d-4a72-aedf-f34f032442c1,WPI6_174493xg0886649,Successful,0,Real,Windows 10,999,1498,Eastern Standard Time,"ANGLE (Intel, Intel(R) HD Graphics Direct3D11 vs_5_0 ps_5_0), or similar",0,17,10,1,128,1.22.33,0,Firefox 137,3,74,74,-1,5,87.11364,124.0589,DEFAULT,1,N/A,2025-04-17T23:05:09.7610000Z,N/A,N/A
1203,2025-04-17T23:05:09.7610000Z,851710fe-0e1d-4a72-aedf-f34f032442c1,WPI6_174493xg0886649,Successful,0,Real,Windows 10,999,1498,Eastern Standard Time,"ANGLE (Intel, Intel(R) HD Graphics Direct3D11 vs_5_0 ps_5_0), or similar",0,17,10,1,128,1.22.33,0,Firefox 137,3,45,45,-1,6,85.73268,273.1317,DEFAULT,1,N/A,2025-04-17T23:05:09.7610000Z,N/A,N/A
1204,2025-04-20T20:28:00.3500000Z,851710fe-0e1d-4a72-aedf-f34f032442c1,WPI6_174518n06z76234,Successful,0,Real,Windows 10,1598,2396,Eastern Standard Time,"ANGLE (Intel, Intel(R) Arc(TM) Graphics (0x00007D55) Direct3D11 vs_5_0 ps_5_0, D3D11)",0,17,10,1,128,1.22.33,0,Chrome 135,3,12,12,-1,0,97.1638641,725.889832,DEFAULT,1,N/A,2025-04-20T20:28:00.3500000Z,N/A,N/A
1205,2025-04-20T20:28:00.3500000Z,851710fe-0e1d-4a72-aedf-f34f032442c1,WPI6_174518n06z76234,Successful,0,Real,Windows 10,1598,2396,Eastern Standard Time,"ANGLE (Intel, Intel(R) Arc(TM) Graphics (0x00007D55) Direct3D11 vs_5_0 ps_5_0, D3D11)",0,17,10,1,128,1.22.33,0,Chrome 135,3,16,16,-1,1,94.1303,719.950562,DEFAULT,1,N/A,2025-04-20T20:28:00.3500000Z,N/A,N/A
1206,2025-04-20T20:28:00.3500000Z,851710fe-0e1d-4a72-aedf-f34f032442c1,WPI6_174518n06z76234,Successful,0,Real,Windows 10,1598,2396,Eastern Standard Time,"ANGLE (Intel, Intel(R) Arc(TM) Graphics (0x00007D55) Direct3D11 vs_5_0 ps_5_0, D3D11)",0,17,10,1,128,1.22.33,0,Chrome 135,3,74,21,-1,2,92.59022,665.5281,DEFAULT,0,N/A,2025-04-20T20:28:00.3500000Z,N/A,N/A
1207,2025-04-20T20:28:00.3500000Z,851710fe-0e1d-4a72-aedf-f34f032442c1,WPI6_174518n06z76234,Successful,0,Real,Windows 10,1598,2396,Eastern Standard Time,"ANGLE (Intel, Intel(R) Arc(TM) Graphics (0x00007D55) Direct3D11 vs_5_0 ps_5_0, D3D11)",0,17,10,1,128,1.22.33,0,Chrome 135,3,-1,-1,-1,3,86.1451645,661.970947,DEFAULT,1,N/A,2025-04-20T20:28:00.3500000Z,N/A,N/A
1208,2025-04-20T20:28:00.3500000Z,851710fe-0e1d-4a72-aedf-f34f032442c1,WPI6_174518n06z76234,Successful,0,Real,Windows 10,1598,2396,Eastern Standard Time,"ANGLE (Intel, Intel(R) Arc(TM) Graphics (0x00007D55) Direct3D11 vs_5_0 ps_5_0, D3D11)",0,17,10,1,128,1.22.33,0,Chrome 135,3,26,28,-1,4,93.9979248,683.3958,DEFAULT,0,N/A,2025-04-20T20:28:00.3500000Z,N/A,N/A
1209,2025-04-20T20:28:00.3500000Z,851710fe-0e1d-4a72-aedf-f34f032442c1,WPI6_174518n06z76234,Successful,0,Real,Windows 10,1598,2396,Eastern Standard Time,"ANGLE (Intel, Intel(R) Arc(TM) Graphics (0x00007D55) Direct3D11 vs_5_0 ps_5_0, D3D11)",0,17,10,1,128,1.22.33,0,Chrome 135,3,57,57,-1,5,95.58555,713.443542,DEFAULT,1,N/A,2025-04-20T20:28:00.3500000Z,N/A,N/A
1210,2025-04-20T20:28:00.3500000Z,851710fe-0e1d-4a72-aedf-f34f032442c1,WPI6_174518n06z76234,Successful,0,Real,Windows 10,1598,2396,Eastern Standard Time,"ANGLE (Intel, Intel(R) Arc(TM) Graphics (0x00007D55) Direct3D11 vs_5_0 ps_5_0, D3D11)",0,17,10,1,128,1.22.33,0,Chrome 135,3,6,8,-1,6,103.287582,637.856445,DEFAULT,0,N/A,2025-04-20T20:28:00.3500000Z,N/A,N/A
1211,2025-04-23T18:05:00.2580000Z,851710fe-0e1d-4a72-aedf-f34f032442c1,WPI6_v17454312111y06,Successful,0,Real,Windows 10,1598,2396,Eastern Standard Time,"ANGLE (Intel, Intel(R) HD Graphics 520 (0x00001916) Direct3D11 vs_5_0 ps_5_0, D3D11)",0,17,10,1,128,1.22.33,0,Chrome 135,3,12,12,-1,0,53.52172,122.296562,DEFAULT,1,N/A,2025-04-23T18:05:00.2580000Z,N/A,N/A
1212,2025-04-23T18:05:00.2580000Z,851710fe-0e1d-4a72-aedf-f34f032442c1,WPI6_v17454312111y06,Successful,0,Real,Windows 10,1598,2396,Eastern Standard Time,"ANGLE (Intel, Intel(R) HD Graphics 520 (0x00001916) Direct3D11 vs_5_0 ps_5_0, D3D11)",0,17,10,1,128,1.22.33,0,Chrome 135,3,-1,-1,-1,1,58.0000458,176.7429,DEFAULT,1,N/A,2025-04-23T18:05:00.2580000Z,N/A,N/A
1213,2025-04-23T18:05:00.2580000Z,851710fe-0e1d-4a72-aedf-f34f032442c1,WPI6_v17454312111y06,Successful,0,Real,Windows 10,1598,2396,Eastern Standard Time,"ANGLE (Intel, Intel(R) HD Graphics 520 (0x00001916) Direct3D11 vs_5_0 ps_5_0, D3D11)",0,17,10,1,128,1.22.33,0,Chrome 135,3,26,26,-1,2,57.212513,157.227936,DEFAULT,1,N/A,2025-04-23T18:05:00.2580000Z,N/A,N/A
1214,2025-04-23T18:05:00.2580000Z,851710fe-0e1d-4a72-aedf-f34f032442c1,WPI6_v17454312111y06,Successful,0,Real,Windows 10,1598,2396,Eastern Standard Time,"ANGLE (Intel, Intel(R) HD Graphics 520 (0x00001916) Direct3D11 vs_5_0 ps_5_0, D3D11)",0,17,10,1,128,1.22.33,0,Chrome 135,3,7,7,-1,3,54.85233,157.3379,DEFAULT,1,N/A,2025-04-23T18:05:00.2580000Z,N/A,N/A
1215,2025-04-23T18:05:00.2580000Z,851710fe-0e1d-4a72-aedf-f34f032442c1,WPI6_v17454312111y06,Successful,0,Real,Windows 10,1598,2396,Eastern Standard Time,"ANGLE (Intel, Intel(R) HD Graphics 520 (0x00001916) Direct3D11 vs_5_0 ps_5_0, D3D11)",0,17,10,1,128,1.22.33,0,Chrome 135,3,74,74,-1,4,54.3427429,149.8622,DEFAULT,1,N/A,2025-04-23T18:05:00.2580000Z,N/A,N/A
1216,2025-04-23T18:05:00.2580000Z,851710fe-0e1d-4a72-aedf-f34f032442c1,WPI6_v17454312111y06,Successful,0,Real,Windows 10,1598,2396,Eastern Standard Time,"ANGLE (Intel, Intel(R) HD Graphics 520 (0x00001916) Direct3D11 vs_5_0 ps_5_0, D3D11)",0,17,10,1,128,1.22.33,0,Chrome 135,3,2,2,-1,5,58.7827835,108.276878,DEFAULT,1,N/A,2025-04-23T18:05:00.2580000Z,N/A,N/A
1217,2025-04-23T18:05:00.2580000Z,851710fe-0e1d-4a72-aedf-f34f032442c1,WPI6_v17454312111y06,Successful,0,Real,Windows 10,1598,2396,Eastern Standard Time,"ANGLE (Intel, Intel(R) HD Graphics 520 (0x00001916) Direct3D11 vs_5_0 ps_5_0, D3D11)",0,17,10,1,128,1.22.33,0,Chrome 135,3,29,29,-1,6,55.59897,169.601135,DEFAULT,1,N/A,2025-04-23T18:05:00.2580000Z,N/A,N/A
1218,2025-04-23T18:23:17.2780000Z,851710fe-0e1d-4a72-aedf-f34f032442c1,WPI6_17w4543e2142467,Successful,0,Real,Windows 10,799,1198,Eastern Standard Time,"ANGLE (NVIDIA, NVIDIA GeForce GTX 980 Direct3D11 vs_5_0 ps_5_0), or similar",0,17,10,1,128,1.22.33,0,Firefox 137,3,12,12,-1,0,64.51381,6.413659,DEFAULT,1,N/A,2025-04-23T18:23:17.2780000Z,N/A,N/A
1219,2025-04-23T18:23:17.2780000Z,851710fe-0e1d-4a72-aedf-f34f032442c1,WPI6_17w4543e2142467,Successful,0,Real,Windows 10,799,1198,Eastern Standard Time,"ANGLE (NVIDIA, NVIDIA GeForce GTX 980 Direct3D11 vs_5_0 ps_5_0), or similar",0,17,10,1,128,1.22.33,0,Firefox 137,3,57,57,-1,1,64.6103439,9.610133,DEFAULT,1,N/A,2025-04-23T18:23:17.2780000Z,N/A,N/A
1220,2025-04-23T18:23:17.2780000Z,851710fe-0e1d-4a72-aedf-f34f032442c1,WPI6_17w4543e2142467,Successful,0,Real,Windows 10,799,1198,Eastern Standard Time,"ANGLE (NVIDIA, NVIDIA GeForce GTX 980 Direct3D11 vs_5_0 ps_5_0), or similar",0,17,10,1,128,1.22.33,0,Firefox 137,3,-1,-1,-1,2,64.1396,4.80626345,DEFAULT,1,N/A,2025-04-23T18:23:17.2780000Z,N/A,N/A
1221,2025-04-23T18:23:17.2780000Z,851710fe-0e1d-4a72-aedf-f34f032442c1,WPI6_17w4543e2142467,Successful,0,Real,Windows 10,799,1198,Eastern Standard Time,"ANGLE (NVIDIA, NVIDIA GeForce GTX 980 Direct3D11 vs_5_0 ps_5_0), or similar",0,17,10,1,128,1.22.33,0,Firefox 137,3,45,45,-1,3,64.53445,6.72548676,DEFAULT,1,N/A,2025-04-23T18:23:17.2780000Z,N/A,N/A
1222,2025-04-23T18:23:17.2780000Z,851710fe-0e1d-4a72-aedf-f34f032442c1,WPI6_17w4543e2142467,Successful,0,Real,Windows 10,799,1198,Eastern Standard Time,"ANGLE (NVIDIA, NVIDIA GeForce GTX 980 Direct3D11 vs_5_0 ps_5_0), or similar",0,17,10,1,128,1.22.33,0,Firefox 137,3,3,3,-1,4,64.38042,7.39920235,DEFAULT,1,N/A,2025-04-23T18:23:17.2780000Z,N/A,N/A
1223,2025-04-23T18:23:17.2780000Z,851710fe-0e1d-4a72-aedf-f34f032442c1,WPI6_17w4543e2142467,Successful,0,Real,Windows 10,799,1198,Eastern Standard Time,"ANGLE (NVIDIA, NVIDIA GeForce GTX 980 Direct3D11 vs_5_0 ps_5_0), or similar",0,17,10,1,128,1.22.33,0,Firefox 137,3,35,35,-1,5,64.53664,7.20525455,DEFAULT,1,N/A,2025-04-23T18:23:17.2780000Z,N/A,N/A
1224,2025-04-23T18:23:17.2780000Z,851710fe-0e1d-4a72-aedf-f34f032442c1,WPI6_17w4543e2142467,Successful,0,Real,Windows 10,799,1198,Eastern Standard Time,"ANGLE (NVIDIA, NVIDIA GeForce GTX 980 Direct3D11 vs_5_0 ps_5_0), or similar",0,17,10,1,128,1.22.33,0,Firefox 137,3,7,7,-1,6,64.42775,8.974004,DEFAULT,1,N/A,2025-04-23T18:23:17.2780000Z,N/A,N/A
1225,2025-04-23T23:27:41.4860000Z,851710fe-0e1d-4a72-aedf-f34f032442c1,WPI6_17j45450656v937,Successful,0,Real,Windows 10,1199,1797,Eastern Standard Time,"ANGLE (Intel, Intel(R) Arc(TM) Graphics (0x00007D55) Direct3D11 vs_5_0 ps_5_0, D3D11)",0,17,10,1,128,1.22.33,0,Chrome 135,3,12,12,-1,0,105.801346,132.271942,DEFAULT,1,N/A,2025-04-23T23:27:41.4860000Z,N/A,N/A
1226,2025-04-23T23:27:41.4860000Z,851710fe-0e1d-4a72-aedf-f34f032442c1,WPI6_17j45450656v937,Successful,0,Real,Windows 10,1199,1797,Eastern Standard Time,"ANGLE (Intel, Intel(R) Arc(TM) Graphics (0x00007D55) Direct3D11 vs_5_0 ps_5_0, D3D11)",0,17,10,1,128,1.22.33,0,Chrome 135,3,3,3,-1,1,108.82489,131.699661,DEFAULT,1,N/A,2025-04-23T23:27:41.4860000Z,N/A,N/A
1227,2025-04-23T23:27:41.4860000Z,851710fe-0e1d-4a72-aedf-f34f032442c1,WPI6_17j45450656v937,Successful,0,Real,Windows 10,1199,1797,Eastern Standard Time,"ANGLE (Intel, Intel(R) Arc(TM) Graphics (0x00007D55) Direct3D11 vs_5_0 ps_5_0, D3D11)",0,17,10,1,128,1.22.33,0,Chrome 135,3,-1,-1,-1,2,109.928772,129.025635,DEFAULT,1,N/A,2025-04-23T23:27:41.4860000Z,N/A,N/A
1228,2025-04-23T23:27:41.4860000Z,851710fe-0e1d-4a72-aedf-f34f032442c1,WPI6_17j45450656v937,Successful,0,Real,Windows 10,1199,1797,Eastern Standard Time,"ANGLE (Intel, Intel(R) Arc(TM) Graphics (0x00007D55) Direct3D11 vs_5_0 ps_5_0, D3D11)",0,17,10,1,128,1.22.33,0,Chrome 135,3,45,45,-1,3,109.719551,137.348145,DEFAULT,1,N/A,2025-04-23T23:27:41.4860000Z,N/A,N/A
1229,2025-04-23T23:27:41.4860000Z,851710fe-0e1d-4a72-aedf-f34f032442c1,WPI6_17j45450656v937,Successful,0,Real,Windows 10,1199,1797,Eastern Standard Time,"ANGLE (Intel, Intel(R) Arc(TM) Graphics (0x00007D55) Direct3D11 vs_5_0 ps_5_0, D3D11)",0,17,10,1,128,1.22.33,0,Chrome 135,3,57,57,-1,4,109.801254,127.700768,DEFAULT,1,N/A,2025-04-23T23:27:41.4860000Z,N/A,N/A
1230,2025-04-23T23:27:41.4860000Z,851710fe-0e1d-4a72-aedf-f34f032442c1,WPI6_17j45450656v937,Successful,0,Real,Windows 10,1199,1797,Eastern Standard Time,"ANGLE (Intel, Intel(R) Arc(TM) Graphics (0x00007D55) Direct3D11 vs_5_0 ps_5_0, D3D11)",0,17,10,1,128,1.22.33,0,Chrome 135,3,7,7,-1,5,110.109673,138.72348,DEFAULT,1,N/A,2025-04-23T23:27:41.4860000Z,N/A,N/A
1231,2025-04-23T23:27:41.4860000Z,851710fe-0e1d-4a72-aedf-f34f032442c1,WPI6_17j45450656v937,Successful,0,Real,Windows 10,1199,1797,Eastern Standard Time,"ANGLE (Intel, Intel(R) Arc(TM) Graphics (0x00007D55) Direct3D11 vs_5_0 ps_5_0, D3D11)",0,17,10,1,128,1.22.33,0,Chrome 135,3,26,26,-1,6,109.416336,124.646431,DEFAULT,1,N/A,2025-04-23T23:27:41.4860000Z,N/A,N/A
1232,2025-04-25T05:20:42.3420000Z,851710fe-0e1d-4a72-aedf-f34f032442c1,WPI6_174sw5558164473,Successful,0,Real,Mac OS X 10_15_7,1508,1836,Eastern Standard Time,Apple GPU,0,17,10,1,128,1.22.33,0,Safari 17.6,3,12,12,-1,0,116.924416,96.67118,DEFAULT,1,N/A,2025-04-25T05:20:42.3420000Z,N/A,N/A
1233,2025-04-25T05:20:42.3420000Z,851710fe-0e1d-4a72-aedf-f34f032442c1,WPI6_174sw5558164473,Successful,0,Real,Mac OS X 10_15_7,1508,1836,Eastern Standard Time,Apple GPU,0,17,10,1,128,1.22.33,0,Safari 17.6,3,2,2,-1,1,116.391747,58.3139877,DEFAULT,1,N/A,2025-04-25T05:20:42.3420000Z,N/A,N/A
1234,2025-04-25T05:20:42.3420000Z,851710fe-0e1d-4a72-aedf-f34f032442c1,WPI6_174sw5558164473,Successful,0,Real,Mac OS X 10_15_7,1508,1836,Eastern Standard Time,Apple GPU,0,17,10,1,128,1.22.33,0,Safari 17.6,3,29,29,-1,2,118.271332,77.1469955,DEFAULT,1,N/A,2025-04-25T05:20:42.3420000Z,N/A,N/A
1235,2025-04-25T05:20:42.3420000Z,851710fe-0e1d-4a72-aedf-f34f032442c1,WPI6_174sw5558164473,Successful,0,Real,Mac OS X 10_15_7,1508,1836,Eastern Standard Time,Apple GPU,0,17,10,1,128,1.22.33,0,Safari 17.6,3,16,16,-1,3,119.695557,107.899323,DEFAULT,1,N/A,2025-04-25T05:20:42.3420000Z,N/A,N/A
1236,2025-04-25T05:20:42.3420000Z,851710fe-0e1d-4a72-aedf-f34f032442c1,WPI6_174sw5558164473,Successful,0,Real,Mac OS X 10_15_7,1508,1836,Eastern Standard Time,Apple GPU,0,17,10,1,128,1.22.33,0,Safari 17.6,3,42,42,-1,4,118.415405,79.9956055,DEFAULT,1,N/A,2025-04-25T05:20:42.3420000Z,N/A,N/A
1237,2025-04-25T05:20:42.3420000Z,851710fe-0e1d-4a72-aedf-f34f032442c1,WPI6_174sw5558164473,Successful,0,Real,Mac OS X 10_15_7,1508,1836,Eastern Standard Time,Apple GPU,0,17,10,1,128,1.22.33,0,Safari 17.6,3,-1,-1,-1,5,117.199196,72.37061,DEFAULT,1,N/A,2025-04-25T05:20:42.3420000Z,N/A,N/A
1238,2025-04-25T05:20:42.3420000Z,851710fe-0e1d-4a72-aedf-f34f032442c1,WPI6_174sw5558164473,Successful,0,Real,Mac OS X 10_15_7,1508,1836,Eastern Standard Time,Apple GPU,0,17,10,1,128,1.22.33,0,Safari 17.6,3,15,15,-1,6,118.071426,72.82391,DEFAULT,1,N/A,2025-04-25T05:20:42.3420000Z,N/A,N/A
1239,2025-04-25T11:42:15.2210000Z,851710fe-0e1d-4a72-aedf-f34f032442c1,WPI6_l17455810913y40,Successful,0,Real,Windows 10,906,1797,Eastern Standard Time,"ANGLE (Intel, Intel(R) UHD Graphics (0x00009BCA) Direct3D11 vs_5_0 ps_5_0, D3D11)",0,17,10,1,128,1.22.33,0,Chrome 135,3,12,12,-1,0,113.620255,128.242142,DEFAULT,1,N/A,2025-04-25T11:42:15.2210000Z,N/A,N/A
1240,2025-04-25T11:42:15.2210000Z,851710fe-0e1d-4a72-aedf-f34f032442c1,WPI6_l17455810913y40,Successful,0,Real,Windows 10,906,1797,Eastern Standard Time,"ANGLE (Intel, Intel(R) UHD Graphics (0x00009BCA) Direct3D11 vs_5_0 ps_5_0, D3D11)",0,17,10,1,128,1.22.33,0,Chrome 135,3,16,1,-1,1,116.9524,109.070442,DEFAULT,0,N/A,2025-04-25T11:42:15.2210000Z,N/A,N/A
1241,2025-04-25T11:42:15.2210000Z,851710fe-0e1d-4a72-aedf-f34f032442c1,WPI6_l17455810913y40,Successful,0,Real,Windows 10,906,1797,Eastern Standard Time,"ANGLE (Intel, Intel(R) UHD Graphics (0x00009BCA) Direct3D11 vs_5_0 ps_5_0, D3D11)",0,17,10,1,128,1.22.33,0,Chrome 135,3,-1,-1,-1,2,111.025726,150.347855,DEFAULT,1,N/A,2025-04-25T11:42:15.2210000Z,N/A,N/A
1242,2025-04-25T11:42:15.2210000Z,851710fe-0e1d-4a72-aedf-f34f032442c1,WPI6_l17455810913y40,Successful,0,Real,Windows 10,906,1797,Eastern Standard Time,"ANGLE (Intel, Intel(R) UHD Graphics (0x00009BCA) Direct3D11 vs_5_0 ps_5_0, D3D11)",0,17,10,1,128,1.22.33,0,Chrome 135,3,6,6,-1,3,109.484184,153.997223,DEFAULT,1,N/A,2025-04-25T11:42:15.2210000Z,N/A,N/A
1243,2025-04-25T11:42:15.2210000Z,851710fe-0e1d-4a72-aedf-f34f032442c1,WPI6_l17455810913y40,Successful,0,Real,Windows 10,906,1797,Eastern Standard Time,"ANGLE (Intel, Intel(R) UHD Graphics (0x00009BCA) Direct3D11 vs_5_0 ps_5_0, D3D11)",0,17,10,1,128,1.22.33,0,Chrome 135,3,5,5,-1,4,103.134209,195.080688,DEFAULT,1,N/A,2025-04-25T11:42:15.2210000Z,N/A,N/A
1244,2025-04-25T11:42:15.2210000Z,851710fe-0e1d-4a72-aedf-f34f032442c1,WPI6_l17455810913y40,Successful,0,Real,Windows 10,906,1797,Eastern Standard Time,"ANGLE (Intel, Intel(R) UHD Graphics (0x00009BCA) Direct3D11 vs_5_0 ps_5_0, D3D11)",0,17,10,1,128,1.22.33,0,Chrome 135,3,6,6,-1,5,101.268982,144.915436,DEFAULT,1,N/A,2025-04-25T11:42:15.2210000Z,N/A,N/A
1245,2025-04-25T11:42:15.2210000Z,851710fe-0e1d-4a72-aedf-f34f032442c1,WPI6_l17455810913y40,Successful,0,Real,Windows 10,906,1797,Eastern Standard Time,"ANGLE (Intel, Intel(R) UHD Graphics (0x00009BCA) Direct3D11 vs_5_0 ps_5_0, D3D11)",0,17,10,1,128,1.22.33,0,Chrome 135,3,35,35,-1,6,102.984581,143.193283,DEFAULT,1,N/A,2025-04-25T11:42:15.2210000Z,N/A,N/A
1246,2025-04-26T17:56:38.5690000Z,851710fe-0e1d-4a72-aedf-f34f032442c1,WPI6_17t456l89982691,Successful,0,Real,Mac OS X 10_15_7,1598,2396,Eastern Standard Time,Apple GPU,0,17,10,1,128,1.22.33,0,Safari 17.5,3,12,12,-1,0,118.765129,111.667015,DEFAULT,1,N/A,2025-04-26T17:56:38.5690000Z,N/A,N/A
1247,2025-04-26T17:56:38.5690000Z,851710fe-0e1d-4a72-aedf-f34f032442c1,WPI6_17t456l89982691,Successful,0,Real,Mac OS X 10_15_7,1598,2396,Eastern Standard Time,Apple GPU,0,17,10,1,128,1.22.33,0,Safari 17.5,3,97,97,-1,1,118.896866,104.940521,DEFAULT,1,N/A,2025-04-26T17:56:38.5690000Z,N/A,N/A
1248,2025-04-26T17:56:38.5690000Z,851710fe-0e1d-4a72-aedf-f34f032442c1,WPI6_17t456l89982691,Successful,0,Real,Mac OS X 10_15_7,1598,2396,Eastern Standard Time,Apple GPU,0,17,10,1,128,1.22.33,0,Safari 17.5,3,96,96,-1,2,117.33506,105.832481,DEFAULT,1,N/A,2025-04-26T17:56:38.5690000Z,N/A,N/A
1249,2025-04-26T17:56:38.5690000Z,851710fe-0e1d-4a72-aedf-f34f032442c1,WPI6_17t456l89982691,Successful,0,Real,Mac OS X 10_15_7,1598,2396,Eastern Standard Time,Apple GPU,0,17,10,1,128,1.22.33,0,Safari 17.5,3,29,29,-1,3,119.231972,117.548958,DEFAULT,1,N/A,2025-04-26T17:56:38.5690000Z,N/A,N/A
1250,2025-04-26T17:56:38.5690000Z,851710fe-0e1d-4a72-aedf-f34f032442c1,WPI6_17t456l89982691,Successful,0,Real,Mac OS X 10_15_7,1598,2396,Eastern Standard Time,Apple GPU,0,17,10,1,128,1.22.33,0,Safari 17.5,3,-1,-1,-1,4,119.55349,99.69958,DEFAULT,1,N/A,2025-04-26T17:56:38.5690000Z,N/A,N/A
1251,2025-04-26T17:56:38.5690000Z,851710fe-0e1d-4a72-aedf-f34f032442c1,WPI6_17t456l89982691,Successful,0,Real,Mac OS X 10_15_7,1598,2396,Eastern Standard Time,Apple GPU,0,17,10,1,128,1.22.33,0,Safari 17.5,3,74,74,-1,5,117.931259,91.2005844,DEFAULT,1,N/A,2025-04-26T17:56:38.5690000Z,N/A,N/A
1252,2025-04-26T17:56:38.5690000Z,851710fe-0e1d-4a72-aedf-f34f032442c1,WPI6_17t456l89982691,Successful,0,Real,Mac OS X 10_15_7,1598,2396,Eastern Standard Time,Apple GPU,0,17,10,1,128,1.22.33,0,Safari 17.5,3,7,7,-1,6,118.445183,102.089928,DEFAULT,1,N/A,2025-04-26T17:56:38.5690000Z,N/A,N/A
1253,2025-04-27T17:13:35.5310000Z,851710fe-0e1d-4a72-aedf-f34f032442c1,WPI6_i17g45773868541,Successful,0,Real,Windows 10,1199,1797,Eastern Standard Time,"ANGLE (Intel, Intel(R) UHD Graphics (0x0000A788) Direct3D11 vs_5_0 ps_5_0, D3D11)",0,17,10,1,128,1.22.33,0,Chrome 135,3,12,12,-1,0,122.675644,50.31949,DEFAULT,1,N/A,2025-04-27T17:13:35.5310000Z,N/A,N/A
1254,2025-04-27T17:13:35.5310000Z,851710fe-0e1d-4a72-aedf-f34f032442c1,WPI6_i17g45773868541,Successful,0,Real,Windows 10,1199,1797,Eastern Standard Time,"ANGLE (Intel, Intel(R) UHD Graphics (0x0000A788) Direct3D11 vs_5_0 ps_5_0, D3D11)",0,17,10,1,128,1.22.33,0,Chrome 135,3,15,15,-1,1,122.0074,55.76909,DEFAULT,1,N/A,2025-04-27T17:13:35.5310000Z,N/A,N/A
1255,2025-04-27T17:13:35.5310000Z,851710fe-0e1d-4a72-aedf-f34f032442c1,WPI6_i17g45773868541,Successful,0,Real,Windows 10,1199,1797,Eastern Standard Time,"ANGLE (Intel, Intel(R) UHD Graphics (0x0000A788) Direct3D11 vs_5_0 ps_5_0, D3D11)",0,17,10,1,128,1.22.33,0,Chrome 135,3,35,35,-1,2,122.509827,65.93188,DEFAULT,1,N/A,2025-04-27T17:13:35.5310000Z,N/A,N/A
1256,2025-04-27T17:13:35.5310000Z,851710fe-0e1d-4a72-aedf-f34f032442c1,WPI6_i17g45773868541,Successful,0,Real,Windows 10,1199,1797,Eastern Standard Time,"ANGLE (Intel, Intel(R) UHD Graphics (0x0000A788) Direct3D11 vs_5_0 ps_5_0, D3D11)",0,17,10,1,128,1.22.33,0,Chrome 135,3,-1,-1,-1,3,122.067833,47.91892,DEFAULT,1,N/A,2025-04-27T17:13:35.5310000Z,N/A,N/A
1257,2025-04-27T17:13:35.5310000Z,851710fe-0e1d-4a72-aedf-f34f032442c1,WPI6_i17g45773868541,Successful,0,Real,Windows 10,1199,1797,Eastern Standard Time,"ANGLE (Intel, Intel(R) UHD Graphics (0x0000A788) Direct3D11 vs_5_0 ps_5_0, D3D11)",0,17,10,1,128,1.22.33,0,Chrome 135,3,73,73,-1,4,122.816757,62.76607,DEFAULT,1,N/A,2025-04-27T17:13:35.5310000Z,N/A,N/A
1258,2025-04-27T17:13:35.5310000Z,851710fe-0e1d-4a72-aedf-f34f032442c1,WPI6_i17g45773868541,Successful,0,Real,Windows 10,1199,1797,Eastern Standard Time,"ANGLE (Intel, Intel(R) UHD Graphics (0x0000A788) Direct3D11 vs_5_0 ps_5_0, D3D11)",0,17,10,1,128,1.22.33,0,Chrome 135,3,2,2,-1,5,122.140625,62.818306,DEFAULT,1,N/A,2025-04-27T17:13:35.5310000Z,N/A,N/A
1259,2025-04-27T17:13:35.5310000Z,851710fe-0e1d-4a72-aedf-f34f032442c1,WPI6_i17g45773868541,Successful,0,Real,Windows 10,1199,1797,Eastern Standard Time,"ANGLE (Intel, Intel(R) UHD Graphics (0x0000A788) Direct3D11 vs_5_0 ps_5_0, D3D11)",0,17,10,1,128,1.22.33,0,Chrome 135,3,8,8,-1,6,121.122864,63.6729164,DEFAULT,1,N/A,2025-04-27T17:13:35.5310000Z,N/A,N/A
1260,2025-04-27T19:48:28.7600000Z,851710fe-0e1d-4a72-aedf-f34f032442c1,WPI6_1s74m5783106125,Successful,0,Real,Windows 10,913,1498,Eastern Standard Time,"ANGLE (Intel, Intel(R) UHD Graphics (0x00009BC4) Direct3D11 vs_5_0 ps_5_0, D3D11)",0,17,10,1,128,1.22.33,0,Chrome 132,3,12,12,-1,0,113.626213,123.481483,DEFAULT,1,N/A,2025-04-27T19:48:28.7600000Z,N/A,N/A
1261,2025-04-27T19:48:28.7600000Z,851710fe-0e1d-4a72-aedf-f34f032442c1,WPI6_1s74m5783106125,Successful,0,Real,Windows 10,913,1498,Eastern Standard Time,"ANGLE (Intel, Intel(R) UHD Graphics (0x00009BC4) Direct3D11 vs_5_0 ps_5_0, D3D11)",0,17,10,1,128,1.22.33,0,Chrome 132,3,-1,-1,-1,1,110.288826,111.939659,DEFAULT,1,N/A,2025-04-27T19:48:28.7600000Z,N/A,N/A
1262,2025-04-27T19:48:28.7600000Z,851710fe-0e1d-4a72-aedf-f34f032442c1,WPI6_1s74m5783106125,Successful,0,Real,Windows 10,913,1498,Eastern Standard Time,"ANGLE (Intel, Intel(R) UHD Graphics (0x00009BC4) Direct3D11 vs_5_0 ps_5_0, D3D11)",0,17,10,1,128,1.22.33,0,Chrome 132,3,35,35,-1,2,115.309723,103.938309,DEFAULT,1,N/A,2025-04-27T19:48:28.7600000Z,N/A,N/A
1263,2025-04-27T19:48:28.7600000Z,851710fe-0e1d-4a72-aedf-f34f032442c1,WPI6_1s74m5783106125,Successful,0,Real,Windows 10,913,1498,Eastern Standard Time,"ANGLE (Intel, Intel(R) UHD Graphics (0x00009BC4) Direct3D11 vs_5_0 ps_5_0, D3D11)",0,17,10,1,128,1.22.33,0,Chrome 132,3,6,6,-1,3,113.003067,116.04126,DEFAULT,1,N/A,2025-04-27T19:48:28.7600000Z,N/A,N/A
1264,2025-04-27T19:48:28.7600000Z,851710fe-0e1d-4a72-aedf-f34f032442c1,WPI6_1s74m5783106125,Successful,0,Real,Windows 10,913,1498,Eastern Standard Time,"ANGLE (Intel, Intel(R) UHD Graphics (0x00009BC4) Direct3D11 vs_5_0 ps_5_0, D3D11)",0,17,10,1,128,1.22.33,0,Chrome 132,3,8,8,-1,4,114.032761,130.43779,DEFAULT,1,N/A,2025-04-27T19:48:28.7600000Z,N/A,N/A
1265,2025-04-27T19:48:28.7600000Z,851710fe-0e1d-4a72-aedf-f34f032442c1,WPI6_1s74m5783106125,Successful,0,Real,Windows 10,913,1498,Eastern Standard Time,"ANGLE (Intel, Intel(R) UHD Graphics (0x00009BC4) Direct3D11 vs_5_0 ps_5_0, D3D11)",0,17,10,1,128,1.22.33,0,Chrome 132,3,3,3,-1,5,113.782677,109.43441,DEFAULT,1,N/A,2025-04-27T19:48:28.7600000Z,N/A,N/A
1266,2025-04-27T19:48:28.7600000Z,851710fe-0e1d-4a72-aedf-f34f032442c1,WPI6_1s74m5783106125,Successful,0,Real,Windows 10,913,1498,Eastern Standard Time,"ANGLE (Intel, Intel(R) UHD Graphics (0x00009BC4) Direct3D11 vs_5_0 ps_5_0, D3D11)",0,17,10,1,128,1.22.33,0,Chrome 132,3,73,73,-1,6,112.02549,131.971252,DEFAULT,1,N/A,2025-04-27T19:48:28.7600000Z,N/A,N/A
1267,2025-04-27T20:10:59.2600000Z,851710fe-0e1d-4a72-aedf-f34f032442c1,WPI6_j1745784410d658,Successful,0,Real,Mac OS X 10_15_7,1598,2396,Eastern Standard Time,"ANGLE (Apple, ANGLE Metal Renderer: Apple M1, Unspecified Version)",0,17,10,1,128,1.22.33,0,Chrome 130,3,12,12,-1,0,120.547989,61.66117,DEFAULT,1,N/A,2025-04-27T20:10:59.2600000Z,N/A,N/A
1268,2025-04-27T20:10:59.2600000Z,851710fe-0e1d-4a72-aedf-f34f032442c1,WPI6_j1745784410d658,Successful,0,Real,Mac OS X 10_15_7,1598,2396,Eastern Standard Time,"ANGLE (Apple, ANGLE Metal Renderer: Apple M1, Unspecified Version)",0,17,10,1,128,1.22.33,0,Chrome 130,3,15,15,-1,1,120.507408,58.58109,DEFAULT,1,N/A,2025-04-27T20:10:59.2600000Z,N/A,N/A
1269,2025-04-27T20:10:59.2600000Z,851710fe-0e1d-4a72-aedf-f34f032442c1,WPI6_j1745784410d658,Successful,0,Real,Mac OS X 10_15_7,1598,2396,Eastern Standard Time,"ANGLE (Apple, ANGLE Metal Renderer: Apple M1, Unspecified Version)",0,17,10,1,128,1.22.33,0,Chrome 130,3,-1,-1,-1,2,120.658272,56.8566856,DEFAULT,1,N/A,2025-04-27T20:10:59.2600000Z,N/A,N/A
1270,2025-04-27T20:10:59.2600000Z,851710fe-0e1d-4a72-aedf-f34f032442c1,WPI6_j1745784410d658,Successful,0,Real,Mac OS X 10_15_7,1598,2396,Eastern Standard Time,"ANGLE (Apple, ANGLE Metal Renderer: Apple M1, Unspecified Version)",0,17,10,1,128,1.22.33,0,Chrome 130,3,42,42,-1,3,120.504181,67.697525,DEFAULT,1,N/A,2025-04-27T20:10:59.2600000Z,N/A,N/A
1271,2025-04-27T20:10:59.2600000Z,851710fe-0e1d-4a72-aedf-f34f032442c1,WPI6_j1745784410d658,Successful,0,Real,Mac OS X 10_15_7,1598,2396,Eastern Standard Time,"ANGLE (Apple, ANGLE Metal Renderer: Apple M1, Unspecified Version)",0,17,10,1,128,1.22.33,0,Chrome 130,3,6,6,-1,4,120.532829,61.2289352,DEFAULT,1,N/A,2025-04-27T20:10:59.2600000Z,N/A,N/A
1272,2025-04-27T20:10:59.2600000Z,851710fe-0e1d-4a72-aedf-f34f032442c1,WPI6_j1745784410d658,Successful,0,Real,Mac OS X 10_15_7,1598,2396,Eastern Standard Time,"ANGLE (Apple, ANGLE Metal Renderer: Apple M1, Unspecified Version)",0,17,10,1,128,1.22.33,0,Chrome 130,3,45,45,-1,5,120.341919,63.8622551,DEFAULT,1,N/A,2025-04-27T20:10:59.2600000Z,N/A,N/A
1273,2025-04-27T20:10:59.2600000Z,851710fe-0e1d-4a72-aedf-f34f032442c1,WPI6_j1745784410d658,Successful,0,Real,Mac OS X 10_15_7,1598,2396,Eastern Standard Time,"ANGLE (Apple, ANGLE Metal Renderer: Apple M1, Unspecified Version)",0,17,10,1,128,1.22.33,0,Chrome 130,3,5,5,-1,6,120.56469,64.829895,DEFAULT,1,N/A,2025-04-27T20:10:59.2600000Z,N/A,N/A
1274,2025-04-28T15:14:26.1360000Z,851710fe-0e1d-4a72-aedf-f34f032442c1,WPI6_v174585h3005168,Successful,0,Real,Windows 10,1199,1797,Eastern Standard Time,"ANGLE (Intel, Intel(R) Iris(R) Xe Graphics (0x000046A6) Direct3D11 vs_5_0 ps_5_0, D3D11)",0,17,10,1,128,1.22.33,0,Chrome 135,3,12,12,-1,0,116.436951,195.637,DEFAULT,1,N/A,2025-04-28T15:14:26.1360000Z,N/A,N/A
1275,2025-04-28T15:14:26.1360000Z,851710fe-0e1d-4a72-aedf-f34f032442c1,WPI6_v174585h3005168,Successful,0,Real,Windows 10,1199,1797,Eastern Standard Time,"ANGLE (Intel, Intel(R) Iris(R) Xe Graphics (0x000046A6) Direct3D11 vs_5_0 ps_5_0, D3D11)",0,17,10,1,128,1.22.33,0,Chrome 135,3,73,73,-1,1,119.571693,112.899086,DEFAULT,1,N/A,2025-04-28T15:14:26.1360000Z,N/A,N/A
1276,2025-04-28T15:14:26.1360000Z,851710fe-0e1d-4a72-aedf-f34f032442c1,WPI6_v174585h3005168,Successful,0,Real,Windows 10,1199,1797,Eastern Standard Time,"ANGLE (Intel, Intel(R) Iris(R) Xe Graphics (0x000046A6) Direct3D11 vs_5_0 ps_5_0, D3D11)",0,17,10,1,128,1.22.33,0,Chrome 135,3,15,15,-1,2,119.596092,88.88303,DEFAULT,1,N/A,2025-04-28T15:14:26.1360000Z,N/A,N/A
1277,2025-04-28T15:14:26.1360000Z,851710fe-0e1d-4a72-aedf-f34f032442c1,WPI6_v174585h3005168,Successful,0,Real,Windows 10,1199,1797,Eastern Standard Time,"ANGLE (Intel, Intel(R) Iris(R) Xe Graphics (0x000046A6) Direct3D11 vs_5_0 ps_5_0, D3D11)",0,17,10,1,128,1.22.33,0,Chrome 135,3,26,26,-1,3,119.957832,86.61318,DEFAULT,1,N/A,2025-04-28T15:14:26.1360000Z,N/A,N/A
1278,2025-04-28T15:14:26.1360000Z,851710fe-0e1d-4a72-aedf-f34f032442c1,WPI6_v174585h3005168,Successful,0,Real,Windows 10,1199,1797,Eastern Standard Time,"ANGLE (Intel, Intel(R) Iris(R) Xe Graphics (0x000046A6) Direct3D11 vs_5_0 ps_5_0, D3D11)",0,17,10,1,128,1.22.33,0,Chrome 135,3,57,57,-1,4,120.043472,103.8948,DEFAULT,1,N/A,2025-04-28T15:14:26.1360000Z,N/A,N/A
1279,2025-04-28T15:14:26.1360000Z,851710fe-0e1d-4a72-aedf-f34f032442c1,WPI6_v174585h3005168,Successful,0,Real,Windows 10,1199,1797,Eastern Standard Time,"ANGLE (Intel, Intel(R) Iris(R) Xe Graphics (0x000046A6) Direct3D11 vs_5_0 ps_5_0, D3D11)",0,17,10,1,128,1.22.33,0,Chrome 135,3,-1,-1,-1,5,120.129288,96.13817,DEFAULT,1,N/A,2025-04-28T15:14:26.1360000Z,N/A,N/A
1280,2025-04-28T15:14:26.1360000Z,851710fe-0e1d-4a72-aedf-f34f032442c1,WPI6_v174585h3005168,Successful,0,Real,Windows 10,1199,1797,Eastern Standard Time,"ANGLE (Intel, Intel(R) Iris(R) Xe Graphics (0x000046A6) Direct3D11 vs_5_0 ps_5_0, D3D11)",0,17,10,1,128,1.22.33,0,Chrome 135,3,6,6,-1,6,119.698837,92.135025,DEFAULT,1,N/A,2025-04-28T15:14:26.1360000Z,N/A,N/A
1281,2025-04-28T21:09:10.7220000Z,851710fe-0e1d-4a72-aedf-f34f032442c1,WPI6_r1745874r291842,Successful,0,Real,Windows 10,642,1198,Eastern Standard Time,"ANGLE (Intel, Intel(R) Iris(R) Xe Graphics (0x00009A49) Direct3D11 vs_5_0 ps_5_0, D3D11)",0,17,10,1,128,1.22.33,0,Chrome 135,3,12,12,-1,0,119.56945,84.6307144,DEFAULT,1,N/A,2025-04-28T21:09:10.7220000Z,N/A,N/A
1282,2025-04-28T21:09:10.7220000Z,851710fe-0e1d-4a72-aedf-f34f032442c1,WPI6_r1745874r291842,Successful,0,Real,Windows 10,642,1198,Eastern Standard Time,"ANGLE (Intel, Intel(R) Iris(R) Xe Graphics (0x00009A49) Direct3D11 vs_5_0 ps_5_0, D3D11)",0,17,10,1,128,1.22.33,0,Chrome 135,3,29,29,-1,1,119.907219,90.61853,DEFAULT,1,N/A,2025-04-28T21:09:10.7220000Z,N/A,N/A
1283,2025-04-28T21:09:10.7220000Z,851710fe-0e1d-4a72-aedf-f34f032442c1,WPI6_r1745874r291842,Successful,0,Real,Windows 10,642,1198,Eastern Standard Time,"ANGLE (Intel, Intel(R) Iris(R) Xe Graphics (0x00009A49) Direct3D11 vs_5_0 ps_5_0, D3D11)",0,17,10,1,128,1.22.33,0,Chrome 135,3,2,2,-1,2,120.221016,73.9857254,DEFAULT,1,N/A,2025-04-28T21:09:10.7220000Z,N/A,N/A
1284,2025-04-28T21:09:10.7220000Z,851710fe-0e1d-4a72-aedf-f34f032442c1,WPI6_r1745874r291842,Successful,0,Real,Windows 10,642,1198,Eastern Standard Time,"ANGLE (Intel, Intel(R) Iris(R) Xe Graphics (0x00009A49) Direct3D11 vs_5_0 ps_5_0, D3D11)",0,17,10,1,128,1.22.33,0,Chrome 135,3,35,35,-1,3,119.861839,78.74411,DEFAULT,1,N/A,2025-04-28T21:09:10.7220000Z,N/A,N/A
1285,2025-04-28T21:09:10.7220000Z,851710fe-0e1d-4a72-aedf-f34f032442c1,WPI6_r1745874r291842,Successful,0,Real,Windows 10,642,1198,Eastern Standard Time,"ANGLE (Intel, Intel(R) Iris(R) Xe Graphics (0x00009A49) Direct3D11 vs_5_0 ps_5_0, D3D11)",0,17,10,1,128,1.22.33,0,Chrome 135,3,3,3,-1,4,120.257431,64.8279343,DEFAULT,1,N/A,2025-04-28T21:09:10.7220000Z,N/A,N/A
1286,2025-04-28T21:09:10.7220000Z,851710fe-0e1d-4a72-aedf-f34f032442c1,WPI6_r1745874r291842,Successful,0,Real,Windows 10,642,1198,Eastern Standard Time,"ANGLE (Intel, Intel(R) Iris(R) Xe Graphics (0x00009A49) Direct3D11 vs_5_0 ps_5_0, D3D11)",0,17,10,1,128,1.22.33,0,Chrome 135,3,-1,-1,-1,5,120.433,61.7439537,DEFAULT,1,N/A,2025-04-28T21:09:10.7220000Z,N/A,N/A
1287,2025-04-28T21:09:10.7220000Z,851710fe-0e1d-4a72-aedf-f34f032442c1,WPI6_r1745874r291842,Successful,0,Real,Windows 10,642,1198,Eastern Standard Time,"ANGLE (Intel, Intel(R) Iris(R) Xe Graphics (0x00009A49) Direct3D11 vs_5_0 ps_5_0, D3D11)",0,17,10,1,128,1.22.33,0,Chrome 135,3,7,7,-1,6,120.214233,93.62999,DEFAULT,1,N/A,2025-04-28T21:09:10.7220000Z,N/A,N/A
1288,2025-04-28T22:40:27.1320000Z,851710fe-0e1d-4a72-aedf-f34f032442c1,WPI6_174587y97937z96,Successful,0,Real,Windows 10,1199,1797,Eastern Standard Time,"ANGLE (Intel, Intel(R) Iris(R) Xe Graphics (0x000046A6) Direct3D11 vs_5_0 ps_5_0, D3D11)",0,17,10,1,128,1.22.33,0,Chrome 135,3,12,12,-1,0,120.645058,79.4323959,DEFAULT,1,N/A,2025-04-28T22:40:27.1320000Z,N/A,N/A
1289,2025-04-28T22:40:27.1320000Z,851710fe-0e1d-4a72-aedf-f34f032442c1,WPI6_174587y97937z96,Successful,0,Real,Windows 10,1199,1797,Eastern Standard Time,"ANGLE (Intel, Intel(R) Iris(R) Xe Graphics (0x000046A6) Direct3D11 vs_5_0 ps_5_0, D3D11)",0,17,10,1,128,1.22.33,0,Chrome 135,3,-1,-1,-1,1,120.696213,74.8852539,DEFAULT,1,N/A,2025-04-28T22:40:27.1320000Z,N/A,N/A
1290,2025-04-28T22:40:27.1320000Z,851710fe-0e1d-4a72-aedf-f34f032442c1,WPI6_174587y97937z96,Successful,0,Real,Windows 10,1199,1797,Eastern Standard Time,"ANGLE (Intel, Intel(R) Iris(R) Xe Graphics (0x000046A6) Direct3D11 vs_5_0 ps_5_0, D3D11)",0,17,10,1,128,1.22.33,0,Chrome 135,3,6,6,-1,2,118.983749,112.095589,DEFAULT,1,N/A,2025-04-28T22:40:27.1320000Z,N/A,N/A
1291,2025-04-28T22:40:27.1320000Z,851710fe-0e1d-4a72-aedf-f34f032442c1,WPI6_174587y97937z96,Successful,0,Real,Windows 10,1199,1797,Eastern Standard Time,"ANGLE (Intel, Intel(R) Iris(R) Xe Graphics (0x000046A6) Direct3D11 vs_5_0 ps_5_0, D3D11)",0,17,10,1,128,1.22.33,0,Chrome 135,3,7,7,-1,3,121.161552,61.5299721,DEFAULT,1,N/A,2025-04-28T22:40:27.1320000Z,N/A,N/A
1292,2025-04-28T22:40:27.1320000Z,851710fe-0e1d-4a72-aedf-f34f032442c1,WPI6_174587y97937z96,Successful,0,Real,Windows 10,1199,1797,Eastern Standard Time,"ANGLE (Intel, Intel(R) Iris(R) Xe Graphics (0x000046A6) Direct3D11 vs_5_0 ps_5_0, D3D11)",0,17,10,1,128,1.22.33,0,Chrome 135,3,57,57,-1,4,119.758141,72.25116,DEFAULT,1,N/A,2025-04-28T22:40:27.1320000Z,N/A,N/A
1293,2025-04-28T22:40:27.1320000Z,851710fe-0e1d-4a72-aedf-f34f032442c1,WPI6_174587y97937z96,Successful,0,Real,Windows 10,1199,1797,Eastern Standard Time,"ANGLE (Intel, Intel(R) Iris(R) Xe Graphics (0x000046A6) Direct3D11 vs_5_0 ps_5_0, D3D11)",0,17,10,1,128,1.22.33,0,Chrome 135,3,74,74,-1,5,119.211189,102.031815,DEFAULT,1,N/A,2025-04-28T22:40:27.1320000Z,N/A,N/A
1294,2025-04-28T22:40:27.1320000Z,851710fe-0e1d-4a72-aedf-f34f032442c1,WPI6_174587y97937z96,Successful,0,Real,Windows 10,1199,1797,Eastern Standard Time,"ANGLE (Intel, Intel(R) Iris(R) Xe Graphics (0x000046A6) Direct3D11 vs_5_0 ps_5_0, D3D11)",0,17,10,1,128,1.22.33,0,Chrome 135,3,42,42,-1,6,119.767853,86.44096,DEFAULT,1,N/A,2025-04-28T22:40:27.1320000Z,N/A,N/A
1295,2025-04-29T20:25:02.7450000Z,851710fe-0e1d-4a72-aedf-f34f032442c1,WPI6_o174595i8080779,Successful,0,Real,Windows 10,827,1797,Eastern Standard Time,"ANGLE (AMD, AMD Radeon(TM) Graphics (0x00001636) Direct3D11 vs_5_0 ps_5_0, D3D11)",0,17,10,1,128,1.22.33,0,Chrome 135,3,12,12,-1,0,119.325226,56.70979,DEFAULT,1,N/A,2025-04-29T20:25:02.7450000Z,N/A,N/A
1296,2025-04-29T20:25:02.7450000Z,851710fe-0e1d-4a72-aedf-f34f032442c1,WPI6_o174595i8080779,Successful,0,Real,Windows 10,827,1797,Eastern Standard Time,"ANGLE (AMD, AMD Radeon(TM) Graphics (0x00001636) Direct3D11 vs_5_0 ps_5_0, D3D11)",0,17,10,1,128,1.22.33,0,Chrome 135,3,35,35,-1,1,120.028206,21.5820351,DEFAULT,1,N/A,2025-04-29T20:25:02.7450000Z,N/A,N/A
1297,2025-04-29T20:25:02.7450000Z,851710fe-0e1d-4a72-aedf-f34f032442c1,WPI6_o174595i8080779,Successful,0,Real,Windows 10,827,1797,Eastern Standard Time,"ANGLE (AMD, AMD Radeon(TM) Graphics (0x00001636) Direct3D11 vs_5_0 ps_5_0, D3D11)",0,17,10,1,128,1.22.33,0,Chrome 135,3,7,7,-1,2,119.662636,26.6633472,DEFAULT,1,N/A,2025-04-29T20:25:02.7450000Z,N/A,N/A
1298,2025-04-29T20:25:02.7450000Z,851710fe-0e1d-4a72-aedf-f34f032442c1,WPI6_o174595i8080779,Successful,0,Real,Windows 10,827,1797,Eastern Standard Time,"ANGLE (AMD, AMD Radeon(TM) Graphics (0x00001636) Direct3D11 vs_5_0 ps_5_0, D3D11)",0,17,10,1,128,1.22.33,0,Chrome 135,3,-1,-1,-1,3,119.670326,39.3297577,DEFAULT,1,N/A,2025-04-29T20:25:02.7450000Z,N/A,N/A
1299,2025-04-29T20:25:02.7450000Z,851710fe-0e1d-4a72-aedf-f34f032442c1,WPI6_o174595i8080779,Successful,0,Real,Windows 10,827,1797,Eastern Standard Time,"ANGLE (AMD, AMD Radeon(TM) Graphics (0x00001636) Direct3D11 vs_5_0 ps_5_0, D3D11)",0,17,10,1,128,1.22.33,0,Chrome 135,3,2,2,-1,4,118.93045,69.5346451,DEFAULT,1,N/A,2025-04-29T20:25:02.7450000Z,N/A,N/A
1300,2025-04-29T20:25:02.7450000Z,851710fe-0e1d-4a72-aedf-f34f032442c1,WPI6_o174595i8080779,Successful,0,Real,Windows 10,827,1797,Eastern Standard Time,"ANGLE (AMD, AMD Radeon(TM) Graphics (0x00001636) Direct3D11 vs_5_0 ps_5_0, D3D11)",0,17,10,1,128,1.22.33,0,Chrome 135,3,29,29,-1,5,119.541985,29.87518,DEFAULT,1,N/A,2025-04-29T20:25:02.7450000Z,N/A,N/A
1301,2025-04-29T20:25:02.7450000Z,851710fe-0e1d-4a72-aedf-f34f032442c1,WPI6_o174595i8080779,Successful,0,Real,Windows 10,827,1797,Eastern Standard Time,"ANGLE (AMD, AMD Radeon(TM) Graphics (0x00001636) Direct3D11 vs_5_0 ps_5_0, D3D11)",0,17,10,1,128,1.22.33,0,Chrome 135,3,3,3,-1,6,118.309532,91.5165,DEFAULT,1,N/A,2025-04-29T20:25:02.7450000Z,N/A,N/A
1302,2025-04-30T01:43:43.8490000Z,851710fe-0e1d-4a72-aedf-f34f032442c1,WPI6_174u597718963b7,Successful,0,Real,Windows 10,1845,2995,Eastern Standard Time,"ANGLE (Intel, Intel(R) Iris(R) Xe Graphics (0x0000A7A0) Direct3D11 vs_5_0 ps_5_0, D3D11)",0,17,10,1,128,1.22.33,0,Chrome 135,3,12,12,-1,0,73.81379,370.892517,DEFAULT,1,N/A,2025-04-30T01:43:43.8490000Z,N/A,N/A
1303,2025-04-30T01:43:43.8490000Z,851710fe-0e1d-4a72-aedf-f34f032442c1,WPI6_174u597718963b7,Successful,0,Real,Windows 10,1845,2995,Eastern Standard Time,"ANGLE (Intel, Intel(R) Iris(R) Xe Graphics (0x0000A7A0) Direct3D11 vs_5_0 ps_5_0, D3D11)",0,17,10,1,128,1.22.33,0,Chrome 135,3,42,42,-1,1,73.29716,332.005554,DEFAULT,1,N/A,2025-04-30T01:43:43.8490000Z,N/A,N/A
1304,2025-04-30T01:43:43.8490000Z,851710fe-0e1d-4a72-aedf-f34f032442c1,WPI6_174u597718963b7,Successful,0,Real,Windows 10,1845,2995,Eastern Standard Time,"ANGLE (Intel, Intel(R) Iris(R) Xe Graphics (0x0000A7A0) Direct3D11 vs_5_0 ps_5_0, D3D11)",0,17,10,1,128,1.22.33,0,Chrome 135,3,-1,-1,-1,2,67.15263,236.302017,DEFAULT,1,N/A,2025-04-30T01:43:43.8490000Z,N/A,N/A
1305,2025-04-30T01:43:43.8490000Z,851710fe-0e1d-4a72-aedf-f34f032442c1,WPI6_174u597718963b7,Successful,0,Real,Windows 10,1845,2995,Eastern Standard Time,"ANGLE (Intel, Intel(R) Iris(R) Xe Graphics (0x0000A7A0) Direct3D11 vs_5_0 ps_5_0, D3D11)",0,17,10,1,128,1.22.33,0,Chrome 135,3,5,5,-1,3,66.6983261,165.825958,DEFAULT,1,N/A,2025-04-30T01:43:43.8490000Z,N/A,N/A
1306,2025-04-30T01:43:43.8490000Z,851710fe-0e1d-4a72-aedf-f34f032442c1,WPI6_174u597718963b7,Successful,0,Real,Windows 10,1845,2995,Eastern Standard Time,"ANGLE (Intel, Intel(R) Iris(R) Xe Graphics (0x0000A7A0) Direct3D11 vs_5_0 ps_5_0, D3D11)",0,17,10,1,128,1.22.33,0,Chrome 135,3,15,15,-1,4,67.9588547,233.227753,DEFAULT,1,N/A,2025-04-30T01:43:43.8490000Z,N/A,N/A
1307,2025-04-30T01:43:43.8490000Z,851710fe-0e1d-4a72-aedf-f34f032442c1,WPI6_174u597718963b7,Successful,0,Real,Windows 10,1845,2995,Eastern Standard Time,"ANGLE (Intel, Intel(R) Iris(R) Xe Graphics (0x0000A7A0) Direct3D11 vs_5_0 ps_5_0, D3D11)",0,17,10,1,128,1.22.33,0,Chrome 135,3,57,57,-1,5,71.09328,384.317139,DEFAULT,1,N/A,2025-04-30T01:43:43.8490000Z,N/A,N/A
1308,2025-04-30T01:43:43.8490000Z,851710fe-0e1d-4a72-aedf-f34f032442c1,WPI6_174u597718963b7,Successful,0,Real,Windows 10,1845,2995,Eastern Standard Time,"ANGLE (Intel, Intel(R) Iris(R) Xe Graphics (0x0000A7A0) Direct3D11 vs_5_0 ps_5_0, D3D11)",0,17,10,1,128,1.22.33,0,Chrome 135,3,45,45,-1,6,67.68822,261.4215,DEFAULT,1,N/A,2025-04-30T01:43:43.8490000Z,N/A,N/A
1309,2025-04-30T01:57:24.8770000Z,851710fe-0e1d-4a72-aedf-f34f032442c1,WPI6_17z4x5977989754,Successful,0,Real,Windows 10,999,1498,Eastern Standard Time,"ANGLE (Intel, Intel(R) Graphics (0x00007D45) Direct3D11 vs_5_0 ps_5_0, D3D11)",0,17,10,1,128,1.22.33,0,Chrome 135,3,12,12,-1,0,91.3872147,638.771,DEFAULT,1,N/A,2025-04-30T01:57:24.8770000Z,N/A,N/A
1310,2025-04-30T01:57:24.8770000Z,851710fe-0e1d-4a72-aedf-f34f032442c1,WPI6_17z4x5977989754,Successful,0,Real,Windows 10,999,1498,Eastern Standard Time,"ANGLE (Intel, Intel(R) Graphics (0x00007D45) Direct3D11 vs_5_0 ps_5_0, D3D11)",0,17,10,1,128,1.22.33,0,Chrome 135,3,73,73,-1,1,96.01263,625.937439,DEFAULT,1,N/A,2025-04-30T01:57:24.8770000Z,N/A,N/A
1311,2025-04-30T01:57:24.8770000Z,851710fe-0e1d-4a72-aedf-f34f032442c1,WPI6_17z4x5977989754,Successful,0,Real,Windows 10,999,1498,Eastern Standard Time,"ANGLE (Intel, Intel(R) Graphics (0x00007D45) Direct3D11 vs_5_0 ps_5_0, D3D11)",0,17,10,1,128,1.22.33,0,Chrome 135,3,26,26,-1,2,91.21121,637.566,DEFAULT,1,N/A,2025-04-30T01:57:24.8770000Z,N/A,N/A
1312,2025-04-30T01:57:24.8770000Z,851710fe-0e1d-4a72-aedf-f34f032442c1,WPI6_17z4x5977989754,Successful,0,Real,Windows 10,999,1498,Eastern Standard Time,"ANGLE (Intel, Intel(R) Graphics (0x00007D45) Direct3D11 vs_5_0 ps_5_0, D3D11)",0,17,10,1,128,1.22.33,0,Chrome 135,3,-1,-1,-1,3,94.47801,605.688,DEFAULT,1,N/A,2025-04-30T01:57:24.8770000Z,N/A,N/A
1313,2025-04-30T01:57:24.8770000Z,851710fe-0e1d-4a72-aedf-f34f032442c1,WPI6_17z4x5977989754,Successful,0,Real,Windows 10,999,1498,Eastern Standard Time,"ANGLE (Intel, Intel(R) Graphics (0x00007D45) Direct3D11 vs_5_0 ps_5_0, D3D11)",0,17,10,1,128,1.22.33,0,Chrome 135,3,15,15,-1,4,93.43417,558.0188,DEFAULT,1,N/A,2025-04-30T01:57:24.8770000Z,N/A,N/A
1314,2025-04-30T01:57:24.8770000Z,851710fe-0e1d-4a72-aedf-f34f032442c1,WPI6_17z4x5977989754,Successful,0,Real,Windows 10,999,1498,Eastern Standard Time,"ANGLE (Intel, Intel(R) Graphics (0x00007D45) Direct3D11 vs_5_0 ps_5_0, D3D11)",0,17,10,1,128,1.22.33,0,Chrome 135,3,97,97,-1,5,94.8351746,652.2205,DEFAULT,1,N/A,2025-04-30T01:57:24.8770000Z,N/A,N/A
1315,2025-04-30T01:57:24.8770000Z,851710fe-0e1d-4a72-aedf-f34f032442c1,WPI6_17z4x5977989754,Successful,0,Real,Windows 10,999,1498,Eastern Standard Time,"ANGLE (Intel, Intel(R) Graphics (0x00007D45) Direct3D11 vs_5_0 ps_5_0, D3D11)",0,17,10,1,128,1.22.33,0,Chrome 135,3,8,8,-1,6,90.04604,616.1088,DEFAULT,1,N/A,2025-04-30T01:57:24.8770000Z,N/A,N/A
1316,2025-04-30T17:02:39.9570000Z,851710fe-0e1d-4a72-aedf-f34f032442c1,WPI6_174h603234f8724,Successful,0,Real,Windows 10,913,1498,Eastern Standard Time,"ANGLE (AMD, AMD Radeon (TM) Graphics (0x000015E7) Direct3D11 vs_5_0 ps_5_0, D3D11)",0,17,10,1,128,1.22.33,0,Chrome 135,3,12,12,-1,0,114.792564,353.9987,DEFAULT,1,N/A,2025-04-30T17:02:39.9570000Z,N/A,N/A
1317,2025-04-30T17:02:39.9570000Z,851710fe-0e1d-4a72-aedf-f34f032442c1,WPI6_174h603234f8724,Successful,0,Real,Windows 10,913,1498,Eastern Standard Time,"ANGLE (AMD, AMD Radeon (TM) Graphics (0x000015E7) Direct3D11 vs_5_0 ps_5_0, D3D11)",0,17,10,1,128,1.22.33,0,Chrome 135,3,5,5,-1,1,120.449852,121.847321,DEFAULT,1,N/A,2025-04-30T17:02:39.9570000Z,N/A,N/A
1318,2025-04-30T17:02:39.9570000Z,851710fe-0e1d-4a72-aedf-f34f032442c1,WPI6_174h603234f8724,Successful,0,Real,Windows 10,913,1498,Eastern Standard Time,"ANGLE (AMD, AMD Radeon (TM) Graphics (0x000015E7) Direct3D11 vs_5_0 ps_5_0, D3D11)",0,17,10,1,128,1.22.33,0,Chrome 135,3,-1,-1,-1,2,114.546509,342.410217,DEFAULT,1,N/A,2025-04-30T17:02:39.9570000Z,N/A,N/A
1319,2025-04-30T17:02:39.9570000Z,851710fe-0e1d-4a72-aedf-f34f032442c1,WPI6_174h603234f8724,Successful,0,Real,Windows 10,913,1498,Eastern Standard Time,"ANGLE (AMD, AMD Radeon (TM) Graphics (0x000015E7) Direct3D11 vs_5_0 ps_5_0, D3D11)",0,17,10,1,128,1.22.33,0,Chrome 135,3,45,45,-1,3,120.794304,66.27009,DEFAULT,1,N/A,2025-04-30T17:02:39.9570000Z,N/A,N/A
1320,2025-04-30T17:02:39.9570000Z,851710fe-0e1d-4a72-aedf-f34f032442c1,WPI6_174h603234f8724,Successful,0,Real,Windows 10,913,1498,Eastern Standard Time,"ANGLE (AMD, AMD Radeon (TM) Graphics (0x000015E7) Direct3D11 vs_5_0 ps_5_0, D3D11)",0,17,10,1,128,1.22.33,0,Chrome 135,3,7,7,-1,4,120.80069,130.2799,DEFAULT,1,N/A,2025-04-30T17:02:39.9570000Z,N/A,N/A
1321,2025-04-30T17:02:39.9570000Z,851710fe-0e1d-4a72-aedf-f34f032442c1,WPI6_174h603234f8724,Successful,0,Real,Windows 10,913,1498,Eastern Standard Time,"ANGLE (AMD, AMD Radeon (TM) Graphics (0x000015E7) Direct3D11 vs_5_0 ps_5_0, D3D11)",0,17,10,1,128,1.22.33,0,Chrome 135,3,29,29,-1,5,108.114456,580.413635,DEFAULT,1,N/A,2025-04-30T17:02:39.9570000Z,N/A,N/A
1322,2025-04-30T17:02:39.9570000Z,851710fe-0e1d-4a72-aedf-f34f032442c1,WPI6_174h603234f8724,Successful,0,Real,Windows 10,913,1498,Eastern Standard Time,"ANGLE (AMD, AMD Radeon (TM) Graphics (0x000015E7) Direct3D11 vs_5_0 ps_5_0, D3D11)",0,17,10,1,128,1.22.33,0,Chrome 135,3,26,26,-1,6,111.254951,410.769379,DEFAULT,1,N/A,2025-04-30T17:02:39.9570000Z,N/A,N/A
1323,2025-04-30T19:51:30.4380000Z,851710fe-0e1d-4a72-aedf-f34f032442c1,WPI6_j174x6042488777,Successful,0,Real,Windows 10,1199,1797,Eastern Standard Time,"ANGLE (Intel, Intel(R) UHD Graphics (0x0000A788) Direct3D11 vs_5_0 ps_5_0, D3D11)",0,17,10,1,128,1.22.33,0,Chrome 135,3,12,12,-1,0,121.59761,100.291748,DEFAULT,1,N/A,2025-04-30T19:51:30.4380000Z,N/A,N/A
1324,2025-04-30T19:51:30.4380000Z,851710fe-0e1d-4a72-aedf-f34f032442c1,WPI6_j174x6042488777,Successful,0,Real,Windows 10,1199,1797,Eastern Standard Time,"ANGLE (Intel, Intel(R) UHD Graphics (0x0000A788) Direct3D11 vs_5_0 ps_5_0, D3D11)",0,17,10,1,128,1.22.33,0,Chrome 135,3,45,45,-1,1,122.602295,64.85994,DEFAULT,1,N/A,2025-04-30T19:51:30.4380000Z,N/A,N/A
1325,2025-04-30T19:51:30.4380000Z,851710fe-0e1d-4a72-aedf-f34f032442c1,WPI6_j174x6042488777,Successful,0,Real,Windows 10,1199,1797,Eastern Standard Time,"ANGLE (Intel, Intel(R) UHD Graphics (0x0000A788) Direct3D11 vs_5_0 ps_5_0, D3D11)",0,17,10,1,128,1.22.33,0,Chrome 135,3,-1,-1,-1,2,122.560806,63.96521,DEFAULT,1,N/A,2025-04-30T19:51:30.4380000Z,N/A,N/A
1326,2025-04-30T19:51:30.4380000Z,851710fe-0e1d-4a72-aedf-f34f032442c1,WPI6_j174x6042488777,Successful,0,Real,Windows 10,1199,1797,Eastern Standard Time,"ANGLE (Intel, Intel(R) UHD Graphics (0x0000A788) Direct3D11 vs_5_0 ps_5_0, D3D11)",0,17,10,1,128,1.22.33,0,Chrome 135,3,73,73,-1,3,121.185219,81.7755051,DEFAULT,1,N/A,2025-04-30T19:51:30.4380000Z,N/A,N/A
1327,2025-04-30T19:51:30.4380000Z,851710fe-0e1d-4a72-aedf-f34f032442c1,WPI6_j174x6042488777,Successful,0,Real,Windows 10,1199,1797,Eastern Standard Time,"ANGLE (Intel, Intel(R) UHD Graphics (0x0000A788) Direct3D11 vs_5_0 ps_5_0, D3D11)",0,17,10,1,128,1.22.33,0,Chrome 135,3,26,26,-1,4,122.071106,73.37261,DEFAULT,1,N/A,2025-04-30T19:51:30.4380000Z,N/A,N/A
1328,2025-04-30T19:51:30.4380000Z,851710fe-0e1d-4a72-aedf-f34f032442c1,WPI6_j174x6042488777,Successful,0,Real,Windows 10,1199,1797,Eastern Standard Time,"ANGLE (Intel, Intel(R) UHD Graphics (0x0000A788) Direct3D11 vs_5_0 ps_5_0, D3D11)",0,17,10,1,128,1.22.33,0,Chrome 135,3,3,3,-1,5,122.376579,74.6285858,DEFAULT,1,N/A,2025-04-30T19:51:30.4380000Z,N/A,N/A
1329,2025-04-30T19:51:30.4380000Z,851710fe-0e1d-4a72-aedf-f34f032442c1,WPI6_j174x6042488777,Successful,0,Real,Windows 10,1199,1797,Eastern Standard Time,"ANGLE (Intel, Intel(R) UHD Graphics (0x0000A788) Direct3D11 vs_5_0 ps_5_0, D3D11)",0,17,10,1,128,1.22.33,0,Chrome 135,3,8,8,-1,6,122.804451,65.91539,DEFAULT,1,N/A,2025-04-30T19:51:30.4380000Z,N/A,N/A
1330,2025-04-30T21:11:18.7900000Z,851710fe-0e1d-4a72-aedf-f34f032442c1,WPI6_17460472ui18093,Successful,0,Real,Windows 10,999,1498,Eastern Standard Time,"ANGLE (Intel, Intel(R) UHD Graphics (0x0000A7A8) Direct3D11 vs_5_0 ps_5_0, D3D11)",0,17,10,1,128,1.22.33,0,Chrome 135,3,12,12,-1,0,110.929543,151.614822,DEFAULT,1,N/A,2025-04-30T21:11:18.7900000Z,N/A,N/A
1331,2025-04-30T21:11:18.7900000Z,851710fe-0e1d-4a72-aedf-f34f032442c1,WPI6_17460472ui18093,Successful,0,Real,Windows 10,999,1498,Eastern Standard Time,"ANGLE (Intel, Intel(R) UHD Graphics (0x0000A7A8) Direct3D11 vs_5_0 ps_5_0, D3D11)",0,17,10,1,128,1.22.33,0,Chrome 135,3,-1,-1,-1,1,111.381096,184.719452,DEFAULT,1,N/A,2025-04-30T21:11:18.7900000Z,N/A,N/A
1332,2025-04-30T21:11:18.7900000Z,851710fe-0e1d-4a72-aedf-f34f032442c1,WPI6_17460472ui18093,Successful,0,Real,Windows 10,999,1498,Eastern Standard Time,"ANGLE (Intel, Intel(R) UHD Graphics (0x0000A7A8) Direct3D11 vs_5_0 ps_5_0, D3D11)",0,17,10,1,128,1.22.33,0,Chrome 135,3,42,42,-1,2,113.790855,139.757309,DEFAULT,1,N/A,2025-04-30T21:11:18.7900000Z,N/A,N/A
1333,2025-04-30T21:11:18.7900000Z,851710fe-0e1d-4a72-aedf-f34f032442c1,WPI6_17460472ui18093,Successful,0,Real,Windows 10,999,1498,Eastern Standard Time,"ANGLE (Intel, Intel(R) UHD Graphics (0x0000A7A8) Direct3D11 vs_5_0 ps_5_0, D3D11)",0,17,10,1,128,1.22.33,0,Chrome 135,3,7,7,-1,3,110.619446,189.5191,DEFAULT,1,N/A,2025-04-30T21:11:18.7900000Z,N/A,N/A
1334,2025-04-30T21:11:18.7900000Z,851710fe-0e1d-4a72-aedf-f34f032442c1,WPI6_17460472ui18093,Successful,0,Real,Windows 10,999,1498,Eastern Standard Time,"ANGLE (Intel, Intel(R) UHD Graphics (0x0000A7A8) Direct3D11 vs_5_0 ps_5_0, D3D11)",0,17,10,1,128,1.22.33,0,Chrome 135,3,3,3,-1,4,109.0705,294.402435,DEFAULT,1,N/A,2025-04-30T21:11:18.7900000Z,N/A,N/A
1335,2025-04-30T21:11:18.7900000Z,851710fe-0e1d-4a72-aedf-f34f032442c1,WPI6_17460472ui18093,Successful,0,Real,Windows 10,999,1498,Eastern Standard Time,"ANGLE (Intel, Intel(R) UHD Graphics (0x0000A7A8) Direct3D11 vs_5_0 ps_5_0, D3D11)",0,17,10,1,128,1.22.33,0,Chrome 135,3,8,8,-1,5,110.773331,195.748108,DEFAULT,1,N/A,2025-04-30T21:11:18.7900000Z,N/A,N/A
1336,2025-04-30T21:11:18.7900000Z,851710fe-0e1d-4a72-aedf-f34f032442c1,WPI6_17460472ui18093,Successful,0,Real,Windows 10,999,1498,Eastern Standard Time,"ANGLE (Intel, Intel(R) UHD Graphics (0x0000A7A8) Direct3D11 vs_5_0 ps_5_0, D3D11)",0,17,10,1,128,1.22.33,0,Chrome 135,3,6,6,-1,6,108.138138,221.962433,DEFAULT,1,N/A,2025-04-30T21:11:18.7900000Z,N/A,N/A
1337,2025-04-30T23:48:14.8060000Z,851710fe-0e1d-4a72-aedf-f34f032442c1,WPI6_17460iz56592744,Successful,0,Real,Mac OS X 10_15_7,1428,2396,Eastern Standard Time,"ANGLE (Apple, ANGLE Metal Renderer: Apple M1, Unspecified Version)",0,17,10,1,128,1.22.33,0,Chrome 131,3,12,12,-1,0,120.084465,41.790657,DEFAULT,1,N/A,2025-04-30T23:48:14.8060000Z,N/A,N/A
1338,2025-04-30T23:48:14.8060000Z,851710fe-0e1d-4a72-aedf-f34f032442c1,WPI6_17460iz56592744,Successful,0,Real,Mac OS X 10_15_7,1428,2396,Eastern Standard Time,"ANGLE (Apple, ANGLE Metal Renderer: Apple M1, Unspecified Version)",0,17,10,1,128,1.22.33,0,Chrome 131,3,-1,98,-1,1,120.357239,46.1387672,DEFAULT,0,N/A,2025-04-30T23:48:14.8060000Z,N/A,N/A
1339,2025-04-30T23:48:14.8060000Z,851710fe-0e1d-4a72-aedf-f34f032442c1,WPI6_17460iz56592744,Successful,0,Real,Mac OS X 10_15_7,1428,2396,Eastern Standard Time,"ANGLE (Apple, ANGLE Metal Renderer: Apple M1, Unspecified Version)",0,17,10,1,128,1.22.33,0,Chrome 131,3,57,57,-1,2,120.341339,48.95179,DEFAULT,1,N/A,2025-04-30T23:48:14.8060000Z,N/A,N/A
1340,2025-04-30T23:48:14.8060000Z,851710fe-0e1d-4a72-aedf-f34f032442c1,WPI6_17460iz56592744,Successful,0,Real,Mac OS X 10_15_7,1428,2396,Eastern Standard Time,"ANGLE (Apple, ANGLE Metal Renderer: Apple M1, Unspecified Version)",0,17,10,1,128,1.22.33,0,Chrome 131,3,26,26,-1,3,120.701248,46.0063858,DEFAULT,1,N/A,2025-04-30T23:48:14.8060000Z,N/A,N/A
1341,2025-04-30T23:48:14.8060000Z,851710fe-0e1d-4a72-aedf-f34f032442c1,WPI6_17460iz56592744,Successful,0,Real,Mac OS X 10_15_7,1428,2396,Eastern Standard Time,"ANGLE (Apple, ANGLE Metal Renderer: Apple M1, Unspecified Version)",0,17,10,1,128,1.22.33,0,Chrome 131,3,6,6,-1,4,120.336365,42.2500038,DEFAULT,1,N/A,2025-04-30T23:48:14.8060000Z,N/A,N/A
1342,2025-04-30T23:48:14.8060000Z,851710fe-0e1d-4a72-aedf-f34f032442c1,WPI6_17460iz56592744,Successful,0,Real,Mac OS X 10_15_7,1428,2396,Eastern Standard Time,"ANGLE (Apple, ANGLE Metal Renderer: Apple M1, Unspecified Version)",0,17,10,1,128,1.22.33,0,Chrome 131,3,15,15,-1,5,120.064522,45.3140564,DEFAULT,1,N/A,2025-04-30T23:48:14.8060000Z,N/A,N/A
1343,2025-04-30T23:48:14.8060000Z,851710fe-0e1d-4a72-aedf-f34f032442c1,WPI6_17460iz56592744,Successful,0,Real,Mac OS X 10_15_7,1428,2396,Eastern Standard Time,"ANGLE (Apple, ANGLE Metal Renderer: Apple M1, Unspecified Version)",0,17,10,1,128,1.22.33,0,Chrome 131,3,16,16,-1,6,120.356949,44.4511681,DEFAULT,1,N/A,2025-04-30T23:48:14.8060000Z,N/A,N/A
1344,2025-05-01T01:35:10.1310000Z,851710fe-0e1d-4a72-aedf-f34f032442c1,WPI6_17q46y062910766,Successful,0,Real,Mac OS X 10_15_7,1598,2396,Eastern Standard Time,Apple GPU,0,17,10,1,128,1.22.33,0,Safari 18.3,3,12,12,-1,0,119.264908,114.312355,DEFAULT,1,N/A,2025-05-01T01:35:10.1310000Z,N/A,N/A
1345,2025-05-01T01:35:10.1310000Z,851710fe-0e1d-4a72-aedf-f34f032442c1,WPI6_17q46y062910766,Successful,0,Real,Mac OS X 10_15_7,1598,2396,Eastern Standard Time,Apple GPU,0,17,10,1,128,1.22.33,0,Safari 18.3,3,29,29,-1,1,119.115051,129.522171,DEFAULT,1,N/A,2025-05-01T01:35:10.1310000Z,N/A,N/A
1346,2025-05-01T01:35:10.1310000Z,851710fe-0e1d-4a72-aedf-f34f032442c1,WPI6_17q46y062910766,Successful,0,Real,Mac OS X 10_15_7,1598,2396,Eastern Standard Time,Apple GPU,0,17,10,1,128,1.22.33,0,Safari 18.3,3,2,2,-1,2,119.496788,89.05346,DEFAULT,1,N/A,2025-05-01T01:35:10.1310000Z,N/A,N/A
1347,2025-05-01T01:35:10.1310000Z,851710fe-0e1d-4a72-aedf-f34f032442c1,WPI6_17q46y062910766,Successful,0,Real,Mac OS X 10_15_7,1598,2396,Eastern Standard Time,Apple GPU,0,17,10,1,128,1.22.33,0,Safari 18.3,3,-1,-1,-1,3,118.929626,93.92371,DEFAULT,1,N/A,2025-05-01T01:35:10.1310000Z,N/A,N/A
1348,2025-05-01T01:35:10.1310000Z,851710fe-0e1d-4a72-aedf-f34f032442c1,WPI6_17q46y062910766,Successful,0,Real,Mac OS X 10_15_7,1598,2396,Eastern Standard Time,Apple GPU,0,17,10,1,128,1.22.33,0,Safari 18.3,3,74,74,-1,4,119.280167,107.188194,DEFAULT,1,N/A,2025-05-01T01:35:10.1310000Z,N/A,N/A
1349,2025-05-01T01:35:10.1310000Z,851710fe-0e1d-4a72-aedf-f34f032442c1,WPI6_17q46y062910766,Successful,0,Real,Mac OS X 10_15_7,1598,2396,Eastern Standard Time,Apple GPU,0,17,10,1,128,1.22.33,0,Safari 18.3,3,26,26,-1,5,119.342781,103.758308,DEFAULT,1,N/A,2025-05-01T01:35:10.1310000Z,N/A,N/A
1350,2025-05-01T01:35:10.1310000Z,851710fe-0e1d-4a72-aedf-f34f032442c1,WPI6_17q46y062910766,Successful,0,Real,Mac OS X 10_15_7,1598,2396,Eastern Standard Time,Apple GPU,0,17,10,1,128,1.22.33,0,Safari 18.3,3,16,16,-1,6,118.8577,97.81206,DEFAULT,1,N/A,2025-05-01T01:35:10.1310000Z,N/A,N/A
1351,2025-05-01T03:31:36.7000000Z,851710fe-0e1d-4a72-aedf-f34f032442c1,WPI6_1q74607011s2595,Successful,0,Real,Windows 10,1080,1797,Eastern Standard Time,"ANGLE (Intel, Intel(R) Iris(R) Xe Graphics (0x000046A8) Direct3D11 vs_5_0 ps_5_0, D3D11)",0,17,10,1,128,1.22.33,0,Chrome 135,3,12,12,-1,0,52.2020836,91.6926651,DEFAULT,1,N/A,2025-05-01T03:31:36.7000000Z,N/A,N/A
1352,2025-05-01T03:31:36.7000000Z,851710fe-0e1d-4a72-aedf-f34f032442c1,WPI6_1q74607011s2595,Successful,0,Real,Windows 10,1080,1797,Eastern Standard Time,"ANGLE (Intel, Intel(R) Iris(R) Xe Graphics (0x000046A8) Direct3D11 vs_5_0 ps_5_0, D3D11)",0,17,10,1,128,1.22.33,0,Chrome 135,3,57,57,-1,1,38.89321,25.5024338,DEFAULT,1,N/A,2025-05-01T03:31:36.7000000Z,N/A,N/A
1353,2025-05-01T03:31:36.7000000Z,851710fe-0e1d-4a72-aedf-f34f032442c1,WPI6_1q74607011s2595,Successful,0,Real,Windows 10,1080,1797,Eastern Standard Time,"ANGLE (Intel, Intel(R) Iris(R) Xe Graphics (0x000046A8) Direct3D11 vs_5_0 ps_5_0, D3D11)",0,17,10,1,128,1.22.33,0,Chrome 135,3,96,96,-1,2,13.5759468,161.833084,DEFAULT,1,N/A,2025-05-01T03:31:36.7000000Z,N/A,N/A
1354,2025-05-01T03:31:36.7000000Z,851710fe-0e1d-4a72-aedf-f34f032442c1,WPI6_1q74607011s2595,Successful,0,Real,Windows 10,1080,1797,Eastern Standard Time,"ANGLE (Intel, Intel(R) Iris(R) Xe Graphics (0x000046A8) Direct3D11 vs_5_0 ps_5_0, D3D11)",0,17,10,1,128,1.22.33,0,Chrome 135,3,97,97,-1,3,15.3866949,126.450058,DEFAULT,1,N/A,2025-05-01T03:31:36.7000000Z,N/A,N/A
1355,2025-05-01T03:31:36.7000000Z,851710fe-0e1d-4a72-aedf-f34f032442c1,WPI6_1q74607011s2595,Successful,0,Real,Windows 10,1080,1797,Eastern Standard Time,"ANGLE (Intel, Intel(R) Iris(R) Xe Graphics (0x000046A8) Direct3D11 vs_5_0 ps_5_0, D3D11)",0,17,10,1,128,1.22.33,0,Chrome 135,3,-1,-1,-1,4,16.9743786,105.245773,DEFAULT,1,N/A,2025-05-01T03:31:36.7000000Z,N/A,N/A
1356,2025-05-01T03:31:36.7000000Z,851710fe-0e1d-4a72-aedf-f34f032442c1,WPI6_1q74607011s2595,Successful,0,Real,Windows 10,1080,1797,Eastern Standard Time,"ANGLE (Intel, Intel(R) Iris(R) Xe Graphics (0x000046A8) Direct3D11 vs_5_0 ps_5_0, D3D11)",0,17,10,1,128,1.22.33,0,Chrome 135,3,5,5,-1,5,11.2612009,87.3167,DEFAULT,1,N/A,2025-05-01T03:31:36.7000000Z,N/A,N/A
1357,2025-05-01T03:31:36.7000000Z,851710fe-0e1d-4a72-aedf-f34f032442c1,WPI6_1q74607011s2595,Successful,0,Real,Windows 10,1080,1797,Eastern Standard Time,"ANGLE (Intel, Intel(R) Iris(R) Xe Graphics (0x000046A8) Direct3D11 vs_5_0 ps_5_0, D3D11)",0,17,10,1,128,1.22.33,0,Chrome 135,3,7,7,-1,6,10.79647,81.03224,DEFAULT,1,N/A,2025-05-01T03:31:36.7000000Z,N/A,N/A
1358,2025-05-01T21:33:55.0070000Z,851710fe-0e1d-4a72-aedf-f34f032442c1,WPI6_w17461b34984811,Successful,0,Real,Windows 10,1758,2995,Eastern Standard Time,"ANGLE (Intel, Intel(R) HD Graphics 630 (0x0000591B) Direct3D11 vs_5_0 ps_5_0, D3D11)",0,17,10,1,128,1.22.33,0,Chrome 135,3,12,12,-1,0,45.1176758,330.3682,DEFAULT,1,N/A,2025-05-01T21:33:55.0070000Z,N/A,N/A
1359,2025-05-01T21:33:55.0070000Z,851710fe-0e1d-4a72-aedf-f34f032442c1,WPI6_w17461b34984811,Successful,0,Real,Windows 10,1758,2995,Eastern Standard Time,"ANGLE (Intel, Intel(R) HD Graphics 630 (0x0000591B) Direct3D11 vs_5_0 ps_5_0, D3D11)",0,17,10,1,128,1.22.33,0,Chrome 135,3,6,6,-1,1,43.81461,278.395447,DEFAULT,1,N/A,2025-05-01T21:33:55.0070000Z,N/A,N/A
1360,2025-05-01T21:33:55.0070000Z,851710fe-0e1d-4a72-aedf-f34f032442c1,WPI6_w17461b34984811,Successful,0,Real,Windows 10,1758,2995,Eastern Standard Time,"ANGLE (Intel, Intel(R) HD Graphics 630 (0x0000591B) Direct3D11 vs_5_0 ps_5_0, D3D11)",0,17,10,1,128,1.22.33,0,Chrome 135,3,5,5,-1,2,49.41224,428.4745,DEFAULT,1,N/A,2025-05-01T21:33:55.0070000Z,N/A,N/A
1361,2025-05-01T21:33:55.0070000Z,851710fe-0e1d-4a72-aedf-f34f032442c1,WPI6_w17461b34984811,Successful,0,Real,Windows 10,1758,2995,Eastern Standard Time,"ANGLE (Intel, Intel(R) HD Graphics 630 (0x0000591B) Direct3D11 vs_5_0 ps_5_0, D3D11)",0,17,10,1,128,1.22.33,0,Chrome 135,3,96,96,-1,3,47.56295,329.471924,DEFAULT,1,N/A,2025-05-01T21:33:55.0070000Z,N/A,N/A
1362,2025-05-01T21:33:55.0070000Z,851710fe-0e1d-4a72-aedf-f34f032442c1,WPI6_w17461b34984811,Successful,0,Real,Windows 10,1758,2995,Eastern Standard Time,"ANGLE (Intel, Intel(R) HD Graphics 630 (0x0000591B) Direct3D11 vs_5_0 ps_5_0, D3D11)",0,17,10,1,128,1.22.33,0,Chrome 135,3,2,2,-1,4,49.0549,500.6453,DEFAULT,1,N/A,2025-05-01T21:33:55.0070000Z,N/A,N/A
1363,2025-05-01T21:33:55.0070000Z,851710fe-0e1d-4a72-aedf-f34f032442c1,WPI6_w17461b34984811,Successful,0,Real,Windows 10,1758,2995,Eastern Standard Time,"ANGLE (Intel, Intel(R) HD Graphics 630 (0x0000591B) Direct3D11 vs_5_0 ps_5_0, D3D11)",0,17,10,1,128,1.22.33,0,Chrome 135,3,5,5,-1,5,49.5274773,429.1278,DEFAULT,1,N/A,2025-05-01T21:33:55.0070000Z,N/A,N/A
1364,2025-05-01T21:33:55.0070000Z,851710fe-0e1d-4a72-aedf-f34f032442c1,WPI6_w17461b34984811,Successful,0,Real,Windows 10,1758,2995,Eastern Standard Time,"ANGLE (Intel, Intel(R) HD Graphics 630 (0x0000591B) Direct3D11 vs_5_0 ps_5_0, D3D11)",0,17,10,1,128,1.22.33,0,Chrome 135,3,-1,-1,-1,6,48.7717056,409.606781,DEFAULT,1,N/A,2025-05-01T21:33:55.0070000Z,N/A,N/A
1365,2025-05-01T23:20:37.7460000Z,851710fe-0e1d-4a72-aedf-f34f032442c1,WPI6_17y46d141458189,Successful,0,Real,Mac OS X 10_15_7,1598,2396,Eastern Standard Time,"ANGLE (Apple, ANGLE Metal Renderer: Apple M3 Pro, Unspecified Version)",0,17,10,1,128,1.22.33,0,Chrome 134,3,12,12,-1,0,120.269325,52.0821152,DEFAULT,1,N/A,2025-05-01T23:20:37.7460000Z,N/A,N/A
1366,2025-05-01T23:20:37.7460000Z,851710fe-0e1d-4a72-aedf-f34f032442c1,WPI6_17y46d141458189,Successful,0,Real,Mac OS X 10_15_7,1598,2396,Eastern Standard Time,"ANGLE (Apple, ANGLE Metal Renderer: Apple M3 Pro, Unspecified Version)",0,17,10,1,128,1.22.33,0,Chrome 134,3,57,57,-1,1,119.7516,51.5236359,DEFAULT,1,N/A,2025-05-01T23:20:37.7460000Z,N/A,N/A
1367,2025-05-01T23:20:37.7460000Z,851710fe-0e1d-4a72-aedf-f34f032442c1,WPI6_17y46d141458189,Successful,0,Real,Mac OS X 10_15_7,1598,2396,Eastern Standard Time,"ANGLE (Apple, ANGLE Metal Renderer: Apple M3 Pro, Unspecified Version)",0,17,10,1,128,1.22.33,0,Chrome 134,3,7,7,-1,2,120.417137,50.7043381,DEFAULT,1,N/A,2025-05-01T23:20:37.7460000Z,N/A,N/A
1368,2025-05-01T23:20:37.7460000Z,851710fe-0e1d-4a72-aedf-f34f032442c1,WPI6_17y46d141458189,Successful,0,Real,Mac OS X 10_15_7,1598,2396,Eastern Standard Time,"ANGLE (Apple, ANGLE Metal Renderer: Apple M3 Pro, Unspecified Version)",0,17,10,1,128,1.22.33,0,Chrome 134,3,5,5,-1,3,120.373489,40.3531647,DEFAULT,1,N/A,2025-05-01T23:20:37.7460000Z,N/A,N/A
1369,2025-05-01T23:20:37.7460000Z,851710fe-0e1d-4a72-aedf-f34f032442c1,WPI6_17y46d141458189,Successful,0,Real,Mac OS X 10_15_7,1598,2396,Eastern Standard Time,"ANGLE (Apple, ANGLE Metal Renderer: Apple M3 Pro, Unspecified Version)",0,17,10,1,128,1.22.33,0,Chrome 134,3,6,6,-1,4,119.821167,44.1250458,DEFAULT,1,N/A,2025-05-01T23:20:37.7460000Z,N/A,N/A
1370,2025-05-01T23:20:37.7460000Z,851710fe-0e1d-4a72-aedf-f34f032442c1,WPI6_17y46d141458189,Successful,0,Real,Mac OS X 10_15_7,1598,2396,Eastern Standard Time,"ANGLE (Apple, ANGLE Metal Renderer: Apple M3 Pro, Unspecified Version)",0,17,10,1,128,1.22.33,0,Chrome 134,3,-1,-1,-1,5,121.325058,47.7027,DEFAULT,1,N/A,2025-05-01T23:20:37.7460000Z,N/A,N/A
1371,2025-05-01T23:20:37.7460000Z,851710fe-0e1d-4a72-aedf-f34f032442c1,WPI6_17y46d141458189,Successful,0,Real,Mac OS X 10_15_7,1598,2396,Eastern Standard Time,"ANGLE (Apple, ANGLE Metal Renderer: Apple M3 Pro, Unspecified Version)",0,17,10,1,128,1.22.33,0,Chrome 134,3,26,26,-1,6,120.8075,46.3027229,DEFAULT,1,N/A,2025-05-01T23:20:37.7460000Z,N/A,N/A
1372,2025-05-02T19:26:51.5810000Z,851710fe-0e1d-4a72-aedf-f34f032442c1,WPI6_1w7462g13741808,Successful,0,Real,Mac OS X 10_15_7,1424,2396,Eastern Standard Time,"ANGLE (Apple, ANGLE Metal Renderer: Apple M3, Unspecified Version)",0,17,10,1,128,1.22.33,0,Chrome 135,3,12,12,-1,0,78.63096,791.279,DEFAULT,1,N/A,2025-05-02T19:26:51.5810000Z,N/A,N/A
1373,2025-05-02T19:26:51.5810000Z,851710fe-0e1d-4a72-aedf-f34f032442c1,WPI6_1w7462g13741808,Successful,0,Real,Mac OS X 10_15_7,1424,2396,Eastern Standard Time,"ANGLE (Apple, ANGLE Metal Renderer: Apple M3, Unspecified Version)",0,17,10,1,128,1.22.33,0,Chrome 135,3,16,16,-1,1,74.76213,654.5184,DEFAULT,1,N/A,2025-05-02T19:26:51.5810000Z,N/A,N/A
1374,2025-05-02T19:26:51.5810000Z,851710fe-0e1d-4a72-aedf-f34f032442c1,WPI6_1w7462g13741808,Successful,0,Real,Mac OS X 10_15_7,1424,2396,Eastern Standard Time,"ANGLE (Apple, ANGLE Metal Renderer: Apple M3, Unspecified Version)",0,17,10,1,128,1.22.33,0,Chrome 135,3,2,2,-1,2,75.8753,687.609863,DEFAULT,1,N/A,2025-05-02T19:26:51.5810000Z,N/A,N/A
1375,2025-05-02T19:26:51.5810000Z,851710fe-0e1d-4a72-aedf-f34f032442c1,WPI6_1w7462g13741808,Successful,0,Real,Mac OS X 10_15_7,1424,2396,Eastern Standard Time,"ANGLE (Apple, ANGLE Metal Renderer: Apple M3, Unspecified Version)",0,17,10,1,128,1.22.33,0,Chrome 135,3,-1,-1,-1,3,81.87731,881.468567,DEFAULT,1,N/A,2025-05-02T19:26:51.5810000Z,N/A,N/A
1376,2025-05-02T19:26:51.5810000Z,851710fe-0e1d-4a72-aedf-f34f032442c1,WPI6_1w7462g13741808,Successful,0,Real,Mac OS X 10_15_7,1424,2396,Eastern Standard Time,"ANGLE (Apple, ANGLE Metal Renderer: Apple M3, Unspecified Version)",0,17,10,1,128,1.22.33,0,Chrome 135,3,29,29,-1,4,80.9065552,844.495056,DEFAULT,1,N/A,2025-05-02T19:26:51.5810000Z,N/A,N/A
1377,2025-05-02T19:26:51.5810000Z,851710fe-0e1d-4a72-aedf-f34f032442c1,WPI6_1w7462g13741808,Successful,0,Real,Mac OS X 10_15_7,1424,2396,Eastern Standard Time,"ANGLE (Apple, ANGLE Metal Renderer: Apple M3, Unspecified Version)",0,17,10,1,128,1.22.33,0,Chrome 135,3,35,35,-1,5,78.88703,774.1046,DEFAULT,1,N/A,2025-05-02T19:26:51.5810000Z,N/A,N/A
1378,2025-05-02T19:26:51.5810000Z,851710fe-0e1d-4a72-aedf-f34f032442c1,WPI6_1w7462g13741808,Successful,0,Real,Mac OS X 10_15_7,1424,2396,Eastern Standard Time,"ANGLE (Apple, ANGLE Metal Renderer: Apple M3, Unspecified Version)",0,17,10,1,128,1.22.33,0,Chrome 135,3,15,15,-1,6,76.59063,752.7846,DEFAULT,1,N/A,2025-05-02T19:26:51.5810000Z,N/A,N/A
1379,2025-05-03T01:14:20.1040000Z,851710fe-0e1d-4a72-aedf-f34f032442c1,WPI6_a174r6234632268,Successful,0,Real,Windows 10,1582,2396,Eastern Standard Time,"ANGLE (Intel, Intel(R) Iris(R) Xe Graphics (0x000046A8) Direct3D11 vs_5_0 ps_5_0, D3D11)",0,17,10,1,128,1.22.33,0,Chrome 135,3,12,12,-1,0,41.85966,429.9746,DEFAULT,1,N/A,2025-05-03T01:14:20.1040000Z,N/A,N/A
1380,2025-05-03T01:14:20.1040000Z,851710fe-0e1d-4a72-aedf-f34f032442c1,WPI6_a174r6234632268,Successful,0,Real,Windows 10,1582,2396,Eastern Standard Time,"ANGLE (Intel, Intel(R) Iris(R) Xe Graphics (0x000046A8) Direct3D11 vs_5_0 ps_5_0, D3D11)",0,17,10,1,128,1.22.33,0,Chrome 135,3,5,5,-1,1,47.74335,563.5654,DEFAULT,1,N/A,2025-05-03T01:14:20.1040000Z,N/A,N/A
1381,2025-05-03T01:14:20.1040000Z,851710fe-0e1d-4a72-aedf-f34f032442c1,WPI6_a174r6234632268,Successful,0,Real,Windows 10,1582,2396,Eastern Standard Time,"ANGLE (Intel, Intel(R) Iris(R) Xe Graphics (0x000046A8) Direct3D11 vs_5_0 ps_5_0, D3D11)",0,17,10,1,128,1.22.33,0,Chrome 135,3,3,3,-1,2,45.5911865,462.4997,DEFAULT,1,N/A,2025-05-03T01:14:20.1040000Z,N/A,N/A
1382,2025-05-03T01:14:20.1040000Z,851710fe-0e1d-4a72-aedf-f34f032442c1,WPI6_a174r6234632268,Successful,0,Real,Windows 10,1582,2396,Eastern Standard Time,"ANGLE (Intel, Intel(R) Iris(R) Xe Graphics (0x000046A8) Direct3D11 vs_5_0 ps_5_0, D3D11)",0,17,10,1,128,1.22.33,0,Chrome 135,3,8,8,-1,3,43.93455,372.9831,DEFAULT,1,N/A,2025-05-03T01:14:20.1040000Z,N/A,N/A
1383,2025-05-03T01:14:20.1040000Z,851710fe-0e1d-4a72-aedf-f34f032442c1,WPI6_a174r6234632268,Successful,0,Real,Windows 10,1582,2396,Eastern Standard Time,"ANGLE (Intel, Intel(R) Iris(R) Xe Graphics (0x000046A8) Direct3D11 vs_5_0 ps_5_0, D3D11)",0,17,10,1,128,1.22.33,0,Chrome 135,3,-1,-1,-1,4,46.2012,518.3094,DEFAULT,1,N/A,2025-05-03T01:14:20.1040000Z,N/A,N/A
1384,2025-05-03T01:14:20.1040000Z,851710fe-0e1d-4a72-aedf-f34f032442c1,WPI6_a174r6234632268,Successful,0,Real,Windows 10,1582,2396,Eastern Standard Time,"ANGLE (Intel, Intel(R) Iris(R) Xe Graphics (0x000046A8) Direct3D11 vs_5_0 ps_5_0, D3D11)",0,17,10,1,128,1.22.33,0,Chrome 135,3,42,42,-1,5,44.6730728,523.723938,DEFAULT,1,N/A,2025-05-03T01:14:20.1040000Z,N/A,N/A
1385,2025-05-03T01:14:20.1040000Z,851710fe-0e1d-4a72-aedf-f34f032442c1,WPI6_a174r6234632268,Successful,0,Real,Windows 10,1582,2396,Eastern Standard Time,"ANGLE (Intel, Intel(R) Iris(R) Xe Graphics (0x000046A8) Direct3D11 vs_5_0 ps_5_0, D3D11)",0,17,10,1,128,1.22.33,0,Chrome 135,3,97,87,-1,6,46.6681366,468.9955,DEFAULT,0,N/A,2025-05-03T01:14:20.1040000Z,N/A,N/A
1386,2025-05-03T20:48:46.4390000Z,851710fe-0e1d-4a72-aedf-f34f032442c1,WPI6_1746o30516n7434,Successful,0,Real,Windows 10,799,1198,Eastern Standard Time,"ANGLE (AMD, AMD Radeon(TM) Graphics (0x00001636) Direct3D11 vs_5_0 ps_5_0, D3D11)",0,17,10,1,128,1.22.33,0,Chrome 135,3,12,12,-1,0,120.787926,59.9704247,DEFAULT,1,N/A,2025-05-03T20:48:46.4390000Z,N/A,N/A
1387,2025-05-03T20:48:46.4390000Z,851710fe-0e1d-4a72-aedf-f34f032442c1,WPI6_1746o30516n7434,Successful,0,Real,Windows 10,799,1198,Eastern Standard Time,"ANGLE (AMD, AMD Radeon(TM) Graphics (0x00001636) Direct3D11 vs_5_0 ps_5_0, D3D11)",0,17,10,1,128,1.22.33,0,Chrome 135,3,-1,-1,-1,1,120.373474,40.8920326,DEFAULT,1,N/A,2025-05-03T20:48:46.4390000Z,N/A,N/A
1388,2025-05-03T20:48:46.4390000Z,851710fe-0e1d-4a72-aedf-f34f032442c1,WPI6_1746o30516n7434,Successful,0,Real,Windows 10,799,1198,Eastern Standard Time,"ANGLE (AMD, AMD Radeon(TM) Graphics (0x00001636) Direct3D11 vs_5_0 ps_5_0, D3D11)",0,17,10,1,128,1.22.33,0,Chrome 135,3,5,5,-1,2,120.313629,57.7704964,DEFAULT,1,N/A,2025-05-03T20:48:46.4390000Z,N/A,N/A
1389,2025-05-03T20:48:46.4390000Z,851710fe-0e1d-4a72-aedf-f34f032442c1,WPI6_1746o30516n7434,Successful,0,Real,Windows 10,799,1198,Eastern Standard Time,"ANGLE (AMD, AMD Radeon(TM) Graphics (0x00001636) Direct3D11 vs_5_0 ps_5_0, D3D11)",0,17,10,1,128,1.22.33,0,Chrome 135,3,15,15,-1,3,120.546135,67.35352,DEFAULT,1,N/A,2025-05-03T20:48:46.4390000Z,N/A,N/A
1390,2025-05-03T20:48:46.4390000Z,851710fe-0e1d-4a72-aedf-f34f032442c1,WPI6_1746o30516n7434,Successful,0,Real,Windows 10,799,1198,Eastern Standard Time,"ANGLE (AMD, AMD Radeon(TM) Graphics (0x00001636) Direct3D11 vs_5_0 ps_5_0, D3D11)",0,17,10,1,128,1.22.33,0,Chrome 135,3,57,57,-1,4,120.393524,55.4427223,DEFAULT,1,N/A,2025-05-03T20:48:46.4390000Z,N/A,N/A
1391,2025-05-03T20:48:46.4390000Z,851710fe-0e1d-4a72-aedf-f34f032442c1,WPI6_1746o30516n7434,Successful,0,Real,Windows 10,799,1198,Eastern Standard Time,"ANGLE (AMD, AMD Radeon(TM) Graphics (0x00001636) Direct3D11 vs_5_0 ps_5_0, D3D11)",0,17,10,1,128,1.22.33,0,Chrome 135,3,45,45,-1,5,119.594437,55.2723351,DEFAULT,1,N/A,2025-05-03T20:48:46.4390000Z,N/A,N/A
1392,2025-05-03T20:48:46.4390000Z,851710fe-0e1d-4a72-aedf-f34f032442c1,WPI6_1746o30516n7434,Successful,0,Real,Windows 10,799,1198,Eastern Standard Time,"ANGLE (AMD, AMD Radeon(TM) Graphics (0x00001636) Direct3D11 vs_5_0 ps_5_0, D3D11)",0,17,10,1,128,1.22.33,0,Chrome 135,3,96,96,-1,6,120.444283,53.78737,DEFAULT,1,N/A,2025-05-03T20:48:46.4390000Z,N/A,N/A
1393,2025-05-03T18:54:43.0710000Z,851710fe-0e1d-4a72-aedf-f34f032442c1,WPI6_17y46298255z571,Successful,0,Real,Mac OS X 10_15_7,2160,3456,Eastern Standard Time,"ANGLE (Apple, ANGLE Metal Renderer: Apple M3 Pro, Unspecified Version)",0,17,10,1,128,1.22.33,0,Chrome 135,3,12,12,-1,0,120.233719,28.0064831,DEFAULT,1,N/A,2025-05-03T18:54:43.0710000Z,N/A,N/A
1394,2025-05-03T18:54:43.0710000Z,851710fe-0e1d-4a72-aedf-f34f032442c1,WPI6_17y46298255z571,Successful,0,Real,Mac OS X 10_15_7,2160,3456,Eastern Standard Time,"ANGLE (Apple, ANGLE Metal Renderer: Apple M3 Pro, Unspecified Version)",0,17,10,1,128,1.22.33,0,Chrome 135,3,73,73,-1,1,120.194473,20.87629,DEFAULT,1,N/A,2025-05-03T18:54:43.0710000Z,N/A,N/A
1395,2025-05-03T18:54:43.0710000Z,851710fe-0e1d-4a72-aedf-f34f032442c1,WPI6_17y46298255z571,Successful,0,Real,Mac OS X 10_15_7,2160,3456,Eastern Standard Time,"ANGLE (Apple, ANGLE Metal Renderer: Apple M3 Pro, Unspecified Version)",0,17,10,1,128,1.22.33,0,Chrome 135,3,74,74,-1,2,120.267731,25.1161137,DEFAULT,1,N/A,2025-05-03T18:54:43.0710000Z,N/A,N/A
1396,2025-05-03T18:54:43.0710000Z,851710fe-0e1d-4a72-aedf-f34f032442c1,WPI6_17y46298255z571,Successful,0,Real,Mac OS X 10_15_7,2160,3456,Eastern Standard Time,"ANGLE (Apple, ANGLE Metal Renderer: Apple M3 Pro, Unspecified Version)",0,17,10,1,128,1.22.33,0,Chrome 135,3,-1,-1,-1,3,119.65065,19.69803,DEFAULT,1,N/A,2025-05-03T18:54:43.0710000Z,N/A,N/A
1397,2025-05-03T18:54:43.0710000Z,851710fe-0e1d-4a72-aedf-f34f032442c1,WPI6_17y46298255z571,Successful,0,Real,Mac OS X 10_15_7,2160,3456,Eastern Standard Time,"ANGLE (Apple, ANGLE Metal Renderer: Apple M3 Pro, Unspecified Version)",0,17,10,1,128,1.22.33,0,Chrome 135,3,26,26,-1,4,120.153648,18.9482384,DEFAULT,1,N/A,2025-05-03T18:54:43.0710000Z,N/A,N/A
1398,2025-05-03T18:54:43.0710000Z,851710fe-0e1d-4a72-aedf-f34f032442c1,WPI6_17y46298255z571,Successful,0,Real,Mac OS X 10_15_7,2160,3456,Eastern Standard Time,"ANGLE (Apple, ANGLE Metal Renderer: Apple M3 Pro, Unspecified Version)",0,17,10,1,128,1.22.33,0,Chrome 135,3,8,8,-1,5,120.239479,25.35685,DEFAULT,1,N/A,2025-05-03T18:54:43.0710000Z,N/A,N/A
1399,2025-05-03T18:54:43.0710000Z,851710fe-0e1d-4a72-aedf-f34f032442c1,WPI6_17y46298255z571,Successful,0,Real,Mac OS X 10_15_7,2160,3456,Eastern Standard Time,"ANGLE (Apple, ANGLE Metal Renderer: Apple M3 Pro, Unspecified Version)",0,17,10,1,128,1.22.33,0,Chrome 135,3,2,2,-1,6,120.196251,19.6594715,DEFAULT,1,N/A,2025-05-03T18:54:43.0710000Z,N/A,N/A
1400,2025-05-03T18:57:18.0400000Z,851710fe-0e1d-4a72-aedf-f34f032442c1,WPI6_174629zj8408259,Successful,0,Real,Mac OS X 10_15_7,1598,2396,Eastern Standard Time,Apple GPU,0,17,10,1,128,1.22.33,0,Safari 17.4,3,12,12,-1,0,118.301079,92.72008,DEFAULT,1,N/A,2025-05-03T18:57:18.0400000Z,N/A,N/A
1401,2025-05-03T18:57:18.0400000Z,851710fe-0e1d-4a72-aedf-f34f032442c1,WPI6_174629zj8408259,Successful,0,Real,Mac OS X 10_15_7,1598,2396,Eastern Standard Time,Apple GPU,0,17,10,1,128,1.22.33,0,Safari 17.4,3,2,2,-1,1,119.08728,94.8056,DEFAULT,1,N/A,2025-05-03T18:57:18.0400000Z,N/A,N/A
1402,2025-05-03T18:57:18.0400000Z,851710fe-0e1d-4a72-aedf-f34f032442c1,WPI6_174629zj8408259,Successful,0,Real,Mac OS X 10_15_7,1598,2396,Eastern Standard Time,Apple GPU,0,17,10,1,128,1.22.33,0,Safari 17.4,3,-1,-1,-1,2,117.958321,103.639091,DEFAULT,1,N/A,2025-05-03T18:57:18.0400000Z,N/A,N/A
1403,2025-05-03T18:57:18.0400000Z,851710fe-0e1d-4a72-aedf-f34f032442c1,WPI6_174629zj8408259,Successful,0,Real,Mac OS X 10_15_7,1598,2396,Eastern Standard Time,Apple GPU,0,17,10,1,128,1.22.33,0,Safari 17.4,3,57,57,-1,3,119.612709,95.18476,DEFAULT,1,N/A,2025-05-03T18:57:18.0400000Z,N/A,N/A
1404,2025-05-03T18:57:18.0400000Z,851710fe-0e1d-4a72-aedf-f34f032442c1,WPI6_174629zj8408259,Successful,0,Real,Mac OS X 10_15_7,1598,2396,Eastern Standard Time,Apple GPU,0,17,10,1,128,1.22.33,0,Safari 17.4,3,42,42,-1,4,119.056496,82.410614,DEFAULT,1,N/A,2025-05-03T18:57:18.0400000Z,N/A,N/A
1405,2025-05-03T18:57:18.0400000Z,851710fe-0e1d-4a72-aedf-f34f032442c1,WPI6_174629zj8408259,Successful,0,Real,Mac OS X 10_15_7,1598,2396,Eastern Standard Time,Apple GPU,0,17,10,1,128,1.22.33,0,Safari 17.4,3,5,5,-1,5,119.239212,110.941879,DEFAULT,1,N/A,2025-05-03T18:57:18.0400000Z,N/A,N/A
1406,2025-05-03T18:57:18.0400000Z,851710fe-0e1d-4a72-aedf-f34f032442c1,WPI6_174629zj8408259,Successful,0,Real,Mac OS X 10_15_7,1598,2396,Eastern Standard Time,Apple GPU,0,17,10,1,128,1.22.33,0,Safari 17.4,3,5,5,-1,6,120.443779,121.639488,DEFAULT,1,N/A,2025-05-03T18:57:18.0400000Z,N/A,N/A
1407,2025-05-03T20:45:16.6130000Z,851710fe-0e1d-4a72-aedf-f34f032442c1,WPI6_17m4630v4861669,Successful,0,Real,Windows 10,1199,1797,Eastern Standard Time,"ANGLE (Intel, Intel(R) UHD Graphics (0x00004688) Direct3D11 vs_5_0 ps_5_0, D3D11)",0,17,10,1,128,1.22.33,0,Chrome 136,3,12,12,-1,0,124.092285,107.289482,DEFAULT,1,N/A,2025-05-03T20:45:16.6130000Z,N/A,N/A
1408,2025-05-03T20:45:16.6130000Z,851710fe-0e1d-4a72-aedf-f34f032442c1,WPI6_17m4630v4861669,Successful,0,Real,Windows 10,1199,1797,Eastern Standard Time,"ANGLE (Intel, Intel(R) UHD Graphics (0x00004688) Direct3D11 vs_5_0 ps_5_0, D3D11)",0,17,10,1,128,1.22.33,0,Chrome 136,3,5,-1,-1,1,124.082733,79.4629745,DEFAULT,0,N/A,2025-05-03T20:45:16.6130000Z,N/A,N/A
1409,2025-05-03T20:45:16.6130000Z,851710fe-0e1d-4a72-aedf-f34f032442c1,WPI6_17m4630v4861669,Successful,0,Real,Windows 10,1199,1797,Eastern Standard Time,"ANGLE (Intel, Intel(R) UHD Graphics (0x00004688) Direct3D11 vs_5_0 ps_5_0, D3D11)",0,17,10,1,128,1.22.33,0,Chrome 136,3,-1,-1,-1,2,124.473282,66.5233459,DEFAULT,1,N/A,2025-05-03T20:45:16.6130000Z,N/A,N/A
1410,2025-05-03T20:45:16.6130000Z,851710fe-0e1d-4a72-aedf-f34f032442c1,WPI6_17m4630v4861669,Successful,0,Real,Windows 10,1199,1797,Eastern Standard Time,"ANGLE (Intel, Intel(R) UHD Graphics (0x00004688) Direct3D11 vs_5_0 ps_5_0, D3D11)",0,17,10,1,128,1.22.33,0,Chrome 136,3,45,-1,-1,3,124.39402,83.371315,DEFAULT,0,N/A,2025-05-03T20:45:16.6130000Z,N/A,N/A
1411,2025-05-03T20:45:16.6130000Z,851710fe-0e1d-4a72-aedf-f34f032442c1,WPI6_17m4630v4861669,Successful,0,Real,Windows 10,1199,1797,Eastern Standard Time,"ANGLE (Intel, Intel(R) UHD Graphics (0x00004688) Direct3D11 vs_5_0 ps_5_0, D3D11)",0,17,10,1,128,1.22.33,0,Chrome 136,3,16,-1,-1,4,124.041672,62.4231949,DEFAULT,0,N/A,2025-05-03T20:45:16.6130000Z,N/A,N/A
1412,2025-05-03T20:45:16.6130000Z,851710fe-0e1d-4a72-aedf-f34f032442c1,WPI6_17m4630v4861669,Successful,0,Real,Windows 10,1199,1797,Eastern Standard Time,"ANGLE (Intel, Intel(R) UHD Graphics (0x00004688) Direct3D11 vs_5_0 ps_5_0, D3D11)",0,17,10,1,128,1.22.33,0,Chrome 136,3,26,26,-1,5,123.77916,67.9346,DEFAULT,1,N/A,2025-05-03T20:45:16.6130000Z,N/A,N/A
1413,2025-05-03T20:45:16.6130000Z,851710fe-0e1d-4a72-aedf-f34f032442c1,WPI6_17m4630v4861669,Successful,0,Real,Windows 10,1199,1797,Eastern Standard Time,"ANGLE (Intel, Intel(R) UHD Graphics (0x00004688) Direct3D11 vs_5_0 ps_5_0, D3D11)",0,17,10,1,128,1.22.33,0,Chrome 136,3,29,23,-1,6,124.248886,71.5661545,DEFAULT,0,N/A,2025-05-03T20:45:16.6130000Z,N/A,N/A
1414,2025-05-03T23:12:33.6200000Z,851710fe-0e1d-4a72-aedf-f34f032442c1,WPI6_17463137t5750q7,Successful,0,Real,Windows 10,1398,2097,Eastern Standard Time,"ANGLE (Intel, Intel(R) Iris(R) Xe Graphics (0x0000A7A0) Direct3D11 vs_5_0 ps_5_0, D3D11)",0,17,10,1,128,1.22.33,0,Chrome 124,3,12,12,-1,0,120.009781,31.9093189,DEFAULT,1,N/A,2025-05-03T23:12:33.6200000Z,N/A,N/A
1415,2025-05-03T23:12:33.6200000Z,851710fe-0e1d-4a72-aedf-f34f032442c1,WPI6_17463137t5750q7,Successful,0,Real,Windows 10,1398,2097,Eastern Standard Time,"ANGLE (Intel, Intel(R) Iris(R) Xe Graphics (0x0000A7A0) Direct3D11 vs_5_0 ps_5_0, D3D11)",0,17,10,1,128,1.22.33,0,Chrome 124,3,97,97,-1,1,119.914421,46.74177,DEFAULT,1,N/A,2025-05-03T23:12:33.6200000Z,N/A,N/A
1416,2025-05-03T23:12:33.6200000Z,851710fe-0e1d-4a72-aedf-f34f032442c1,WPI6_17463137t5750q7,Successful,0,Real,Windows 10,1398,2097,Eastern Standard Time,"ANGLE (Intel, Intel(R) Iris(R) Xe Graphics (0x0000A7A0) Direct3D11 vs_5_0 ps_5_0, D3D11)",0,17,10,1,128,1.22.33,0,Chrome 124,3,6,6,-1,2,117.699028,66.92091,DEFAULT,1,N/A,2025-05-03T23:12:33.6200000Z,N/A,N/A
1417,2025-05-03T23:12:33.6200000Z,851710fe-0e1d-4a72-aedf-f34f032442c1,WPI6_17463137t5750q7,Successful,0,Real,Windows 10,1398,2097,Eastern Standard Time,"ANGLE (Intel, Intel(R) Iris(R) Xe Graphics (0x0000A7A0) Direct3D11 vs_5_0 ps_5_0, D3D11)",0,17,10,1,128,1.22.33,0,Chrome 124,3,7,7,-1,3,118.062958,68.6119843,DEFAULT,1,N/A,2025-05-03T23:12:33.6200000Z,N/A,N/A
1418,2025-05-03T23:12:33.6200000Z,851710fe-0e1d-4a72-aedf-f34f032442c1,WPI6_17463137t5750q7,Successful,0,Real,Windows 10,1398,2097,Eastern Standard Time,"ANGLE (Intel, Intel(R) Iris(R) Xe Graphics (0x0000A7A0) Direct3D11 vs_5_0 ps_5_0, D3D11)",0,17,10,1,128,1.22.33,0,Chrome 124,3,-1,-1,-1,4,118.592194,100.395424,DEFAULT,1,N/A,2025-05-03T23:12:33.6200000Z,N/A,N/A
1419,2025-05-03T23:12:33.6200000Z,851710fe-0e1d-4a72-aedf-f34f032442c1,WPI6_17463137t5750q7,Successful,0,Real,Windows 10,1398,2097,Eastern Standard Time,"ANGLE (Intel, Intel(R) Iris(R) Xe Graphics (0x0000A7A0) Direct3D11 vs_5_0 ps_5_0, D3D11)",0,17,10,1,128,1.22.33,0,Chrome 124,3,5,5,-1,5,118.553,46.5072365,DEFAULT,1,N/A,2025-05-03T23:12:33.6200000Z,N/A,N/A
1420,2025-05-03T23:12:33.6200000Z,851710fe-0e1d-4a72-aedf-f34f032442c1,WPI6_17463137t5750q7,Successful,0,Real,Windows 10,1398,2097,Eastern Standard Time,"ANGLE (Intel, Intel(R) Iris(R) Xe Graphics (0x0000A7A0) Direct3D11 vs_5_0 ps_5_0, D3D11)",0,17,10,1,128,1.22.33,0,Chrome 124,3,26,28,-1,6,119.439194,60.6470871,DEFAULT,0,N/A,2025-05-03T23:12:33.6200000Z,N/A,N/A
1421,2025-05-04T15:39:45.4340000Z,851710fe-0e1d-4a72-aedf-f34f032442c1,WPI6_1746372932l8p20,Successful,0,Real,Windows 10,878,1797,Eastern Standard Time,"ANGLE (Intel, Intel(R) Iris(R) Xe Graphics (0x0000A7A1) Direct3D11 vs_5_0 ps_5_0, D3D11)",0,17,10,1,128,1.22.33,0,Chrome 135,3,12,12,-1,0,48.3402748,1006.15192,DEFAULT,1,N/A,2025-05-04T15:39:45.4340000Z,N/A,N/A
1422,2025-05-04T15:39:45.4340000Z,851710fe-0e1d-4a72-aedf-f34f032442c1,WPI6_1746372932l8p20,Successful,0,Real,Windows 10,878,1797,Eastern Standard Time,"ANGLE (Intel, Intel(R) Iris(R) Xe Graphics (0x0000A7A1) Direct3D11 vs_5_0 ps_5_0, D3D11)",0,17,10,1,128,1.22.33,0,Chrome 135,3,-1,-1,-1,1,49.0032578,1082.88367,DEFAULT,1,N/A,2025-05-04T15:39:45.4340000Z,N/A,N/A
1423,2025-05-04T15:39:45.4340000Z,851710fe-0e1d-4a72-aedf-f34f032442c1,WPI6_1746372932l8p20,Successful,0,Real,Windows 10,878,1797,Eastern Standard Time,"ANGLE (Intel, Intel(R) Iris(R) Xe Graphics (0x0000A7A1) Direct3D11 vs_5_0 ps_5_0, D3D11)",0,17,10,1,128,1.22.33,0,Chrome 135,3,15,15,-1,2,48.65827,1084.77307,DEFAULT,1,N/A,2025-05-04T15:39:45.4340000Z,N/A,N/A
1424,2025-05-04T15:39:45.4340000Z,851710fe-0e1d-4a72-aedf-f34f032442c1,WPI6_1746372932l8p20,Successful,0,Real,Windows 10,878,1797,Eastern Standard Time,"ANGLE (Intel, Intel(R) Iris(R) Xe Graphics (0x0000A7A1) Direct3D11 vs_5_0 ps_5_0, D3D11)",0,17,10,1,128,1.22.33,0,Chrome 135,3,8,8,-1,3,49.5911446,1060.07178,DEFAULT,1,N/A,2025-05-04T15:39:45.4340000Z,N/A,N/A
1425,2025-05-04T15:39:45.4340000Z,851710fe-0e1d-4a72-aedf-f34f032442c1,WPI6_1746372932l8p20,Successful,0,Real,Windows 10,878,1797,Eastern Standard Time,"ANGLE (Intel, Intel(R) Iris(R) Xe Graphics (0x0000A7A1) Direct3D11 vs_5_0 ps_5_0, D3D11)",0,17,10,1,128,1.22.33,0,Chrome 135,3,2,2,-1,4,52.12136,1158.13513,DEFAULT,1,N/A,2025-05-04T15:39:45.4340000Z,N/A,N/A
1426,2025-05-04T15:39:45.4340000Z,851710fe-0e1d-4a72-aedf-f34f032442c1,WPI6_1746372932l8p20,Successful,0,Real,Windows 10,878,1797,Eastern Standard Time,"ANGLE (Intel, Intel(R) Iris(R) Xe Graphics (0x0000A7A1) Direct3D11 vs_5_0 ps_5_0, D3D11)",0,17,10,1,128,1.22.33,0,Chrome 135,3,26,26,-1,5,56.70611,1200.89392,DEFAULT,1,N/A,2025-05-04T15:39:45.4340000Z,N/A,N/A
1427,2025-05-04T15:39:45.4340000Z,851710fe-0e1d-4a72-aedf-f34f032442c1,WPI6_1746372932l8p20,Successful,0,Real,Windows 10,878,1797,Eastern Standard Time,"ANGLE (Intel, Intel(R) Iris(R) Xe Graphics (0x0000A7A1) Direct3D11 vs_5_0 ps_5_0, D3D11)",0,17,10,1,128,1.22.33,0,Chrome 135,3,5,5,-1,6,55.65465,1222.44177,DEFAULT,1,N/A,2025-05-04T15:39:45.4340000Z,N/A,N/A
1428,2025-05-04T19:54:24.8100000Z,851710fe-0e1d-4a72-aedf-f34f032442c1,WPI6_174rx6388216152,Successful,0,Real,Mac OS X 10_15_7,1598,2396,Eastern Standard Time,Apple GPU,0,17,10,1,128,1.22.33,0,Safari 16.4,3,12,12,-1,0,118.331108,126.866615,DEFAULT,1,N/A,2025-05-04T19:54:24.8100000Z,N/A,N/A
1429,2025-05-04T19:54:24.8100000Z,851710fe-0e1d-4a72-aedf-f34f032442c1,WPI6_174rx6388216152,Successful,0,Real,Mac OS X 10_15_7,1598,2396,Eastern Standard Time,Apple GPU,0,17,10,1,128,1.22.33,0,Safari 16.4,3,57,57,-1,1,122.40007,129.763977,DEFAULT,1,N/A,2025-05-04T19:54:24.8100000Z,N/A,N/A
1430,2025-05-04T19:54:24.8100000Z,851710fe-0e1d-4a72-aedf-f34f032442c1,WPI6_174rx6388216152,Successful,0,Real,Mac OS X 10_15_7,1598,2396,Eastern Standard Time,Apple GPU,0,17,10,1,128,1.22.33,0,Safari 16.4,3,5,5,-1,2,118.190155,114.574211,DEFAULT,1,N/A,2025-05-04T19:54:24.8100000Z,N/A,N/A
1431,2025-05-04T19:54:24.8100000Z,851710fe-0e1d-4a72-aedf-f34f032442c1,WPI6_174rx6388216152,Successful,0,Real,Mac OS X 10_15_7,1598,2396,Eastern Standard Time,Apple GPU,0,17,10,1,128,1.22.33,0,Safari 16.4,3,5,5,-1,3,117.5385,81.53249,DEFAULT,1,N/A,2025-05-04T19:54:24.8100000Z,N/A,N/A
1432,2025-05-04T19:54:24.8100000Z,851710fe-0e1d-4a72-aedf-f34f032442c1,WPI6_174rx6388216152,Successful,0,Real,Mac OS X 10_15_7,1598,2396,Eastern Standard Time,Apple GPU,0,17,10,1,128,1.22.33,0,Safari 16.4,3,97,97,-1,4,118.829681,81.26725,DEFAULT,1,N/A,2025-05-04T19:54:24.8100000Z,N/A,N/A
1433,2025-05-04T19:54:24.8100000Z,851710fe-0e1d-4a72-aedf-f34f032442c1,WPI6_174rx6388216152,Successful,0,Real,Mac OS X 10_15_7,1598,2396,Eastern Standard Time,Apple GPU,0,17,10,1,128,1.22.33,0,Safari 16.4,3,26,26,-1,5,117.890526,99.97710000000001,DEFAULT,1,N/A,2025-05-04T19:54:24.8100000Z,N/A,N/A
1434,2025-05-04T19:54:24.8100000Z,851710fe-0e1d-4a72-aedf-f34f032442c1,WPI6_174rx6388216152,Successful,0,Real,Mac OS X 10_15_7,1598,2396,Eastern Standard Time,Apple GPU,0,17,10,1,128,1.22.33,0,Safari 16.4,3,-1,-1,-1,6,118.924446,100.149658,DEFAULT,1,N/A,2025-05-04T19:54:24.8100000Z,N/A,N/A
1435,2025-05-04T20:42:04.5750000Z,851710fe-0e1d-4a72-aedf-f34f032442c1,WPI6_p174y6391119900,Successful,0,Real,Mac OS X 10_15_7,1598,2396,Eastern Standard Time,Apple GPU,0,17,10,1,128,1.22.33,0,Safari 17.5,3,12,12,-1,0,33.3817635,0.9229806660000001,DEFAULT,1,N/A,2025-05-04T20:42:04.5750000Z,N/A,N/A
1436,2025-05-04T20:42:04.5750000Z,851710fe-0e1d-4a72-aedf-f34f032442c1,WPI6_p174y6391119900,Successful,0,Real,Mac OS X 10_15_7,1598,2396,Eastern Standard Time,Apple GPU,0,17,10,1,128,1.22.33,0,Safari 17.5,3,3,3,-1,1,33.35616,0.7411346440000001,DEFAULT,1,N/A,2025-05-04T20:42:04.5750000Z,N/A,N/A
1437,2025-05-04T20:42:04.5750000Z,851710fe-0e1d-4a72-aedf-f34f032442c1,WPI6_p174y6391119900,Successful,0,Real,Mac OS X 10_15_7,1598,2396,Eastern Standard Time,Apple GPU,0,17,10,1,128,1.22.33,0,Safari 17.5,3,45,45,-1,2,33.3422966,0.2993831,DEFAULT,1,N/A,2025-05-04T20:42:04.5750000Z,N/A,N/A
1438,2025-05-04T20:42:04.5750000Z,851710fe-0e1d-4a72-aedf-f34f032442c1,WPI6_p174y6391119900,Successful,0,Real,Mac OS X 10_15_7,1598,2396,Eastern Standard Time,Apple GPU,0,17,10,1,128,1.22.33,0,Safari 17.5,3,-1,-1,-1,3,33.3241959,0.23209743200000002,DEFAULT,1,N/A,2025-05-04T20:42:04.5750000Z,N/A,N/A
1439,2025-05-04T20:42:04.5750000Z,851710fe-0e1d-4a72-aedf-f34f032442c1,WPI6_p174y6391119900,Successful,0,Real,Mac OS X 10_15_7,1598,2396,Eastern Standard Time,Apple GPU,0,17,10,1,128,1.22.33,0,Safari 17.5,3,96,96,-1,4,33.34157,0.275196522,DEFAULT,1,N/A,2025-05-04T20:42:04.5750000Z,N/A,N/A
1440,2025-05-04T20:42:04.5750000Z,851710fe-0e1d-4a72-aedf-f34f032442c1,WPI6_p174y6391119900,Successful,0,Real,Mac OS X 10_15_7,1598,2396,Eastern Standard Time,Apple GPU,0,17,10,1,128,1.22.33,0,Safari 17.5,3,6,6,-1,5,33.380497,1.56483328,DEFAULT,1,N/A,2025-05-04T20:42:04.5750000Z,N/A,N/A
1441,2025-05-04T20:42:04.5750000Z,851710fe-0e1d-4a72-aedf-f34f032442c1,WPI6_p174y6391119900,Successful,0,Real,Mac OS X 10_15_7,1598,2396,Eastern Standard Time,Apple GPU,0,17,10,1,128,1.22.33,0,Safari 17.5,3,5,5,-1,6,33.33987,0.21854943000000002,DEFAULT,1,N/A,2025-05-04T20:42:04.5750000Z,N/A,N/A
1442,2025-05-04T22:20:45.0660000Z,851710fe-0e1d-4a72-aedf-f34f032442c1,WPI6_n174639a7009255,Successful,0,Real,Mac OS X 10_15_7,1598,2396,Eastern Standard Time,Apple GPU,0,17,10,1,128,1.22.33,0,Safari 18.4,3,12,12,-1,0,121.056442,123.166641,DEFAULT,1,N/A,2025-05-04T22:20:45.0660000Z,N/A,N/A
1443,2025-05-04T22:20:45.0660000Z,851710fe-0e1d-4a72-aedf-f34f032442c1,WPI6_n174639a7009255,Successful,0,Real,Mac OS X 10_15_7,1598,2396,Eastern Standard Time,Apple GPU,0,17,10,1,128,1.22.33,0,Safari 18.4,3,57,57,-1,1,120.078156,157.932449,DEFAULT,1,N/A,2025-05-04T22:20:45.0660000Z,N/A,N/A
1444,2025-05-04T22:20:45.0660000Z,851710fe-0e1d-4a72-aedf-f34f032442c1,WPI6_n174639a7009255,Successful,0,Real,Mac OS X 10_15_7,1598,2396,Eastern Standard Time,Apple GPU,0,17,10,1,128,1.22.33,0,Safari 18.4,3,26,28,-1,2,119.592789,131.80249,DEFAULT,0,N/A,2025-05-04T22:20:45.0660000Z,N/A,N/A
1445,2025-05-04T22:20:45.0660000Z,851710fe-0e1d-4a72-aedf-f34f032442c1,WPI6_n174639a7009255,Successful,0,Real,Mac OS X 10_15_7,1598,2396,Eastern Standard Time,Apple GPU,0,17,10,1,128,1.22.33,0,Safari 18.4,3,15,15,-1,3,120.087517,114.879387,DEFAULT,1,N/A,2025-05-04T22:20:45.0660000Z,N/A,N/A
1446,2025-05-04T22:20:45.0660000Z,851710fe-0e1d-4a72-aedf-f34f032442c1,WPI6_n174639a7009255,Successful,0,Real,Mac OS X 10_15_7,1598,2396,Eastern Standard Time,Apple GPU,0,17,10,1,128,1.22.33,0,Safari 18.4,3,-1,-1,-1,4,119.76236,150.507584,DEFAULT,1,N/A,2025-05-04T22:20:45.0660000Z,N/A,N/A
1447,2025-05-04T22:20:45.0660000Z,851710fe-0e1d-4a72-aedf-f34f032442c1,WPI6_n174639a7009255,Successful,0,Real,Mac OS X 10_15_7,1598,2396,Eastern Standard Time,Apple GPU,0,17,10,1,128,1.22.33,0,Safari 18.4,3,5,5,-1,5,120.316422,168.577179,DEFAULT,1,N/A,2025-05-04T22:20:45.0660000Z,N/A,N/A
1448,2025-05-04T22:20:45.0660000Z,851710fe-0e1d-4a72-aedf-f34f032442c1,WPI6_n174639a7009255,Successful,0,Real,Mac OS X 10_15_7,1598,2396,Eastern Standard Time,Apple GPU,0,17,10,1,128,1.22.33,0,Safari 18.4,3,45,45,-1,6,121.380836,154.688431,DEFAULT,1,N/A,2025-05-04T22:20:45.0660000Z,N/A,N/A
1449,2025-05-04T23:52:52.5600000Z,851710fe-0e1d-4a72-aedf-f34f032442c1,WPI6_174l640257f2344,Successful,0,Real,Windows 10,860,1498,Eastern Standard Time,"ANGLE (Intel, Intel(R) Iris(R) Xe Graphics (0x00009A49) Direct3D11 vs_5_0 ps_5_0, D3D11)",0,17,10,1,128,1.22.33,0,Chrome 135,3,12,12,-1,0,66.1621552,187.75267,DEFAULT,1,N/A,2025-05-04T23:52:52.5600000Z,N/A,N/A
1450,2025-05-04T23:52:52.5600000Z,851710fe-0e1d-4a72-aedf-f34f032442c1,WPI6_174l640257f2344,Successful,0,Real,Windows 10,860,1498,Eastern Standard Time,"ANGLE (Intel, Intel(R) Iris(R) Xe Graphics (0x00009A49) Direct3D11 vs_5_0 ps_5_0, D3D11)",0,17,10,1,128,1.22.33,0,Chrome 135,3,-1,-1,-1,1,74.84509,285.2403,DEFAULT,1,N/A,2025-05-04T23:52:52.5600000Z,N/A,N/A
1451,2025-05-04T23:52:52.5600000Z,851710fe-0e1d-4a72-aedf-f34f032442c1,WPI6_174l640257f2344,Successful,0,Real,Windows 10,860,1498,Eastern Standard Time,"ANGLE (Intel, Intel(R) Iris(R) Xe Graphics (0x00009A49) Direct3D11 vs_5_0 ps_5_0, D3D11)",0,17,10,1,128,1.22.33,0,Chrome 135,3,57,57,-1,2,61.8190041,73.78792,DEFAULT,1,N/A,2025-05-04T23:52:52.5600000Z,N/A,N/A
1452,2025-05-04T23:52:52.5600000Z,851710fe-0e1d-4a72-aedf-f34f032442c1,WPI6_174l640257f2344,Successful,0,Real,Windows 10,860,1498,Eastern Standard Time,"ANGLE (Intel, Intel(R) Iris(R) Xe Graphics (0x00009A49) Direct3D11 vs_5_0 ps_5_0, D3D11)",0,17,10,1,128,1.22.33,0,Chrome 135,3,26,26,-1,3,67.879715,244.27829,DEFAULT,1,N/A,2025-05-04T23:52:52.5600000Z,N/A,N/A
1453,2025-05-04T23:52:52.5600000Z,851710fe-0e1d-4a72-aedf-f34f032442c1,WPI6_174l640257f2344,Successful,0,Real,Windows 10,860,1498,Eastern Standard Time,"ANGLE (Intel, Intel(R) Iris(R) Xe Graphics (0x00009A49) Direct3D11 vs_5_0 ps_5_0, D3D11)",0,17,10,1,128,1.22.33,0,Chrome 135,3,5,-1,-1,4,70.41474,313.246155,DEFAULT,0,N/A,2025-05-04T23:52:52.5600000Z,N/A,N/A
1454,2025-05-04T23:52:52.5600000Z,851710fe-0e1d-4a72-aedf-f34f032442c1,WPI6_174l640257f2344,Successful,0,Real,Windows 10,860,1498,Eastern Standard Time,"ANGLE (Intel, Intel(R) Iris(R) Xe Graphics (0x00009A49) Direct3D11 vs_5_0 ps_5_0, D3D11)",0,17,10,1,128,1.22.33,0,Chrome 135,3,74,74,-1,5,64.04349,125.69384,DEFAULT,1,N/A,2025-05-04T23:52:52.5600000Z,N/A,N/A
1455,2025-05-04T23:52:52.5600000Z,851710fe-0e1d-4a72-aedf-f34f032442c1,WPI6_174l640257f2344,Successful,0,Real,Windows 10,860,1498,Eastern Standard Time,"ANGLE (Intel, Intel(R) Iris(R) Xe Graphics (0x00009A49) Direct3D11 vs_5_0 ps_5_0, D3D11)",0,17,10,1,128,1.22.33,0,Chrome 135,3,2,2,-1,6,64.9067154,145.082184,DEFAULT,1,N/A,2025-05-04T23:52:52.5600000Z,N/A,N/A
1456,2025-05-05T00:53:59.8160000Z,851710fe-0e1d-4a72-aedf-f34f032442c1,WPI6_1w7f46406191343,Successful,0,Real,Windows 10,999,1498,Eastern Standard Time,"ANGLE (AMD, AMD Radeon(TM) Graphics (0x00001681) Direct3D11 vs_5_0 ps_5_0, D3D11)",0,17,10,1,128,1.22.33,0,Chrome 136,3,12,12,-1,0,125.223244,63.7021637,DEFAULT,1,N/A,2025-05-05T00:53:59.8160000Z,N/A,N/A
1457,2025-05-05T00:53:59.8160000Z,851710fe-0e1d-4a72-aedf-f34f032442c1,WPI6_1w7f46406191343,Successful,0,Real,Windows 10,999,1498,Eastern Standard Time,"ANGLE (AMD, AMD Radeon(TM) Graphics (0x00001681) Direct3D11 vs_5_0 ps_5_0, D3D11)",0,17,10,1,128,1.22.33,0,Chrome 136,3,3,3,-1,1,125.46489,63.32135,DEFAULT,1,N/A,2025-05-05T00:53:59.8160000Z,N/A,N/A
1458,2025-05-05T00:53:59.8160000Z,851710fe-0e1d-4a72-aedf-f34f032442c1,WPI6_1w7f46406191343,Successful,0,Real,Windows 10,999,1498,Eastern Standard Time,"ANGLE (AMD, AMD Radeon(TM) Graphics (0x00001681) Direct3D11 vs_5_0 ps_5_0, D3D11)",0,17,10,1,128,1.22.33,0,Chrome 136,3,35,35,-1,2,124.548279,55.8813362,DEFAULT,1,N/A,2025-05-05T00:53:59.8160000Z,N/A,N/A
1459,2025-05-05T00:53:59.8160000Z,851710fe-0e1d-4a72-aedf-f34f032442c1,WPI6_1w7f46406191343,Successful,0,Real,Windows 10,999,1498,Eastern Standard Time,"ANGLE (AMD, AMD Radeon(TM) Graphics (0x00001681) Direct3D11 vs_5_0 ps_5_0, D3D11)",0,17,10,1,128,1.22.33,0,Chrome 136,3,8,8,-1,3,124.022423,62.7672577,DEFAULT,1,N/A,2025-05-05T00:53:59.8160000Z,N/A,N/A
1460,2025-05-05T00:53:59.8160000Z,851710fe-0e1d-4a72-aedf-f34f032442c1,WPI6_1w7f46406191343,Successful,0,Real,Windows 10,999,1498,Eastern Standard Time,"ANGLE (AMD, AMD Radeon(TM) Graphics (0x00001681) Direct3D11 vs_5_0 ps_5_0, D3D11)",0,17,10,1,128,1.22.33,0,Chrome 136,3,-1,-1,-1,4,124.750992,64.65893,DEFAULT,1,N/A,2025-05-05T00:53:59.8160000Z,N/A,N/A
1461,2025-05-05T00:53:59.8160000Z,851710fe-0e1d-4a72-aedf-f34f032442c1,WPI6_1w7f46406191343,Successful,0,Real,Windows 10,999,1498,Eastern Standard Time,"ANGLE (AMD, AMD Radeon(TM) Graphics (0x00001681) Direct3D11 vs_5_0 ps_5_0, D3D11)",0,17,10,1,128,1.22.33,0,Chrome 136,3,73,73,-1,5,125.069466,64.06369,DEFAULT,1,N/A,2025-05-05T00:53:59.8160000Z,N/A,N/A
1462,2025-05-05T00:53:59.8160000Z,851710fe-0e1d-4a72-aedf-f34f032442c1,WPI6_1w7f46406191343,Successful,0,Real,Windows 10,999,1498,Eastern Standard Time,"ANGLE (AMD, AMD Radeon(TM) Graphics (0x00001681) Direct3D11 vs_5_0 ps_5_0, D3D11)",0,17,10,1,128,1.22.33,0,Chrome 136,3,97,97,-1,6,125.110184,67.84692,DEFAULT,1,N/A,2025-05-05T00:53:59.8160000Z,N/A,N/A
1463,2025-05-05T02:53:46.9150000Z,851710fe-0e1d-4a72-aedf-f34f032442c1,WPI6_t17m46413387483,Successful,0,Real,Windows 10,989,1498,Eastern Standard Time,"ANGLE (AMD, AMD Radeon (TM) Graphics (0x000015E7) Direct3D11 vs_5_0 ps_5_0, D3D11)",0,17,10,1,128,1.22.33,0,Chrome 135,3,12,12,-1,0,110.698929,446.3943,DEFAULT,1,N/A,2025-05-05T02:53:46.9150000Z,N/A,N/A
1464,2025-05-05T02:53:46.9150000Z,851710fe-0e1d-4a72-aedf-f34f032442c1,WPI6_t17m46413387483,Successful,0,Real,Windows 10,989,1498,Eastern Standard Time,"ANGLE (AMD, AMD Radeon (TM) Graphics (0x000015E7) Direct3D11 vs_5_0 ps_5_0, D3D11)",0,17,10,1,128,1.22.33,0,Chrome 135,3,8,8,-1,1,109.2164,510.626343,DEFAULT,1,N/A,2025-05-05T02:53:46.9150000Z,N/A,N/A
1465,2025-05-05T02:53:46.9150000Z,851710fe-0e1d-4a72-aedf-f34f032442c1,WPI6_t17m46413387483,Successful,0,Real,Windows 10,989,1498,Eastern Standard Time,"ANGLE (AMD, AMD Radeon (TM) Graphics (0x000015E7) Direct3D11 vs_5_0 ps_5_0, D3D11)",0,17,10,1,128,1.22.33,0,Chrome 135,3,45,45,-1,2,119.086693,128.814728,DEFAULT,1,N/A,2025-05-05T02:53:46.9150000Z,N/A,N/A
1466,2025-05-05T02:53:46.9150000Z,851710fe-0e1d-4a72-aedf-f34f032442c1,WPI6_t17m46413387483,Successful,0,Real,Windows 10,989,1498,Eastern Standard Time,"ANGLE (AMD, AMD Radeon (TM) Graphics (0x000015E7) Direct3D11 vs_5_0 ps_5_0, D3D11)",0,17,10,1,128,1.22.33,0,Chrome 135,3,73,73,-1,3,116.744827,274.7694,DEFAULT,1,N/A,2025-05-05T02:53:46.9150000Z,N/A,N/A
1467,2025-05-05T02:53:46.9150000Z,851710fe-0e1d-4a72-aedf-f34f032442c1,WPI6_t17m46413387483,Successful,0,Real,Windows 10,989,1498,Eastern Standard Time,"ANGLE (AMD, AMD Radeon (TM) Graphics (0x000015E7) Direct3D11 vs_5_0 ps_5_0, D3D11)",0,17,10,1,128,1.22.33,0,Chrome 135,3,15,15,-1,4,115.948364,316.303223,DEFAULT,1,N/A,2025-05-05T02:53:46.9150000Z,N/A,N/A
1468,2025-05-05T02:53:46.9150000Z,851710fe-0e1d-4a72-aedf-f34f032442c1,WPI6_t17m46413387483,Successful,0,Real,Windows 10,989,1498,Eastern Standard Time,"ANGLE (AMD, AMD Radeon (TM) Graphics (0x000015E7) Direct3D11 vs_5_0 ps_5_0, D3D11)",0,17,10,1,128,1.22.33,0,Chrome 135,3,-1,-1,-1,5,120.7547,71.7149048,DEFAULT,1,N/A,2025-05-05T02:53:46.9150000Z,N/A,N/A
1469,2025-05-05T02:53:46.9150000Z,851710fe-0e1d-4a72-aedf-f34f032442c1,WPI6_t17m46413387483,Successful,0,Real,Windows 10,989,1498,Eastern Standard Time,"ANGLE (AMD, AMD Radeon (TM) Graphics (0x000015E7) Direct3D11 vs_5_0 ps_5_0, D3D11)",0,17,10,1,128,1.22.33,0,Chrome 135,3,26,26,-1,6,121.465912,77.74612,DEFAULT,1,N/A,2025-05-05T02:53:46.9150000Z,N/A,N/A
1470,2025-05-05T03:30:18.4610000Z,851710fe-0e1d-4a72-aedf-f34f032442c1,WPI6_u1746415473f347,Successful,0,Real,Windows 10,879,1498,Eastern Standard Time,"ANGLE (NVIDIA, NVIDIA GeForce GTX 980 Direct3D11 vs_5_0 ps_5_0), or similar",0,17,10,1,128,1.22.33,0,Firefox 138,3,12,12,-1,0,97.602,84.0783844,DEFAULT,1,N/A,2025-05-05T03:30:18.4610000Z,N/A,N/A
1471,2025-05-05T03:30:18.4610000Z,851710fe-0e1d-4a72-aedf-f34f032442c1,WPI6_u1746415473f347,Successful,0,Real,Windows 10,879,1498,Eastern Standard Time,"ANGLE (NVIDIA, NVIDIA GeForce GTX 980 Direct3D11 vs_5_0 ps_5_0), or similar",0,17,10,1,128,1.22.33,0,Firefox 138,3,7,7,-1,1,97.98339,76.45313,DEFAULT,1,N/A,2025-05-05T03:30:18.4610000Z,N/A,N/A
1472,2025-05-05T03:30:18.4610000Z,851710fe-0e1d-4a72-aedf-f34f032442c1,WPI6_u1746415473f347,Successful,0,Real,Windows 10,879,1498,Eastern Standard Time,"ANGLE (NVIDIA, NVIDIA GeForce GTX 980 Direct3D11 vs_5_0 ps_5_0), or similar",0,17,10,1,128,1.22.33,0,Firefox 138,3,2,2,-1,2,98.72316000000001,40.95404,DEFAULT,1,N/A,2025-05-05T03:30:18.4610000Z,N/A,N/A
1473,2025-05-05T03:30:18.4610000Z,851710fe-0e1d-4a72-aedf-f34f032442c1,WPI6_u1746415473f347,Successful,0,Real,Windows 10,879,1498,Eastern Standard Time,"ANGLE (NVIDIA, NVIDIA GeForce GTX 980 Direct3D11 vs_5_0 ps_5_0), or similar",0,17,10,1,128,1.22.33,0,Firefox 138,3,15,15,-1,3,97.69933,65.75551,DEFAULT,1,N/A,2025-05-05T03:30:18.4610000Z,N/A,N/A
1474,2025-05-05T03:30:18.4610000Z,851710fe-0e1d-4a72-aedf-f34f032442c1,WPI6_u1746415473f347,Successful,0,Real,Windows 10,879,1498,Eastern Standard Time,"ANGLE (NVIDIA, NVIDIA GeForce GTX 980 Direct3D11 vs_5_0 ps_5_0), or similar",0,17,10,1,128,1.22.33,0,Firefox 138,3,96,96,-1,4,97.65143,80.49932,DEFAULT,1,N/A,2025-05-05T03:30:18.4610000Z,N/A,N/A
1475,2025-05-05T03:30:18.4610000Z,851710fe-0e1d-4a72-aedf-f34f032442c1,WPI6_u1746415473f347,Successful,0,Real,Windows 10,879,1498,Eastern Standard Time,"ANGLE (NVIDIA, NVIDIA GeForce GTX 980 Direct3D11 vs_5_0 ps_5_0), or similar",0,17,10,1,128,1.22.33,0,Firefox 138,3,-1,-1,-1,5,97.44673,71.52769,DEFAULT,1,N/A,2025-05-05T03:30:18.4610000Z,N/A,N/A
1476,2025-05-05T03:30:18.4610000Z,851710fe-0e1d-4a72-aedf-f34f032442c1,WPI6_u1746415473f347,Successful,0,Real,Windows 10,879,1498,Eastern Standard Time,"ANGLE (NVIDIA, NVIDIA GeForce GTX 980 Direct3D11 vs_5_0 ps_5_0), or similar",0,17,10,1,128,1.22.33,0,Firefox 138,3,29,29,-1,6,98.4729156,50.81802,DEFAULT,1,N/A,2025-05-05T03:30:18.4610000Z,N/A,N/A
1477,2025-05-05T05:09:41.4680000Z,851710fe-0e1d-4a72-aedf-f34f032442c1,WPI6_1o74642159c6210,Successful,0,Real,Windows 10,799,1198,Eastern Standard Time,"ANGLE (AMD, AMD Radeon RX 6600 XT (0x000073FF) Direct3D11 vs_5_0 ps_5_0, D3D11)",0,17,10,1,128,1.22.33,0,Chrome 135,3,12,12,-1,0,122.431458,34.81051,DEFAULT,1,N/A,2025-05-05T05:09:41.4680000Z,N/A,N/A
1478,2025-05-05T05:09:41.4680000Z,851710fe-0e1d-4a72-aedf-f34f032442c1,WPI6_1o74642159c6210,Successful,0,Real,Windows 10,799,1198,Eastern Standard Time,"ANGLE (AMD, AMD Radeon RX 6600 XT (0x000073FF) Direct3D11 vs_5_0 ps_5_0, D3D11)",0,17,10,1,128,1.22.33,0,Chrome 135,3,-1,-1,-1,1,121.108879,26.6698971,DEFAULT,1,N/A,2025-05-05T05:09:41.4680000Z,N/A,N/A
1479,2025-05-05T05:09:41.4680000Z,851710fe-0e1d-4a72-aedf-f34f032442c1,WPI6_1o74642159c6210,Successful,0,Real,Windows 10,799,1198,Eastern Standard Time,"ANGLE (AMD, AMD Radeon RX 6600 XT (0x000073FF) Direct3D11 vs_5_0 ps_5_0, D3D11)",0,17,10,1,128,1.22.33,0,Chrome 135,3,74,74,-1,2,121.004631,30.769352,DEFAULT,1,N/A,2025-05-05T05:09:41.4680000Z,N/A,N/A
1480,2025-05-05T05:09:41.4680000Z,851710fe-0e1d-4a72-aedf-f34f032442c1,WPI6_1o74642159c6210,Successful,0,Real,Windows 10,799,1198,Eastern Standard Time,"ANGLE (AMD, AMD Radeon RX 6600 XT (0x000073FF) Direct3D11 vs_5_0 ps_5_0, D3D11)",0,17,10,1,128,1.22.33,0,Chrome 135,3,57,57,-1,3,120.556068,32.7021675,DEFAULT,1,N/A,2025-05-05T05:09:41.4680000Z,N/A,N/A
1481,2025-05-05T05:09:41.4680000Z,851710fe-0e1d-4a72-aedf-f34f032442c1,WPI6_1o74642159c6210,Successful,0,Real,Windows 10,799,1198,Eastern Standard Time,"ANGLE (AMD, AMD Radeon RX 6600 XT (0x000073FF) Direct3D11 vs_5_0 ps_5_0, D3D11)",0,17,10,1,128,1.22.33,0,Chrome 135,3,16,16,-1,4,122.834381,49.5312462,DEFAULT,1,N/A,2025-05-05T05:09:41.4680000Z,N/A,N/A
1482,2025-05-05T05:09:41.4680000Z,851710fe-0e1d-4a72-aedf-f34f032442c1,WPI6_1o74642159c6210,Successful,0,Real,Windows 10,799,1198,Eastern Standard Time,"ANGLE (AMD, AMD Radeon RX 6600 XT (0x000073FF) Direct3D11 vs_5_0 ps_5_0, D3D11)",0,17,10,1,128,1.22.33,0,Chrome 135,3,6,6,-1,5,121.582481,27.4132366,DEFAULT,1,N/A,2025-05-05T05:09:41.4680000Z,N/A,N/A
1483,2025-05-05T05:09:41.4680000Z,851710fe-0e1d-4a72-aedf-f34f032442c1,WPI6_1o74642159c6210,Successful,0,Real,Windows 10,799,1198,Eastern Standard Time,"ANGLE (AMD, AMD Radeon RX 6600 XT (0x000073FF) Direct3D11 vs_5_0 ps_5_0, D3D11)",0,17,10,1,128,1.22.33,0,Chrome 135,3,42,42,-1,6,121.640953,45.1895447,DEFAULT,1,N/A,2025-05-05T05:09:41.4680000Z,N/A,N/A
1484,2025-05-05T12:59:43.9290000Z,851710fe-0e1d-4a72-aedf-f34f032442c1,WPI6_17aa46449773482,Successful,0,Real,Windows 10,999,1498,Eastern Standard Time,"ANGLE (Intel, Intel(R) Graphics (0x0000A7AC) Direct3D11 vs_5_0 ps_5_0, D3D11)",0,17,10,1,128,1.22.33,0,Chrome 135,3,12,12,-1,0,108.216316,120.274155,DEFAULT,1,N/A,2025-05-05T12:59:43.9290000Z,N/A,N/A
1485,2025-05-05T12:59:43.9290000Z,851710fe-0e1d-4a72-aedf-f34f032442c1,WPI6_17aa46449773482,Successful,0,Real,Windows 10,999,1498,Eastern Standard Time,"ANGLE (Intel, Intel(R) Graphics (0x0000A7AC) Direct3D11 vs_5_0 ps_5_0, D3D11)",0,17,10,1,128,1.22.33,0,Chrome 135,3,35,-1,-1,1,108.839066,115.588539,DEFAULT,0,N/A,2025-05-05T12:59:43.9290000Z,N/A,N/A
1486,2025-05-05T12:59:43.9290000Z,851710fe-0e1d-4a72-aedf-f34f032442c1,WPI6_17aa46449773482,Successful,0,Real,Windows 10,999,1498,Eastern Standard Time,"ANGLE (Intel, Intel(R) Graphics (0x0000A7AC) Direct3D11 vs_5_0 ps_5_0, D3D11)",0,17,10,1,128,1.22.33,0,Chrome 135,3,74,-1,-1,2,108.314415,115.528252,DEFAULT,0,N/A,2025-05-05T12:59:43.9290000Z,N/A,N/A
1487,2025-05-05T12:59:43.9290000Z,851710fe-0e1d-4a72-aedf-f34f032442c1,WPI6_17aa46449773482,Successful,0,Real,Windows 10,999,1498,Eastern Standard Time,"ANGLE (Intel, Intel(R) Graphics (0x0000A7AC) Direct3D11 vs_5_0 ps_5_0, D3D11)",0,17,10,1,128,1.22.33,0,Chrome 135,3,57,-1,-1,3,108.218483,107.562469,DEFAULT,0,N/A,2025-05-05T12:59:43.9290000Z,N/A,N/A
1488,2025-05-05T12:59:43.9290000Z,851710fe-0e1d-4a72-aedf-f34f032442c1,WPI6_17aa46449773482,Successful,0,Real,Windows 10,999,1498,Eastern Standard Time,"ANGLE (Intel, Intel(R) Graphics (0x0000A7AC) Direct3D11 vs_5_0 ps_5_0, D3D11)",0,17,10,1,128,1.22.33,0,Chrome 135,3,45,-1,-1,4,106.447235,120.251823,DEFAULT,0,N/A,2025-05-05T12:59:43.9290000Z,N/A,N/A
1489,2025-05-05T12:59:43.9290000Z,851710fe-0e1d-4a72-aedf-f34f032442c1,WPI6_17aa46449773482,Successful,0,Real,Windows 10,999,1498,Eastern Standard Time,"ANGLE (Intel, Intel(R) Graphics (0x0000A7AC) Direct3D11 vs_5_0 ps_5_0, D3D11)",0,17,10,1,128,1.22.33,0,Chrome 135,3,5,-1,-1,5,108.865517,90.52145,DEFAULT,0,N/A,2025-05-05T12:59:43.9290000Z,N/A,N/A
1490,2025-05-05T12:59:43.9290000Z,851710fe-0e1d-4a72-aedf-f34f032442c1,WPI6_17aa46449773482,Successful,0,Real,Windows 10,999,1498,Eastern Standard Time,"ANGLE (Intel, Intel(R) Graphics (0x0000A7AC) Direct3D11 vs_5_0 ps_5_0, D3D11)",0,17,10,1,128,1.22.33,0,Chrome 135,3,-1,-1,-1,6,109.932251,109.185081,DEFAULT,1,N/A,2025-05-05T12:59:43.9290000Z,N/A,N/A
1491,2025-05-05T15:17:56.9760000Z,851710fe-0e1d-4a72-aedf-f34f032442c1,WPI6_174o64579885r14,Successful,0,Real,Windows 10,913,1498,Eastern Standard Time,"ANGLE (Intel, Intel(R) Iris(R) Xe Graphics (0x00009A49) Direct3D11 vs_5_0 ps_5_0, D3D11)",0,17,10,1,128,1.22.33,0,Chrome 135,3,12,12,-1,0,109.100037,209.251709,DEFAULT,1,N/A,2025-05-05T15:17:56.9760000Z,N/A,N/A
1492,2025-05-05T15:17:56.9760000Z,851710fe-0e1d-4a72-aedf-f34f032442c1,WPI6_174o64579885r14,Successful,0,Real,Windows 10,913,1498,Eastern Standard Time,"ANGLE (Intel, Intel(R) Iris(R) Xe Graphics (0x00009A49) Direct3D11 vs_5_0 ps_5_0, D3D11)",0,17,10,1,128,1.22.33,0,Chrome 135,3,97,7,-1,1,109.541817,216.3305,DEFAULT,0,N/A,2025-05-05T15:17:56.9760000Z,N/A,N/A
1493,2025-05-05T15:17:56.9760000Z,851710fe-0e1d-4a72-aedf-f34f032442c1,WPI6_174o64579885r14,Successful,0,Real,Windows 10,913,1498,Eastern Standard Time,"ANGLE (Intel, Intel(R) Iris(R) Xe Graphics (0x00009A49) Direct3D11 vs_5_0 ps_5_0, D3D11)",0,17,10,1,128,1.22.33,0,Chrome 135,3,-1,-1,-1,2,110.198395,184.924561,DEFAULT,1,N/A,2025-05-05T15:17:56.9760000Z,N/A,N/A
1494,2025-05-05T15:17:56.9760000Z,851710fe-0e1d-4a72-aedf-f34f032442c1,WPI6_174o64579885r14,Successful,0,Real,Windows 10,913,1498,Eastern Standard Time,"ANGLE (Intel, Intel(R) Iris(R) Xe Graphics (0x00009A49) Direct3D11 vs_5_0 ps_5_0, D3D11)",0,17,10,1,128,1.22.33,0,Chrome 135,3,8,8,-1,3,109.484406,215.586288,DEFAULT,1,N/A,2025-05-05T15:17:56.9760000Z,N/A,N/A
1495,2025-05-05T15:17:56.9760000Z,851710fe-0e1d-4a72-aedf-f34f032442c1,WPI6_174o64579885r14,Successful,0,Real,Windows 10,913,1498,Eastern Standard Time,"ANGLE (Intel, Intel(R) Iris(R) Xe Graphics (0x00009A49) Direct3D11 vs_5_0 ps_5_0, D3D11)",0,17,10,1,128,1.22.33,0,Chrome 135,3,16,16,-1,4,109.885674,184.489182,DEFAULT,1,N/A,2025-05-05T15:17:56.9760000Z,N/A,N/A
1496,2025-05-05T15:17:56.9760000Z,851710fe-0e1d-4a72-aedf-f34f032442c1,WPI6_174o64579885r14,Successful,0,Real,Windows 10,913,1498,Eastern Standard Time,"ANGLE (Intel, Intel(R) Iris(R) Xe Graphics (0x00009A49) Direct3D11 vs_5_0 ps_5_0, D3D11)",0,17,10,1,128,1.22.33,0,Chrome 135,3,5,5,-1,5,108.945267,212.505341,DEFAULT,1,N/A,2025-05-05T15:17:56.9760000Z,N/A,N/A
1497,2025-05-05T15:17:56.9760000Z,851710fe-0e1d-4a72-aedf-f34f032442c1,WPI6_174o64579885r14,Successful,0,Real,Windows 10,913,1498,Eastern Standard Time,"ANGLE (Intel, Intel(R) Iris(R) Xe Graphics (0x00009A49) Direct3D11 vs_5_0 ps_5_0, D3D11)",0,17,10,1,128,1.22.33,0,Chrome 135,3,96,96,-1,6,110.120705,174.798111,DEFAULT,1,N/A,2025-05-05T15:17:56.9760000Z,N/A,N/A
1498,2025-05-05T19:57:53.7450000Z,851710fe-0e1d-4a72-aedf-f34f032442c1,WPI6_17l4n6474847019,Successful,0,Real,Windows 10,799,1198,Eastern Standard Time,"ANGLE (NVIDIA, NVIDIA GeForce RTX 4070 (0x00002786) Direct3D11 vs_5_0 ps_5_0, D3D11)",0,17,10,1,128,1.22.33,0,Chrome 136,3,12,12,-1,0,120.260185,28.8620663,DEFAULT,1,N/A,2025-05-05T19:57:53.7450000Z,N/A,N/A
1499,2025-05-05T19:57:53.7450000Z,851710fe-0e1d-4a72-aedf-f34f032442c1,WPI6_17l4n6474847019,Successful,0,Real,Windows 10,799,1198,Eastern Standard Time,"ANGLE (NVIDIA, NVIDIA GeForce RTX 4070 (0x00002786) Direct3D11 vs_5_0 ps_5_0, D3D11)",0,17,10,1,128,1.22.33,0,Chrome 136,3,5,5,-1,1,119.8767,28.3688183,DEFAULT,1,N/A,2025-05-05T19:57:53.7450000Z,N/A,N/A
1500,2025-05-05T19:57:53.7450000Z,851710fe-0e1d-4a72-aedf-f34f032442c1,WPI6_17l4n6474847019,Successful,0,Real,Windows 10,799,1198,Eastern Standard Time,"ANGLE (NVIDIA, NVIDIA GeForce RTX 4070 (0x00002786) Direct3D11 vs_5_0 ps_5_0, D3D11)",0,17,10,1,128,1.22.33,0,Chrome 136,3,-1,-1,-1,2,119.957123,31.8482513,DEFAULT,1,N/A,2025-05-05T19:57:53.7450000Z,N/A,N/A
1501,2025-05-05T19:57:53.7450000Z,851710fe-0e1d-4a72-aedf-f34f032442c1,WPI6_17l4n6474847019,Successful,0,Real,Windows 10,799,1198,Eastern Standard Time,"ANGLE (NVIDIA, NVIDIA GeForce RTX 4070 (0x00002786) Direct3D11 vs_5_0 ps_5_0, D3D11)",0,17,10,1,128,1.22.33,0,Chrome 136,3,26,28,-1,3,120.278481,28.01569,DEFAULT,0,N/A,2025-05-05T19:57:53.7450000Z,N/A,N/A
1502,2025-05-05T19:57:53.7450000Z,851710fe-0e1d-4a72-aedf-f34f032442c1,WPI6_17l4n6474847019,Successful,0,Real,Windows 10,799,1198,Eastern Standard Time,"ANGLE (NVIDIA, NVIDIA GeForce RTX 4070 (0x00002786) Direct3D11 vs_5_0 ps_5_0, D3D11)",0,17,10,1,128,1.22.33,0,Chrome 136,3,97,97,-1,4,120.327423,28.6144581,DEFAULT,1,N/A,2025-05-05T19:57:53.7450000Z,N/A,N/A
1503,2025-05-05T19:57:53.7450000Z,851710fe-0e1d-4a72-aedf-f34f032442c1,WPI6_17l4n6474847019,Successful,0,Real,Windows 10,799,1198,Eastern Standard Time,"ANGLE (NVIDIA, NVIDIA GeForce RTX 4070 (0x00002786) Direct3D11 vs_5_0 ps_5_0, D3D11)",0,17,10,1,128,1.22.33,0,Chrome 136,3,57,57,-1,5,120.550331,24.7918377,DEFAULT,1,N/A,2025-05-05T19:57:53.7450000Z,N/A,N/A
1504,2025-05-05T19:57:53.7450000Z,851710fe-0e1d-4a72-aedf-f34f032442c1,WPI6_17l4n6474847019,Successful,0,Real,Windows 10,799,1198,Eastern Standard Time,"ANGLE (NVIDIA, NVIDIA GeForce RTX 4070 (0x00002786) Direct3D11 vs_5_0 ps_5_0, D3D11)",0,17,10,1,128,1.22.33,0,Chrome 136,3,3,3,-1,6,120.231277,30.77643,DEFAULT,1,N/A,2025-05-05T19:57:53.7450000Z,N/A,N/A
1505,2025-05-05T20:30:32.4330000Z,851710fe-0e1d-4a72-aedf-f34f032442c1,WPI6_1746o4768671l12,Successful,0,Real,Windows 10,799,1198,Eastern Standard Time,"ANGLE (NVIDIA, NVIDIA GeForce RTX 4070 (0x00002786) Direct3D11 vs_5_0 ps_5_0, D3D11)",0,17,10,1,128,1.22.33,0,Chrome 136,3,12,12,-1,0,120.143539,27.68328,DEFAULT,1,N/A,2025-05-05T20:30:32.4330000Z,N/A,N/A
1506,2025-05-05T20:30:32.4330000Z,851710fe-0e1d-4a72-aedf-f34f032442c1,WPI6_1746o4768671l12,Successful,0,Real,Windows 10,799,1198,Eastern Standard Time,"ANGLE (NVIDIA, NVIDIA GeForce RTX 4070 (0x00002786) Direct3D11 vs_5_0 ps_5_0, D3D11)",0,17,10,1,128,1.22.33,0,Chrome 136,3,3,3,-1,1,120.040688,22.5075512,DEFAULT,1,N/A,2025-05-05T20:30:32.4330000Z,N/A,N/A
1507,2025-05-05T20:30:32.4330000Z,851710fe-0e1d-4a72-aedf-f34f032442c1,WPI6_1746o4768671l12,Successful,0,Real,Windows 10,799,1198,Eastern Standard Time,"ANGLE (NVIDIA, NVIDIA GeForce RTX 4070 (0x00002786) Direct3D11 vs_5_0 ps_5_0, D3D11)",0,17,10,1,128,1.22.33,0,Chrome 136,3,42,42,-1,2,120.862045,30.0749378,DEFAULT,1,N/A,2025-05-05T20:30:32.4330000Z,N/A,N/A
1508,2025-05-05T20:30:32.4330000Z,851710fe-0e1d-4a72-aedf-f34f032442c1,WPI6_1746o4768671l12,Successful,0,Real,Windows 10,799,1198,Eastern Standard Time,"ANGLE (NVIDIA, NVIDIA GeForce RTX 4070 (0x00002786) Direct3D11 vs_5_0 ps_5_0, D3D11)",0,17,10,1,128,1.22.33,0,Chrome 136,3,6,6,-1,3,119.615776,29.05477,DEFAULT,1,N/A,2025-05-05T20:30:32.4330000Z,N/A,N/A
1509,2025-05-05T20:30:32.4330000Z,851710fe-0e1d-4a72-aedf-f34f032442c1,WPI6_1746o4768671l12,Successful,0,Real,Windows 10,799,1198,Eastern Standard Time,"ANGLE (NVIDIA, NVIDIA GeForce RTX 4070 (0x00002786) Direct3D11 vs_5_0 ps_5_0, D3D11)",0,17,10,1,128,1.22.33,0,Chrome 136,3,7,7,-1,4,120.378906,25.6967983,DEFAULT,1,N/A,2025-05-05T20:30:32.4330000Z,N/A,N/A
1510,2025-05-05T20:30:32.4330000Z,851710fe-0e1d-4a72-aedf-f34f032442c1,WPI6_1746o4768671l12,Successful,0,Real,Windows 10,799,1198,Eastern Standard Time,"ANGLE (NVIDIA, NVIDIA GeForce RTX 4070 (0x00002786) Direct3D11 vs_5_0 ps_5_0, D3D11)",0,17,10,1,128,1.22.33,0,Chrome 136,3,-1,-1,-1,5,120.216408,24.3522148,DEFAULT,1,N/A,2025-05-05T20:30:32.4330000Z,N/A,N/A
1511,2025-05-05T20:30:32.4330000Z,851710fe-0e1d-4a72-aedf-f34f032442c1,WPI6_1746o4768671l12,Successful,0,Real,Windows 10,799,1198,Eastern Standard Time,"ANGLE (NVIDIA, NVIDIA GeForce RTX 4070 (0x00002786) Direct3D11 vs_5_0 ps_5_0, D3D11)",0,17,10,1,128,1.22.33,0,Chrome 136,3,2,2,-1,6,120.974785,31.3081741,DEFAULT,1,N/A,2025-05-05T20:30:32.4330000Z,N/A,N/A
1512,2025-05-05T20:40:27.8700000Z,851710fe-0e1d-4a72-aedf-f34f032442c1,WPI6_17u4e6477394553,Successful,0,Real,Windows 10,869,1498,Eastern Standard Time,"ANGLE (Intel, Intel(R) UHD Graphics (0x00008A56) Direct3D11 vs_5_0 ps_5_0, D3D11)",0,17,10,1,128,1.22.33,0,Chrome 135,3,12,12,-1,0,66.5418243,204.999069,DEFAULT,1,N/A,2025-05-05T20:40:27.8700000Z,N/A,N/A
1513,2025-05-05T20:40:27.8700000Z,851710fe-0e1d-4a72-aedf-f34f032442c1,WPI6_17u4e6477394553,Successful,0,Real,Windows 10,869,1498,Eastern Standard Time,"ANGLE (Intel, Intel(R) UHD Graphics (0x00008A56) Direct3D11 vs_5_0 ps_5_0, D3D11)",0,17,10,1,128,1.22.33,0,Chrome 135,3,5,5,-1,1,67.64858,249.035568,DEFAULT,1,N/A,2025-05-05T20:40:27.8700000Z,N/A,N/A
1514,2025-05-05T20:40:27.8700000Z,851710fe-0e1d-4a72-aedf-f34f032442c1,WPI6_17u4e6477394553,Successful,0,Real,Windows 10,869,1498,Eastern Standard Time,"ANGLE (Intel, Intel(R) UHD Graphics (0x00008A56) Direct3D11 vs_5_0 ps_5_0, D3D11)",0,17,10,1,128,1.22.33,0,Chrome 135,3,96,96,-1,2,78.91758,487.7799,DEFAULT,1,N/A,2025-05-05T20:40:27.8700000Z,N/A,N/A
1515,2025-05-05T20:40:27.8700000Z,851710fe-0e1d-4a72-aedf-f34f032442c1,WPI6_17u4e6477394553,Successful,0,Real,Windows 10,869,1498,Eastern Standard Time,"ANGLE (Intel, Intel(R) UHD Graphics (0x00008A56) Direct3D11 vs_5_0 ps_5_0, D3D11)",0,17,10,1,128,1.22.33,0,Chrome 135,3,-1,-1,-1,3,69.935,267.211548,DEFAULT,1,N/A,2025-05-05T20:40:27.8700000Z,N/A,N/A
1516,2025-05-05T20:40:27.8700000Z,851710fe-0e1d-4a72-aedf-f34f032442c1,WPI6_17u4e6477394553,Successful,0,Real,Windows 10,869,1498,Eastern Standard Time,"ANGLE (Intel, Intel(R) UHD Graphics (0x00008A56) Direct3D11 vs_5_0 ps_5_0, D3D11)",0,17,10,1,128,1.22.33,0,Chrome 135,3,5,5,-1,4,78.13117,408.839,DEFAULT,1,N/A,2025-05-05T20:40:27.8700000Z,N/A,N/A
1517,2025-05-05T20:40:27.8700000Z,851710fe-0e1d-4a72-aedf-f34f032442c1,WPI6_17u4e6477394553,Successful,0,Real,Windows 10,869,1498,Eastern Standard Time,"ANGLE (Intel, Intel(R) UHD Graphics (0x00008A56) Direct3D11 vs_5_0 ps_5_0, D3D11)",0,17,10,1,128,1.22.33,0,Chrome 135,3,97,97,-1,5,77.81819,452.358765,DEFAULT,1,N/A,2025-05-05T20:40:27.8700000Z,N/A,N/A
1518,2025-05-05T20:40:27.8700000Z,851710fe-0e1d-4a72-aedf-f34f032442c1,WPI6_17u4e6477394553,Successful,0,Real,Windows 10,869,1498,Eastern Standard Time,"ANGLE (Intel, Intel(R) UHD Graphics (0x00008A56) Direct3D11 vs_5_0 ps_5_0, D3D11)",0,17,10,1,128,1.22.33,0,Chrome 135,3,8,8,-1,6,79.86558,452.403564,DEFAULT,1,N/A,2025-05-05T20:40:27.8700000Z,N/A,N/A
1519,2025-05-05T21:11:45.8980000Z,851710fe-0e1d-4a72-aedf-f34f032442c1,WPI6_17464p7929282a2,Successful,0,Real,Windows 10,967,1450,Eastern Standard Time,"ANGLE (AMD, AMD Radeon(TM) Graphics (0x00001636) Direct3D11 vs_5_0 ps_5_0, D3D11)",0,17,10,1,128,1.22.33,0,Chrome 135,3,12,12,-1,0,121.574776,69.3993,DEFAULT,1,N/A,2025-05-05T21:11:45.8980000Z,N/A,N/A
1520,2025-05-05T21:11:45.8980000Z,851710fe-0e1d-4a72-aedf-f34f032442c1,WPI6_17464p7929282a2,Successful,0,Real,Windows 10,967,1450,Eastern Standard Time,"ANGLE (AMD, AMD Radeon(TM) Graphics (0x00001636) Direct3D11 vs_5_0 ps_5_0, D3D11)",0,17,10,1,128,1.22.33,0,Chrome 135,3,29,29,-1,1,121.962952,73.96340000000001,DEFAULT,1,N/A,2025-05-05T21:11:45.8980000Z,N/A,N/A
1521,2025-05-05T21:11:45.8980000Z,851710fe-0e1d-4a72-aedf-f34f032442c1,WPI6_17464p7929282a2,Successful,0,Real,Windows 10,967,1450,Eastern Standard Time,"ANGLE (AMD, AMD Radeon(TM) Graphics (0x00001636) Direct3D11 vs_5_0 ps_5_0, D3D11)",0,17,10,1,128,1.22.33,0,Chrome 135,3,16,16,-1,2,123.516228,56.9851952,DEFAULT,1,N/A,2025-05-05T21:11:45.8980000Z,N/A,N/A
1522,2025-05-05T21:11:45.8980000Z,851710fe-0e1d-4a72-aedf-f34f032442c1,WPI6_17464p7929282a2,Successful,0,Real,Windows 10,967,1450,Eastern Standard Time,"ANGLE (AMD, AMD Radeon(TM) Graphics (0x00001636) Direct3D11 vs_5_0 ps_5_0, D3D11)",0,17,10,1,128,1.22.33,0,Chrome 135,3,15,15,-1,3,123.00621,53.8044662,DEFAULT,1,N/A,2025-05-05T21:11:45.8980000Z,N/A,N/A
1523,2025-05-05T21:11:45.8980000Z,851710fe-0e1d-4a72-aedf-f34f032442c1,WPI6_17464p7929282a2,Successful,0,Real,Windows 10,967,1450,Eastern Standard Time,"ANGLE (AMD, AMD Radeon(TM) Graphics (0x00001636) Direct3D11 vs_5_0 ps_5_0, D3D11)",0,17,10,1,128,1.22.33,0,Chrome 135,3,45,45,-1,4,122.263412,64.4277,DEFAULT,1,N/A,2025-05-05T21:11:45.8980000Z,N/A,N/A
1524,2025-05-05T21:11:45.8980000Z,851710fe-0e1d-4a72-aedf-f34f032442c1,WPI6_17464p7929282a2,Successful,0,Real,Windows 10,967,1450,Eastern Standard Time,"ANGLE (AMD, AMD Radeon(TM) Graphics (0x00001636) Direct3D11 vs_5_0 ps_5_0, D3D11)",0,17,10,1,128,1.22.33,0,Chrome 135,3,96,96,-1,5,122.972427,61.9574432,DEFAULT,1,N/A,2025-05-05T21:11:45.8980000Z,N/A,N/A
1525,2025-05-05T21:11:45.8980000Z,851710fe-0e1d-4a72-aedf-f34f032442c1,WPI6_17464p7929282a2,Successful,0,Real,Windows 10,967,1450,Eastern Standard Time,"ANGLE (AMD, AMD Radeon(TM) Graphics (0x00001636) Direct3D11 vs_5_0 ps_5_0, D3D11)",0,17,10,1,128,1.22.33,0,Chrome 135,3,-1,-1,-1,6,123.366783,62.3181953,DEFAULT,1,N/A,2025-05-05T21:11:45.8980000Z,N/A,N/A
1526,2025-05-05T21:16:49.8860000Z,851710fe-0e1d-4a72-aedf-f34f032442c1,WPI6_1746ua479590394,Successful,0,Real,Windows 10,839,1797,Eastern Standard Time,"ANGLE (Intel, Intel(R) Iris(R) Xe Graphics (0x00009A49) Direct3D11 vs_5_0 ps_5_0, D3D11)",0,17,10,1,128,1.22.33,0,Chrome 135,3,12,12,-1,0,70.72566,311.8184,DEFAULT,1,N/A,2025-05-05T21:16:49.8860000Z,N/A,N/A
1527,2025-05-05T21:16:49.8860000Z,851710fe-0e1d-4a72-aedf-f34f032442c1,WPI6_1746ua479590394,Successful,0,Real,Windows 10,839,1797,Eastern Standard Time,"ANGLE (Intel, Intel(R) Iris(R) Xe Graphics (0x00009A49) Direct3D11 vs_5_0 ps_5_0, D3D11)",0,17,10,1,128,1.22.33,0,Chrome 135,3,96,96,-1,1,70.6124344,347.929138,DEFAULT,1,N/A,2025-05-05T21:16:49.8860000Z,N/A,N/A
1528,2025-05-05T21:16:49.8860000Z,851710fe-0e1d-4a72-aedf-f34f032442c1,WPI6_1746ua479590394,Successful,0,Real,Windows 10,839,1797,Eastern Standard Time,"ANGLE (Intel, Intel(R) Iris(R) Xe Graphics (0x00009A49) Direct3D11 vs_5_0 ps_5_0, D3D11)",0,17,10,1,128,1.22.33,0,Chrome 135,3,6,6,-1,2,70.0617142,332.555939,DEFAULT,1,N/A,2025-05-05T21:16:49.8860000Z,N/A,N/A
1529,2025-05-05T21:16:49.8860000Z,851710fe-0e1d-4a72-aedf-f34f032442c1,WPI6_1746ua479590394,Successful,0,Real,Windows 10,839,1797,Eastern Standard Time,"ANGLE (Intel, Intel(R) Iris(R) Xe Graphics (0x00009A49) Direct3D11 vs_5_0 ps_5_0, D3D11)",0,17,10,1,128,1.22.33,0,Chrome 135,3,-1,-1,-1,3,73.0338,422.381622,DEFAULT,1,N/A,2025-05-05T21:16:49.8860000Z,N/A,N/A
1530,2025-05-05T21:16:49.8860000Z,851710fe-0e1d-4a72-aedf-f34f032442c1,WPI6_1746ua479590394,Successful,0,Real,Windows 10,839,1797,Eastern Standard Time,"ANGLE (Intel, Intel(R) Iris(R) Xe Graphics (0x00009A49) Direct3D11 vs_5_0 ps_5_0, D3D11)",0,17,10,1,128,1.22.33,0,Chrome 135,3,15,15,-1,4,67.69465,221.70195,DEFAULT,1,N/A,2025-05-05T21:16:49.8860000Z,N/A,N/A
1531,2025-05-05T21:16:49.8860000Z,851710fe-0e1d-4a72-aedf-f34f032442c1,WPI6_1746ua479590394,Successful,0,Real,Windows 10,839,1797,Eastern Standard Time,"ANGLE (Intel, Intel(R) Iris(R) Xe Graphics (0x00009A49) Direct3D11 vs_5_0 ps_5_0, D3D11)",0,17,10,1,128,1.22.33,0,Chrome 135,3,6,6,-1,5,69.30032,243.3424,DEFAULT,1,N/A,2025-05-05T21:16:49.8860000Z,N/A,N/A
1532,2025-05-05T21:16:49.8860000Z,851710fe-0e1d-4a72-aedf-f34f032442c1,WPI6_1746ua479590394,Successful,0,Real,Windows 10,839,1797,Eastern Standard Time,"ANGLE (Intel, Intel(R) Iris(R) Xe Graphics (0x00009A49) Direct3D11 vs_5_0 ps_5_0, D3D11)",0,17,10,1,128,1.22.33,0,Chrome 135,3,5,5,-1,6,63.5281448,116.133385,DEFAULT,1,N/A,2025-05-05T21:16:49.8860000Z,N/A,N/A
1533,2025-05-05T21:31:05.0200000Z,851710fe-0e1d-4a72-aedf-f34f032442c1,WPI6_1746480st390846,Successful,0,Real,Windows 10,947,1797,Eastern Standard Time,"ANGLE (AMD, AMD Radeon 780M Graphics (0x00001900) Direct3D11 vs_5_0 ps_5_0, D3D11)",0,17,10,1,128,1.22.33,0,Chrome 135,3,12,12,-1,0,93.38147,900.974365,DEFAULT,1,N/A,2025-05-05T21:31:05.0200000Z,N/A,N/A
1534,2025-05-05T21:31:05.0200000Z,851710fe-0e1d-4a72-aedf-f34f032442c1,WPI6_1746480st390846,Successful,0,Real,Windows 10,947,1797,Eastern Standard Time,"ANGLE (AMD, AMD Radeon 780M Graphics (0x00001900) Direct3D11 vs_5_0 ps_5_0, D3D11)",0,17,10,1,128,1.22.33,0,Chrome 135,3,6,6,-1,1,119.54911,118.6137,DEFAULT,1,N/A,2025-05-05T21:31:05.0200000Z,N/A,N/A
1535,2025-05-05T21:31:05.0200000Z,851710fe-0e1d-4a72-aedf-f34f032442c1,WPI6_1746480st390846,Successful,0,Real,Windows 10,947,1797,Eastern Standard Time,"ANGLE (AMD, AMD Radeon 780M Graphics (0x00001900) Direct3D11 vs_5_0 ps_5_0, D3D11)",0,17,10,1,128,1.22.33,0,Chrome 135,3,5,5,-1,2,121.457832,82.9892654,DEFAULT,1,N/A,2025-05-05T21:31:05.0200000Z,N/A,N/A
1536,2025-05-05T21:31:05.0200000Z,851710fe-0e1d-4a72-aedf-f34f032442c1,WPI6_1746480st390846,Successful,0,Real,Windows 10,947,1797,Eastern Standard Time,"ANGLE (AMD, AMD Radeon 780M Graphics (0x00001900) Direct3D11 vs_5_0 ps_5_0, D3D11)",0,17,10,1,128,1.22.33,0,Chrome 135,3,-1,-1,-1,3,121.157928,96.23619,DEFAULT,1,N/A,2025-05-05T21:31:05.0200000Z,N/A,N/A
1537,2025-05-05T21:31:05.0200000Z,851710fe-0e1d-4a72-aedf-f34f032442c1,WPI6_1746480st390846,Successful,0,Real,Windows 10,947,1797,Eastern Standard Time,"ANGLE (AMD, AMD Radeon 780M Graphics (0x00001900) Direct3D11 vs_5_0 ps_5_0, D3D11)",0,17,10,1,128,1.22.33,0,Chrome 135,3,35,35,-1,4,120.577576,79.1709,DEFAULT,1,N/A,2025-05-05T21:31:05.0200000Z,N/A,N/A
1538,2025-05-05T21:31:05.0200000Z,851710fe-0e1d-4a72-aedf-f34f032442c1,WPI6_1746480st390846,Successful,0,Real,Windows 10,947,1797,Eastern Standard Time,"ANGLE (AMD, AMD Radeon 780M Graphics (0x00001900) Direct3D11 vs_5_0 ps_5_0, D3D11)",0,17,10,1,128,1.22.33,0,Chrome 135,3,45,45,-1,5,119.865852,98.64782,DEFAULT,1,N/A,2025-05-05T21:31:05.0200000Z,N/A,N/A
1539,2025-05-05T21:31:05.0200000Z,851710fe-0e1d-4a72-aedf-f34f032442c1,WPI6_1746480st390846,Successful,0,Real,Windows 10,947,1797,Eastern Standard Time,"ANGLE (AMD, AMD Radeon 780M Graphics (0x00001900) Direct3D11 vs_5_0 ps_5_0, D3D11)",0,17,10,1,128,1.22.33,0,Chrome 135,3,74,74,-1,6,103.14669,857.7865,DEFAULT,1,N/A,2025-05-05T21:31:05.0200000Z,N/A,N/A
1540,2025-05-05T21:45:47.3720000Z,851710fe-0e1d-4a72-aedf-f34f032442c1,WPI6_17s4648133m0525,Successful,0,Real,Windows 10,1574,2396,Eastern Standard Time,"ANGLE (AMD, AMD Radeon 780M Graphics (0x00001900) Direct3D11 vs_5_0 ps_5_0, D3D11)",0,17,10,1,128,1.22.33,0,Chrome 135,3,12,12,-1,0,120.144882,62.09733,DEFAULT,1,N/A,2025-05-05T21:45:47.3720000Z,N/A,N/A
1541,2025-05-05T21:45:47.3720000Z,851710fe-0e1d-4a72-aedf-f34f032442c1,WPI6_17s4648133m0525,Successful,0,Real,Windows 10,1574,2396,Eastern Standard Time,"ANGLE (AMD, AMD Radeon 780M Graphics (0x00001900) Direct3D11 vs_5_0 ps_5_0, D3D11)",0,17,10,1,128,1.22.33,0,Chrome 135,3,16,16,-1,1,120.341927,65.4378,DEFAULT,1,N/A,2025-05-05T21:45:47.3720000Z,N/A,N/A
1542,2025-05-05T21:45:47.3720000Z,851710fe-0e1d-4a72-aedf-f34f032442c1,WPI6_17s4648133m0525,Successful,0,Real,Windows 10,1574,2396,Eastern Standard Time,"ANGLE (AMD, AMD Radeon 780M Graphics (0x00001900) Direct3D11 vs_5_0 ps_5_0, D3D11)",0,17,10,1,128,1.22.33,0,Chrome 135,3,42,42,-1,2,120.410591,59.97964,DEFAULT,1,N/A,2025-05-05T21:45:47.3720000Z,N/A,N/A
1543,2025-05-05T21:45:47.3720000Z,851710fe-0e1d-4a72-aedf-f34f032442c1,WPI6_17s4648133m0525,Successful,0,Real,Windows 10,1574,2396,Eastern Standard Time,"ANGLE (AMD, AMD Radeon 780M Graphics (0x00001900) Direct3D11 vs_5_0 ps_5_0, D3D11)",0,17,10,1,128,1.22.33,0,Chrome 135,3,-1,-1,-1,3,120.555115,70.1124649,DEFAULT,1,N/A,2025-05-05T21:45:47.3720000Z,N/A,N/A
1544,2025-05-05T21:45:47.3720000Z,851710fe-0e1d-4a72-aedf-f34f032442c1,WPI6_17s4648133m0525,Successful,0,Real,Windows 10,1574,2396,Eastern Standard Time,"ANGLE (AMD, AMD Radeon 780M Graphics (0x00001900) Direct3D11 vs_5_0 ps_5_0, D3D11)",0,17,10,1,128,1.22.33,0,Chrome 135,3,5,5,-1,4,120.574677,57.8194427,DEFAULT,1,N/A,2025-05-05T21:45:47.3720000Z,N/A,N/A
1545,2025-05-05T21:45:47.3720000Z,851710fe-0e1d-4a72-aedf-f34f032442c1,WPI6_17s4648133m0525,Successful,0,Real,Windows 10,1574,2396,Eastern Standard Time,"ANGLE (AMD, AMD Radeon 780M Graphics (0x00001900) Direct3D11 vs_5_0 ps_5_0, D3D11)",0,17,10,1,128,1.22.33,0,Chrome 135,3,8,8,-1,5,120.507065,55.8350334,DEFAULT,1,N/A,2025-05-05T21:45:47.3720000Z,N/A,N/A
1546,2025-05-05T21:45:47.3720000Z,851710fe-0e1d-4a72-aedf-f34f032442c1,WPI6_17s4648133m0525,Successful,0,Real,Windows 10,1574,2396,Eastern Standard Time,"ANGLE (AMD, AMD Radeon 780M Graphics (0x00001900) Direct3D11 vs_5_0 ps_5_0, D3D11)",0,17,10,1,128,1.22.33,0,Chrome 135,3,2,2,-1,6,120.379776,53.7725372,DEFAULT,1,N/A,2025-05-05T21:45:47.3720000Z,N/A,N/A
1547,2025-05-05T21:57:13.0640000Z,851710fe-0e1d-4a72-aedf-f34f032442c1,WPI6_174q648202320p8,Successful,0,Real,Mac OS X 10_15_7,1424,2396,Eastern Standard Time,"ANGLE (Intel, ANGLE Metal Renderer: Intel(R) Iris(TM) Plus Graphics 645, Unspecified Version)",0,17,10,1,128,1.22.33,0,Chrome 136,3,12,12,-1,0,121.360954,52.24176,DEFAULT,1,N/A,2025-05-05T21:57:13.0640000Z,N/A,N/A
1548,2025-05-05T21:57:13.0640000Z,851710fe-0e1d-4a72-aedf-f34f032442c1,WPI6_174q648202320p8,Successful,0,Real,Mac OS X 10_15_7,1424,2396,Eastern Standard Time,"ANGLE (Intel, ANGLE Metal Renderer: Intel(R) Iris(TM) Plus Graphics 645, Unspecified Version)",0,17,10,1,128,1.22.33,0,Chrome 136,3,97,97,-1,1,121.636024,65.6431961,DEFAULT,1,N/A,2025-05-05T21:57:13.0640000Z,N/A,N/A
1549,2025-05-05T21:57:13.0640000Z,851710fe-0e1d-4a72-aedf-f34f032442c1,WPI6_174q648202320p8,Successful,0,Real,Mac OS X 10_15_7,1424,2396,Eastern Standard Time,"ANGLE (Intel, ANGLE Metal Renderer: Intel(R) Iris(TM) Plus Graphics 645, Unspecified Version)",0,17,10,1,128,1.22.33,0,Chrome 136,3,3,3,-1,2,121.414955,52.2572,DEFAULT,1,N/A,2025-05-05T21:57:13.0640000Z,N/A,N/A
1550,2025-05-05T21:57:13.0640000Z,851710fe-0e1d-4a72-aedf-f34f032442c1,WPI6_174q648202320p8,Successful,0,Real,Mac OS X 10_15_7,1424,2396,Eastern Standard Time,"ANGLE (Intel, ANGLE Metal Renderer: Intel(R) Iris(TM) Plus Graphics 645, Unspecified Version)",0,17,10,1,128,1.22.33,0,Chrome 136,3,8,8,-1,3,120.886551,38.80185,DEFAULT,1,N/A,2025-05-05T21:57:13.0640000Z,N/A,N/A
1551,2025-05-05T21:57:13.0640000Z,851710fe-0e1d-4a72-aedf-f34f032442c1,WPI6_174q648202320p8,Successful,0,Real,Mac OS X 10_15_7,1424,2396,Eastern Standard Time,"ANGLE (Intel, ANGLE Metal Renderer: Intel(R) Iris(TM) Plus Graphics 645, Unspecified Version)",0,17,10,1,128,1.22.33,0,Chrome 136,3,-1,-1,-1,4,121.90905,56.49931,DEFAULT,1,N/A,2025-05-05T21:57:13.0640000Z,N/A,N/A
1552,2025-05-05T21:57:13.0640000Z,851710fe-0e1d-4a72-aedf-f34f032442c1,WPI6_174q648202320p8,Successful,0,Real,Mac OS X 10_15_7,1424,2396,Eastern Standard Time,"ANGLE (Intel, ANGLE Metal Renderer: Intel(R) Iris(TM) Plus Graphics 645, Unspecified Version)",0,17,10,1,128,1.22.33,0,Chrome 136,3,42,42,-1,5,121.6305,46.593586,DEFAULT,1,N/A,2025-05-05T21:57:13.0640000Z,N/A,N/A
1553,2025-05-05T21:57:13.0640000Z,851710fe-0e1d-4a72-aedf-f34f032442c1,WPI6_174q648202320p8,Successful,0,Real,Mac OS X 10_15_7,1424,2396,Eastern Standard Time,"ANGLE (Intel, ANGLE Metal Renderer: Intel(R) Iris(TM) Plus Graphics 645, Unspecified Version)",0,17,10,1,128,1.22.33,0,Chrome 136,3,5,5,-1,6,122.0037,61.27243,DEFAULT,1,N/A,2025-05-05T21:57:13.0640000Z,N/A,N/A
1554,2025-05-05T22:04:24.4560000Z,851710fe-0e1d-4a72-aedf-f34f032442c1,WPI6_174648243is1845,Successful,0,Real,Windows 10,1080,1797,Eastern Standard Time,"ANGLE (Intel, Intel(R) Iris(R) Xe Graphics (0x000046A8) Direct3D11 vs_5_0 ps_5_0, D3D11)",0,17,10,1,128,1.22.33,0,Chrome 135,3,12,12,-1,0,121.300552,75.65703,DEFAULT,1,N/A,2025-05-05T22:04:24.4560000Z,N/A,N/A
1555,2025-05-05T22:04:24.4560000Z,851710fe-0e1d-4a72-aedf-f34f032442c1,WPI6_174648243is1845,Successful,0,Real,Windows 10,1080,1797,Eastern Standard Time,"ANGLE (Intel, Intel(R) Iris(R) Xe Graphics (0x000046A8) Direct3D11 vs_5_0 ps_5_0, D3D11)",0,17,10,1,128,1.22.33,0,Chrome 135,3,-1,-1,-1,1,121.686821,84.21546,DEFAULT,1,N/A,2025-05-05T22:04:24.4560000Z,N/A,N/A
1556,2025-05-05T22:04:24.4560000Z,851710fe-0e1d-4a72-aedf-f34f032442c1,WPI6_174648243is1845,Successful,0,Real,Windows 10,1080,1797,Eastern Standard Time,"ANGLE (Intel, Intel(R) Iris(R) Xe Graphics (0x000046A8) Direct3D11 vs_5_0 ps_5_0, D3D11)",0,17,10,1,128,1.22.33,0,Chrome 135,3,5,5,-1,2,120.7914,80.0549,DEFAULT,1,N/A,2025-05-05T22:04:24.4560000Z,N/A,N/A
1557,2025-05-05T22:04:24.4560000Z,851710fe-0e1d-4a72-aedf-f34f032442c1,WPI6_174648243is1845,Successful,0,Real,Windows 10,1080,1797,Eastern Standard Time,"ANGLE (Intel, Intel(R) Iris(R) Xe Graphics (0x000046A8) Direct3D11 vs_5_0 ps_5_0, D3D11)",0,17,10,1,128,1.22.33,0,Chrome 135,3,74,74,-1,3,119.556694,137.0308,DEFAULT,1,N/A,2025-05-05T22:04:24.4560000Z,N/A,N/A
1558,2025-05-05T22:04:24.4560000Z,851710fe-0e1d-4a72-aedf-f34f032442c1,WPI6_174648243is1845,Successful,0,Real,Windows 10,1080,1797,Eastern Standard Time,"ANGLE (Intel, Intel(R) Iris(R) Xe Graphics (0x000046A8) Direct3D11 vs_5_0 ps_5_0, D3D11)",0,17,10,1,128,1.22.33,0,Chrome 135,3,26,26,-1,4,121.3387,85.59821,DEFAULT,1,N/A,2025-05-05T22:04:24.4560000Z,N/A,N/A
1559,2025-05-05T22:04:24.4560000Z,851710fe-0e1d-4a72-aedf-f34f032442c1,WPI6_174648243is1845,Successful,0,Real,Windows 10,1080,1797,Eastern Standard Time,"ANGLE (Intel, Intel(R) Iris(R) Xe Graphics (0x000046A8) Direct3D11 vs_5_0 ps_5_0, D3D11)",0,17,10,1,128,1.22.33,0,Chrome 135,3,45,45,-1,5,120.133156,100.926262,DEFAULT,1,N/A,2025-05-05T22:04:24.4560000Z,N/A,N/A
1560,2025-05-05T22:04:24.4560000Z,851710fe-0e1d-4a72-aedf-f34f032442c1,WPI6_174648243is1845,Successful,0,Real,Windows 10,1080,1797,Eastern Standard Time,"ANGLE (Intel, Intel(R) Iris(R) Xe Graphics (0x000046A8) Direct3D11 vs_5_0 ps_5_0, D3D11)",0,17,10,1,128,1.22.33,0,Chrome 135,3,8,8,-1,6,119.038567,113.57592,DEFAULT,1,N/A,2025-05-05T22:04:24.4560000Z,N/A,N/A
1561,2025-05-06T00:09:16.8320000Z,851710fe-0e1d-4a72-aedf-f34f032442c1,WPI6_174k6489827s320,Successful,0,Real,Mac OS X 10_15_7,1598,2396,Eastern Standard Time,Apple GPU,0,17,10,1,128,1.22.33,0,Safari 18.3,3,12,12,-1,0,116.774773,216.4213,DEFAULT,1,N/A,2025-05-06T00:09:16.8320000Z,N/A,N/A
1562,2025-05-06T00:09:16.8320000Z,851710fe-0e1d-4a72-aedf-f34f032442c1,WPI6_174k6489827s320,Successful,0,Real,Mac OS X 10_15_7,1598,2396,Eastern Standard Time,Apple GPU,0,17,10,1,128,1.22.33,0,Safari 18.3,3,3,3,-1,1,117.835411,174.037125,DEFAULT,1,N/A,2025-05-06T00:09:16.8320000Z,N/A,N/A
1563,2025-05-06T00:09:16.8320000Z,851710fe-0e1d-4a72-aedf-f34f032442c1,WPI6_174k6489827s320,Successful,0,Real,Mac OS X 10_15_7,1598,2396,Eastern Standard Time,Apple GPU,0,17,10,1,128,1.22.33,0,Safari 18.3,3,73,73,-1,2,118.665565,106.9856,DEFAULT,1,N/A,2025-05-06T00:09:16.8320000Z,N/A,N/A
1564,2025-05-06T00:09:16.8320000Z,851710fe-0e1d-4a72-aedf-f34f032442c1,WPI6_174k6489827s320,Successful,0,Real,Mac OS X 10_15_7,1598,2396,Eastern Standard Time,Apple GPU,0,17,10,1,128,1.22.33,0,Safari 18.3,3,6,6,-1,3,115.107422,202.663376,DEFAULT,1,N/A,2025-05-06T00:09:16.8320000Z,N/A,N/A
1565,2025-05-06T00:09:16.8320000Z,851710fe-0e1d-4a72-aedf-f34f032442c1,WPI6_174k6489827s320,Successful,0,Real,Mac OS X 10_15_7,1598,2396,Eastern Standard Time,Apple GPU,0,17,10,1,128,1.22.33,0,Safari 18.3,3,57,57,-1,4,117.051865,100.16732,DEFAULT,1,N/A,2025-05-06T00:09:16.8320000Z,N/A,N/A
1566,2025-05-06T00:09:16.8320000Z,851710fe-0e1d-4a72-aedf-f34f032442c1,WPI6_174k6489827s320,Successful,0,Real,Mac OS X 10_15_7,1598,2396,Eastern Standard Time,Apple GPU,0,17,10,1,128,1.22.33,0,Safari 18.3,3,-1,-1,-1,5,114.64503500000001,342.653625,DEFAULT,1,N/A,2025-05-06T00:09:16.8320000Z,N/A,N/A
1567,2025-05-06T00:09:16.8320000Z,851710fe-0e1d-4a72-aedf-f34f032442c1,WPI6_174k6489827s320,Successful,0,Real,Mac OS X 10_15_7,1598,2396,Eastern Standard Time,Apple GPU,0,17,10,1,128,1.22.33,0,Safari 18.3,3,35,35,-1,6,119.239365,125.304108,DEFAULT,1,N/A,2025-05-06T00:09:16.8320000Z,N/A,N/A
1568,2025-05-06T01:04:09.6860000Z,851710fe-0e1d-4a72-aedf-f34f032442c1,WPI6_174k6489827s320,Successful,1,Real,Mac OS X 10_15_7,1418,2396,Eastern Standard Time,Apple GPU,0,17,10,1,128,1.22.33,0,Safari 18.3,3,12,12,-1,0,115.50032,295.953,DEFAULT,1,N/A,2025-05-06T01:04:09.6860000Z,N/A,N/A
1569,2025-05-06T01:04:09.6860000Z,851710fe-0e1d-4a72-aedf-f34f032442c1,WPI6_174k6489827s320,Successful,1,Real,Mac OS X 10_15_7,1418,2396,Eastern Standard Time,Apple GPU,0,17,10,1,128,1.22.33,0,Safari 18.3,3,-1,-1,-1,1,117.257355,166.935822,DEFAULT,1,N/A,2025-05-06T01:04:09.6860000Z,N/A,N/A
1570,2025-05-06T01:04:09.6860000Z,851710fe-0e1d-4a72-aedf-f34f032442c1,WPI6_174k6489827s320,Successful,1,Real,Mac OS X 10_15_7,1418,2396,Eastern Standard Time,Apple GPU,0,17,10,1,128,1.22.33,0,Safari 18.3,3,73,73,-1,2,114.450623,186.3333,DEFAULT,1,N/A,2025-05-06T01:04:09.6860000Z,N/A,N/A
1571,2025-05-06T01:04:09.6860000Z,851710fe-0e1d-4a72-aedf-f34f032442c1,WPI6_174k6489827s320,Successful,1,Real,Mac OS X 10_15_7,1418,2396,Eastern Standard Time,Apple GPU,0,17,10,1,128,1.22.33,0,Safari 18.3,3,3,3,-1,3,117.292007,174.83284,DEFAULT,1,N/A,2025-05-06T01:04:09.6860000Z,N/A,N/A
1572,2025-05-06T01:04:09.6860000Z,851710fe-0e1d-4a72-aedf-f34f032442c1,WPI6_174k6489827s320,Successful,1,Real,Mac OS X 10_15_7,1418,2396,Eastern Standard Time,Apple GPU,0,17,10,1,128,1.22.33,0,Safari 18.3,3,2,2,-1,4,118.383926,123.176552,DEFAULT,1,N/A,2025-05-06T01:04:09.6860000Z,N/A,N/A
1573,2025-05-06T01:04:09.6860000Z,851710fe-0e1d-4a72-aedf-f34f032442c1,WPI6_174k6489827s320,Successful,1,Real,Mac OS X 10_15_7,1418,2396,Eastern Standard Time,Apple GPU,0,17,10,1,128,1.22.33,0,Safari 18.3,3,96,96,-1,5,116.788712,246.933319,DEFAULT,1,N/A,2025-05-06T01:04:09.6860000Z,N/A,N/A
1574,2025-05-06T01:04:09.6860000Z,851710fe-0e1d-4a72-aedf-f34f032442c1,WPI6_174k6489827s320,Successful,1,Real,Mac OS X 10_15_7,1418,2396,Eastern Standard Time,Apple GPU,0,17,10,1,128,1.22.33,0,Safari 18.3,3,29,29,-1,6,116.232361,218.093414,DEFAULT,1,N/A,2025-05-06T01:04:09.6860000Z,N/A,N/A
1575,2025-05-06T01:17:38.3890000Z,851710fe-0e1d-4a72-aedf-f34f032442c1,WPI6_174649405r19a06,Successful,0,Real,Windows 10,1199,1797,Eastern Standard Time,"ANGLE (Intel, Intel(R) HD Graphics Direct3D11 vs_5_0 ps_5_0), or similar",0,17,10,1,128,1.22.33,0,Firefox 138,3,12,12,-1,0,64.66283,33.4645958,DEFAULT,1,N/A,2025-05-06T01:17:38.3890000Z,N/A,N/A
1576,2025-05-06T01:17:38.3890000Z,851710fe-0e1d-4a72-aedf-f34f032442c1,WPI6_174649405r19a06,Successful,0,Real,Windows 10,1199,1797,Eastern Standard Time,"ANGLE (Intel, Intel(R) HD Graphics Direct3D11 vs_5_0 ps_5_0), or similar",0,17,10,1,128,1.22.33,0,Firefox 138,3,45,45,-1,1,64.43638,16.3986015,DEFAULT,1,N/A,2025-05-06T01:17:38.3890000Z,N/A,N/A
1577,2025-05-06T01:17:38.3890000Z,851710fe-0e1d-4a72-aedf-f34f032442c1,WPI6_174649405r19a06,Successful,0,Real,Windows 10,1199,1797,Eastern Standard Time,"ANGLE (Intel, Intel(R) HD Graphics Direct3D11 vs_5_0 ps_5_0), or similar",0,17,10,1,128,1.22.33,0,Firefox 138,3,-1,-1,-1,2,64.047554,15.9469528,DEFAULT,1,N/A,2025-05-06T01:17:38.3890000Z,N/A,N/A
1578,2025-05-06T01:17:38.3890000Z,851710fe-0e1d-4a72-aedf-f34f032442c1,WPI6_174649405r19a06,Successful,0,Real,Windows 10,1199,1797,Eastern Standard Time,"ANGLE (Intel, Intel(R) HD Graphics Direct3D11 vs_5_0 ps_5_0), or similar",0,17,10,1,128,1.22.33,0,Firefox 138,3,3,3,-1,3,64.3481445,62.47019,DEFAULT,1,N/A,2025-05-06T01:17:38.3890000Z,N/A,N/A
1579,2025-05-06T01:17:38.3890000Z,851710fe-0e1d-4a72-aedf-f34f032442c1,WPI6_174649405r19a06,Successful,0,Real,Windows 10,1199,1797,Eastern Standard Time,"ANGLE (Intel, Intel(R) HD Graphics Direct3D11 vs_5_0 ps_5_0), or similar",0,17,10,1,128,1.22.33,0,Firefox 138,3,42,42,-1,4,64.29456,32.8399773,DEFAULT,1,N/A,2025-05-06T01:17:38.3890000Z,N/A,N/A
1580,2025-05-06T01:17:38.3890000Z,851710fe-0e1d-4a72-aedf-f34f032442c1,WPI6_174649405r19a06,Successful,0,Real,Windows 10,1199,1797,Eastern Standard Time,"ANGLE (Intel, Intel(R) HD Graphics Direct3D11 vs_5_0 ps_5_0), or similar",0,17,10,1,128,1.22.33,0,Firefox 138,3,57,57,-1,5,64.2128143,11.1029215,DEFAULT,1,N/A,2025-05-06T01:17:38.3890000Z,N/A,N/A
1581,2025-05-06T01:17:38.3890000Z,851710fe-0e1d-4a72-aedf-f34f032442c1,WPI6_174649405r19a06,Successful,0,Real,Windows 10,1199,1797,Eastern Standard Time,"ANGLE (Intel, Intel(R) HD Graphics Direct3D11 vs_5_0 ps_5_0), or similar",0,17,10,1,128,1.22.33,0,Firefox 138,3,5,5,-1,6,64.15433,8.287651,DEFAULT,1,N/A,2025-05-06T01:17:38.3890000Z,N/A,N/A
1582,2025-05-06T03:25:55.7970000Z,851710fe-0e1d-4a72-aedf-f34f032442c1,WPI6_1746j501724o822,Successful,0,Real,Mac OS X 10_15_7,1598,2396,Eastern Standard Time,"ANGLE (Apple, ANGLE Metal Renderer: Apple M2 Pro, Unspecified Version)",0,17,10,1,128,1.22.33,0,Chrome 135,3,12,12,-1,0,118.611488,36.9449272,DEFAULT,1,N/A,2025-05-06T03:25:55.7970000Z,N/A,N/A
1583,2025-05-06T03:25:55.7970000Z,851710fe-0e1d-4a72-aedf-f34f032442c1,WPI6_1746j501724o822,Successful,0,Real,Mac OS X 10_15_7,1598,2396,Eastern Standard Time,"ANGLE (Apple, ANGLE Metal Renderer: Apple M2 Pro, Unspecified Version)",0,17,10,1,128,1.22.33,0,Chrome 135,3,6,6,-1,1,119.573624,34.6629524,DEFAULT,1,N/A,2025-05-06T03:25:55.7970000Z,N/A,N/A
1584,2025-05-06T03:25:55.7970000Z,851710fe-0e1d-4a72-aedf-f34f032442c1,WPI6_1746j501724o822,Successful,0,Real,Mac OS X 10_15_7,1598,2396,Eastern Standard Time,"ANGLE (Apple, ANGLE Metal Renderer: Apple M2 Pro, Unspecified Version)",0,17,10,1,128,1.22.33,0,Chrome 135,3,6,6,-1,2,119.302689,60.5334854,DEFAULT,1,N/A,2025-05-06T03:25:55.7970000Z,N/A,N/A
1585,2025-05-06T03:25:55.7970000Z,851710fe-0e1d-4a72-aedf-f34f032442c1,WPI6_1746j501724o822,Successful,0,Real,Mac OS X 10_15_7,1598,2396,Eastern Standard Time,"ANGLE (Apple, ANGLE Metal Renderer: Apple M2 Pro, Unspecified Version)",0,17,10,1,128,1.22.33,0,Chrome 135,3,5,5,-1,3,119.5681,42.07495,DEFAULT,1,N/A,2025-05-06T03:25:55.7970000Z,N/A,N/A
1586,2025-05-06T03:25:55.7970000Z,851710fe-0e1d-4a72-aedf-f34f032442c1,WPI6_1746j501724o822,Successful,0,Real,Mac OS X 10_15_7,1598,2396,Eastern Standard Time,"ANGLE (Apple, ANGLE Metal Renderer: Apple M2 Pro, Unspecified Version)",0,17,10,1,128,1.22.33,0,Chrome 135,3,-1,-1,-1,4,119.817192,26.53747,DEFAULT,1,N/A,2025-05-06T03:25:55.7970000Z,N/A,N/A
1587,2025-05-06T03:25:55.7970000Z,851710fe-0e1d-4a72-aedf-f34f032442c1,WPI6_1746j501724o822,Successful,0,Real,Mac OS X 10_15_7,1598,2396,Eastern Standard Time,"ANGLE (Apple, ANGLE Metal Renderer: Apple M2 Pro, Unspecified Version)",0,17,10,1,128,1.22.33,0,Chrome 135,3,96,96,-1,5,119.453682,50.4038277,DEFAULT,1,N/A,2025-05-06T03:25:55.7970000Z,N/A,N/A
1588,2025-05-06T03:25:55.7970000Z,851710fe-0e1d-4a72-aedf-f34f032442c1,WPI6_1746j501724o822,Successful,0,Real,Mac OS X 10_15_7,1598,2396,Eastern Standard Time,"ANGLE (Apple, ANGLE Metal Renderer: Apple M2 Pro, Unspecified Version)",0,17,10,1,128,1.22.33,0,Chrome 135,3,3,3,-1,6,119.205391,33.1104431,DEFAULT,1,N/A,2025-05-06T03:25:55.7970000Z,N/A,N/A
1589,2025-05-06T14:08:27.6460000Z,851710fe-0e1d-4a72-aedf-f34f032442c1,WPI6_1746f54025l1442,Successful,0,Real,Windows 10,913,1498,Eastern Standard Time,"ANGLE (Intel, Intel(R) Iris(R) Xe Graphics (0x0000A7A1) Direct3D11 vs_5_0 ps_5_0, D3D11)",0,17,10,1,128,1.22.33,0,Chrome 135,3,12,12,-1,0,84.2112,452.626984,DEFAULT,1,N/A,2025-05-06T14:08:27.6460000Z,N/A,N/A
1590,2025-05-06T14:08:27.6460000Z,851710fe-0e1d-4a72-aedf-f34f032442c1,WPI6_1746f54025l1442,Successful,0,Real,Windows 10,913,1498,Eastern Standard Time,"ANGLE (Intel, Intel(R) Iris(R) Xe Graphics (0x0000A7A1) Direct3D11 vs_5_0 ps_5_0, D3D11)",0,17,10,1,128,1.22.33,0,Chrome 135,3,5,5,-1,1,79.61166,410.0567,DEFAULT,1,N/A,2025-05-06T14:08:27.6460000Z,N/A,N/A
1591,2025-05-06T14:08:27.6460000Z,851710fe-0e1d-4a72-aedf-f34f032442c1,WPI6_1746f54025l1442,Successful,0,Real,Windows 10,913,1498,Eastern Standard Time,"ANGLE (Intel, Intel(R) Iris(R) Xe Graphics (0x0000A7A1) Direct3D11 vs_5_0 ps_5_0, D3D11)",0,17,10,1,128,1.22.33,0,Chrome 135,3,8,8,-1,2,79.5847,420.7215,DEFAULT,1,N/A,2025-05-06T14:08:27.6460000Z,N/A,N/A
1592,2025-05-06T14:08:27.6460000Z,851710fe-0e1d-4a72-aedf-f34f032442c1,WPI6_1746f54025l1442,Successful,0,Real,Windows 10,913,1498,Eastern Standard Time,"ANGLE (Intel, Intel(R) Iris(R) Xe Graphics (0x0000A7A1) Direct3D11 vs_5_0 ps_5_0, D3D11)",0,17,10,1,128,1.22.33,0,Chrome 135,3,2,2,-1,3,80.0507,435.365723,DEFAULT,1,N/A,2025-05-06T14:08:27.6460000Z,N/A,N/A
1593,2025-05-06T14:08:27.6460000Z,851710fe-0e1d-4a72-aedf-f34f032442c1,WPI6_1746f54025l1442,Successful,0,Real,Windows 10,913,1498,Eastern Standard Time,"ANGLE (Intel, Intel(R) Iris(R) Xe Graphics (0x0000A7A1) Direct3D11 vs_5_0 ps_5_0, D3D11)",0,17,10,1,128,1.22.33,0,Chrome 135,3,42,42,-1,4,82.5714645,485.420135,DEFAULT,1,N/A,2025-05-06T14:08:27.6460000Z,N/A,N/A
1594,2025-05-06T14:08:27.6460000Z,851710fe-0e1d-4a72-aedf-f34f032442c1,WPI6_1746f54025l1442,Successful,0,Real,Windows 10,913,1498,Eastern Standard Time,"ANGLE (Intel, Intel(R) Iris(R) Xe Graphics (0x0000A7A1) Direct3D11 vs_5_0 ps_5_0, D3D11)",0,17,10,1,128,1.22.33,0,Chrome 135,3,5,5,-1,5,83.46258,460.1203,DEFAULT,1,N/A,2025-05-06T14:08:27.6460000Z,N/A,N/A
1595,2025-05-06T14:08:27.6460000Z,851710fe-0e1d-4a72-aedf-f34f032442c1,WPI6_1746f54025l1442,Successful,0,Real,Windows 10,913,1498,Eastern Standard Time,"ANGLE (Intel, Intel(R) Iris(R) Xe Graphics (0x0000A7A1) Direct3D11 vs_5_0 ps_5_0, D3D11)",0,17,10,1,128,1.22.33,0,Chrome 135,3,-1,-1,-1,6,83.84437,425.785736,DEFAULT,1,N/A,2025-05-06T14:08:27.6460000Z,N/A,N/A
1596,2025-05-06T15:51:59.0290000Z,851710fe-0e1d-4a72-aedf-f34f032442c1,WPI6_17465z46406r196,Successful,0,Real,Windows 10,1548,2396,Eastern Standard Time,"ANGLE (Intel, Intel(R) Iris(R) Xe Graphics (0x0000A7A0) Direct3D11 vs_5_0 ps_5_0, D3D11)",0,17,10,1,128,1.22.33,0,Chrome 135,3,12,12,-1,0,76.60982,386.362427,DEFAULT,1,N/A,2025-05-06T15:51:59.0290000Z,N/A,N/A
1597,2025-05-06T15:51:59.0290000Z,851710fe-0e1d-4a72-aedf-f34f032442c1,WPI6_17465z46406r196,Successful,0,Real,Windows 10,1548,2396,Eastern Standard Time,"ANGLE (Intel, Intel(R) Iris(R) Xe Graphics (0x0000A7A0) Direct3D11 vs_5_0 ps_5_0, D3D11)",0,17,10,1,128,1.22.33,0,Chrome 135,3,5,5,-1,1,72.60147,308.585724,DEFAULT,1,N/A,2025-05-06T15:51:59.0290000Z,N/A,N/A
1598,2025-05-06T15:51:59.0290000Z,851710fe-0e1d-4a72-aedf-f34f032442c1,WPI6_17465z46406r196,Successful,0,Real,Windows 10,1548,2396,Eastern Standard Time,"ANGLE (Intel, Intel(R) Iris(R) Xe Graphics (0x0000A7A0) Direct3D11 vs_5_0 ps_5_0, D3D11)",0,17,10,1,128,1.22.33,0,Chrome 135,3,8,8,-1,2,74.3282,352.9315,DEFAULT,1,N/A,2025-05-06T15:51:59.0290000Z,N/A,N/A
1599,2025-05-06T15:51:59.0290000Z,851710fe-0e1d-4a72-aedf-f34f032442c1,WPI6_17465z46406r196,Successful,0,Real,Windows 10,1548,2396,Eastern Standard Time,"ANGLE (Intel, Intel(R) Iris(R) Xe Graphics (0x0000A7A0) Direct3D11 vs_5_0 ps_5_0, D3D11)",0,17,10,1,128,1.22.33,0,Chrome 135,3,97,97,-1,3,74.62189,369.864624,DEFAULT,1,N/A,2025-05-06T15:51:59.0290000Z,N/A,N/A
1600,2025-05-06T15:51:59.0290000Z,851710fe-0e1d-4a72-aedf-f34f032442c1,WPI6_17465z46406r196,Successful,0,Real,Windows 10,1548,2396,Eastern Standard Time,"ANGLE (Intel, Intel(R) Iris(R) Xe Graphics (0x0000A7A0) Direct3D11 vs_5_0 ps_5_0, D3D11)",0,17,10,1,128,1.22.33,0,Chrome 135,3,3,3,-1,4,74.1704,299.171631,DEFAULT,1,N/A,2025-05-06T15:51:59.0290000Z,N/A,N/A
1601,2025-05-06T15:51:59.0290000Z,851710fe-0e1d-4a72-aedf-f34f032442c1,WPI6_17465z46406r196,Successful,0,Real,Windows 10,1548,2396,Eastern Standard Time,"ANGLE (Intel, Intel(R) Iris(R) Xe Graphics (0x0000A7A0) Direct3D11 vs_5_0 ps_5_0, D3D11)",0,17,10,1,128,1.22.33,0,Chrome 135,3,-1,49,-1,5,72.94224,280.507355,DEFAULT,0,N/A,2025-05-06T15:51:59.0290000Z,N/A,N/A
1602,2025-05-06T15:51:59.0290000Z,851710fe-0e1d-4a72-aedf-f34f032442c1,WPI6_17465z46406r196,Successful,0,Real,Windows 10,1548,2396,Eastern Standard Time,"ANGLE (Intel, Intel(R) Iris(R) Xe Graphics (0x0000A7A0) Direct3D11 vs_5_0 ps_5_0, D3D11)",0,17,10,1,128,1.22.33,0,Chrome 135,3,26,26,-1,6,70.86705,280.970337,DEFAULT,1,N/A,2025-05-06T15:51:59.0290000Z,N/A,N/A
1603,2025-05-06T17:07:44.5930000Z,851710fe-0e1d-4a72-aedf-f34f032442c1,WPI6_174b6550g984996,Successful,0,Real,Windows 10,1823,2995,Eastern Standard Time,"ANGLE (Intel, Intel(R) Iris(R) Xe Graphics (0x0000A7A0) Direct3D11 vs_5_0 ps_5_0, D3D11)",0,17,10,1,128,1.22.33,0,Chrome 135,3,12,12,-1,0,60.8415642,55.6411819,DEFAULT,1,N/A,2025-05-06T17:07:44.5930000Z,N/A,N/A
1604,2025-05-06T17:07:44.5930000Z,851710fe-0e1d-4a72-aedf-f34f032442c1,WPI6_174b6550g984996,Successful,0,Real,Windows 10,1823,2995,Eastern Standard Time,"ANGLE (Intel, Intel(R) Iris(R) Xe Graphics (0x0000A7A0) Direct3D11 vs_5_0 ps_5_0, D3D11)",0,17,10,1,128,1.22.33,0,Chrome 135,3,-1,-1,-1,1,60.9112968,80.4806061,DEFAULT,1,N/A,2025-05-06T17:07:44.5930000Z,N/A,N/A
1605,2025-05-06T17:07:44.5930000Z,851710fe-0e1d-4a72-aedf-f34f032442c1,WPI6_174b6550g984996,Successful,0,Real,Windows 10,1823,2995,Eastern Standard Time,"ANGLE (Intel, Intel(R) Iris(R) Xe Graphics (0x0000A7A0) Direct3D11 vs_5_0 ps_5_0, D3D11)",0,17,10,1,128,1.22.33,0,Chrome 135,3,35,35,-1,2,69.44961,221.630112,DEFAULT,1,N/A,2025-05-06T17:07:44.5930000Z,N/A,N/A
1606,2025-05-06T17:07:44.5930000Z,851710fe-0e1d-4a72-aedf-f34f032442c1,WPI6_174b6550g984996,Successful,0,Real,Windows 10,1823,2995,Eastern Standard Time,"ANGLE (Intel, Intel(R) Iris(R) Xe Graphics (0x0000A7A0) Direct3D11 vs_5_0 ps_5_0, D3D11)",0,17,10,1,128,1.22.33,0,Chrome 135,3,15,15,-1,3,71.7476959,216.216949,DEFAULT,1,N/A,2025-05-06T17:07:44.5930000Z,N/A,N/A
1607,2025-05-06T17:07:44.5930000Z,851710fe-0e1d-4a72-aedf-f34f032442c1,WPI6_174b6550g984996,Successful,0,Real,Windows 10,1823,2995,Eastern Standard Time,"ANGLE (Intel, Intel(R) Iris(R) Xe Graphics (0x0000A7A0) Direct3D11 vs_5_0 ps_5_0, D3D11)",0,17,10,1,128,1.22.33,0,Chrome 135,3,16,16,-1,4,72.23163,185.675064,DEFAULT,1,N/A,2025-05-06T17:07:44.5930000Z,N/A,N/A
1608,2025-05-06T17:07:44.5930000Z,851710fe-0e1d-4a72-aedf-f34f032442c1,WPI6_174b6550g984996,Successful,0,Real,Windows 10,1823,2995,Eastern Standard Time,"ANGLE (Intel, Intel(R) Iris(R) Xe Graphics (0x0000A7A0) Direct3D11 vs_5_0 ps_5_0, D3D11)",0,17,10,1,128,1.22.33,0,Chrome 135,3,57,57,-1,5,67.7617645,173.550369,DEFAULT,1,N/A,2025-05-06T17:07:44.5930000Z,N/A,N/A
1609,2025-05-06T17:07:44.5930000Z,851710fe-0e1d-4a72-aedf-f34f032442c1,WPI6_174b6550g984996,Successful,0,Real,Windows 10,1823,2995,Eastern Standard Time,"ANGLE (Intel, Intel(R) Iris(R) Xe Graphics (0x0000A7A0) Direct3D11 vs_5_0 ps_5_0, D3D11)",0,17,10,1,128,1.22.33,0,Chrome 135,3,97,97,-1,6,69.94139,270.969177,DEFAULT,1,N/A,2025-05-06T17:07:44.5930000Z,N/A,N/A
1610,2025-05-06T17:40:31.0560000Z,851710fe-0e1d-4a72-aedf-f34f032442c1,WPI6_1746552e98473o3,Successful,0,Real,Windows 10,869,1498,Eastern Standard Time,"ANGLE (Intel, Intel(R) Iris(R) Xe Graphics (0x00009A49) Direct3D11 vs_5_0 ps_5_0, D3D11)",0,17,10,1,128,1.22.33,0,Chrome 135,3,12,12,-1,0,116.658043,110.8415,DEFAULT,1,N/A,2025-05-06T17:40:31.0560000Z,N/A,N/A
1611,2025-05-06T17:40:31.0560000Z,851710fe-0e1d-4a72-aedf-f34f032442c1,WPI6_1746552e98473o3,Successful,0,Real,Windows 10,869,1498,Eastern Standard Time,"ANGLE (Intel, Intel(R) Iris(R) Xe Graphics (0x00009A49) Direct3D11 vs_5_0 ps_5_0, D3D11)",0,17,10,1,128,1.22.33,0,Chrome 135,3,8,8,-1,1,115.929459,113.051842,DEFAULT,1,N/A,2025-05-06T17:40:31.0560000Z,N/A,N/A
1612,2025-05-06T17:40:31.0560000Z,851710fe-0e1d-4a72-aedf-f34f032442c1,WPI6_1746552e98473o3,Successful,0,Real,Windows 10,869,1498,Eastern Standard Time,"ANGLE (Intel, Intel(R) Iris(R) Xe Graphics (0x00009A49) Direct3D11 vs_5_0 ps_5_0, D3D11)",0,17,10,1,128,1.22.33,0,Chrome 135,3,42,42,-1,2,116.76339,115.168335,DEFAULT,1,N/A,2025-05-06T17:40:31.0560000Z,N/A,N/A
1613,2025-05-06T17:40:31.0560000Z,851710fe-0e1d-4a72-aedf-f34f032442c1,WPI6_1746552e98473o3,Successful,0,Real,Windows 10,869,1498,Eastern Standard Time,"ANGLE (Intel, Intel(R) Iris(R) Xe Graphics (0x00009A49) Direct3D11 vs_5_0 ps_5_0, D3D11)",0,17,10,1,128,1.22.33,0,Chrome 135,3,6,6,-1,3,115.408188,116.328186,DEFAULT,1,N/A,2025-05-06T17:40:31.0560000Z,N/A,N/A
1614,2025-05-06T17:40:31.0560000Z,851710fe-0e1d-4a72-aedf-f34f032442c1,WPI6_1746552e98473o3,Successful,0,Real,Windows 10,869,1498,Eastern Standard Time,"ANGLE (Intel, Intel(R) Iris(R) Xe Graphics (0x00009A49) Direct3D11 vs_5_0 ps_5_0, D3D11)",0,17,10,1,128,1.22.33,0,Chrome 135,3,-1,-1,-1,4,115.8155,107.6023,DEFAULT,1,N/A,2025-05-06T17:40:31.0560000Z,N/A,N/A
1615,2025-05-06T17:40:31.0560000Z,851710fe-0e1d-4a72-aedf-f34f032442c1,WPI6_1746552e98473o3,Successful,0,Real,Windows 10,869,1498,Eastern Standard Time,"ANGLE (Intel, Intel(R) Iris(R) Xe Graphics (0x00009A49) Direct3D11 vs_5_0 ps_5_0, D3D11)",0,17,10,1,128,1.22.33,0,Chrome 135,3,16,16,-1,5,113.90461,224.457367,DEFAULT,1,N/A,2025-05-06T17:40:31.0560000Z,N/A,N/A
1616,2025-05-06T17:40:31.0560000Z,851710fe-0e1d-4a72-aedf-f34f032442c1,WPI6_1746552e98473o3,Successful,0,Real,Windows 10,869,1498,Eastern Standard Time,"ANGLE (Intel, Intel(R) Iris(R) Xe Graphics (0x00009A49) Direct3D11 vs_5_0 ps_5_0, D3D11)",0,17,10,1,128,1.22.33,0,Chrome 135,3,74,74,-1,6,117.426018,100.876282,DEFAULT,1,N/A,2025-05-06T17:40:31.0560000Z,N/A,N/A
1617,2025-05-06T19:01:44.0830000Z,851710fe-0e1d-4a72-aedf-f34f032442c1,WPI6_174k655x7734948,Successful,0,Real,Windows 10,1199,1797,Eastern Standard Time,"ANGLE (Intel, Intel(R) UHD Graphics (0x0000A720) Direct3D11 vs_5_0 ps_5_0, D3D11)",0,17,10,1,128,1.22.33,0,Chrome 135,3,12,12,-1,0,85.03134,707.7279,DEFAULT,1,N/A,2025-05-06T19:01:44.0830000Z,N/A,N/A
1618,2025-05-06T19:01:44.0830000Z,851710fe-0e1d-4a72-aedf-f34f032442c1,WPI6_174k655x7734948,Successful,0,Real,Windows 10,1199,1797,Eastern Standard Time,"ANGLE (Intel, Intel(R) UHD Graphics (0x0000A720) Direct3D11 vs_5_0 ps_5_0, D3D11)",0,17,10,1,128,1.22.33,0,Chrome 135,3,-1,-1,-1,1,94.9939957,764.6485,DEFAULT,1,N/A,2025-05-06T19:01:44.0830000Z,N/A,N/A
1619,2025-05-06T19:01:44.0830000Z,851710fe-0e1d-4a72-aedf-f34f032442c1,WPI6_174k655x7734948,Successful,0,Real,Windows 10,1199,1797,Eastern Standard Time,"ANGLE (Intel, Intel(R) UHD Graphics (0x0000A720) Direct3D11 vs_5_0 ps_5_0, D3D11)",0,17,10,1,128,1.22.33,0,Chrome 135,3,45,45,-1,2,82.50831,690.3639,DEFAULT,1,N/A,2025-05-06T19:01:44.0830000Z,N/A,N/A
1620,2025-05-06T19:01:44.0830000Z,851710fe-0e1d-4a72-aedf-f34f032442c1,WPI6_174k655x7734948,Successful,0,Real,Windows 10,1199,1797,Eastern Standard Time,"ANGLE (Intel, Intel(R) UHD Graphics (0x0000A720) Direct3D11 vs_5_0 ps_5_0, D3D11)",0,17,10,1,128,1.22.33,0,Chrome 135,3,5,5,-1,3,84.02443,764.8277,DEFAULT,1,N/A,2025-05-06T19:01:44.0830000Z,N/A,N/A
1621,2025-05-06T19:01:44.0830000Z,851710fe-0e1d-4a72-aedf-f34f032442c1,WPI6_174k655x7734948,Successful,0,Real,Windows 10,1199,1797,Eastern Standard Time,"ANGLE (Intel, Intel(R) UHD Graphics (0x0000A720) Direct3D11 vs_5_0 ps_5_0, D3D11)",0,17,10,1,128,1.22.33,0,Chrome 135,3,74,74,-1,4,84.62285,683.0206,DEFAULT,1,N/A,2025-05-06T19:01:44.0830000Z,N/A,N/A
1622,2025-05-06T19:01:44.0830000Z,851710fe-0e1d-4a72-aedf-f34f032442c1,WPI6_174k655x7734948,Successful,0,Real,Windows 10,1199,1797,Eastern Standard Time,"ANGLE (Intel, Intel(R) UHD Graphics (0x0000A720) Direct3D11 vs_5_0 ps_5_0, D3D11)",0,17,10,1,128,1.22.33,0,Chrome 135,3,26,26,-1,5,89.13886,703.734436,DEFAULT,1,N/A,2025-05-06T19:01:44.0830000Z,N/A,N/A
1623,2025-05-06T19:01:44.0830000Z,851710fe-0e1d-4a72-aedf-f34f032442c1,WPI6_174k655x7734948,Successful,0,Real,Windows 10,1199,1797,Eastern Standard Time,"ANGLE (Intel, Intel(R) UHD Graphics (0x0000A720) Direct3D11 vs_5_0 ps_5_0, D3D11)",0,17,10,1,128,1.22.33,0,Chrome 135,3,6,6,-1,6,82.17943,694.6288,DEFAULT,1,N/A,2025-05-06T19:01:44.0830000Z,N/A,N/A
1624,2025-05-06T20:28:09.1720000Z,851710fe-0e1d-4a72-aedf-f34f032442c1,WPI6_1746562sj805611,Successful,0,Real,Mac OS X 10_15_7,1458,2396,Eastern Standard Time,"ANGLE (Intel Inc., Intel(R) Iris(TM) Plus Graphics OpenGL Engine (1x6x8 (fused) LP, OpenGL 4.1)",0,17,10,1,128,1.22.33,0,Chrome 128,3,12,12,-1,0,75.9476547,574.501343,DEFAULT,1,N/A,2025-05-06T20:28:09.1720000Z,N/A,N/A
1625,2025-05-06T20:28:09.1720000Z,851710fe-0e1d-4a72-aedf-f34f032442c1,WPI6_1746562sj805611,Successful,0,Real,Mac OS X 10_15_7,1458,2396,Eastern Standard Time,"ANGLE (Intel Inc., Intel(R) Iris(TM) Plus Graphics OpenGL Engine (1x6x8 (fused) LP, OpenGL 4.1)",0,17,10,1,128,1.22.33,0,Chrome 128,3,-1,-1,-1,1,74.0724258,560.438049,DEFAULT,1,N/A,2025-05-06T20:28:09.1720000Z,N/A,N/A
1626,2025-05-06T20:28:09.1720000Z,851710fe-0e1d-4a72-aedf-f34f032442c1,WPI6_1746562sj805611,Successful,0,Real,Mac OS X 10_15_7,1458,2396,Eastern Standard Time,"ANGLE (Intel Inc., Intel(R) Iris(TM) Plus Graphics OpenGL Engine (1x6x8 (fused) LP, OpenGL 4.1)",0,17,10,1,128,1.22.33,0,Chrome 128,3,5,5,-1,2,78.68647,557.3105,DEFAULT,1,N/A,2025-05-06T20:28:09.1720000Z,N/A,N/A
1627,2025-05-06T20:28:09.1720000Z,851710fe-0e1d-4a72-aedf-f34f032442c1,WPI6_1746562sj805611,Successful,0,Real,Mac OS X 10_15_7,1458,2396,Eastern Standard Time,"ANGLE (Intel Inc., Intel(R) Iris(TM) Plus Graphics OpenGL Engine (1x6x8 (fused) LP, OpenGL 4.1)",0,17,10,1,128,1.22.33,0,Chrome 128,3,6,6,-1,3,74.48214,542.536743,DEFAULT,1,N/A,2025-05-06T20:28:09.1720000Z,N/A,N/A
1628,2025-05-06T20:28:09.1720000Z,851710fe-0e1d-4a72-aedf-f34f032442c1,WPI6_1746562sj805611,Successful,0,Real,Mac OS X 10_15_7,1458,2396,Eastern Standard Time,"ANGLE (Intel Inc., Intel(R) Iris(TM) Plus Graphics OpenGL Engine (1x6x8 (fused) LP, OpenGL 4.1)",0,17,10,1,128,1.22.33,0,Chrome 128,3,35,35,-1,4,75.02057,510.020325,DEFAULT,1,N/A,2025-05-06T20:28:09.1720000Z,N/A,N/A
1629,2025-05-06T20:28:09.1720000Z,851710fe-0e1d-4a72-aedf-f34f032442c1,WPI6_1746562sj805611,Successful,0,Real,Mac OS X 10_15_7,1458,2396,Eastern Standard Time,"ANGLE (Intel Inc., Intel(R) Iris(TM) Plus Graphics OpenGL Engine (1x6x8 (fused) LP, OpenGL 4.1)",0,17,10,1,128,1.22.33,0,Chrome 128,3,2,2,-1,5,82.33224,624.9671,DEFAULT,1,N/A,2025-05-06T20:28:09.1720000Z,N/A,N/A
1630,2025-05-06T20:28:09.1720000Z,851710fe-0e1d-4a72-aedf-f34f032442c1,WPI6_1746562sj805611,Successful,0,Real,Mac OS X 10_15_7,1458,2396,Eastern Standard Time,"ANGLE (Intel Inc., Intel(R) Iris(TM) Plus Graphics OpenGL Engine (1x6x8 (fused) LP, OpenGL 4.1)",0,17,10,1,128,1.22.33,0,Chrome 128,3,15,15,-1,6,77.26476,462.951263,DEFAULT,1,N/A,2025-05-06T20:28:09.1720000Z,N/A,N/A
1631,2025-05-06T21:03:22.7930000Z,851710fe-0e1d-4a72-aedf-f34f032442c1,WPI6_1746ku565217909,Successful,0,Real,Mac OS X 10_15_7,1598,2396,Eastern Standard Time,"ANGLE (Apple, ANGLE Metal Renderer: Apple M3, Unspecified Version)",0,17,10,1,128,1.22.33,0,Chrome 135,3,12,12,-1,0,119.499451,92.53543,DEFAULT,1,N/A,2025-05-06T21:03:22.7930000Z,N/A,N/A
1632,2025-05-06T21:03:22.7930000Z,851710fe-0e1d-4a72-aedf-f34f032442c1,WPI6_1746ku565217909,Successful,0,Real,Mac OS X 10_15_7,1598,2396,Eastern Standard Time,"ANGLE (Apple, ANGLE Metal Renderer: Apple M3, Unspecified Version)",0,17,10,1,128,1.22.33,0,Chrome 135,3,96,6,-1,1,119.67775,71.6475143,DEFAULT,0,N/A,2025-05-06T21:03:22.7930000Z,N/A,N/A
1633,2025-05-06T21:03:22.7930000Z,851710fe-0e1d-4a72-aedf-f34f032442c1,WPI6_1746ku565217909,Successful,0,Real,Mac OS X 10_15_7,1598,2396,Eastern Standard Time,"ANGLE (Apple, ANGLE Metal Renderer: Apple M3, Unspecified Version)",0,17,10,1,128,1.22.33,0,Chrome 135,3,97,97,-1,2,120.485291,50.6603661,DEFAULT,1,N/A,2025-05-06T21:03:22.7930000Z,N/A,N/A
1634,2025-05-06T21:03:22.7930000Z,851710fe-0e1d-4a72-aedf-f34f032442c1,WPI6_1746ku565217909,Successful,0,Real,Mac OS X 10_15_7,1598,2396,Eastern Standard Time,"ANGLE (Apple, ANGLE Metal Renderer: Apple M3, Unspecified Version)",0,17,10,1,128,1.22.33,0,Chrome 135,3,-1,-1,-1,3,120.055031,42.6895981,DEFAULT,1,N/A,2025-05-06T21:03:22.7930000Z,N/A,N/A
1635,2025-05-06T21:03:22.7930000Z,851710fe-0e1d-4a72-aedf-f34f032442c1,WPI6_1746ku565217909,Successful,0,Real,Mac OS X 10_15_7,1598,2396,Eastern Standard Time,"ANGLE (Apple, ANGLE Metal Renderer: Apple M3, Unspecified Version)",0,17,10,1,128,1.22.33,0,Chrome 135,3,15,15,-1,4,119.230415,104.121758,DEFAULT,1,N/A,2025-05-06T21:03:22.7930000Z,N/A,N/A
1636,2025-05-06T21:03:22.7930000Z,851710fe-0e1d-4a72-aedf-f34f032442c1,WPI6_1746ku565217909,Successful,0,Real,Mac OS X 10_15_7,1598,2396,Eastern Standard Time,"ANGLE (Apple, ANGLE Metal Renderer: Apple M3, Unspecified Version)",0,17,10,1,128,1.22.33,0,Chrome 135,3,8,8,-1,5,121.062141,52.67431,DEFAULT,1,N/A,2025-05-06T21:03:22.7930000Z,N/A,N/A
1637,2025-05-06T21:03:22.7930000Z,851710fe-0e1d-4a72-aedf-f34f032442c1,WPI6_1746ku565217909,Successful,0,Real,Mac OS X 10_15_7,1598,2396,Eastern Standard Time,"ANGLE (Apple, ANGLE Metal Renderer: Apple M3, Unspecified Version)",0,17,10,1,128,1.22.33,0,Chrome 135,3,16,16,-1,6,120.276405,54.77205,DEFAULT,1,N/A,2025-05-06T21:03:22.7930000Z,N/A,N/A
1638,2025-05-06T23:10:02.0320000Z,851710fe-0e1d-4a72-aedf-f34f032442c1,WPI6_17465j728168t11,Successful,0,Real,Windows 10,879,1318,Eastern Standard Time,"ANGLE (NVIDIA, NVIDIA GeForce RTX 3090 (0x00002204) Direct3D11 vs_5_0 ps_5_0, D3D11)",0,17,10,1,128,1.22.33,0,Chrome 133,3,12,12,-1,0,116.570908,44.32487,DEFAULT,1,N/A,2025-05-06T23:10:02.0320000Z,N/A,N/A
1639,2025-05-06T23:10:02.0320000Z,851710fe-0e1d-4a72-aedf-f34f032442c1,WPI6_17465j728168t11,Successful,0,Real,Windows 10,879,1318,Eastern Standard Time,"ANGLE (NVIDIA, NVIDIA GeForce RTX 3090 (0x00002204) Direct3D11 vs_5_0 ps_5_0, D3D11)",0,17,10,1,128,1.22.33,0,Chrome 133,3,7,7,-1,1,118.428772,47.9276123,DEFAULT,1,N/A,2025-05-06T23:10:02.0320000Z,N/A,N/A
1640,2025-05-06T23:10:02.0320000Z,851710fe-0e1d-4a72-aedf-f34f032442c1,WPI6_17465j728168t11,Successful,0,Real,Windows 10,879,1318,Eastern Standard Time,"ANGLE (NVIDIA, NVIDIA GeForce RTX 3090 (0x00002204) Direct3D11 vs_5_0 ps_5_0, D3D11)",0,17,10,1,128,1.22.33,0,Chrome 133,3,6,6,-1,2,117.951004,48.480175,DEFAULT,1,N/A,2025-05-06T23:10:02.0320000Z,N/A,N/A
1641,2025-05-06T23:10:02.0320000Z,851710fe-0e1d-4a72-aedf-f34f032442c1,WPI6_17465j728168t11,Successful,0,Real,Windows 10,879,1318,Eastern Standard Time,"ANGLE (NVIDIA, NVIDIA GeForce RTX 3090 (0x00002204) Direct3D11 vs_5_0 ps_5_0, D3D11)",0,17,10,1,128,1.22.33,0,Chrome 133,3,57,57,-1,3,118.034218,47.0319672,DEFAULT,1,N/A,2025-05-06T23:10:02.0320000Z,N/A,N/A
1642,2025-05-06T23:10:02.0320000Z,851710fe-0e1d-4a72-aedf-f34f032442c1,WPI6_17465j728168t11,Successful,0,Real,Windows 10,879,1318,Eastern Standard Time,"ANGLE (NVIDIA, NVIDIA GeForce RTX 3090 (0x00002204) Direct3D11 vs_5_0 ps_5_0, D3D11)",0,17,10,1,128,1.22.33,0,Chrome 133,3,35,35,-1,4,118.010788,45.65283,DEFAULT,1,N/A,2025-05-06T23:10:02.0320000Z,N/A,N/A
1643,2025-05-06T23:10:02.0320000Z,851710fe-0e1d-4a72-aedf-f34f032442c1,WPI6_17465j728168t11,Successful,0,Real,Windows 10,879,1318,Eastern Standard Time,"ANGLE (NVIDIA, NVIDIA GeForce RTX 3090 (0x00002204) Direct3D11 vs_5_0 ps_5_0, D3D11)",0,17,10,1,128,1.22.33,0,Chrome 133,3,15,15,-1,5,118.028725,46.85492,DEFAULT,1,N/A,2025-05-06T23:10:02.0320000Z,N/A,N/A
1644,2025-05-06T23:10:02.0320000Z,851710fe-0e1d-4a72-aedf-f34f032442c1,WPI6_17465j728168t11,Successful,0,Real,Windows 10,879,1318,Eastern Standard Time,"ANGLE (NVIDIA, NVIDIA GeForce RTX 3090 (0x00002204) Direct3D11 vs_5_0 ps_5_0, D3D11)",0,17,10,1,128,1.22.33,0,Chrome 133,3,-1,-1,-1,6,118.091866,51.63548,DEFAULT,1,N/A,2025-05-06T23:10:02.0320000Z,N/A,N/A
1645,2025-05-06T23:31:21.4780000Z,851710fe-0e1d-4a72-aedf-f34f032442c1,WPI6_1746k5740121o33,Successful,0,Real,Windows 10,1199,1797,Eastern Standard Time,"ANGLE (Intel, Intel(R) Iris(R) Xe Graphics (0x0000A7A0) Direct3D11 vs_5_0 ps_5_0, D3D11)",0,17,10,1,128,1.22.33,0,Chrome 134,3,12,12,-1,0,66.90901,373.115845,DEFAULT,1,N/A,2025-05-06T23:31:21.4780000Z,N/A,N/A
1646,2025-05-06T23:31:21.4780000Z,851710fe-0e1d-4a72-aedf-f34f032442c1,WPI6_1746k5740121o33,Successful,0,Real,Windows 10,1199,1797,Eastern Standard Time,"ANGLE (Intel, Intel(R) Iris(R) Xe Graphics (0x0000A7A0) Direct3D11 vs_5_0 ps_5_0, D3D11)",0,17,10,1,128,1.22.33,0,Chrome 134,3,57,57,-1,1,73.5853348,339.3683,DEFAULT,1,N/A,2025-05-06T23:31:21.4780000Z,N/A,N/A
1647,2025-05-06T23:31:21.4780000Z,851710fe-0e1d-4a72-aedf-f34f032442c1,WPI6_1746k5740121o33,Successful,0,Real,Windows 10,1199,1797,Eastern Standard Time,"ANGLE (Intel, Intel(R) Iris(R) Xe Graphics (0x0000A7A0) Direct3D11 vs_5_0 ps_5_0, D3D11)",0,17,10,1,128,1.22.33,0,Chrome 134,3,73,23,-1,2,72.2389,377.056549,DEFAULT,0,N/A,2025-05-06T23:31:21.4780000Z,N/A,N/A
1648,2025-05-06T23:31:21.4780000Z,851710fe-0e1d-4a72-aedf-f34f032442c1,WPI6_1746k5740121o33,Successful,0,Real,Windows 10,1199,1797,Eastern Standard Time,"ANGLE (Intel, Intel(R) Iris(R) Xe Graphics (0x0000A7A0) Direct3D11 vs_5_0 ps_5_0, D3D11)",0,17,10,1,128,1.22.33,0,Chrome 134,3,-1,-1,-1,3,70.3731842,368.917664,DEFAULT,1,N/A,2025-05-06T23:31:21.4780000Z,N/A,N/A
1649,2025-05-06T23:31:21.4780000Z,851710fe-0e1d-4a72-aedf-f34f032442c1,WPI6_1746k5740121o33,Successful,0,Real,Windows 10,1199,1797,Eastern Standard Time,"ANGLE (Intel, Intel(R) Iris(R) Xe Graphics (0x0000A7A0) Direct3D11 vs_5_0 ps_5_0, D3D11)",0,17,10,1,128,1.22.33,0,Chrome 134,3,42,42,-1,4,72.363,331.1061,DEFAULT,1,N/A,2025-05-06T23:31:21.4780000Z,N/A,N/A
1650,2025-05-06T23:31:21.4780000Z,851710fe-0e1d-4a72-aedf-f34f032442c1,WPI6_1746k5740121o33,Successful,0,Real,Windows 10,1199,1797,Eastern Standard Time,"ANGLE (Intel, Intel(R) Iris(R) Xe Graphics (0x0000A7A0) Direct3D11 vs_5_0 ps_5_0, D3D11)",0,17,10,1,128,1.22.33,0,Chrome 134,3,3,3,-1,5,66.6526947,331.092163,DEFAULT,1,N/A,2025-05-06T23:31:21.4780000Z,N/A,N/A
1651,2025-05-06T23:31:21.4780000Z,851710fe-0e1d-4a72-aedf-f34f032442c1,WPI6_1746k5740121o33,Successful,0,Real,Windows 10,1199,1797,Eastern Standard Time,"ANGLE (Intel, Intel(R) Iris(R) Xe Graphics (0x0000A7A0) Direct3D11 vs_5_0 ps_5_0, D3D11)",0,17,10,1,128,1.22.33,0,Chrome 134,3,45,45,-1,6,81.72757,627.567444,DEFAULT,1,N/A,2025-05-06T23:31:21.4780000Z,N/A,N/A
1652,2025-05-07T02:54:35.2800000Z,851710fe-0e1d-4a72-aedf-f34f032442c1,WPI6_174u6a585618818,Successful,0,Real,Windows 10,799,1198,Eastern Standard Time,"ANGLE (Google, Vulkan 1.3.0 (SwiftShader Device (Subzero) (0x0000C0DE)), SwiftShader driver)",0,17,10,1,128,1.22.33,0,Chrome 136,3,12,12,-1,0,30.565033,3.51916885,DEFAULT,1,N/A,2025-05-07T02:54:35.2800000Z,N/A,N/A
1653,2025-05-07T02:54:35.2800000Z,851710fe-0e1d-4a72-aedf-f34f032442c1,WPI6_174u6a585618818,Successful,0,Real,Windows 10,799,1198,Eastern Standard Time,"ANGLE (Google, Vulkan 1.3.0 (SwiftShader Device (Subzero) (0x0000C0DE)), SwiftShader driver)",0,17,10,1,128,1.22.33,0,Chrome 136,3,2,2,-1,1,30.4502659,4.44979954,DEFAULT,1,N/A,2025-05-07T02:54:35.2800000Z,N/A,N/A
1654,2025-05-07T02:54:35.2800000Z,851710fe-0e1d-4a72-aedf-f34f032442c1,WPI6_174u6a585618818,Successful,0,Real,Windows 10,799,1198,Eastern Standard Time,"ANGLE (Google, Vulkan 1.3.0 (SwiftShader Device (Subzero) (0x0000C0DE)), SwiftShader driver)",0,17,10,1,128,1.22.33,0,Chrome 136,3,5,5,-1,2,34.522522,472.659882,DEFAULT,1,N/A,2025-05-07T02:54:35.2800000Z,N/A,N/A
1655,2025-05-07T02:54:35.2800000Z,851710fe-0e1d-4a72-aedf-f34f032442c1,WPI6_174u6a585618818,Successful,0,Real,Windows 10,799,1198,Eastern Standard Time,"ANGLE (Google, Vulkan 1.3.0 (SwiftShader Device (Subzero) (0x0000C0DE)), SwiftShader driver)",0,17,10,1,128,1.22.33,0,Chrome 136,3,42,42,-1,3,30.4905128,3.76582575,DEFAULT,1,N/A,2025-05-07T02:54:35.2800000Z,N/A,N/A
1656,2025-05-07T02:54:35.2800000Z,851710fe-0e1d-4a72-aedf-f34f032442c1,WPI6_174u6a585618818,Successful,0,Real,Windows 10,799,1198,Eastern Standard Time,"ANGLE (Google, Vulkan 1.3.0 (SwiftShader Device (Subzero) (0x0000C0DE)), SwiftShader driver)",0,17,10,1,128,1.22.33,0,Chrome 136,3,5,5,-1,4,29.7958755,4.13890266,DEFAULT,1,N/A,2025-05-07T02:54:35.2800000Z,N/A,N/A
1657,2025-05-07T02:54:35.2800000Z,851710fe-0e1d-4a72-aedf-f34f032442c1,WPI6_174u6a585618818,Successful,0,Real,Windows 10,799,1198,Eastern Standard Time,"ANGLE (Google, Vulkan 1.3.0 (SwiftShader Device (Subzero) (0x0000C0DE)), SwiftShader driver)",0,17,10,1,128,1.22.33,0,Chrome 136,3,-1,-1,-1,5,29.4647541,4.17943525,DEFAULT,1,N/A,2025-05-07T02:54:35.2800000Z,N/A,N/A
1658,2025-05-07T02:54:35.2800000Z,851710fe-0e1d-4a72-aedf-f34f032442c1,WPI6_174u6a585618818,Successful,0,Real,Windows 10,799,1198,Eastern Standard Time,"ANGLE (Google, Vulkan 1.3.0 (SwiftShader Device (Subzero) (0x0000C0DE)), SwiftShader driver)",0,17,10,1,128,1.22.33,0,Chrome 136,3,8,8,-1,6,30.0284462,3.45745945,DEFAULT,1,N/A,2025-05-07T02:54:35.2800000Z,N/A,N/A
