pid,Image,HOO_Position,Numerator_Denominator_Transitions,Total_Hits_Button,Total_Hits_H_D1,Total_Hits_H_D2,Total_Hits_H_N1,Total_Hits_H_N2,Total_Hits_H_O,Total_Hits_Instruction,Total_Hits_L_D1,Total_Hits_L_N1,Total_Hits_L_O,Total_Hits_Outside_of_AOIs,Total_Hits_Outside_of_Screen,Total_Hits_R_D,Total_Hits_R_N,Total_Hits_Timer,New_Hits_Button,New_Hits_H_D1,New_Hits_H_D2,New_Hits_H_N1,New_Hits_H_N2,New_Hits_H_O,New_Hits_Instruction,New_Hits_L_D1,New_Hits_L_N1,New_Hits_L_O,New_Hits_Outside_of_AOIs,New_Hits_Outside_of_Screen,New_Hits_R_D,New_Hits_R_N,New_Hits_Timer,Total_AOI_Hits_All,New_AOI_Hits_All
wpi617z4x5977989754,CC1.png,Left,2,0,8,2,6,0,0,19,0,0,0,188,2782,0,0,0,0,4,1,2,0,0,3,0,0,0,0,0,0,0,0,3005,10
wpi617z4x5977989754,CC10.png,Right,17,0,20,4,34,4,9,4,40,40,27,469,117,0,0,9,0,8,2,16,1,3,2,10,14,10,0,0,0,0,5,777,71
wpi617z4x5977989754,CC11.png,Right,10,0,11,2,69,12,10,0,27,85,22,801,307,0,0,59,0,5,1,22,2,4,0,7,15,9,0,0,0,0,8,1405,73
wpi617z4x5977989754,CC12.png,Right,4,0,6,2,14,0,13,0,8,49,4,719,1657,0,0,10,0,3,1,6,0,3,0,3,6,2,0,0,0,0,5,2482,29
wpi617z4x5977989754,CC2.png,Left,45,0,85,14,239,39,35,30,2,2,2,2009,3136,0,0,22,0,25,5,35,10,16,12,1,1,1,0,0,0,0,7,5615,113
wpi617z4x5977989754,CC3.png,Left,33,23,70,65,76,21,25,17,0,4,0,987,952,12,21,18,6,21,16,18,7,11,4,0,1,0,0,0,3,6,6,2291,99
wpi617z4x5977989754,CC4.png,Left,0,0,0,0,14,7,0,0,0,0,0,353,492,0,0,33,0,0,0,5,2,0,0,0,0,0,0,0,0,0,7,899,14
wpi617z4x5977989754,CC5.png,Left,7,0,18,4,28,34,6,2,0,4,0,597,1017,0,0,23,0,3,2,4,8,3,1,0,2,0,0,0,0,0,7,1733,30
wpi617z4x5977989754,CC6.png,Left,1,0,2,0,9,2,1,0,0,0,0,130,1253,0,0,2,0,1,0,2,1,1,0,0,0,0,0,0,0,0,1,1399,6
wpi617z4x5977989754,CC7.png,Right,1,0,6,0,42,6,4,2,50,66,20,949,1614,0,0,83,0,2,0,10,3,1,1,14,12,5,0,0,0,0,8,2842,56
wpi617z4x5977989754,CC8.png,Right,0,0,0,0,18,10,0,1,2,71,10,1033,2368,0,0,57,0,0,0,8,2,0,1,1,10,4,0,0,0,0,11,3570,37
wpi617z4x5977989754,CC9.png,Right,2,0,4,0,19,0,2,0,12,60,24,552,3522,0,0,22,0,2,0,7,0,1,0,4,11,6,0,0,0,0,6,4217,37
wpi617z4x5977989754,P1.png,Left,28,7,40,56,79,37,24,93,4,6,9,1011,374,5,20,12,2,11,18,15,13,10,17,2,2,6,0,0,2,5,5,1777,108
wpi617z4x5977989754,P10.png,Right,9,0,43,0,23,0,2,10,70,86,65,689,1124,4,2,4,0,11,0,10,0,1,2,17,20,22,0,0,2,1,2,2122,88
wpi617z4x5977989754,P11.png,Right,37,18,59,32,133,55,40,198,50,33,53,1496,125,30,34,41,6,28,8,34,12,17,32,19,7,19,0,0,13,15,12,2397,222
wpi617z4x5977989754,P12.png,Right,12,27,72,13,17,24,17,433,108,18,51,1867,535,61,65,2,7,19,5,6,7,6,48,26,6,19,0,0,23,21,1,3310,194
wpi617z4x5977989754,P2.png,Left,82,31,157,132,128,144,140,151,26,32,31,2901,2527,26,24,53,8,44,49,33,47,49,34,10,11,11,0,0,10,11,18,6503,335
wpi617z4x5977989754,P3.png,Left,0,0,0,0,0,0,0,0,0,0,0,67,3228,0,0,0,0,0,0,0,0,0,0,0,0,0,0,0,0,0,0,3295,0
wpi617z4x5977989754,P4.png,Left,11,0,12,5,68,90,18,10,0,4,2,720,535,0,2,29,0,4,2,17,9,7,2,0,2,1,0,0,0,1,8,1495,53
wpi617z4x5977989754,P5.png,Left,43,5,151,101,58,37,51,174,17,0,27,1552,1126,13,26,4,3,35,30,18,11,21,25,8,0,10,0,0,7,9,2,3342,179
wpi617z4x5977989754,P6.png,Left,0,0,0,0,0,4,0,0,0,0,0,468,1352,2,0,59,0,0,0,0,1,0,0,0,0,0,0,0,1,0,3,1885,5
wpi617z4x5977989754,P7.png,Right,5,0,4,4,27,6,4,8,16,91,23,1111,1114,0,0,39,0,2,2,7,1,2,4,5,15,7,0,0,0,0,10,2447,55
wpi617z4x5977989754,P8.png,Right,10,9,36,0,43,0,13,68,38,77,43,980,552,10,5,19,2,8,0,12,0,5,9,12,15,18,0,0,4,2,6,1893,93
wpi617z4x5977989754,P9.png,Right,54,31,220,24,142,41,70,166,339,130,238,3569,2023,6,28,13,5,64,11,36,11,22,27,65,34,87,0,0,3,12,5,7040,382
wpi6i17g45773868541,IC1.png,Left,16,65,13,35,4,38,4,62,159,134,101,2361,1601,27,67,10,12,4,14,2,13,2,17,31,26,24,0,0,7,15,4,4681,171
wpi6i17g45773868541,IC10.png,Right,17,29,64,63,18,39,60,54,6,0,2,748,509,20,18,0,6,9,11,7,8,14,11,2,0,1,0,0,5,6,0,1630,80
wpi6i17g45773868541,IC11.png,Right,19,43,61,94,23,39,25,257,15,2,12,1133,792,55,45,0,9,9,16,6,7,9,28,3,1,4,0,0,17,12,0,2596,121
wpi6i17g45773868541,IC12.png,Right,30,76,95,99,52,95,64,111,47,19,43,1843,735,51,49,4,12,23,18,10,14,16,26,15,6,10,0,0,13,14,2,3383,179
wpi6i17g45773868541,IC2.png,Left,16,71,24,51,4,52,17,45,105,51,43,1978,1452,18,50,11,15,6,18,2,9,6,12,18,10,11,0,0,7,14,4,3972,132
wpi6i17g45773868541,IC3.png,Left,3,61,3,23,2,6,4,51,68,175,74,1238,1530,6,0,0,8,1,6,1,3,1,9,15,17,16,0,0,2,0,0,3241,79
wpi6i17g45773868541,IC4.png,Left,1,87,4,5,0,35,0,9,106,37,20,1175,215,20,18,31,7,1,1,0,4,0,2,9,6,6,0,0,5,5,1,1762,47
wpi6i17g45773868541,IC5.png,Left,27,33,24,264,0,169,71,116,215,125,178,2718,622,26,44,13,11,6,43,0,29,17,17,41,22,47,0,0,7,13,4,4618,257
wpi6i17g45773868541,IC6.png,Left,17,24,16,64,37,22,20,41,27,45,39,1007,903,38,22,4,8,6,16,6,7,7,11,7,8,9,0,0,9,8,2,2309,104
wpi6i17g45773868541,IC7.png,Right,24,95,63,81,14,61,33,63,6,3,15,1675,1142,37,24,2,12,14,20,3,10,10,10,3,1,3,0,0,11,7,1,3314,105
wpi6i17g45773868541,IC8.png,Right,32,98,130,140,39,103,94,244,31,11,24,2686,2536,96,100,6,21,29,24,12,14,22,38,9,2,7,0,0,19,29,3,6338,229
wpi6i17g45773868541,IC9.png,Right,46,139,299,193,113,96,184,139,28,13,46,3079,1182,72,96,20,26,53,40,24,15,47,32,10,4,18,0,0,20,25,3,5699,317
wpi6i17g45773868541,P1.png,Left,4,39,4,18,5,8,8,46,39,31,28,607,532,36,40,0,10,2,5,1,2,3,10,9,6,6,0,0,9,10,0,1441,73
wpi6i17g45773868541,P10.png,Right,14,42,65,56,36,18,75,27,15,2,10,1187,759,16,20,0,10,15,14,6,5,14,6,3,1,3,0,0,5,7,0,2328,89
wpi6i17g45773868541,P11.png,Right,33,18,74,75,46,88,54,52,28,3,22,1540,927,19,13,15,5,16,17,11,17,9,12,6,1,7,0,0,7,6,5,2974,119
wpi6i17g45773868541,P12.png,Right,18,71,47,74,16,47,48,95,11,2,10,1310,1569,55,21,2,11,11,15,3,10,13,19,2,1,4,0,0,9,8,1,3378,107
wpi6i17g45773868541,P2.png,Left,23,32,36,129,15,40,28,120,79,25,51,1389,873,16,26,4,6,6,22,3,10,6,20,15,7,13,0,0,5,9,1,2863,123
wpi6i17g45773868541,P3.png,Left,8,46,9,96,0,60,23,40,121,102,66,1725,1306,22,28,9,6,3,12,0,8,6,11,13,17,12,0,0,6,7,2,3653,103
wpi6i17g45773868541,P4.png,Left,7,54,8,65,10,27,15,92,55,48,54,1004,713,24,19,4,9,2,8,1,8,5,7,10,9,12,0,0,6,6,1,2192,84
wpi6i17g45773868541,P5.png,Left,9,54,0,57,3,54,12,40,234,98,84,1665,1085,41,28,0,9,0,12,1,8,4,10,22,16,17,0,0,9,8,0,3455,116
wpi6i17g45773868541,P6.png,Left,6,81,8,38,0,21,9,43,164,136,87,1984,1443,12,24,18,10,2,10,0,7,3,7,25,20,21,0,0,5,6,2,4068,118
wpi6i17g45773868541,P7.png,Right,12,14,36,26,6,118,14,76,27,16,21,1156,885,10,8,9,4,13,5,2,6,6,13,9,2,6,0,0,3,4,3,2422,76
wpi6i17g45773868541,P8.png,Right,24,43,83,23,75,18,52,55,54,61,68,1420,553,16,35,49,6,19,6,22,5,11,10,11,10,17,0,0,6,9,4,2605,136
wpi6i17g45773868541,P9.png,Right,16,40,98,65,14,49,34,64,16,11,27,1209,1145,14,14,0,10,18,8,4,9,7,11,5,4,8,0,0,4,6,0,2800,94
wpi6174587y97937z96,IC1.png,Left,4,29,71,11,4,2,20,38,4,4,0,555,67,17,44,0,5,11,5,1,1,6,10,1,1,0,0,0,5,13,0,866,59
wpi6174587y97937z96,IC10.png,Right,0,2,34,0,0,0,0,39,79,17,38,426,57,0,10,0,1,11,0,0,0,0,10,17,7,13,0,0,0,3,0,702,62
wpi6174587y97937z96,IC11.png,Right,0,6,38,10,0,0,10,120,25,10,10,481,126,12,73,0,1,11,3,0,0,5,27,10,4,5,0,0,6,19,0,921,91
wpi6174587y97937z96,IC12.png,Right,10,2,35,0,12,0,12,85,118,39,48,657,52,6,10,2,1,14,0,5,0,4,14,24,12,16,0,0,3,5,1,1078,99
wpi6174587y97937z96,IC2.png,Left,16,21,79,93,17,10,30,119,4,10,8,1014,220,25,41,7,7,25,28,5,4,11,31,2,4,3,0,0,9,17,2,1698,148
wpi6174587y97937z96,IC3.png,Left,12,46,69,89,14,4,38,40,12,7,9,836,102,24,52,0,11,18,20,6,2,11,14,4,2,4,0,0,8,17,0,1342,117
wpi6174587y97937z96,IC4.png,Left,23,14,61,42,19,28,57,83,0,0,6,646,28,22,20,0,4,18,16,6,8,17,18,0,0,3,0,0,9,10,0,1026,109
wpi6174587y97937z96,IC5.png,Left,19,3,66,74,26,25,66,121,15,2,9,750,28,12,38,0,1,17,18,7,8,19,19,4,1,3,0,0,5,13,0,1235,115
wpi6174587y97937z96,IC6.png,Left,6,68,76,41,12,5,17,66,2,0,3,756,134,29,46,0,11,10,12,1,2,4,20,1,0,1,0,0,9,16,0,1255,87
wpi6174587y97937z96,IC7.png,Right,4,31,32,0,5,0,4,52,66,13,31,619,107,33,62,0,8,14,0,2,0,1,15,13,4,11,0,0,10,11,0,1055,89
wpi6174587y97937z96,IC8.png,Right,2,38,71,2,2,0,7,96,106,9,44,934,112,46,71,0,11,22,1,1,0,2,24,22,4,15,0,0,14,21,0,1538,137
wpi6174587y97937z96,IC9.png,Right,12,8,107,5,32,0,2,123,115,70,86,1089,75,28,51,0,3,25,2,9,0,1,20,30,17,27,0,0,10,19,0,1791,163
wpi6174587y97937z96,P1.png,Left,1,10,2,20,0,24,0,67,6,10,23,460,113,22,28,0,3,1,3,0,6,0,14,2,4,7,0,0,9,11,0,785,60
wpi6174587y97937z96,P10.png,Right,0,5,36,0,0,0,0,23,68,23,69,496,113,10,12,0,2,9,0,0,0,0,4,13,5,16,0,0,3,5,0,855,57
wpi6174587y97937z96,P11.png,Right,4,14,74,0,5,0,8,58,95,42,127,809,27,10,26,0,3,16,0,2,0,3,12,21,13,28,0,0,3,9,0,1295,110
wpi6174587y97937z96,P12.png,Right,16,14,193,7,34,2,16,303,133,116,140,2364,442,59,88,0,6,48,1,10,1,7,56,32,14,39,0,0,18,28,0,3911,260
wpi6174587y97937z96,P2.png,Left,20,23,41,109,40,35,67,182,2,2,18,940,218,25,58,0,7,14,27,5,7,20,37,1,1,8,0,0,10,22,0,1760,159
wpi6174587y97937z96,P3.png,Left,32,17,35,185,18,38,121,124,17,15,32,1065,52,14,49,0,5,10,45,6,11,29,22,4,3,11,0,0,6,19,0,1782,171
wpi6174587y97937z96,P4.png,Left,8,18,16,69,8,6,19,51,7,0,4,446,165,10,37,0,4,5,17,3,2,7,12,3,0,2,0,0,4,12,0,856,71
wpi6174587y97937z96,P5.png,Left,27,15,34,136,33,20,75,139,15,0,9,1037,91,41,60,0,6,12,32,10,7,24,25,5,0,3,0,0,15,17,0,1705,156
wpi6174587y97937z96,P6.png,Left,37,0,92,54,94,74,145,73,0,0,8,953,88,7,20,2,0,24,14,22,26,40,17,0,0,3,0,0,3,5,1,1610,155
wpi6174587y97937z96,P7.png,Right,6,14,50,31,8,2,11,139,12,2,14,706,205,56,55,0,4,17,3,4,1,5,28,4,1,4,0,0,19,20,0,1305,110
wpi6174587y97937z96,P8.png,Right,4,6,35,0,6,0,8,154,92,62,59,787,187,30,34,0,3,11,0,3,0,1,30,28,17,22,0,0,9,11,0,1460,135
wpi6174587y97937z96,P9.png,Right,10,16,56,2,53,0,4,133,65,48,32,788,186,21,49,0,6,16,1,9,0,2,27,20,13,13,0,0,8,17,0,1453,132
wpi61o74642159c6210,IC1.png,Left,9,0,22,61,49,26,66,8,43,6,23,1566,586,0,0,153,0,4,9,7,5,11,1,4,2,4,0,0,0,0,9,2609,56
wpi61o74642159c6210,IC10.png,Right,16,4,45,49,43,172,50,0,8,24,17,1203,243,0,2,10,2,7,7,8,12,12,0,1,3,5,0,0,0,1,1,1870,59
wpi61o74642159c6210,IC11.png,Right,15,29,44,38,10,60,41,61,33,2,18,1168,1094,14,21,14,9,8,10,3,9,8,11,5,1,5,0,0,3,7,3,2647,82
wpi61o74642159c6210,IC12.png,Right,16,20,59,58,44,26,28,70,95,42,35,1206,363,4,20,17,4,13,8,7,5,10,9,13,9,7,0,0,1,4,3,2087,93
wpi61o74642159c6210,IC2.png,Left,34,89,71,104,43,201,33,88,94,122,81,3540,1232,26,42,112,13,12,18,7,31,6,10,16,16,16,0,0,5,11,17,5878,178
wpi61o74642159c6210,IC3.png,Left,10,0,4,63,30,90,44,45,47,112,19,1859,394,4,10,131,0,1,11,5,13,8,4,6,7,5,0,0,1,3,15,2852,79
wpi61o74642159c6210,IC4.png,Left,14,36,12,70,32,38,21,32,13,39,31,1370,307,29,49,31,3,2,13,5,9,4,7,3,5,6,0,0,3,7,5,2110,72
wpi61o74642159c6210,IC5.png,Left,6,2,2,65,45,51,43,43,10,32,29,1541,150,11,17,47,1,1,8,9,8,8,5,4,2,5,0,0,3,3,6,2088,63
wpi61o74642159c6210,IC6.png,Left,19,12,4,68,25,152,50,9,77,41,47,2289,550,0,0,100,3,1,12,3,23,10,2,6,9,10,0,0,0,0,13,3424,92
wpi61o74642159c6210,IC7.png,Right,21,4,101,22,116,33,47,0,7,34,52,1546,333,0,6,56,1,15,6,12,4,10,0,2,6,9,0,0,0,1,5,2357,71
wpi61o74642159c6210,IC8.png,Right,39,44,124,151,312,82,145,51,9,27,81,3895,546,13,50,181,10,26,21,37,15,30,9,1,4,7,0,0,3,4,16,5711,183
wpi61o74642159c6210,IC9.png,Right,37,83,166,38,183,85,61,70,6,128,138,3159,1270,32,34,104,10,24,6,26,10,10,12,1,10,19,0,0,6,9,13,5557,156
wpi61o74642159c6210,P1.png,Left,14,14,31,46,47,105,73,56,12,23,11,1532,772,0,0,103,2,8,10,5,12,10,5,4,3,4,0,0,0,0,10,2825,73
wpi61o74642159c6210,P10.png,Right,21,0,147,48,171,98,82,81,6,148,113,2865,229,4,11,191,0,22,5,21,10,11,10,2,13,17,0,0,1,3,16,4194,131
wpi61o74642159c6210,P11.png,Right,18,61,80,75,128,76,37,8,16,94,39,1921,373,14,14,48,4,11,9,19,9,8,1,1,11,9,0,0,3,4,8,2984,97
wpi61o74642159c6210,P12.png,Right,15,6,155,5,92,97,24,0,8,20,50,1680,194,0,0,105,2,14,2,10,6,7,0,3,5,6,0,0,0,0,7,2436,62
wpi61o74642159c6210,P2.png,Left,14,41,11,60,97,125,19,55,38,84,124,3610,929,21,48,188,7,3,9,10,19,4,10,10,13,14,0,0,3,7,17,5450,126
wpi61o74642159c6210,P3.png,Left,19,7,10,78,58,153,36,4,92,39,73,2258,367,0,8,43,1,2,14,6,24,8,1,13,6,13,0,0,0,3,10,3226,101
wpi61o74642159c6210,P4.png,Left,23,0,51,136,53,161,134,91,40,64,39,2565,768,0,3,313,0,10,14,8,21,19,3,7,7,9,0,0,0,1,19,4418,118
wpi61o74642159c6210,P5.png,Left,6,66,0,62,21,82,0,8,88,152,111,2659,380,0,0,60,3,0,5,3,10,0,2,8,14,14,0,0,0,0,7,3689,66
wpi61o74642159c6210,P6.png,Left,17,21,2,99,98,35,26,13,3,14,22,962,111,9,16,9,2,1,14,7,11,6,2,1,1,6,0,0,2,2,2,1440,57
wpi61o74642159c6210,P7.png,Right,12,61,80,92,149,36,27,7,8,69,88,2798,510,17,39,98,4,12,10,14,6,9,3,2,8,9,0,0,4,6,7,4079,94
wpi61o74642159c6210,P8.png,Right,17,0,142,180,100,74,65,11,0,110,27,2310,328,0,9,59,0,17,13,10,9,12,3,0,7,7,0,0,0,2,6,3415,86
wpi61o74642159c6210,P9.png,Right,23,81,144,42,165,114,77,41,12,184,144,2424,647,25,46,53,7,18,8,27,7,15,9,4,16,19,0,0,5,10,8,4199,153
wpi61740g669f912366,CC1.png,Left,21,0,72,45,20,50,92,39,5,16,16,908,185,0,4,2,0,14,13,5,10,21,6,2,3,4,0,0,0,1,1,1454,80
wpi61740g669f912366,CC10.png,Right,0,3,14,5,0,0,0,7,40,11,42,272,46,0,14,0,1,4,2,0,0,0,3,6,3,6,0,0,0,2,0,454,27
wpi61740g669f912366,CC11.png,Right,4,0,30,0,23,0,2,6,6,2,32,262,19,0,0,3,0,10,0,3,0,1,1,1,1,8,0,0,0,0,1,385,26
wpi61740g669f912366,CC12.png,Right,2,0,6,0,14,0,7,8,15,12,12,291,43,0,0,6,0,1,0,6,0,2,3,3,2,3,0,0,0,0,1,414,21
wpi61740g669f912366,CC2.png,Left,9,4,62,57,57,11,15,28,8,2,6,761,50,0,1,2,1,7,11,7,4,4,6,3,1,3,0,0,0,1,1,1064,49
wpi61740g669f912366,CC3.png,Left,6,0,15,3,4,7,10,14,0,0,2,221,16,0,0,4,0,3,2,2,4,2,2,0,0,1,0,0,0,0,1,296,17
wpi61740g669f912366,CC4.png,Left,10,0,4,27,62,31,35,19,17,10,28,473,48,0,0,0,0,2,5,7,6,6,3,4,3,7,0,0,0,0,0,754,43
wpi61740g669f912366,CC5.png,Left,6,0,26,30,6,43,25,14,0,7,0,340,10,0,2,10,0,5,6,2,6,9,3,0,1,0,0,0,0,1,3,513,36
wpi61740g669f912366,CC6.png,Left,10,2,7,21,19,17,35,11,2,0,5,280,39,0,0,0,1,3,6,6,4,11,1,1,0,2,0,0,0,0,0,438,35
wpi61740g669f912366,CC7.png,Right,11,0,50,3,24,3,13,35,34,62,60,842,125,4,11,0,0,15,1,9,1,3,7,13,16,21,0,0,1,4,0,1266,91
wpi61740g669f912366,CC8.png,Right,7,3,6,0,52,0,7,63,11,9,38,411,58,2,3,27,1,4,0,9,0,1,5,4,4,9,0,0,1,2,4,690,44
wpi61740g669f912366,CC9.png,Right,6,0,9,0,34,0,6,23,19,3,15,318,22,0,0,13,0,4,0,7,0,2,4,5,1,6,0,0,0,0,4,462,33
wpi61740g669f912366,P1.png,Left,9,0,12,41,0,87,18,52,7,39,34,419,18,2,24,4,0,1,8,0,16,6,4,1,3,10,0,0,1,4,1,757,55
wpi61740g669f912366,P10.png,Right,12,8,124,4,42,10,4,86,55,12,41,984,25,25,48,0,3,27,2,6,1,2,15,15,5,12,0,0,6,13,0,1468,107
wpi61740g669f912366,P11.png,Right,8,0,29,5,30,1,7,13,8,24,27,348,59,0,1,6,0,8,2,6,1,2,2,3,4,8,0,0,0,1,2,558,39
wpi61740g669f912366,P12.png,Right,19,0,75,3,62,9,7,132,26,3,27,711,8,6,22,2,0,20,1,13,4,4,12,9,2,9,0,0,2,8,1,1093,85
wpi61740g669f912366,P2.png,Left,8,2,5,33,2,11,6,78,13,2,15,322,32,3,13,0,1,3,9,1,4,2,12,5,1,6,0,0,2,7,0,537,53
wpi61740g669f912366,P3.png,Left,7,0,17,8,5,16,25,23,0,0,0,238,32,0,0,5,0,4,2,2,4,5,3,0,0,0,0,0,0,0,2,369,22
wpi61740g669f912366,P4.png,Left,5,2,37,18,3,7,7,30,18,2,1,374,94,0,4,0,1,12,5,2,3,3,9,3,1,1,0,0,0,1,0,597,41
wpi61740g669f912366,P5.png,Left,4,0,2,38,3,4,2,29,27,25,26,388,11,3,14,0,0,1,6,1,2,1,3,6,8,5,0,0,2,3,0,572,38
wpi61740g669f912366,P6.png,Left,46,7,125,100,86,86,68,151,9,8,38,1570,112,1,33,1,1,20,25,20,21,24,20,2,1,13,0,0,1,11,1,2395,160
wpi61740g669f912366,P7.png,Right,1,0,5,0,16,0,0,22,24,4,10,217,18,0,8,0,0,2,0,3,0,0,4,4,2,4,0,0,0,2,0,324,21
wpi61740g669f912366,P8.png,Right,6,0,27,17,11,29,29,45,0,0,0,473,141,0,18,3,0,5,5,3,7,4,7,0,0,0,0,0,0,5,1,793,37
wpi61740g669f912366,P9.png,Right,9,5,17,1,12,28,9,10,0,0,2,267,31,0,4,1,2,4,1,4,4,4,2,0,0,1,0,0,0,1,1,387,24
wpi61733866534x70k0,CC1.png,Left,8,0,14,0,12,4,6,6,0,0,0,200,414,0,0,0,0,5,0,5,2,3,3,0,0,0,0,0,0,0,0,656,18
wpi61733866534x70k0,CC10.png,Right,0,0,0,0,0,0,0,6,0,0,0,40,395,0,0,0,0,0,0,0,0,0,1,0,0,0,0,0,0,0,0,441,1
wpi61733866534x70k0,CC11.png,Right,0,0,0,0,0,0,0,0,0,4,0,28,724,0,0,0,0,0,0,0,0,0,0,0,1,0,0,0,0,0,0,756,1
wpi61733866534x70k0,CC12.png,Right,0,0,0,0,0,0,0,0,2,0,0,70,448,0,0,0,0,0,0,0,0,0,0,1,0,0,0,0,0,0,0,520,1
wpi61733866534x70k0,CC2.png,Left,24,3,32,22,18,18,14,41,2,2,2,624,557,6,6,26,1,13,11,7,9,7,12,1,1,1,0,0,2,3,3,1373,71
wpi61733866534x70k0,CC3.png,Left,16,2,20,20,18,10,14,51,2,0,2,444,590,0,4,4,1,6,10,7,4,6,9,1,0,1,0,0,0,2,2,1181,49
wpi61733866534x70k0,CC4.png,Left,0,0,0,0,0,0,0,0,0,0,0,8,418,0,0,0,0,0,0,0,0,0,0,0,0,0,0,0,0,0,0,426,0
wpi61733866534x70k0,CC5.png,Left,4,0,4,2,6,0,4,9,0,0,0,128,527,2,2,0,0,2,1,2,0,2,3,0,0,0,0,0,1,1,0,684,12
wpi61733866534x70k0,CC6.png,Left,0,0,4,0,0,0,2,6,0,0,0,69,597,0,0,0,0,2,0,0,0,1,2,0,0,0,0,0,0,0,0,678,5
wpi61733866534x70k0,CC7.png,Right,10,0,8,12,10,12,2,12,10,26,16,509,440,0,2,8,0,4,3,2,5,1,4,4,8,6,0,0,0,1,3,1067,41
wpi61733866534x70k0,CC8.png,Right,1,2,2,2,2,0,0,4,2,2,2,98,790,0,0,0,1,1,1,1,0,0,2,1,1,1,0,0,0,0,0,906,9
wpi61733866534x70k0,CC9.png,Right,0,0,6,0,0,0,0,6,14,10,4,290,500,0,4,4,0,2,0,0,0,0,2,4,4,2,0,0,0,2,1,838,17
wpi61733866534x70k0,P1.png,Left,4,0,4,4,9,4,2,17,0,0,0,179,349,6,0,4,0,1,2,3,1,1,6,0,0,0,0,0,2,0,1,578,17
wpi61733866534x70k0,P10.png,Right,0,0,0,0,6,0,2,36,26,8,4,294,251,0,4,2,0,0,0,3,0,1,9,8,3,2,0,0,0,2,1,633,29
wpi61733866534x70k0,P11.png,Right,4,0,18,2,10,0,2,22,12,12,2,208,379,8,12,2,0,7,1,4,0,1,7,3,2,1,0,0,2,3,1,689,32
wpi61733866534x70k0,P12.png,Right,4,2,14,4,6,2,8,26,12,12,14,415,364,4,4,0,1,4,2,2,1,4,6,5,5,7,0,0,2,2,0,887,41
wpi61733866534x70k0,P2.png,Left,13,2,28,12,24,2,12,34,0,2,2,513,1121,10,2,4,1,10,5,8,1,4,10,0,1,1,0,0,4,1,1,1768,47
wpi61733866534x70k0,P3.png,Left,7,2,12,4,19,0,6,22,2,0,2,220,488,6,0,4,1,5,1,5,0,3,8,1,0,1,0,0,2,0,1,787,28
wpi61733866534x70k0,P4.png,Left,9,0,16,6,14,4,6,10,0,8,0,136,202,0,2,0,0,5,2,6,2,2,5,0,1,0,0,0,0,1,0,404,24
wpi61733866534x70k0,P5.png,Left,10,0,16,0,28,2,8,13,0,0,0,230,721,0,4,0,0,5,0,8,1,2,4,0,0,0,0,0,0,2,0,1022,22
wpi61733866534x70k0,P6.png,Left,11,0,16,14,14,6,8,31,0,10,4,400,454,2,4,2,0,6,6,4,3,4,9,0,1,2,0,0,1,2,1,965,39
wpi61733866534x70k0,P7.png,Right,0,0,0,0,2,0,0,16,16,8,2,158,786,6,2,0,0,0,0,1,0,0,5,5,3,1,0,0,2,1,0,996,18
wpi61733866534x70k0,P8.png,Right,1,2,6,0,4,0,0,36,18,26,18,462,612,8,4,0,1,1,0,2,0,0,11,7,9,7,0,0,3,2,0,1196,43
wpi61733866534x70k0,P9.png,Right,2,4,14,0,8,0,2,29,12,18,4,307,473,4,0,0,2,4,0,3,0,1,10,5,2,2,0,0,2,0,0,875,31
wpi617460472ui18093,IC1.png,Left,13,3,15,33,21,21,17,114,5,2,7,706,205,5,33,6,1,6,10,7,5,7,15,2,1,2,0,0,2,11,3,1193,72
wpi617460472ui18093,IC10.png,Right,3,0,15,0,15,0,2,140,31,17,14,776,291,4,9,0,0,5,0,4,0,1,12,8,7,5,0,0,2,3,0,1314,47
wpi617460472ui18093,IC11.png,Right,21,7,176,11,41,6,5,249,282,129,82,2860,1791,4,53,6,2,36,3,12,1,2,49,55,24,24,0,0,2,16,2,5702,228
wpi617460472ui18093,IC12.png,Right,7,0,34,0,27,5,9,168,35,22,18,758,331,2,12,10,0,10,0,7,2,4,15,9,6,6,0,0,1,5,4,1431,69
wpi617460472ui18093,IC2.png,Left,12,0,19,44,6,16,13,85,0,0,9,656,432,10,12,0,0,6,12,3,5,4,15,0,0,1,0,0,3,5,0,1302,54
wpi617460472ui18093,IC3.png,Left,12,8,17,53,21,22,7,145,3,9,5,796,395,6,8,0,4,6,11,4,5,3,17,1,2,2,0,0,2,4,0,1495,61
wpi617460472ui18093,IC4.png,Left,14,6,22,49,19,9,27,112,11,0,14,867,213,9,24,16,1,8,13,5,3,7,13,4,0,6,0,0,4,7,2,1398,73
wpi617460472ui18093,IC5.png,Left,12,3,20,25,9,33,26,89,2,2,8,764,368,12,5,14,1,7,7,2,7,8,12,1,1,2,0,0,3,2,4,1380,57
wpi617460472ui18093,IC6.png,Left,17,0,35,38,25,17,24,95,6,2,12,792,506,6,10,4,0,8,12,8,6,9,14,2,1,4,0,0,2,5,2,1572,73
wpi617460472ui18093,IC7.png,Right,9,11,25,4,30,2,6,100,15,20,28,750,485,11,37,19,4,8,2,9,1,2,11,4,3,7,0,0,3,11,5,1543,70
wpi617460472ui18093,IC8.png,Right,4,0,18,5,13,0,6,183,27,17,18,747,350,7,19,0,0,7,2,4,0,2,17,7,4,4,0,0,2,7,0,1410,56
wpi617460472ui18093,IC9.png,Right,20,3,65,3,51,7,9,178,57,58,38,1288,729,12,24,16,1,17,1,17,3,4,27,11,14,12,0,0,6,7,5,2538,125
wpi617460472ui18093,P1.png,Left,15,16,39,48,14,19,21,251,20,8,32,1085,224,14,30,4,3,14,15,4,7,8,24,6,1,8,0,0,5,10,2,1825,107
wpi617460472ui18093,P10.png,Right,10,0,32,0,28,14,7,113,0,22,9,866,303,15,11,20,0,8,0,8,4,3,12,0,5,4,0,0,5,4,4,1440,57
wpi617460472ui18093,P11.png,Right,4,14,37,17,5,2,8,103,7,30,13,854,417,8,14,5,4,10,4,2,1,4,14,3,6,5,0,0,2,7,1,1534,63
wpi617460472ui18093,P12.png,Right,22,6,104,37,64,37,28,512,153,173,60,4206,2900,54,93,23,3,37,9,16,6,9,48,36,34,19,0,0,16,26,5,8450,264
wpi617460472ui18093,P2.png,Left,10,17,19,33,20,6,15,149,30,9,11,667,276,26,11,2,4,3,9,3,2,5,16,6,3,4,0,0,8,5,1,1291,69
wpi617460472ui18093,P3.png,Left,15,21,4,35,16,38,4,122,5,0,2,912,273,18,37,8,5,2,11,6,8,2,18,2,0,1,0,0,6,13,3,1495,77
wpi617460472ui18093,P4.png,Left,19,0,115,28,14,26,9,135,5,0,11,834,188,5,12,14,0,14,8,4,8,3,16,1,0,4,0,0,2,5,3,1396,68
wpi617460472ui18093,P5.png,Left,13,0,38,44,8,19,20,191,6,4,24,882,143,5,5,17,0,11,10,3,5,7,19,3,2,5,0,0,2,2,5,1406,74
wpi617460472ui18093,P6.png,Left,12,0,4,25,11,19,26,172,14,18,6,772,398,18,5,4,0,2,7,3,8,9,13,1,1,3,0,0,5,2,2,1492,56
wpi617460472ui18093,P7.png,Right,10,2,11,15,10,17,19,124,40,42,12,977,378,0,8,6,1,4,4,2,4,4,11,9,8,4,0,0,0,3,2,1661,56
wpi617460472ui18093,P8.png,Right,10,0,32,12,21,2,4,82,13,20,10,879,323,3,18,9,0,10,4,7,1,2,11,5,3,4,0,0,1,7,3,1428,58
wpi617460472ui18093,P9.png,Right,4,0,45,2,12,0,0,179,16,25,8,900,525,31,16,0,0,9,1,2,0,0,18,3,5,3,0,0,9,4,0,1759,54
wpi61732n11706z1483,CC1.png,Left,30,10,154,76,50,22,78,108,6,2,8,1046,150,6,24,0,2,35,21,10,7,23,21,2,1,3,0,0,3,8,0,1740,136
wpi61732n11706z1483,CC10.png,Right,12,10,102,8,48,6,24,58,74,50,42,1318,970,6,22,8,5,24,3,12,2,9,18,20,16,15,0,0,3,8,3,2746,138
wpi61732n11706z1483,CC11.png,Right,16,22,42,18,22,18,28,32,24,26,18,720,532,4,10,6,9,13,6,10,7,12,10,8,10,8,0,0,2,5,3,1522,103
wpi61732n11706z1483,CC12.png,Right,4,2,22,6,6,0,6,42,46,48,24,638,732,10,10,0,1,10,2,3,0,2,14,15,13,10,0,0,4,3,0,1592,77
wpi61732n11706z1483,CC2.png,Left,30,60,56,106,18,58,28,142,64,32,50,1640,842,46,85,34,14,19,32,5,20,13,36,20,14,21,0,0,14,31,14,3261,253
wpi61732n11706z1483,CC3.png,Left,6,28,32,34,8,6,20,28,10,4,6,535,390,6,12,2,8,12,12,2,1,8,9,3,1,2,0,0,3,6,1,1121,68
wpi61732n11706z1483,CC4.png,Left,36,18,70,58,50,4,34,98,20,2,10,915,842,18,18,2,5,20,18,19,2,13,23,7,1,3,0,0,8,8,1,2159,128
wpi61732n11706z1483,CC5.png,Left,11,28,50,60,26,2,56,120,0,0,4,757,96,6,24,2,6,15,21,5,1,18,29,0,0,2,0,0,2,12,1,1231,112
wpi61732n11706z1483,CC6.png,Left,38,14,82,40,44,42,80,56,16,10,12,1120,798,14,21,0,6,30,15,13,13,20,14,6,2,4,0,0,5,8,0,2349,136
wpi61732n11706z1483,CC7.png,Right,18,14,28,18,22,30,12,170,114,18,14,997,542,8,18,8,4,9,8,9,7,6,21,20,8,7,0,0,3,7,1,2013,110
wpi61732n11706z1483,CC8.png,Right,20,52,70,32,28,8,18,52,50,36,26,1142,794,36,52,8,15,20,7,11,4,7,14,18,8,10,0,0,13,15,3,2404,145
wpi61732n11706z1483,CC9.png,Right,14,34,64,36,26,16,22,336,104,20,56,1863,1534,40,58,10,11,22,13,12,5,8,44,30,10,22,0,0,14,20,4,4219,215
wpi61732n11706z1483,P1.png,Left,37,0,86,68,62,66,126,34,10,0,8,940,172,8,4,8,0,15,14,16,18,21,7,2,0,4,0,0,1,2,2,1592,102
wpi61732n11706z1483,P10.png,Right,48,42,280,44,92,2,48,202,138,130,204,2550,1024,48,84,18,14,59,13,30,1,16,44,34,25,52,0,0,21,34,8,4906,351
wpi61732n11706z1483,P11.png,Right,8,28,134,6,12,0,12,68,26,8,16,767,282,18,26,4,9,17,2,5,0,5,17,8,3,4,0,0,7,11,1,1407,89
wpi61732n11706z1483,P12.png,Right,50,72,182,48,136,28,36,178,172,86,106,2420,1876,52,76,10,19,41,11,36,8,15,35,35,19,36,0,0,13,29,4,5478,301
wpi61732n11706z1483,P2.png,Left,21,54,74,224,10,82,42,446,30,18,44,2641,772,48,128,38,14,23,46,4,18,15,55,7,6,14,0,0,14,31,11,4651,258
wpi61732n11706z1483,P3.png,Left,26,18,76,116,12,46,54,138,36,52,40,1475,180,36,16,16,5,15,21,4,13,16,26,9,13,14,0,0,11,7,1,2311,155
wpi61732n11706z1483,P4.png,Left,24,8,72,104,48,32,60,112,8,2,6,1438,376,8,48,38,4,19,19,16,11,21,19,2,1,3,0,0,3,16,2,2360,136
wpi61732n11706z1483,P5.png,Left,12,0,76,98,34,38,84,40,50,4,10,1204,28,0,36,2,0,17,16,12,9,19,12,6,2,2,0,0,0,12,1,1704,108
wpi61732n11706z1483,P6.png,Left,26,22,106,80,100,78,74,612,38,10,22,2240,962,50,48,10,4,20,27,16,17,20,53,6,5,6,0,0,20,18,3,4452,215
wpi61732n11706z1483,P7.png,Right,52,14,146,54,154,54,106,215,204,186,102,2804,780,38,62,26,5,31,11,42,15,32,41,43,32,27,0,0,12,21,8,4945,320
wpi61732n11706z1483,P8.png,Right,13,110,86,16,18,6,2,178,108,40,94,1713,392,64,114,4,25,23,6,6,3,1,43,23,13,28,0,0,23,33,2,2945,229
wpi61732n11706z1483,P9.png,Right,38,74,274,42,66,4,36,134,52,24,56,1963,236,44,126,10,10,55,14,21,2,15,28,19,7,19,0,0,12,34,4,3141,240
wpi61738b721104t176,CC1.png,Left,31,6,26,98,26,42,42,110,62,10,34,1161,499,18,48,20,3,10,26,5,16,16,21,13,4,14,0,0,7,16,6,2202,157
wpi61738b721104t176,CC10.png,Right,9,26,54,50,14,0,6,70,10,4,14,678,181,24,52,12,5,14,3,6,0,2,17,2,2,7,0,0,9,17,4,1195,88
wpi61738b721104t176,CC11.png,Right,20,0,46,32,16,10,26,80,16,10,6,505,20,10,30,0,0,15,9,6,5,8,12,6,3,3,0,0,5,8,0,807,80
wpi61738b721104t176,CC12.png,Right,8,14,44,42,8,0,2,60,10,24,14,597,40,12,30,0,5,13,3,4,0,1,11,3,3,4,0,0,6,12,0,897,65
wpi61738b721104t176,CC2.png,Left,63,29,68,226,58,101,102,186,94,24,58,2256,251,36,100,12,10,19,57,12,34,38,41,20,7,23,0,0,16,29,5,3601,311
wpi61738b721104t176,CC3.png,Left,30,171,2,164,12,62,48,104,66,6,26,2297,263,210,160,10,38,1,38,3,20,16,31,9,1,12,0,0,50,49,5,3601,273
wpi61738b721104t176,CC4.png,Left,8,22,0,70,0,32,10,156,46,16,28,804,142,18,54,6,3,0,17,0,10,4,21,10,5,8,0,0,6,21,2,1404,107
wpi61738b721104t176,CC5.png,Left,10,24,14,14,24,30,34,206,18,0,2,890,36,64,70,10,9,3,5,5,11,11,26,4,0,1,0,0,20,21,4,1436,120
wpi61738b721104t176,CC6.png,Left,12,62,18,38,4,18,4,122,16,14,14,652,124,12,22,0,9,4,14,1,7,2,17,5,4,6,0,0,6,7,0,1120,82
wpi61738b721104t176,CC7.png,Right,17,36,54,22,76,4,20,48,10,36,44,872,108,24,14,20,8,13,4,13,2,8,13,4,6,13,0,0,11,5,5,1388,105
wpi61738b721104t176,CC8.png,Right,16,8,86,2,66,20,10,112,50,52,38,849,20,18,50,6,4,19,1,12,3,3,16,14,9,12,0,0,8,16,2,1387,119
wpi61738b721104t176,CC9.png,Right,17,24,62,2,24,4,4,207,18,12,32,1010,382,18,58,8,5,19,1,10,2,2,31,8,4,13,0,0,8,17,2,1865,122
wpi61738b721104t176,P1.png,Left,25,8,6,78,6,82,24,56,40,30,18,661,44,10,14,10,4,3,21,2,17,10,10,7,6,6,0,0,3,6,4,1087,99
wpi61738b721104t176,P10.png,Right,8,28,28,26,20,0,18,64,17,14,22,630,28,38,26,10,9,9,2,9,0,8,14,3,4,8,0,0,12,11,3,969,92
wpi61738b721104t176,P11.png,Right,23,14,65,22,28,4,14,80,20,24,22,652,36,26,36,8,4,19,4,12,1,6,21,8,4,10,0,0,11,14,3,1051,117
wpi61738b721104t176,P12.png,Right,32,24,174,24,50,0,18,252,56,36,120,1353,108,92,122,10,9,41,6,20,0,6,51,11,6,29,0,0,26,43,5,2439,253
wpi61738b721104t176,P2.png,Left,43,68,18,74,16,52,28,468,42,2,20,1580,549,92,90,26,15,9,25,6,21,9,56,13,1,8,0,0,32,33,11,3125,239
wpi61738b721104t176,P3.png,Left,41,30,40,102,24,74,46,250,70,6,24,1702,358,72,82,18,10,12,34,8,21,15,39,13,2,11,0,0,22,26,7,2898,220
wpi61738b721104t176,P4.png,Left,20,10,20,82,10,22,36,94,4,0,6,766,50,10,44,10,5,7,24,4,11,14,21,2,0,3,0,0,5,19,3,1164,118
wpi61738b721104t176,P5.png,Left,34,12,28,124,20,94,44,68,52,24,40,1014,32,13,32,18,6,9,27,6,18,16,16,10,1,13,0,0,7,12,6,1615,147
wpi61738b721104t176,P6.png,Left,36,70,16,102,24,72,52,122,24,0,12,1140,161,40,66,22,12,6,27,7,24,18,19,6,0,4,0,0,15,24,11,1923,173
wpi61738b721104t176,P7.png,Right,45,38,140,16,74,24,46,475,74,88,72,2544,1085,112,138,34,17,46,6,30,8,16,82,27,17,28,0,0,38,55,16,4960,386
wpi61738b721104t176,P8.png,Right,16,42,116,18,22,0,16,168,10,2,36,1035,250,77,62,4,13,22,4,10,0,4,22,4,1,11,0,0,15,21,2,1858,129
wpi61738b721104t176,P9.png,Right,42,4,232,26,116,34,22,112,32,38,80,1404,92,14,46,36,2,42,8,25,5,11,19,9,9,26,0,0,7,19,11,2288,193
wpi6mj1739394319224,IC1.png,Left,21,9,8,45,16,44,22,20,6,29,20,573,256,16,10,13,2,4,15,7,17,9,7,2,11,10,0,0,4,5,5,1087,98
wpi6mj1739394319224,IC10.png,Right,6,2,18,14,11,2,6,67,13,4,4,302,64,10,18,2,1,6,5,4,1,3,10,4,2,2,0,0,5,5,1,537,49
wpi6mj1739394319224,IC11.png,Right,10,8,12,7,14,6,10,31,9,4,8,349,145,14,0,4,4,5,3,4,3,5,8,4,1,3,0,0,4,0,2,621,46
wpi6mj1739394319224,IC12.png,Right,35,24,30,40,68,45,34,29,13,31,28,1467,915,3,11,51,8,14,13,19,15,13,9,5,12,9,0,0,1,5,16,2789,139
wpi6mj1739394319224,IC2.png,Left,29,9,41,87,12,58,40,94,87,72,56,1399,336,4,21,30,3,12,30,6,19,13,22,25,22,24,0,0,2,9,10,2346,197
wpi6mj1739394319224,IC3.png,Left,19,11,18,41,7,53,24,18,27,80,56,1073,182,5,23,34,4,7,14,3,18,9,5,8,16,20,0,0,1,9,10,1652,124
wpi6mj1739394319224,IC4.png,Left,20,0,17,21,45,34,39,7,2,10,6,653,377,5,3,32,0,6,8,13,12,12,2,1,3,3,0,0,2,1,9,1251,72
wpi6mj1739394319224,IC5.png,Left,9,0,3,13,19,21,6,19,1,31,6,398,242,10,7,20,0,1,6,5,8,3,6,1,3,3,0,0,3,3,2,796,44
wpi6mj1739394319224,IC6.png,Left,33,6,18,39,15,48,39,45,20,20,22,879,425,4,22,12,3,8,15,7,17,13,13,7,7,10,0,0,2,9,5,1614,116
wpi6mj1739394319224,IC7.png,Right,7,0,16,5,54,6,7,39,32,30,18,730,419,4,8,30,0,6,2,10,3,3,8,8,8,6,0,0,2,3,8,1398,67
wpi6mj1739394319224,IC8.png,Right,4,9,8,9,2,2,6,20,2,2,11,261,215,2,0,0,2,3,3,1,1,3,7,1,1,4,0,0,1,0,0,549,27
wpi6mj1739394319224,IC9.png,Right,38,34,44,57,53,51,37,60,22,9,17,1424,468,28,35,15,10,18,17,20,15,15,18,9,4,7,0,0,12,14,5,2354,164
wpi6mj1739394319224,P1.png,Left,9,6,6,23,26,25,13,26,19,22,8,438,177,10,8,10,3,2,5,6,10,6,4,6,3,2,0,0,4,3,5,817,59
wpi6mj1739394319224,P10.png,Right,75,10,138,89,162,124,145,74,33,31,69,1847,208,5,35,23,3,49,31,48,34,51,16,12,14,30,0,0,2,12,9,2993,311
wpi6mj1739394319224,P11.png,Right,0,0,0,0,0,4,0,0,0,2,0,217,824,0,0,32,0,0,0,0,2,0,0,0,1,0,0,0,0,0,2,1079,5
wpi6mj1739394319224,P12.png,Right,0,0,0,0,13,30,7,0,0,3,0,384,1206,0,0,34,0,0,0,5,5,3,0,0,1,0,0,0,0,0,6,1677,20
wpi6mj1739394319224,P2.png,Left,6,0,4,5,21,58,18,2,0,10,9,626,1400,0,4,54,0,2,2,7,20,6,1,0,4,4,0,0,0,1,14,2211,61
wpi6mj1739394319224,P3.png,Left,16,0,18,38,6,23,10,13,12,46,22,736,313,0,4,28,0,4,10,2,9,2,4,4,10,5,0,0,0,2,8,1269,60
wpi6mj1739394319224,P4.png,Left,13,0,6,35,9,44,27,15,29,56,44,611,82,2,2,0,0,2,10,3,14,11,2,11,16,19,0,0,1,1,0,962,90
wpi6mj1739394319224,P5.png,Left,5,0,8,7,18,12,14,2,0,2,5,568,733,0,0,23,0,3,3,4,5,5,1,0,1,2,0,0,0,0,7,1392,31
wpi6mj1739394319224,P6.png,Left,2,0,0,3,0,14,0,0,2,19,2,350,1457,0,0,36,0,0,1,0,4,0,0,1,4,1,0,0,0,0,5,1883,16
wpi6mj1739394319224,P7.png,Right,53,0,89,34,118,85,76,11,62,53,83,1328,138,0,0,25,0,30,12,38,23,28,4,19,18,29,0,0,0,0,8,2102,209
wpi6mj1739394319224,P8.png,Right,0,0,0,0,10,12,4,4,0,9,0,229,1743,0,0,23,0,0,0,5,3,2,1,0,4,0,0,0,0,0,5,2034,20
wpi6mj1739394319224,P9.png,Right,39,4,64,76,77,47,37,59,59,40,36,1348,360,8,30,26,2,22,18,32,17,17,15,18,13,15,0,0,4,9,12,2271,194
wpi61m7412r29608936,IC1.png,Left,0,12,28,26,0,0,3,105,9,0,3,374,216,3,28,0,3,7,7,0,0,2,16,3,0,1,0,0,3,10,0,807,52
wpi61m7412r29608936,IC10.png,Right,2,2,15,4,0,1,1,82,27,0,3,342,205,7,5,0,1,7,1,0,1,1,8,6,0,2,0,0,1,3,0,694,31
wpi61m7412r29608936,IC11.png,Right,0,6,9,0,0,0,0,140,11,0,0,259,276,19,14,0,3,3,0,0,0,0,13,2,0,0,0,0,6,6,0,734,33
wpi61m7412r29608936,IC12.png,Right,0,12,26,0,0,0,0,126,22,5,1,431,263,39,15,0,5,7,0,0,0,0,20,6,1,1,0,0,15,6,0,940,61
wpi61m7412r29608936,IC2.png,Left,0,10,10,37,0,0,4,261,2,3,4,892,566,52,27,0,6,5,11,0,0,2,37,1,1,2,0,0,27,15,0,1868,107
wpi61m7412r29608936,IC3.png,Left,0,12,8,7,0,0,0,119,2,1,5,417,245,27,35,0,5,4,3,0,0,0,23,2,1,3,0,0,11,15,0,878,67
wpi61m7412r29608936,IC4.png,Left,0,7,2,5,0,0,0,105,0,0,0,321,197,24,14,0,2,2,3,0,0,0,14,0,0,0,0,0,8,7,0,675,36
wpi61m7412r29608936,IC5.png,Left,0,19,21,28,0,0,2,110,0,0,0,464,274,18,22,0,7,6,7,0,0,1,18,0,0,0,0,0,7,10,0,958,56
wpi61m7412r29608936,IC6.png,Left,0,9,0,7,0,0,0,99,0,0,0,290,236,17,7,0,3,0,3,0,0,0,12,0,0,0,0,0,8,3,0,665,29
wpi61m7412r29608936,IC7.png,Right,1,8,19,20,1,0,1,103,3,0,4,508,232,22,6,0,4,8,3,1,0,1,15,2,0,2,0,0,8,3,0,927,47
wpi61m7412r29608936,IC8.png,Right,9,17,88,6,35,2,12,472,48,2,18,1228,417,95,66,11,6,23,3,9,2,4,58,16,1,8,0,0,31,27,3,2517,191
wpi61m7412r29608936,IC9.png,Right,6,18,34,3,5,1,10,337,18,0,2,810,212,57,37,0,6,10,1,3,1,3,47,7,0,1,0,0,24,16,0,1544,119
wpi61m7412r29608936,P1.png,Left,6,1,21,35,11,1,9,73,0,0,0,513,111,7,13,0,1,9,10,3,1,4,11,0,0,0,0,0,4,4,0,795,47
wpi61m7412r29608936,P10.png,Right,1,5,23,0,3,0,2,114,20,2,3,434,88,6,20,0,3,9,0,1,0,1,19,8,1,2,0,0,4,6,0,720,54
wpi61m7412r29608936,P11.png,Right,5,12,20,7,9,0,6,156,56,3,23,603,242,9,21,2,6,10,3,4,0,2,27,12,1,8,0,0,5,8,2,1169,88
wpi61m7412r29608936,P12.png,Right,2,8,14,2,1,0,2,226,13,0,4,733,357,38,10,0,4,2,1,1,0,2,29,9,0,3,0,0,16,5,0,1408,72
wpi61m7412r29608936,P2.png,Left,48,64,70,189,22,61,55,367,170,147,132,3283,559,76,94,7,27,24,50,9,28,24,68,46,36,41,0,0,36,37,4,5296,430
wpi61m7412r29608936,P3.png,Left,20,33,38,42,10,8,21,288,10,2,9,1059,400,39,35,4,12,14,15,6,6,9,42,5,1,3,0,0,20,18,2,1998,153
wpi61m7412r29608936,P4.png,Left,6,0,30,2,12,2,8,66,2,0,0,409,157,2,1,0,0,5,1,2,2,2,8,2,0,0,0,0,1,1,0,691,24
wpi61m7412r29608936,P5.png,Left,36,24,200,103,53,38,80,179,8,0,31,1618,253,23,28,3,8,40,29,17,14,27,28,3,0,10,0,0,8,13,3,2641,200
wpi61m7412r29608936,P6.png,Left,6,0,40,21,4,1,12,293,1,2,2,963,352,41,42,0,0,13,11,3,1,8,36,1,1,1,0,0,12,11,0,1774,98
wpi61m7412r29608936,P7.png,Right,4,4,8,3,6,10,11,185,23,9,12,696,364,13,18,1,3,4,1,5,2,4,26,8,3,5,0,0,9,8,1,1363,79
wpi61m7412r29608936,P8.png,Right,0,6,0,0,0,0,1,136,6,5,4,399,249,20,21,0,4,0,0,0,0,1,21,3,1,1,0,0,10,6,0,847,47
wpi61m7412r29608936,P9.png,Right,36,54,179,39,48,15,49,442,106,31,50,2419,485,69,85,8,23,53,14,20,5,20,78,36,9,21,0,0,34,38,5,4079,356
wpi6j17320561193z94,IC1.png,Left,12,20,10,10,8,23,8,25,26,20,6,539,650,2,18,6,6,4,5,3,9,3,8,7,7,2,0,0,1,8,2,1371,65
wpi6j17320561193z94,IC10.png,Right,6,6,16,14,8,8,6,12,4,8,4,396,217,7,10,0,2,7,6,4,3,2,4,2,1,2,0,0,3,4,0,716,40
wpi6j17320561193z94,IC11.png,Right,12,24,21,19,2,14,22,14,21,22,21,688,545,0,10,10,10,6,8,1,6,9,4,5,9,8,0,0,0,4,3,1433,73
wpi6j17320561193z94,IC12.png,Right,8,4,12,20,10,8,10,6,4,6,0,351,549,2,6,8,2,5,7,4,3,3,3,2,3,0,0,0,1,2,2,996,37
wpi6j17320561193z94,IC2.png,Left,45,51,112,60,54,26,38,115,46,24,24,1709,3397,30,31,14,16,39,25,21,9,17,36,15,11,11,0,0,12,12,7,5731,231
wpi6j17320561193z94,IC3.png,Left,10,8,12,20,6,9,12,37,31,8,9,484,1058,2,10,2,4,5,8,3,5,5,12,10,4,5,0,0,1,5,1,1708,68
wpi6j17320561193z94,IC4.png,Left,12,2,13,16,14,24,17,16,8,18,10,464,575,4,0,6,1,6,4,4,11,5,5,2,8,4,0,0,2,0,2,1187,54
wpi6j17320561193z94,IC5.png,Left,9,16,10,20,12,28,22,18,10,5,2,396,182,4,12,4,4,5,9,1,6,9,5,3,2,1,0,0,2,3,2,741,52
wpi6j17320561193z94,IC6.png,Left,8,4,6,18,26,14,12,8,15,10,2,550,791,4,2,4,2,3,7,5,6,6,2,7,5,1,0,0,2,1,2,1466,49
wpi6j17320561193z94,IC7.png,Right,12,6,22,28,12,10,8,20,14,18,10,504,384,0,9,2,3,8,9,5,3,4,8,5,7,5,0,0,0,5,1,1047,63
wpi6j17320561193z94,IC8.png,Right,25,14,22,32,26,26,12,30,16,25,21,1069,1847,2,8,10,7,10,13,12,9,5,9,8,8,10,0,0,1,4,5,3160,101
wpi6j17320561193z94,IC9.png,Right,16,27,46,32,19,6,16,75,30,70,24,1419,2875,9,27,20,11,16,15,8,3,7,22,12,24,10,0,0,5,10,8,4695,151
wpi6j17320561193z94,P1.png,Left,10,4,8,26,12,12,10,38,18,14,22,590,173,8,12,12,1,4,9,6,6,4,10,7,5,9,0,0,3,4,4,959,72
wpi6j17320561193z94,P10.png,Right,26,14,72,34,52,52,53,30,24,28,36,1197,272,10,38,55,6,21,9,15,8,17,12,10,9,13,0,0,5,13,10,1967,148
wpi6j17320561193z94,P11.png,Right,19,30,48,42,27,28,38,76,26,18,16,1233,932,14,24,6,13,15,11,12,11,18,22,9,8,8,0,0,7,8,3,2558,145
wpi6j17320561193z94,P12.png,Right,22,8,58,64,22,30,26,33,18,16,20,1023,921,2,20,18,3,18,16,10,4,11,8,9,7,9,0,0,1,10,6,2279,112
wpi6j17320561193z94,P2.png,Left,56,32,63,95,84,69,65,72,80,42,58,2127,2053,14,21,16,12,18,32,28,27,26,24,24,19,27,0,0,7,8,7,4891,259
wpi6j17320561193z94,P3.png,Left,39,52,33,65,84,50,36,82,39,30,34,1657,1626,8,26,8,12,14,25,22,21,14,24,16,12,13,0,0,4,13,4,3830,194
wpi6j17320561193z94,P4.png,Left,22,6,49,38,36,14,18,49,15,10,12,799,604,2,15,10,3,16,15,12,6,8,13,5,4,6,0,0,1,6,2,1677,97
wpi6j17320561193z94,P5.png,Left,8,4,6,10,10,4,4,12,4,0,2,265,562,4,10,6,2,3,4,5,2,2,6,2,0,1,0,0,2,4,1,903,34
wpi6j17320561193z94,P6.png,Left,11,12,12,14,8,10,10,24,2,10,10,313,969,4,4,6,4,5,5,3,5,3,9,1,3,5,0,0,2,2,2,1408,49
wpi6j17320561193z94,P7.png,Right,6,18,22,8,18,6,14,27,6,34,16,514,667,14,10,4,8,6,4,9,2,7,10,3,10,6,0,0,5,4,2,1378,76
wpi6j17320561193z94,P8.png,Right,13,20,34,28,16,14,18,20,26,10,8,624,813,6,14,0,6,13,7,7,5,7,8,8,4,4,0,0,2,6,0,1651,77
wpi6j17320561193z94,P9.png,Right,12,35,36,26,18,8,14,66,38,12,20,940,1217,26,24,6,13,13,8,8,4,5,24,14,6,8,0,0,8,10,3,2486,124
wpi617z42g312914732,IC1.png,Left,7,10,12,43,4,3,7,54,41,9,16,670,968,12,12,21,4,5,10,2,2,2,12,10,4,7,0,0,5,5,3,1882,71
wpi617z42g312914732,IC10.png,Right,9,0,28,4,14,22,6,34,6,17,32,537,245,0,8,26,0,6,2,6,4,2,6,2,6,8,0,0,0,3,6,979,51
wpi617z42g312914732,IC11.png,Right,13,18,13,39,12,15,7,23,0,0,0,842,1193,21,24,20,6,5,9,5,6,4,6,0,0,0,0,0,9,8,5,2227,63
wpi617z42g312914732,IC12.png,Right,3,16,2,2,2,7,2,18,0,0,0,239,1149,1,1,0,3,1,1,1,3,2,3,0,0,0,0,0,1,1,0,1439,16
wpi617z42g312914732,IC2.png,Left,2,21,0,26,0,12,0,55,32,16,11,678,1712,32,10,12,7,0,6,0,2,0,7,8,5,4,0,0,7,3,2,2617,51
wpi617z42g312914732,IC3.png,Left,5,49,6,13,2,16,11,89,25,12,8,906,962,23,45,24,10,2,5,1,6,5,15,8,5,4,0,0,9,12,6,2191,88
wpi617z42g312914732,IC4.png,Left,0,43,0,0,0,10,0,52,10,8,17,423,662,20,11,0,7,0,0,0,5,0,5,1,3,5,0,0,7,1,0,1256,34
wpi617z42g312914732,IC5.png,Left,13,46,13,41,0,27,16,180,33,23,33,1340,2200,115,56,8,17,4,15,0,9,6,34,11,6,11,0,0,26,16,4,4131,159
wpi617z42g312914732,IC6.png,Left,10,15,25,8,0,18,11,16,11,45,7,615,816,4,11,13,3,6,4,0,7,6,5,4,5,4,0,0,1,4,4,1615,53
wpi617z42g312914732,IC7.png,Right,4,15,0,7,3,18,2,21,6,0,0,434,1069,5,5,0,3,0,2,1,4,1,4,2,0,0,0,0,2,1,0,1585,20
wpi617z42g312914732,IC8.png,Right,19,42,45,43,15,50,33,48,0,0,14,615,1005,9,47,0,5,15,17,4,12,12,9,0,0,4,0,0,4,13,0,1966,95
wpi617z42g312914732,IC9.png,Right,3,19,0,7,2,11,7,29,0,0,0,442,1357,9,3,9,3,0,2,1,3,2,5,0,0,0,0,0,3,2,3,1895,24
wpi617z42g312914732,P1.png,Left,6,24,4,6,2,19,10,33,18,26,9,842,979,12,15,11,3,2,2,1,5,4,9,5,8,4,0,0,6,4,4,2010,57
wpi617z42g312914732,P10.png,Right,23,14,67,36,121,24,30,64,27,26,48,1206,384,5,55,10,3,19,11,15,5,9,12,6,5,14,0,0,3,13,4,2117,119
wpi617z42g312914732,P11.png,Right,12,6,13,6,53,35,14,30,2,24,4,659,807,31,32,18,2,5,3,10,7,6,9,1,6,2,0,0,13,13,6,1734,83
wpi617z42g312914732,P12.png,Right,14,19,27,47,18,24,16,43,8,4,2,1157,764,15,5,6,4,6,10,4,10,6,10,3,1,1,0,0,1,3,3,2155,62
wpi617z42g312914732,P2.png,Left,22,25,8,54,4,76,11,71,23,130,53,1713,1996,29,26,24,5,4,14,2,17,5,16,7,23,21,0,0,8,10,7,4243,139
wpi617z42g312914732,P3.png,Left,4,6,0,20,4,6,0,113,46,52,18,987,2787,14,28,13,3,0,6,2,2,0,18,10,14,7,0,0,6,9,5,4094,82
wpi617z42g312914732,P4.png,Left,1,17,0,19,1,6,3,34,21,35,13,505,656,19,15,7,7,0,5,1,3,2,9,8,8,4,0,0,3,4,2,1351,56
wpi617z42g312914732,P5.png,Left,13,6,14,22,2,37,17,49,7,23,17,611,1041,8,7,13,4,4,11,1,12,7,11,4,5,9,0,0,3,4,4,1874,79
wpi617z42g312914732,P6.png,Left,13,12,4,27,6,43,28,77,44,102,28,1069,1208,13,14,7,4,2,10,3,13,6,10,10,21,12,0,0,6,8,3,2682,108
wpi617z42g312914732,P7.png,Right,26,1,42,51,38,58,21,66,4,11,17,1101,1628,19,26,10,1,7,13,12,13,8,12,2,5,8,0,0,5,8,4,3093,98
wpi617z42g312914732,P8.png,Right,10,24,21,12,8,34,9,95,0,0,0,634,1459,8,16,0,6,7,6,1,10,5,11,0,0,0,0,0,3,7,0,2320,56
wpi617z42g312914732,P9.png,Right,24,15,95,64,53,41,50,78,23,30,41,1418,2234,47,19,13,6,20,16,16,12,17,13,6,9,14,0,0,7,10,5,4221,151
wpi6t17m46413387483,CC1.png,Left,12,0,22,39,38,26,41,8,5,4,39,505,135,8,17,2,0,6,12,3,9,11,3,2,1,8,0,0,2,4,1,889,62
wpi6t17m46413387483,CC10.png,Right,8,14,6,7,63,2,10,34,10,24,22,427,131,6,2,21,3,3,2,11,1,4,3,2,6,7,0,0,3,1,5,779,51
wpi6t17m46413387483,CC11.png,Right,17,0,48,17,50,13,25,58,14,19,24,932,466,18,4,17,0,13,4,14,5,8,11,3,4,7,0,0,8,2,6,1705,85
wpi6t17m46413387483,CC12.png,Right,45,4,109,73,140,2,45,88,68,55,75,1535,371,15,22,8,1,31,6,28,1,14,18,14,11,19,0,0,6,7,4,2610,160
wpi6t17m46413387483,CC2.png,Left,38,10,118,239,85,131,59,62,34,28,41,2110,363,6,48,4,3,21,43,15,20,19,18,10,7,15,0,0,2,15,2,3338,190
wpi6t17m46413387483,CC3.png,Left,29,12,24,78,47,91,44,27,36,10,52,1218,220,4,6,22,1,8,21,8,23,16,5,7,4,13,0,0,2,2,6,1891,116
wpi6t17m46413387483,CC4.png,Left,13,2,29,29,10,27,38,44,2,0,8,481,152,6,28,0,1,9,9,3,5,12,8,1,0,2,0,0,3,9,0,856,62
wpi6t17m46413387483,CC5.png,Left,21,12,15,65,13,94,59,39,28,8,45,803,316,10,12,28,3,6,18,5,19,13,7,6,3,14,0,0,4,6,7,1547,111
wpi6t17m46413387483,CC6.png,Left,19,4,8,86,46,101,55,69,26,4,29,876,165,15,14,16,2,4,16,11,13,17,10,5,2,7,0,0,5,3,4,1514,99
wpi6t17m46413387483,CC7.png,Right,22,0,60,17,44,25,16,45,9,13,50,688,76,1,22,27,0,17,4,15,9,4,9,4,4,10,0,0,1,5,6,1093,88
wpi6t17m46413387483,CC8.png,Right,24,0,96,30,77,20,52,26,38,23,27,856,101,8,11,2,0,19,8,14,3,16,7,8,7,9,0,0,3,3,1,1367,98
wpi6t17m46413387483,CC9.png,Right,30,0,71,34,85,14,57,60,18,65,31,1094,286,12,18,24,0,19,11,19,6,15,11,7,7,9,0,0,4,7,6,1869,121
wpi6t17m46413387483,P1.png,Left,16,8,27,100,42,10,65,86,16,0,18,725,85,29,30,0,2,10,20,6,3,16,11,4,0,5,0,0,9,7,0,1241,93
wpi6t17m46413387483,P10.png,Right,10,16,28,8,29,24,34,26,14,43,31,523,126,12,12,0,4,9,4,8,5,9,5,4,7,9,0,0,4,5,0,926,73
wpi6t17m46413387483,P11.png,Right,28,8,99,63,63,22,20,69,78,26,91,1262,821,48,16,18,3,29,9,17,6,9,14,19,7,26,0,0,10,7,6,2704,162
wpi6t17m46413387483,P12.png,Right,36,52,153,46,175,20,55,172,91,78,153,2116,814,33,35,22,10,41,12,32,6,18,30,30,23,47,0,0,11,14,5,4015,279
wpi6t17m46413387483,P2.png,Left,25,137,18,52,24,58,14,94,24,33,22,1543,639,28,18,28,4,7,18,6,18,5,16,5,6,9,0,0,8,5,9,2732,116
wpi6t17m46413387483,P3.png,Left,11,17,16,42,6,37,24,38,54,28,10,884,211,7,16,3,5,4,17,2,10,9,8,7,6,3,0,0,2,8,1,1393,82
wpi6t17m46413387483,P4.png,Left,9,24,12,59,4,10,8,28,2,2,10,548,98,18,8,0,6,5,8,2,3,4,7,1,1,4,0,0,4,4,0,831,49
wpi6t17m46413387483,P5.png,Left,27,6,21,101,28,109,54,75,27,11,50,1223,91,35,59,36,2,10,29,7,23,20,13,10,3,14,0,0,11,16,7,1926,165
wpi6t17m46413387483,P6.png,Left,48,35,20,210,16,120,64,64,209,50,123,2451,406,16,50,19,3,6,40,5,33,19,15,24,10,31,0,0,6,11,8,3853,211
wpi6t17m46413387483,P7.png,Right,20,29,72,49,16,50,46,17,44,6,4,793,195,33,14,0,6,18,15,5,9,17,9,9,2,2,0,0,10,6,0,1368,108
wpi6t17m46413387483,P8.png,Right,28,21,135,110,62,26,92,29,22,0,14,1682,198,6,23,5,8,26,20,12,6,31,8,7,0,6,0,0,3,6,1,2425,134
wpi6t17m46413387483,P9.png,Right,21,0,98,39,57,17,36,218,21,25,62,1090,180,12,17,38,0,20,11,17,5,12,17,6,8,15,0,0,6,8,9,1910,134
wpi61746k5740121o33,IC1.png,Left,5,0,3,8,2,9,0,6,6,10,14,148,74,0,0,0,0,1,2,1,2,0,1,2,2,3,0,0,0,0,0,280,14
wpi61746k5740121o33,IC10.png,Right,2,0,3,0,13,11,4,0,0,2,3,76,9,0,0,0,0,1,0,4,2,2,0,0,1,1,0,0,0,0,0,121,11
wpi61746k5740121o33,IC11.png,Right,2,0,5,4,2,17,11,0,0,0,3,96,12,0,2,0,0,1,2,1,2,4,0,0,0,1,0,0,0,1,0,152,12
wpi61746k5740121o33,IC12.png,Right,2,0,2,0,3,9,3,0,0,0,0,39,49,0,0,0,0,1,0,1,2,1,0,0,0,0,0,0,0,0,0,105,5
wpi61746k5740121o33,IC2.png,Left,4,0,0,5,6,13,0,0,0,5,0,89,18,0,0,3,0,0,2,2,4,0,0,0,2,0,0,0,0,0,1,139,11
wpi61746k5740121o33,IC3.png,Left,2,0,0,4,0,10,3,2,0,8,2,75,27,0,0,0,0,0,1,0,3,1,1,0,1,1,0,0,0,0,0,131,8
wpi61746k5740121o33,IC4.png,Left,0,0,0,0,0,14,0,0,0,0,3,47,48,0,0,8,0,0,0,0,3,0,0,0,0,1,0,0,0,0,2,120,6
wpi61746k5740121o33,IC5.png,Left,0,0,3,6,0,0,3,0,9,3,0,98,8,2,0,0,0,1,2,0,0,1,0,2,1,0,0,0,1,0,0,132,8
wpi61746k5740121o33,IC6.png,Left,0,0,0,0,2,2,3,0,0,9,9,49,51,0,0,0,0,0,0,1,1,1,0,0,2,1,0,0,0,0,0,125,6
wpi61746k5740121o33,IC7.png,Right,2,0,0,2,6,24,6,0,0,0,0,157,75,0,0,0,0,0,1,3,4,2,0,0,0,0,0,0,0,0,0,270,10
wpi61746k5740121o33,IC8.png,Right,2,0,6,2,20,10,9,0,3,8,10,143,52,0,0,11,0,1,1,3,3,4,0,1,2,3,0,0,0,0,2,274,20
wpi61746k5740121o33,IC9.png,Right,0,0,0,0,8,0,3,0,0,5,7,88,12,0,0,2,0,0,0,3,0,1,0,0,2,2,0,0,0,0,1,125,9
wpi61746k5740121o33,P1.png,Left,1,0,2,0,9,14,5,0,0,12,8,173,36,0,0,7,0,1,0,2,3,1,0,0,1,3,0,0,0,0,3,266,14
wpi61746k5740121o33,P10.png,Right,0,2,8,3,0,0,0,3,0,4,0,87,6,0,2,2,1,3,1,0,0,0,1,0,2,0,0,0,0,1,1,117,10
wpi61746k5740121o33,P11.png,Right,0,0,0,0,0,0,2,0,2,7,2,50,35,0,0,0,0,0,0,0,0,1,0,1,1,1,0,0,0,0,0,98,4
wpi61746k5740121o33,P12.png,Right,4,0,9,7,3,2,5,6,3,3,2,104,0,0,0,0,0,4,3,1,1,2,2,1,1,1,0,0,0,0,0,144,16
wpi61746k5740121o33,P2.png,Left,4,0,9,2,3,2,0,6,0,0,0,100,54,0,0,0,0,4,1,1,1,0,2,0,0,0,0,0,0,0,0,176,9
wpi61746k5740121o33,P3.png,Left,2,0,8,0,3,3,3,0,0,0,0,61,43,0,0,0,0,1,0,1,1,1,0,0,0,0,0,0,0,0,0,121,4
wpi61746k5740121o33,P4.png,Left,2,0,6,5,2,2,0,0,8,0,3,83,12,0,0,0,0,2,2,1,1,0,0,2,0,1,0,0,0,0,0,121,9
wpi61746k5740121o33,P5.png,Left,2,0,5,2,2,5,0,5,0,0,0,78,31,0,0,7,0,2,1,1,1,0,2,0,0,0,0,0,0,0,2,135,9
wpi61746k5740121o33,P6.png,Left,0,0,0,0,0,4,5,9,2,0,3,87,16,0,0,4,0,0,0,0,1,2,1,1,0,1,0,0,0,0,1,130,7
wpi61746k5740121o33,P7.png,Right,7,0,10,5,10,2,5,11,2,2,7,106,3,0,0,0,0,3,2,4,1,2,3,1,1,3,0,0,0,0,0,163,20
wpi61746k5740121o33,P8.png,Right,0,0,0,0,3,0,0,4,0,15,0,76,90,0,0,3,0,0,0,1,0,0,1,0,2,0,0,0,0,0,1,191,5
wpi61746k5740121o33,P9.png,Right,0,0,0,0,0,0,1,0,5,2,2,44,33,0,0,0,0,0,0,0,0,1,0,1,1,1,0,0,0,0,0,87,4
wpi61746ua479590394,IC1.png,Left,4,11,5,17,4,0,2,80,10,13,6,513,408,18,12,2,4,2,6,2,0,1,18,4,3,2,0,0,6,4,1,1101,53
wpi61746ua479590394,IC10.png,Right,5,9,15,4,7,3,3,18,4,0,7,301,339,9,0,2,4,4,1,3,1,1,6,2,0,3,0,0,3,0,1,721,29
wpi61746ua479590394,IC11.png,Right,2,5,2,6,5,6,3,0,0,2,0,178,1257,0,0,0,2,1,1,2,3,1,0,0,1,0,0,0,0,0,0,1464,11
wpi61746ua479590394,IC12.png,Right,10,6,13,8,4,15,13,22,2,2,2,377,833,10,2,8,3,5,3,2,5,5,4,1,1,1,0,0,3,1,2,1317,36
wpi61746ua479590394,IC2.png,Left,2,6,0,4,5,2,0,10,5,2,3,181,1813,0,4,2,2,0,2,1,1,0,2,2,1,1,0,0,0,2,1,2037,15
wpi61746ua479590394,IC3.png,Left,6,0,18,4,2,10,6,10,2,0,8,200,988,0,3,9,0,6,2,1,4,2,3,1,0,3,0,0,0,1,4,1260,27
wpi61746ua479590394,IC4.png,Left,0,7,0,2,0,0,0,8,7,3,3,138,384,10,4,0,3,0,1,0,0,0,2,2,1,1,0,0,4,2,0,566,16
wpi61746ua479590394,IC5.png,Left,2,8,8,5,3,2,2,27,16,15,13,301,1074,0,0,3,3,3,2,1,1,1,8,6,6,4,0,0,0,0,1,1477,36
wpi61746ua479590394,IC6.png,Left,2,2,10,15,3,8,9,26,2,4,6,235,953,6,7,10,1,4,4,1,2,3,5,1,2,2,0,0,3,3,5,1296,36
wpi61746ua479590394,IC7.png,Right,8,29,14,22,8,3,9,46,25,11,0,561,729,22,10,5,10,5,7,3,2,4,11,6,3,0,0,0,7,4,2,1494,64
wpi61746ua479590394,IC8.png,Right,4,2,2,2,7,4,2,10,2,9,5,320,906,5,3,3,1,1,1,3,1,1,4,1,3,2,0,0,2,1,1,1282,22
wpi61746ua479590394,IC9.png,Right,1,2,0,2,7,2,10,2,2,0,2,124,1571,0,0,2,1,0,1,3,1,3,1,1,0,1,0,0,0,0,1,1726,13
wpi61746ua479590394,P1.png,Left,1,5,4,3,0,2,0,15,7,0,2,263,862,5,0,10,2,2,1,0,1,0,3,2,0,1,0,0,2,0,3,1178,17
wpi61746ua479590394,P10.png,Right,2,0,5,2,15,6,6,13,0,5,0,215,855,0,3,3,0,1,1,4,2,3,3,0,2,0,0,0,0,1,1,1128,18
wpi61746ua479590394,P11.png,Right,6,15,7,10,12,2,0,11,0,0,0,128,639,2,3,0,6,3,3,4,1,0,4,0,0,0,0,0,1,1,0,829,23
wpi61746ua479590394,P12.png,Right,1,0,0,3,0,12,3,4,0,8,2,129,1783,0,0,0,0,0,1,0,2,1,1,0,2,1,0,0,0,0,0,1944,8
wpi61746ua479590394,P2.png,Left,16,24,12,31,12,37,15,101,60,50,41,1522,4908,14,13,21,8,5,13,4,12,6,21,16,15,13,0,0,6,5,7,6861,131
wpi61746ua479590394,P3.png,Left,5,4,4,7,2,9,0,30,12,8,5,275,1892,4,4,2,2,2,3,1,3,0,8,4,3,2,0,0,2,2,1,2258,33
wpi61746ua479590394,P4.png,Left,4,2,8,9,9,7,2,12,2,8,9,236,423,7,0,0,1,3,4,2,3,1,4,1,3,4,0,0,3,0,0,734,29
wpi61746ua479590394,P5.png,Left,7,0,2,12,3,9,2,8,4,2,2,116,1947,0,0,4,0,1,4,1,3,1,2,2,1,1,0,0,0,0,2,2111,18
wpi61746ua479590394,P6.png,Left,3,2,2,2,0,9,4,13,2,3,11,232,1674,2,9,0,1,1,1,0,2,2,4,1,1,3,0,0,1,4,0,1965,21
wpi61746ua479590394,P7.png,Right,4,0,0,7,5,12,0,0,0,0,2,121,2298,0,2,2,0,0,3,1,4,0,0,0,0,1,0,0,0,1,1,2449,11
wpi61746ua479590394,P8.png,Right,4,5,10,5,6,0,4,14,5,2,0,179,1312,2,3,0,1,3,1,3,0,2,5,2,1,0,0,0,1,1,0,1547,20
wpi61746ua479590394,P9.png,Right,7,7,12,14,15,10,2,19,10,4,19,422,1360,16,10,8,3,4,4,5,3,1,5,4,2,5,0,0,3,4,3,1928,46
wpi61i73396523t4991,IC1.png,Left,6,3,2,17,0,6,2,10,13,8,6,184,51,10,4,0,2,1,5,0,3,1,4,5,4,3,0,0,4,1,0,316,33
wpi61i73396523t4991,IC10.png,Right,0,7,2,0,0,0,0,22,0,0,0,99,8,20,12,0,2,1,0,0,0,0,5,0,0,0,0,0,2,6,0,170,16
wpi61i73396523t4991,IC11.png,Right,0,6,4,0,0,0,0,4,0,0,0,68,2,9,11,0,2,1,0,0,0,0,2,0,0,0,0,0,3,3,0,104,11
wpi61i73396523t4991,IC12.png,Right,0,2,0,0,0,0,0,24,2,0,0,75,8,20,4,0,1,0,0,0,0,0,8,1,0,0,0,0,7,2,0,135,19
wpi61i73396523t4991,IC2.png,Left,0,0,0,2,0,0,0,18,0,0,0,85,0,13,8,0,0,0,1,0,0,0,5,0,0,0,0,0,5,3,0,126,14
wpi61i73396523t4991,IC3.png,Left,0,5,0,0,0,0,0,25,0,0,0,97,14,2,4,0,2,0,0,0,0,0,4,0,0,0,0,0,1,2,0,147,9
wpi61i73396523t4991,IC4.png,Left,2,2,0,6,0,10,2,22,4,36,10,292,99,3,2,20,1,0,3,0,3,1,4,1,7,4,0,0,1,1,3,508,29
wpi61i73396523t4991,IC5.png,Left,0,4,0,0,3,0,0,23,15,4,6,146,33,4,2,0,2,0,0,1,0,0,4,5,2,3,0,0,2,1,0,240,20
wpi61i73396523t4991,IC6.png,Left,0,2,0,2,0,0,0,23,2,0,6,87,6,6,4,2,1,0,1,0,0,0,6,1,0,1,0,0,3,2,1,140,16
wpi61i73396523t4991,IC7.png,Right,0,5,4,0,0,0,3,38,0,0,2,99,2,15,6,0,2,2,0,0,0,1,4,0,0,1,0,0,3,3,0,174,16
wpi61i73396523t4991,IC8.png,Right,1,2,0,2,0,10,0,21,0,0,0,97,15,18,4,0,1,0,1,0,2,0,6,0,0,0,0,0,5,2,0,169,17
wpi61i73396523t4991,IC9.png,Right,1,9,2,4,4,6,4,12,0,4,4,136,36,2,2,2,2,1,2,1,1,2,3,0,2,1,0,0,1,1,1,227,18
wpi61i73396523t4991,P1.png,Left,6,0,6,29,0,8,14,29,11,18,2,325,51,2,11,6,0,2,8,0,4,6,6,3,3,1,0,0,1,4,2,512,40
wpi61i73396523t4991,P10.png,Right,12,10,36,6,32,16,17,34,32,27,15,608,78,10,10,6,3,13,2,8,6,7,10,10,8,6,0,0,4,5,3,937,85
wpi61i73396523t4991,P11.png,Right,6,6,6,46,3,8,15,26,2,3,2,570,142,5,10,0,2,3,10,1,2,5,7,1,1,1,0,0,2,4,0,844,39
wpi61i73396523t4991,P12.png,Right,30,10,48,38,48,52,58,28,48,26,34,1001,132,2,14,5,2,16,9,15,10,15,12,9,8,14,0,0,1,5,2,1544,118
wpi61i73396523t4991,P2.png,Left,9,32,0,18,3,14,6,47,34,6,9,787,264,16,21,0,8,0,7,1,7,3,14,9,3,4,0,0,8,10,0,1257,74
wpi61i73396523t4991,P3.png,Left,8,12,0,32,0,16,10,12,35,2,20,515,163,17,6,6,5,0,11,0,6,5,6,9,1,4,0,0,6,3,1,846,57
wpi61i73396523t4991,P4.png,Left,5,9,6,22,8,27,10,82,29,30,27,783,250,15,17,2,3,2,6,2,6,4,15,10,6,12,0,0,4,8,1,1317,79
wpi61i73396523t4991,P5.png,Left,18,10,8,39,10,55,14,109,33,65,50,1078,207,10,41,16,4,3,14,3,18,7,14,12,15,19,0,0,4,10,6,1745,129
wpi61i73396523t4991,P6.png,Left,5,8,0,31,4,16,13,26,30,5,20,548,151,6,15,14,3,0,8,2,5,5,6,11,2,9,0,0,3,6,4,887,64
wpi61i73396523t4991,P7.png,Right,13,4,17,20,20,14,18,36,4,8,20,355,12,2,8,0,1,7,7,6,4,5,6,2,3,5,0,0,1,4,0,538,51
wpi61i73396523t4991,P8.png,Right,23,18,22,43,44,16,29,58,8,6,20,897,177,10,22,4,7,9,13,11,6,9,5,3,2,8,0,0,5,7,2,1374,87
wpi61i73396523t4991,P9.png,Right,21,2,19,33,12,32,18,40,0,0,6,690,204,0,8,6,1,6,13,4,9,8,7,0,0,1,0,0,0,3,2,1070,54
wpi61741q21v7504699,CC1.png,Left,42,0,324,126,22,82,74,94,126,184,66,2867,1020,0,2,22,0,34,32,10,24,27,17,30,27,25,0,0,0,1,7,5009,234
wpi61741q21v7504699,CC10.png,Right,12,8,48,18,64,14,12,84,26,26,22,711,346,2,10,12,2,10,3,13,4,4,11,8,9,9,0,0,1,4,4,1403,82
wpi61741q21v7504699,CC11.png,Right,48,0,172,22,154,52,62,110,219,56,104,2294,782,6,24,48,0,41,9,31,11,18,20,40,18,33,0,0,3,9,11,4105,244
wpi61741q21v7504699,CC12.png,Right,54,14,130,38,118,119,58,260,238,59,102,3176,2164,34,16,78,5,42,15,39,20,17,52,48,20,37,0,0,12,8,17,6604,332
wpi61741q21v7504699,CC2.png,Left,47,0,166,84,69,85,72,104,42,56,40,2002,1299,0,14,24,0,35,28,18,22,27,15,13,14,17,0,0,0,7,8,4057,204
wpi61741q21v7504699,CC3.png,Left,60,4,410,100,100,74,100,90,49,66,44,2617,639,2,10,12,1,44,34,31,20,31,17,18,17,16,0,0,1,3,6,4317,239
wpi61741q21v7504699,CC4.png,Left,145,10,702,182,266,248,232,252,50,56,172,6580,2308,0,51,78,4,109,58,62,56,71,43,14,19,39,0,0,0,20,24,11187,519
wpi61741q21v7504699,CC5.png,Left,64,4,114,66,143,165,100,62,8,28,34,2349,994,0,8,120,2,29,15,32,46,28,14,4,11,14,0,0,0,3,22,4195,220
wpi61741q21v7504699,CC6.png,Left,51,0,158,65,88,76,62,278,4,16,50,1662,295,0,4,20,0,31,20,21,21,22,20,2,7,8,0,0,0,2,7,2778,161
wpi61741q21v7504699,CC7.png,Right,22,0,61,20,121,106,26,40,152,170,56,2304,1042,0,12,46,0,21,5,29,13,11,13,31,26,25,0,0,0,6,17,4156,197
wpi61741q21v7504699,CC8.png,Right,28,0,56,30,108,68,34,74,118,40,82,1861,826,4,2,14,0,19,10,24,16,14,13,29,14,23,0,0,2,1,5,3317,170
wpi61741q21v7504699,CC9.png,Right,18,0,39,2,44,10,10,280,76,60,114,1534,486,0,4,86,0,15,1,13,4,5,23,21,16,23,0,0,0,2,6,2745,129
wpi61741q21v7504699,P1.png,Left,37,4,600,64,78,32,68,226,36,30,24,2707,572,2,10,8,2,43,19,15,10,23,35,6,9,8,0,0,1,5,1,4461,177
wpi61741q21v7504699,P10.png,Right,19,0,66,10,32,12,12,143,48,20,50,928,231,0,14,12,0,13,4,8,6,6,13,11,8,14,0,0,0,5,4,1578,92
wpi61741q21v7504699,P11.png,Right,5,0,28,8,36,0,4,56,76,32,54,862,90,0,2,36,0,7,1,9,0,2,8,16,11,16,0,0,0,1,8,1284,79
wpi61741q21v7504699,P12.png,Right,16,0,50,18,84,38,46,110,180,144,78,2984,1112,0,10,38,0,14,5,20,9,12,22,39,35,26,0,0,0,5,10,4892,197
wpi61741q21v7504699,P2.png,Left,32,0,152,20,72,40,30,92,0,16,4,1472,337,2,6,20,0,29,7,12,11,13,18,0,4,1,0,0,1,3,5,2263,104
wpi61741q21v7504699,P3.png,Left,64,0,180,54,148,66,116,137,4,60,30,2364,683,2,12,104,0,39,20,31,23,40,27,1,11,10,0,0,1,5,19,3960,227
wpi61741q21v7504699,P4.png,Left,20,0,56,36,14,16,14,24,4,16,12,568,397,0,6,6,0,18,10,6,5,7,7,2,6,6,0,0,0,2,3,1169,72
wpi61741q21v7504699,P5.png,Left,18,0,212,18,32,14,14,82,0,16,2,988,152,2,2,10,0,18,5,10,7,5,10,0,2,1,0,0,1,1,4,1544,64
wpi61741q21v7504699,P6.png,Left,52,0,304,62,102,108,98,50,10,76,46,3157,1570,0,0,22,0,34,19,18,32,30,10,3,17,18,0,0,0,0,6,5605,187
wpi61741q21v7504699,P7.png,Right,19,0,36,4,28,40,30,235,244,40,46,2100,154,2,4,10,0,13,2,12,9,9,33,36,8,14,0,0,1,1,3,2973,141
wpi61741q21v7504699,P8.png,Right,13,0,27,8,126,10,14,36,96,58,74,1486,1245,4,2,90,0,10,2,27,3,5,6,22,17,17,0,0,2,1,17,3276,129
wpi61741q21v7504699,P9.png,Right,18,2,42,2,18,26,14,72,236,24,20,1132,226,2,4,18,1,13,1,7,5,7,10,16,5,8,0,0,1,2,2,1838,78
wpi617411a0613131e6,CC1.png,Left,43,30,107,131,71,56,46,181,6,10,22,1588,1391,44,43,7,13,29,34,16,16,17,40,3,5,9,0,0,19,17,3,3733,221
wpi617411a0613131e6,CC10.png,Right,3,2,10,0,4,0,0,23,51,14,6,364,262,2,6,0,1,2,0,2,0,0,8,8,5,3,0,0,1,3,0,744,33
wpi617411a0613131e6,CC11.png,Right,10,4,24,6,28,2,12,163,29,26,35,681,187,12,37,8,2,10,1,9,1,6,19,10,9,14,0,0,5,10,4,1254,100
wpi617411a0613131e6,CC12.png,Right,16,12,71,16,28,0,17,108,41,19,29,769,101,23,40,2,5,21,4,11,0,5,25,16,8,13,0,0,8,13,1,1276,130
wpi617411a0613131e6,CC2.png,Left,47,137,142,28,91,26,45,314,12,6,9,2263,1457,42,46,32,19,38,13,25,8,20,44,5,1,3,0,0,15,17,5,4650,213
wpi617411a0613131e6,CC3.png,Left,4,32,12,67,8,4,10,65,6,2,2,542,413,26,42,0,8,6,19,3,1,5,15,2,1,1,0,0,8,13,0,1231,82
wpi617411a0613131e6,CC4.png,Left,18,3,12,28,36,35,25,17,0,2,4,453,167,6,4,19,1,5,8,13,15,11,6,0,1,2,0,0,3,2,7,811,74
wpi617411a0613131e6,CC5.png,Left,20,24,59,54,20,15,8,169,14,9,10,975,402,36,57,0,7,16,14,8,4,4,34,7,2,5,0,0,13,21,0,1852,135
wpi617411a0613131e6,CC6.png,Left,11,54,46,16,17,6,6,351,6,0,2,1246,955,76,33,2,12,17,7,4,3,3,48,2,0,1,0,0,25,14,1,2816,137
wpi617411a0613131e6,CC7.png,Right,11,12,30,8,24,11,8,77,64,43,37,790,222,22,20,4,6,12,3,8,3,4,23,23,14,17,0,0,8,9,2,1372,132
wpi617411a0613131e6,CC8.png,Right,10,4,126,6,18,0,17,142,97,30,58,1230,238,3,43,11,1,31,3,7,0,6,24,26,8,22,0,0,1,14,5,2023,148
wpi617411a0613131e6,CC9.png,Right,52,61,217,68,75,16,77,195,135,41,99,2421,485,74,83,16,14,68,18,29,5,26,47,43,15,38,0,0,18,25,6,4063,352
wpi617411a0613131e6,P1.png,Left,20,2,26,16,29,33,22,26,9,2,8,590,250,6,3,22,1,10,7,11,9,9,5,2,1,3,0,0,1,1,8,1044,68
wpi617411a0613131e6,P10.png,Right,7,32,34,55,2,12,16,104,2,0,11,648,67,31,41,0,10,12,9,1,3,6,20,1,0,2,0,0,10,15,0,1055,89
wpi617411a0613131e6,P11.png,Right,2,2,13,0,0,3,0,227,7,0,0,467,184,21,15,0,1,5,0,0,1,0,18,3,0,0,0,0,10,6,0,939,44
wpi617411a0613131e6,P12.png,Right,13,12,41,7,23,4,2,236,66,27,8,1063,709,22,12,4,5,13,2,9,2,1,29,20,11,4,0,0,9,6,2,2236,113
wpi617411a0613131e6,P2.png,Left,24,4,110,48,26,23,23,218,16,6,4,1186,982,10,23,5,2,33,15,10,9,9,36,5,2,2,0,0,5,7,2,2684,137
wpi617411a0613131e6,P3.png,Left,26,17,56,47,38,20,34,89,0,2,2,877,872,27,16,8,5,19,15,12,9,16,21,0,1,1,0,0,7,8,4,2105,118
wpi617411a0613131e6,P4.png,Left,6,26,15,93,16,8,9,82,74,28,44,784,38,9,18,2,7,5,20,3,2,3,14,14,9,17,0,0,3,8,1,1246,106
wpi617411a0613131e6,P5.png,Left,10,28,28,87,4,10,18,118,19,4,17,694,103,18,40,0,7,9,25,1,5,8,20,7,2,7,0,0,9,17,0,1188,117
wpi617411a0613131e6,P6.png,Left,9,33,30,10,23,19,8,294,2,3,6,1090,1121,52,28,6,9,10,2,8,6,3,26,1,1,2,0,0,16,10,3,2725,97
wpi617411a0613131e6,P7.png,Right,18,55,44,14,32,12,8,524,116,89,47,2286,1743,105,61,7,13,18,4,12,3,4,61,32,24,17,0,0,36,22,3,5143,249
wpi617411a0613131e6,P8.png,Right,2,48,16,11,8,2,0,257,44,17,22,1108,482,49,47,6,13,8,4,3,1,0,35,13,6,9,0,0,17,13,3,2117,125
wpi617411a0613131e6,P9.png,Right,16,0,56,8,34,4,19,168,93,34,55,1214,388,13,27,6,0,15,4,12,2,7,33,29,10,18,0,0,6,12,2,2119,150
wpi61732f06186998p5,IC1.png,Left,13,12,6,100,2,45,18,122,14,24,40,911,34,8,59,4,6,3,29,1,14,7,32,5,9,16,0,0,3,25,2,1399,152
wpi61732f06186998p5,IC10.png,Right,6,12,41,0,14,0,6,129,20,9,12,510,24,12,40,0,5,14,0,3,0,3,27,7,3,6,0,0,5,17,0,829,90
wpi61732f06186998p5,IC11.png,Right,28,34,142,26,37,14,28,69,42,34,57,1317,32,11,86,4,10,46,8,18,6,10,20,16,10,17,0,0,6,33,2,1933,202
wpi61732f06186998p5,IC12.png,Right,13,2,53,2,35,4,10,102,63,65,52,812,148,4,8,6,1,18,1,16,1,4,26,20,19,23,0,0,2,4,2,1366,137
wpi61732f06186998p5,IC2.png,Left,16,22,24,148,4,33,18,170,28,57,49,1194,169,40,80,4,9,10,43,2,14,8,42,10,12,18,0,0,19,37,2,2040,226
wpi61732f06186998p5,IC3.png,Left,44,20,90,273,24,103,114,246,46,38,105,2177,81,22,97,16,8,28,76,8,31,44,62,16,11,33,0,0,11,39,5,3452,372
wpi61732f06186998p5,IC4.png,Left,6,2,48,68,12,4,20,137,2,2,10,530,89,22,24,0,1,15,21,2,2,8,32,1,1,4,0,0,8,10,0,970,105
wpi61732f06186998p5,IC5.png,Left,22,0,31,77,2,32,68,84,0,12,10,576,54,4,12,2,0,13,25,1,12,24,17,0,3,4,0,0,2,6,1,964,108
wpi61732f06186998p5,IC6.png,Left,10,28,14,100,4,18,22,140,12,16,31,866,58,49,78,0,11,4,27,2,6,7,42,5,6,12,0,0,20,35,0,1436,177
wpi61732f06186998p5,IC7.png,Right,10,0,49,0,10,0,4,44,36,6,46,396,65,2,14,4,0,16,0,5,0,2,15,14,3,15,0,0,1,6,1,676,78
wpi61732f06186998p5,IC8.png,Right,27,18,180,16,47,0,24,245,110,39,84,1653,92,21,70,16,8,54,5,19,0,11,64,39,13,32,0,0,10,31,4,2615,290
wpi61732f06186998p5,IC9.png,Right,8,36,70,18,24,4,36,117,66,25,65,1128,56,39,73,2,11,22,8,7,2,13,27,20,7,18,0,0,16,26,1,1759,178
wpi61732f06186998p5,P1.png,Left,7,14,3,17,10,26,18,18,8,8,4,414,464,8,6,2,4,2,5,2,9,6,4,4,3,2,0,0,4,2,1,1020,48
wpi61732f06186998p5,P10.png,Right,31,12,105,10,80,4,34,105,52,16,53,1048,216,20,30,6,5,32,5,26,2,14,25,19,6,24,0,0,7,14,3,1791,182
wpi61732f06186998p5,P11.png,Right,21,2,77,17,51,2,26,64,16,51,29,734,118,2,16,37,1,21,7,17,1,12,13,7,14,12,0,0,1,6,9,1242,121
wpi61732f06186998p5,P12.png,Right,21,2,63,2,66,13,28,56,52,31,29,1272,1040,2,14,18,1,21,1,20,6,11,15,19,10,15,0,0,1,7,6,2688,133
wpi61732f06186998p5,P2.png,Left,105,16,87,343,67,215,78,173,30,73,160,2658,601,20,64,22,8,32,94,20,68,35,38,14,24,58,0,0,7,30,9,4607,437
wpi61732f06186998p5,P3.png,Left,26,26,14,96,8,51,16,60,55,30,33,1040,325,14,47,0,8,5,34,3,15,7,14,16,8,14,0,0,5,21,0,1815,150
wpi61732f06186998p5,P4.png,Left,14,4,18,17,30,25,14,22,8,16,14,469,33,8,8,8,2,5,6,6,8,3,5,3,3,6,0,0,2,4,2,694,55
wpi61732f06186998p5,P5.png,Left,17,3,9,49,29,54,26,30,26,29,49,875,233,2,18,39,2,4,14,7,22,12,7,12,8,19,0,0,1,7,11,1471,126
wpi61732f06186998p5,P6.png,Left,29,0,22,38,22,43,24,42,18,26,38,677,173,4,6,5,0,8,16,8,14,9,7,7,9,14,0,0,2,3,2,1138,99
wpi61732f06186998p5,P7.png,Right,12,15,52,36,24,9,41,55,20,24,23,747,94,14,25,2,6,21,13,9,4,15,14,6,8,9,0,0,7,10,1,1181,123
wpi61732f06186998p5,P8.png,Right,10,6,59,6,39,0,17,141,19,6,22,527,102,26,44,5,2,14,3,11,0,8,18,8,2,8,0,0,8,17,1,1019,100
wpi61732f06186998p5,P9.png,Right,42,58,210,128,44,40,74,97,66,16,52,2487,272,42,121,14,21,62,43,14,12,28,30,16,5,16,0,0,17,40,5,3721,309
wpi617m4630v4861669,IC1.png,Left,15,3,17,31,29,38,26,35,2,0,28,547,358,16,18,6,1,4,8,7,12,9,9,1,0,7,0,0,7,5,1,1154,71
wpi617m4630v4861669,IC10.png,Right,6,17,60,12,14,0,3,64,31,22,42,563,343,17,2,0,5,9,5,3,0,1,8,8,7,13,0,0,5,1,0,1190,65
wpi617m4630v4861669,IC11.png,Right,8,56,26,21,11,5,9,85,25,3,6,571,443,26,25,0,10,9,5,3,2,3,16,6,1,2,0,0,10,8,0,1312,75
wpi617m4630v4861669,IC12.png,Right,4,56,41,4,2,4,10,187,16,2,20,671,264,49,73,0,19,11,1,1,2,3,28,5,1,6,0,0,17,24,0,1399,118
wpi617m4630v4861669,IC2.png,Left,12,14,51,46,5,18,29,96,9,5,8,495,271,34,28,0,5,13,14,2,5,8,15,1,1,2,0,0,8,10,0,1109,84
wpi617m4630v4861669,IC3.png,Left,8,5,8,29,10,9,9,42,0,2,3,302,345,20,12,4,2,1,6,2,2,3,6,0,1,1,0,0,4,3,1,800,32
wpi617m4630v4861669,IC4.png,Left,4,5,29,22,2,9,5,70,4,0,0,338,365,28,26,0,2,6,4,1,1,2,17,1,0,0,0,0,8,8,0,903,50
wpi617m4630v4861669,IC5.png,Left,4,26,2,31,3,2,6,36,8,2,13,330,342,16,17,0,8,1,7,1,1,2,7,2,1,5,0,0,7,5,0,834,47
wpi617m4630v4861669,IC6.png,Left,15,23,18,32,10,35,12,40,15,7,19,530,474,30,19,3,7,4,8,4,10,4,10,4,3,6,0,0,8,6,1,1267,75
wpi617m4630v4861669,IC7.png,Right,12,29,32,6,33,4,26,49,9,34,20,495,493,21,20,11,7,8,2,9,2,5,10,2,7,6,0,0,6,7,2,1282,73
wpi617m4630v4861669,IC8.png,Right,9,0,47,10,34,23,22,72,18,17,24,412,246,32,26,7,0,9,3,8,3,5,11,5,4,6,0,0,8,6,2,990,70
wpi617m4630v4861669,IC9.png,Right,3,7,60,10,7,0,15,47,17,30,31,392,200,17,16,0,3,10,2,2,0,6,7,4,7,9,0,0,4,6,0,849,60
wpi617m4630v4861669,P1.png,Left,35,62,79,62,99,39,54,331,42,23,26,1835,650,158,74,13,16,24,18,12,12,15,51,12,7,10,0,0,35,24,1,3547,237
wpi617m4630v4861669,P10.png,Right,74,10,239,89,197,46,215,313,201,138,148,2979,676,48,18,33,3,56,24,48,10,44,29,31,28,42,0,0,14,7,8,5350,344
wpi617m4630v4861669,P11.png,Right,13,51,87,14,19,5,21,192,61,18,23,808,352,88,45,3,14,21,5,6,2,7,30,13,6,9,0,0,23,14,1,1787,151
wpi617m4630v4861669,P12.png,Right,8,18,30,8,39,4,9,203,27,45,34,693,419,30,29,3,8,8,3,11,2,3,23,9,9,11,0,0,9,10,1,1591,107
wpi617m4630v4861669,P2.png,Left,8,16,15,23,15,30,22,28,3,5,12,400,472,11,18,14,4,5,4,4,6,6,7,1,1,1,0,0,2,3,5,1084,49
wpi617m4630v4861669,P3.png,Left,15,67,27,71,24,12,32,581,21,12,24,1771,1024,195,149,4,19,9,24,5,3,11,68,7,4,9,0,0,43,46,1,4014,249
wpi617m4630v4861669,P4.png,Left,8,12,2,24,3,29,26,29,9,0,18,333,317,15,21,10,3,1,6,1,9,8,5,2,0,3,0,0,5,6,1,848,50
wpi617m4630v4861669,P5.png,Left,8,27,36,10,13,22,12,13,0,17,3,350,449,7,8,2,6,4,2,3,7,3,3,0,3,1,0,0,3,3,1,969,39
wpi617m4630v4861669,P6.png,Left,15,140,39,78,11,27,35,344,120,39,77,1892,766,157,120,6,27,10,24,3,6,11,58,25,11,17,0,0,43,28,2,3851,265
wpi617m4630v4861669,P7.png,Right,18,23,76,26,47,5,26,335,96,44,59,1433,747,98,82,8,9,20,8,12,2,8,30,18,12,13,0,0,18,17,2,3105,169
wpi617m4630v4861669,P8.png,Right,5,29,26,0,21,3,15,139,25,11,16,515,361,48,21,0,6,9,0,3,1,3,17,4,3,5,0,0,14,8,0,1230,73
wpi617m4630v4861669,P9.png,Right,63,69,470,79,274,53,140,386,228,232,229,4347,566,119,136,34,24,91,19,58,16,38,62,48,21,56,0,0,23,39,9,7362,504
wpi6174k32099421p95,CC1.png,Left,5,24,6,12,0,20,0,15,20,18,18,450,426,14,10,4,6,2,4,0,5,0,4,8,7,8,0,0,6,5,1,1037,56
wpi6174k32099421p95,CC10.png,Right,18,13,28,57,14,20,34,35,12,6,10,641,234,16,18,0,5,9,20,7,8,15,9,4,2,5,0,0,7,9,0,1138,100
wpi6174k32099421p95,CC11.png,Right,2,77,18,20,2,0,2,50,14,2,2,563,101,40,24,0,17,4,5,1,0,1,12,5,1,1,0,0,13,7,0,915,67
wpi6174k32099421p95,CC12.png,Right,17,14,36,20,10,13,10,16,18,10,20,482,109,2,12,4,5,12,8,5,5,5,6,6,3,9,0,0,1,4,2,776,71
wpi6174k32099421p95,CC2.png,Left,2,12,0,8,0,2,2,14,2,4,4,175,447,6,8,0,3,0,3,0,1,1,4,1,2,2,0,0,3,2,0,684,22
wpi6174k32099421p95,CC3.png,Left,0,36,6,22,0,0,0,12,10,0,6,299,106,6,6,0,6,2,7,0,0,0,5,5,0,2,0,0,3,1,0,509,31
wpi6174k32099421p95,CC4.png,Left,5,55,2,16,2,16,4,52,16,6,2,664,754,50,24,10,20,1,4,1,4,2,8,6,3,1,0,0,13,12,1,1673,76
wpi6174k32099421p95,CC5.png,Left,4,48,0,14,2,2,2,44,14,8,4,341,432,20,4,2,9,0,5,1,1,1,8,5,4,2,0,0,9,2,1,937,48
wpi6174k32099421p95,CC6.png,Left,0,28,0,2,0,0,4,20,15,0,2,250,100,4,12,0,4,0,1,0,0,2,4,5,0,1,0,0,2,6,0,437,25
wpi6174k32099421p95,CC7.png,Right,6,32,20,12,8,0,2,20,12,0,8,448,52,22,11,2,10,6,4,3,0,1,7,4,0,4,0,0,7,5,1,649,52
wpi6174k32099421p95,CC8.png,Right,22,54,39,55,32,20,29,53,12,4,18,1035,951,20,29,12,16,17,17,13,6,10,21,4,2,8,0,0,9,9,5,2363,137
wpi6174k32099421p95,CC9.png,Right,10,24,52,58,8,24,20,72,0,0,2,686,190,10,34,2,9,12,15,3,5,7,15,0,0,1,0,0,5,14,1,1182,87
wpi6174k32099421p95,P1.png,Left,4,36,0,33,0,12,2,30,10,8,2,485,478,26,14,4,11,0,9,0,4,1,8,5,3,1,0,0,10,7,1,1140,60
wpi6174k32099421p95,P10.png,Right,9,18,47,4,12,2,2,55,8,0,4,433,142,4,18,2,4,7,2,5,1,1,9,4,0,2,0,0,2,8,1,751,46
wpi6174k32099421p95,P11.png,Right,20,5,112,59,30,12,24,42,22,4,29,630,106,8,19,4,1,24,13,10,4,8,12,10,2,10,0,0,3,7,2,1106,106
wpi6174k32099421p95,P12.png,Right,33,43,86,81,50,22,52,102,14,6,14,1653,969,59,69,12,14,32,14,16,7,16,26,7,2,6,0,0,15,20,4,3232,179
wpi6174k32099421p95,P2.png,Left,16,58,18,69,22,35,29,129,28,6,28,1290,378,48,48,12,15,7,21,7,10,12,18,9,3,13,0,0,13,19,5,2198,152
wpi6174k32099421p95,P3.png,Left,25,12,73,136,36,22,32,212,32,8,26,1226,285,22,63,18,5,22,33,12,8,11,38,9,3,10,0,0,7,19,4,2203,181
wpi6174k32099421p95,P4.png,Left,3,41,4,6,0,4,0,35,16,6,2,546,352,22,16,8,11,2,2,0,2,0,9,5,2,1,0,0,11,7,2,1058,54
wpi6174k32099421p95,P5.png,Left,0,16,0,13,0,0,0,62,8,0,2,283,66,57,32,0,6,0,4,0,0,0,13,3,0,1,0,0,16,9,0,539,52
wpi6174k32099421p95,P6.png,Left,11,4,6,24,10,6,4,62,0,0,0,286,278,9,2,0,1,3,7,4,3,2,7,0,0,0,0,0,1,1,0,691,29
wpi6174k32099421p95,P7.png,Right,11,22,24,36,7,10,2,58,0,2,4,619,359,32,32,0,9,10,7,3,3,1,12,0,1,2,0,0,10,11,0,1207,69
wpi6174k32099421p95,P8.png,Right,18,36,66,29,32,4,26,46,8,10,6,703,206,12,20,4,10,17,8,10,2,7,14,4,4,2,0,0,6,6,2,1208,92
wpi6174k32099421p95,P9.png,Right,36,18,146,66,66,22,56,19,42,53,36,1552,401,10,20,14,4,28,17,19,8,21,7,12,12,14,0,0,4,7,4,2521,157
wpi6w17461b34984811,CC1.png,Left,8,4,6,19,4,7,4,29,0,8,4,286,166,12,4,0,2,3,7,2,3,2,9,0,2,2,0,0,5,2,0,553,39
wpi6w17461b34984811,CC10.png,Right,8,4,18,11,4,8,11,20,6,5,8,208,81,2,11,0,2,8,3,2,3,5,3,3,2,3,0,0,1,4,0,397,39
wpi6w17461b34984811,CC11.png,Right,6,4,15,11,4,6,14,18,8,6,12,200,77,6,3,6,1,7,5,2,2,7,5,3,3,6,0,0,2,1,3,390,47
wpi6w17461b34984811,CC12.png,Right,6,4,14,2,12,5,0,37,15,10,9,315,134,3,4,6,2,6,1,5,2,0,10,7,4,4,0,0,1,2,3,570,47
wpi6w17461b34984811,CC2.png,Left,24,7,23,22,21,44,25,38,14,11,19,703,437,2,11,18,3,9,8,8,17,10,13,6,5,8,0,0,1,5,7,1395,100
wpi6w17461b34984811,CC3.png,Left,2,4,16,21,0,4,2,32,9,12,12,374,189,9,8,10,2,4,7,0,2,1,8,4,3,4,0,0,4,4,3,702,46
wpi6w17461b34984811,CC4.png,Left,10,6,8,10,4,18,0,16,2,12,13,228,55,4,2,0,2,4,5,2,6,0,3,1,3,3,0,0,2,1,0,378,32
wpi6w17461b34984811,CC5.png,Left,7,7,12,24,8,12,24,23,23,12,17,448,88,4,4,0,3,5,7,4,5,9,5,7,6,7,0,0,2,2,0,706,62
wpi6w17461b34984811,CC6.png,Left,13,10,19,23,8,16,12,24,14,10,9,333,112,6,2,4,4,8,9,4,5,6,7,4,5,4,0,0,2,1,2,602,61
wpi6w17461b34984811,CC7.png,Right,4,0,8,4,4,6,10,9,0,0,4,203,83,4,8,0,0,4,1,2,3,4,2,0,0,2,0,0,2,4,0,343,24
wpi6w17461b34984811,CC8.png,Right,44,7,80,32,81,43,48,56,50,25,58,922,198,7,13,3,3,32,14,32,18,19,16,15,11,20,0,0,3,6,1,1623,190
wpi6w17461b34984811,CC9.png,Right,31,15,77,40,28,22,35,46,40,18,31,1090,835,18,20,16,7,29,16,12,10,17,17,14,5,15,0,0,8,10,7,2331,167
wpi6w17461b34984811,P1.png,Left,6,2,15,16,2,6,12,18,7,4,5,220,47,8,2,0,1,5,7,1,2,4,6,2,2,2,0,0,3,1,0,364,36
wpi6w17461b34984811,P10.png,Right,5,4,8,8,4,4,12,29,0,2,6,208,102,4,2,0,2,3,3,2,2,6,6,0,1,2,0,0,2,1,0,393,30
wpi6w17461b34984811,P11.png,Right,17,6,22,17,18,18,20,41,21,6,15,445,202,9,2,4,3,7,7,9,6,8,7,9,3,6,0,0,2,1,2,846,70
wpi6w17461b34984811,P12.png,Right,17,4,37,10,15,15,18,25,24,9,11,385,223,0,8,8,2,13,5,7,5,8,8,9,4,5,0,0,0,3,3,792,72
wpi6w17461b34984811,P2.png,Left,44,16,32,88,40,63,49,79,34,20,20,1147,282,26,24,22,5,13,29,17,24,22,24,12,10,10,0,0,8,8,9,1942,191
wpi6w17461b34984811,P3.png,Left,30,13,17,44,16,48,22,28,42,32,24,804,220,4,17,22,6,6,18,6,19,10,12,13,13,12,0,0,2,7,8,1353,132
wpi6w17461b34984811,P4.png,Left,9,2,10,18,7,6,10,23,2,2,4,216,67,5,0,0,1,4,6,3,3,3,6,1,1,2,0,0,1,0,0,372,31
wpi6w17461b34984811,P5.png,Left,9,2,8,14,4,13,4,10,19,11,21,243,112,0,12,9,1,4,7,2,5,2,5,6,4,10,0,0,0,4,2,482,52
wpi6w17461b34984811,P6.png,Left,8,2,8,32,4,13,20,23,10,10,11,383,84,4,2,2,1,4,7,2,5,9,8,3,4,5,0,0,2,1,1,608,52
wpi6w17461b34984811,P7.png,Right,14,4,26,10,19,11,20,27,16,7,6,364,88,4,2,0,2,8,4,7,4,7,6,5,2,3,0,0,2,1,0,604,51
wpi6w17461b34984811,P8.png,Right,60,4,96,40,61,63,62,50,22,23,55,1082,136,7,26,9,2,34,15,27,22,19,12,9,9,19,0,0,3,9,4,1736,184
wpi6w17461b34984811,P9.png,Right,22,7,50,15,39,17,28,59,20,29,10,692,354,2,15,37,3,19,4,14,7,12,11,7,9,4,0,0,1,6,13,1374,110
wpi6l174m1221155790,CC1.png,Left,82,73,217,353,118,96,167,770,165,71,243,4545,260,65,152,0,21,55,78,29,27,54,89,44,19,54,0,0,17,55,0,7295,542
wpi6l174m1221155790,CC10.png,Right,28,6,93,25,95,50,34,126,191,147,69,1921,319,8,2,18,1,25,4,24,12,11,27,43,26,26,0,0,4,1,6,3104,210
wpi6l174m1221155790,CC11.png,Right,45,12,146,22,117,49,36,331,96,63,85,1951,115,33,67,21,2,42,7,31,13,12,43,26,17,27,0,0,14,26,8,3144,268
wpi6l174m1221155790,CC12.png,Right,60,10,219,8,210,17,58,423,150,170,229,3023,336,6,42,65,4,53,3,56,5,17,45,46,45,61,0,0,2,15,21,4966,373
wpi6l174m1221155790,CC2.png,Left,215,12,254,284,409,538,310,146,70,149,138,7310,4843,6,57,384,5,74,83,84,135,103,34,16,41,41,0,0,2,17,88,14910,723
wpi6l174m1221155790,CC3.png,Left,100,36,240,378,73,153,216,686,61,70,150,3800,482,75,125,6,7,55,107,22,41,63,93,16,20,46,0,0,23,43,2,6551,538
wpi6l174m1221155790,CC4.png,Left,48,2,120,121,52,99,93,371,16,39,95,1684,33,6,23,2,1,26,27,12,28,28,26,4,13,20,0,0,2,8,1,2756,196
wpi6l174m1221155790,CC5.png,Left,54,0,129,133,71,171,138,66,31,92,64,2611,1471,2,4,84,0,22,28,19,39,35,20,13,26,23,0,0,1,1,23,5067,250
wpi6l174m1221155790,CC6.png,Left,56,4,166,390,33,125,140,839,35,56,133,3285,154,23,133,14,2,43,94,10,36,46,106,14,13,40,0,0,10,46,4,5530,464
wpi6l174m1221155790,CC7.png,Right,36,0,165,23,41,50,65,359,95,34,55,1682,48,10,43,2,0,40,7,13,12,19,42,28,6,17,0,0,5,16,1,2672,206
wpi6l174m1221155790,CC8.png,Right,122,16,276,105,358,235,150,231,219,254,269,5096,892,12,58,106,5,79,27,99,48,49,42,44,58,75,0,0,4,19,32,8277,581
wpi6l174m1221155790,CC9.png,Right,58,76,329,63,85,36,105,715,186,56,134,3781,555,117,195,4,19,89,21,27,13,33,117,56,15,40,0,0,39,63,2,6437,534
wpi6l174m1221155790,P1.png,Left,99,9,218,238,171,196,258,368,54,97,127,4109,785,26,73,31,3,58,67,44,61,78,72,17,20,39,0,0,11,24,10,6760,504
wpi6l174m1221155790,P10.png,Right,137,33,447,282,197,242,183,554,158,50,131,5098,809,95,167,19,9,103,62,47,52,57,74,42,16,40,0,0,29,45,6,8465,582
wpi6l174m1221155790,P11.png,Right,38,117,100,121,35,36,42,253,50,18,32,2130,452,56,63,7,32,34,35,13,11,15,48,18,8,16,0,0,21,25,4,3512,280
wpi6l174m1221155790,P12.png,Right,155,143,286,281,192,219,182,727,106,79,97,6481,2561,129,125,68,40,98,76,65,57,62,108,33,23,38,0,0,48,43,25,11676,716
wpi6l174m1221155790,P2.png,Left,78,131,70,271,56,127,88,695,290,90,176,4979,1632,109,135,7,39,25,88,20,38,30,90,66,35,55,0,0,36,45,3,8856,570
wpi6l174m1221155790,P3.png,Left,80,201,94,277,42,115,89,688,317,81,94,5880,2514,155,199,35,48,29,80,13,37,32,104,63,27,38,0,0,55,65,12,10781,603
wpi6l174m1221155790,P4.png,Left,84,9,167,287,74,119,153,445,31,74,124,2411,141,16,41,8,4,34,65,17,39,45,43,11,16,29,0,0,7,17,4,4100,331
wpi6l174m1221155790,P5.png,Left,52,105,54,158,30,102,55,294,145,57,74,2863,942,101,80,12,25,19,47,6,30,18,54,32,16,27,0,0,36,29,4,5072,343
wpi6l174m1221155790,P6.png,Left,172,8,425,537,278,244,386,462,88,124,187,5379,251,22,107,46,2,91,130,56,85,114,76,21,34,57,0,0,10,41,17,8544,734
wpi6l174m1221155790,P7.png,Right,127,36,233,250,203,183,143,439,207,203,209,5842,2992,20,48,98,11,64,53,60,47,49,51,51,41,57,0,0,8,18,27,11106,537
wpi6l174m1221155790,P8.png,Right,67,103,166,241,62,74,79,345,44,32,52,3674,919,89,121,16,30,56,58,20,26,23,60,13,11,16,0,0,33,40,7,6017,393
wpi6l174m1221155790,P9.png,Right,149,34,520,177,277,271,279,496,397,111,291,5699,498,27,103,42,11,134,46,78,53,85,69,69,30,84,0,0,9,34,12,9222,714
wpi61qv740192824504,CC1.png,Left,4,1,2,5,4,1,2,7,1,0,0,65,31,7,1,0,1,2,4,1,1,1,5,1,0,0,0,0,3,1,0,127,20
wpi61qv740192824504,CC10.png,Right,1,0,1,0,1,0,1,8,3,2,7,91,18,0,0,0,0,1,0,1,0,1,4,3,2,5,0,0,0,0,0,132,17
wpi61qv740192824504,CC11.png,Right,1,0,1,0,1,0,0,10,9,0,3,66,29,3,1,0,0,1,0,1,0,0,5,5,0,3,0,0,3,1,0,123,19
wpi61qv740192824504,CC12.png,Right,3,0,4,1,1,1,0,12,4,1,2,87,16,3,3,0,0,4,1,1,1,0,5,2,1,1,0,0,3,3,0,135,22
wpi61qv740192824504,CC2.png,Left,10,0,10,10,5,2,3,7,1,0,0,72,20,1,1,0,0,7,7,3,2,3,6,1,0,0,0,0,1,1,0,132,31
wpi61qv740192824504,CC3.png,Left,0,3,0,6,0,0,1,6,1,0,1,61,27,2,3,0,3,0,4,0,0,1,4,1,0,1,0,0,2,3,0,111,19
wpi61qv740192824504,CC4.png,Left,1,3,3,4,0,1,3,13,0,0,0,57,31,2,2,0,2,2,3,0,1,3,3,0,0,0,0,0,2,2,0,119,18
wpi61qv740192824504,CC5.png,Left,1,2,3,7,0,1,2,2,1,4,3,67,11,1,8,0,2,2,4,0,1,1,2,1,4,2,0,0,1,3,0,112,23
wpi61qv740192824504,CC6.png,Left,2,1,5,9,0,1,2,10,0,0,1,47,17,2,3,0,1,3,7,0,1,2,6,0,0,1,0,0,2,3,0,98,26
wpi61qv740192824504,CC7.png,Right,3,1,5,1,2,0,1,17,8,4,1,63,28,5,4,0,1,4,1,2,0,1,9,3,2,1,0,0,5,4,0,140,33
wpi61qv740192824504,CC8.png,Right,2,1,4,0,3,0,0,2,0,0,0,59,17,1,6,0,1,3,0,1,0,0,1,0,0,0,0,0,1,3,0,93,10
wpi61qv740192824504,CC9.png,Right,2,0,2,0,2,0,0,3,18,13,6,107,57,0,0,0,0,2,0,1,0,0,2,9,9,5,0,0,0,0,0,208,28
wpi61qv740192824504,P1.png,Left,10,6,2,18,0,8,0,7,8,19,16,156,53,3,8,0,3,2,7,0,5,0,4,3,2,3,0,0,1,4,0,304,34
wpi61qv740192824504,P10.png,Right,6,20,21,2,12,0,2,11,5,5,8,282,359,1,1,0,1,9,1,6,0,2,7,3,2,5,0,0,1,1,0,729,38
wpi61qv740192824504,P11.png,Right,16,7,25,41,26,4,29,29,19,22,24,465,112,10,6,1,7,11,13,11,3,10,17,15,11,13,0,0,8,4,1,820,124
wpi61qv740192824504,P12.png,Right,23,29,15,52,11,17,9,9,2,5,10,439,214,11,4,1,11,8,16,7,9,8,7,1,3,5,0,0,9,4,1,828,89
wpi61qv740192824504,P2.png,Left,5,11,1,7,2,18,3,5,17,10,10,232,101,4,5,5,6,1,3,1,5,2,3,8,4,7,0,0,4,4,3,431,51
wpi61qv740192824504,P3.png,Left,0,7,0,6,0,0,0,10,3,0,0,140,32,16,10,0,4,0,1,0,0,0,8,2,0,0,0,0,5,5,0,224,25
wpi61qv740192824504,P4.png,Left,11,26,16,10,10,11,9,27,22,9,13,673,349,13,13,4,14,12,8,6,6,8,17,11,8,7,0,0,8,12,3,1205,120
wpi61qv740192824504,P5.png,Left,0,9,0,1,0,0,0,1,1,0,0,75,25,6,1,0,3,0,1,0,0,0,1,1,0,0,0,0,2,1,0,119,9
wpi61qv740192824504,P6.png,Left,0,14,2,4,0,0,2,18,6,3,3,246,197,15,15,2,7,2,3,0,0,2,9,5,1,2,0,0,10,9,2,527,52
wpi61qv740192824504,P7.png,Right,0,8,0,0,0,0,0,0,0,0,0,27,19,0,0,0,1,0,0,0,0,0,0,0,0,0,0,0,0,0,0,54,1
wpi61qv740192824504,P8.png,Right,1,5,5,0,1,0,5,0,0,0,0,54,27,3,2,0,3,1,0,1,0,2,0,0,0,0,0,0,3,2,0,102,12
wpi61qv740192824504,P9.png,Right,0,1,9,1,0,0,0,20,4,2,1,73,29,1,5,0,1,5,1,0,0,0,5,2,2,1,0,0,1,3,0,146,21
wpi617396q4267631u4,CC1.png,Left,25,21,20,35,44,16,23,22,26,16,18,733,346,8,8,4,5,8,14,9,7,10,9,10,6,8,0,0,3,4,2,1340,95
wpi617396q4267631u4,CC10.png,Right,7,4,13,15,9,12,10,16,6,0,10,330,100,2,2,8,1,5,5,3,4,5,7,3,0,4,0,0,1,1,2,537,41
wpi617396q4267631u4,CC11.png,Right,13,4,21,10,16,18,24,54,9,12,14,434,208,4,32,4,2,7,5,6,6,6,12,2,4,5,0,0,2,12,2,864,71
wpi617396q4267631u4,CC12.png,Right,24,17,35,39,33,36,35,10,7,13,24,576,439,2,4,10,3,12,12,11,11,12,1,2,4,7,0,0,1,1,4,1280,81
wpi617396q4267631u4,CC2.png,Left,38,8,51,67,55,62,10,51,57,29,36,1269,917,10,22,8,4,17,21,18,24,5,15,19,10,17,0,0,5,8,3,2652,166
wpi617396q4267631u4,CC3.png,Left,8,6,4,35,0,24,14,10,46,21,21,525,390,6,8,8,3,2,14,0,6,6,3,14,6,8,0,0,2,2,3,1118,69
wpi617396q4267631u4,CC4.png,Left,13,8,14,47,2,38,15,4,14,16,11,432,58,0,8,2,3,4,14,1,11,6,2,7,6,5,0,0,0,4,1,669,64
wpi617396q4267631u4,CC5.png,Left,4,18,2,18,0,4,4,24,14,8,9,485,245,6,12,5,4,1,7,0,2,2,4,6,3,3,0,0,3,6,2,854,43
wpi617396q4267631u4,CC6.png,Left,26,4,16,67,12,29,43,4,32,20,25,586,255,0,14,6,2,5,21,5,12,15,2,9,9,11,0,0,0,6,3,1113,100
wpi617396q4267631u4,CC7.png,Right,9,18,15,45,15,10,18,4,13,2,8,426,121,6,10,0,4,4,8,6,5,7,2,2,1,3,0,0,3,4,0,711,49
wpi617396q4267631u4,CC8.png,Right,12,2,34,18,27,18,17,25,10,4,8,665,476,4,25,10,1,10,4,7,7,6,8,5,2,4,0,0,2,7,4,1343,67
wpi617396q4267631u4,CC9.png,Right,20,22,49,17,16,16,25,58,21,2,12,786,698,4,30,4,7,19,8,7,6,10,13,8,1,5,0,0,2,12,2,1760,100
wpi617396q4267631u4,P1.png,Left,13,83,23,32,8,38,18,12,68,21,27,913,146,4,32,12,7,5,11,4,11,6,5,17,6,11,0,0,2,8,6,1437,99
wpi617396q4267631u4,P10.png,Right,15,10,43,20,16,24,20,28,4,14,10,728,290,2,11,8,3,11,5,4,8,8,6,2,6,5,0,0,1,5,3,1228,67
wpi617396q4267631u4,P11.png,Right,27,13,48,23,25,52,16,27,22,2,14,631,161,8,30,2,4,17,9,10,15,7,11,5,1,5,0,0,4,13,1,1074,102
wpi617396q4267631u4,P12.png,Right,9,44,28,20,8,6,12,40,22,12,2,575,778,12,18,4,13,10,4,4,3,5,13,6,4,1,0,0,5,7,2,1581,77
wpi617396q4267631u4,P2.png,Left,27,41,46,45,8,32,14,62,46,14,22,1206,841,30,24,8,13,9,19,4,13,6,16,13,7,10,0,0,11,10,3,2439,134
wpi617396q4267631u4,P3.png,Left,37,40,42,41,73,48,47,74,43,30,23,1474,1700,10,28,20,12,14,17,17,20,18,27,16,14,11,0,0,5,13,10,3693,194
wpi617396q4267631u4,P4.png,Left,8,6,10,26,0,10,9,28,12,14,16,335,129,4,15,4,3,2,9,0,4,3,7,6,5,6,0,0,1,4,2,618,52
wpi617396q4267631u4,P5.png,Left,9,6,6,27,2,21,16,4,25,23,31,437,264,4,12,4,3,2,8,1,6,7,2,9,7,10,0,0,2,4,2,882,63
wpi617396q4267631u4,P6.png,Left,4,29,12,32,6,0,9,58,8,6,18,457,266,23,32,0,9,6,11,2,0,3,14,4,2,8,0,0,7,9,0,956,75
wpi617396q4267631u4,P7.png,Right,38,27,66,31,51,30,27,59,20,16,21,1258,695,31,27,33,12,27,11,18,13,9,12,9,7,8,0,0,11,11,10,2392,158
wpi617396q4267631u4,P8.png,Right,6,15,25,12,2,8,10,76,4,11,7,447,317,21,12,5,7,10,5,1,4,5,9,2,3,2,0,0,7,6,2,972,63
wpi617396q4267631u4,P9.png,Right,26,47,54,33,33,20,16,124,15,24,30,1561,1061,38,29,16,14,16,6,13,8,8,25,7,8,11,0,0,9,11,6,3101,142
wpi61746480st390846,IC1.png,Left,22,13,21,38,25,26,15,77,23,65,31,840,337,12,23,4,5,10,20,8,10,7,17,10,11,17,0,0,6,12,3,1550,136
wpi61746480st390846,IC10.png,Right,21,1,34,40,43,30,24,51,23,6,7,622,191,2,6,11,1,12,12,14,8,12,12,7,3,5,0,0,1,3,2,1091,92
wpi61746480st390846,IC11.png,Right,53,15,119,50,124,64,85,93,18,17,49,1415,224,17,44,2,5,45,26,38,23,38,29,8,8,24,0,0,10,21,1,2336,276
wpi61746480st390846,IC12.png,Right,36,15,77,40,99,12,45,74,11,13,37,985,232,10,19,8,9,30,8,29,8,20,15,4,6,17,0,0,6,11,3,1677,166
wpi61746480st390846,IC2.png,Left,21,3,24,58,17,26,12,78,16,15,14,623,493,2,15,7,2,9,16,6,11,6,19,8,5,5,0,0,1,9,1,1403,98
wpi61746480st390846,IC3.png,Left,15,10,29,50,4,35,6,112,63,76,48,929,356,7,17,3,3,9,20,2,14,4,18,17,22,27,0,0,5,6,1,1745,148
wpi61746480st390846,IC4.png,Left,18,2,11,86,0,24,12,71,12,33,44,528,56,1,12,0,1,5,20,0,11,6,6,3,9,19,0,0,1,6,0,892,87
wpi61746480st390846,IC5.png,Left,30,7,17,116,4,67,29,159,26,47,66,1035,192,13,47,8,3,7,33,1,23,13,27,11,11,27,0,0,5,19,4,1833,184
wpi61746480st390846,IC6.png,Left,28,22,19,104,17,49,18,42,93,63,69,1250,345,29,36,13,9,5,26,5,23,6,19,24,24,28,0,0,11,18,6,2169,204
wpi61746480st390846,IC7.png,Right,16,4,84,13,34,25,54,98,12,4,13,708,115,2,19,12,3,28,7,17,6,21,12,6,2,7,0,0,2,9,3,1197,123
wpi61746480st390846,IC8.png,Right,40,4,42,31,76,103,74,75,21,17,16,910,297,11,9,10,1,16,11,17,23,25,20,9,6,8,0,0,7,5,5,1696,153
wpi61746480st390846,IC9.png,Right,76,50,171,87,144,85,129,124,28,21,66,1844,440,43,37,17,17,69,30,42,25,54,32,16,6,35,0,0,20,21,9,3286,376
wpi61746480st390846,P1.png,Left,32,8,18,88,16,85,35,73,50,28,66,1074,178,10,28,4,5,7,35,5,21,16,20,14,9,24,0,0,4,11,2,1761,173
wpi61746480st390846,P10.png,Right,28,2,222,30,61,26,75,57,13,7,27,847,105,1,12,19,1,41,10,22,9,31,8,6,3,12,0,0,1,4,7,1504,155
wpi61746480st390846,P11.png,Right,59,0,149,59,179,50,91,146,49,103,116,1892,457,8,21,13,0,46,21,52,16,37,13,19,29,50,0,0,2,9,5,3333,299
wpi61746480st390846,P12.png,Right,32,9,121,35,59,15,64,139,138,51,110,1406,295,2,24,13,2,40,15,24,7,27,18,32,14,42,0,0,1,12,3,2481,237
wpi61746480st390846,P2.png,Left,22,1,4,59,16,81,39,100,22,53,61,996,301,11,49,0,1,2,20,5,23,11,21,9,10,21,0,0,5,17,0,1793,145
wpi61746480st390846,P3.png,Left,27,14,76,103,30,42,38,200,38,31,37,1446,422,14,53,8,4,26,33,8,17,21,44,11,12,18,0,0,9,22,4,2552,229
wpi61746480st390846,P4.png,Left,5,3,19,63,3,3,17,153,18,7,21,647,116,14,39,1,3,9,23,2,2,6,19,6,4,7,0,0,7,17,1,1124,106
wpi61746480st390846,P5.png,Left,21,14,37,182,0,65,42,347,40,13,87,1551,193,29,44,9,4,14,49,0,17,17,41,15,4,27,0,0,14,21,3,2653,226
wpi61746480st390846,P6.png,Left,66,19,19,219,11,108,68,117,86,130,194,2230,353,11,58,13,8,10,63,5,43,28,26,28,42,65,0,0,7,27,7,3636,359
wpi61746480st390846,P7.png,Right,26,0,80,15,44,13,51,49,61,25,35,953,129,2,31,7,0,27,7,17,4,18,11,18,7,16,0,0,1,12,2,1495,140
wpi61746480st390846,P8.png,Right,11,14,43,6,17,4,4,119,35,44,17,733,385,13,14,2,4,17,3,7,2,3,23,14,7,12,0,0,6,7,1,1450,106
wpi61746480st390846,P9.png,Right,22,13,152,31,23,11,66,185,12,0,30,1091,125,26,35,0,6,37,7,11,5,25,23,6,0,12,0,0,11,16,0,1800,159
wpi61740524s9759r04,CC1.png,Left,0,0,0,0,0,0,0,0,0,0,0,8,8,0,0,0,0,0,0,0,0,0,0,0,0,0,0,0,0,0,0,16,0
wpi61740524s9759r04,CC10.png,Right,0,0,0,0,0,0,1,0,0,0,1,8,17,0,0,0,0,0,0,0,0,1,0,0,0,1,0,0,0,0,0,27,2
wpi61740524s9759r04,CC11.png,Right,0,2,0,0,0,0,0,0,0,0,0,14,4,0,0,0,1,0,0,0,0,0,0,0,0,0,0,0,0,0,0,20,1
wpi61740524s9759r04,CC12.png,Right,0,0,2,0,0,0,0,1,0,0,0,8,3,0,0,0,0,2,0,0,0,0,1,0,0,0,0,0,0,0,0,14,3
wpi61740524s9759r04,CC2.png,Left,0,1,0,0,0,0,1,0,0,0,0,8,8,0,0,0,1,0,0,0,0,1,0,0,0,0,0,0,0,0,0,18,2
wpi61740524s9759r04,CC3.png,Left,0,0,0,1,0,0,0,2,1,0,0,26,8,0,0,0,0,0,1,0,0,0,2,1,0,0,0,0,0,0,0,38,4
wpi61740524s9759r04,CC4.png,Left,0,0,0,0,0,0,0,0,0,0,0,9,3,1,0,0,0,0,0,0,0,0,0,0,0,0,0,0,1,0,0,13,1
wpi61740524s9759r04,CC5.png,Left,0,1,0,1,0,0,0,0,1,0,0,37,8,0,2,0,1,0,1,0,0,0,0,1,0,0,0,0,0,2,0,50,5
wpi61740524s9759r04,CC6.png,Left,0,0,0,0,0,0,0,0,0,0,0,9,5,0,0,0,0,0,0,0,0,0,0,0,0,0,0,0,0,0,0,14,0
wpi61740524s9759r04,CC7.png,Right,0,0,0,0,0,0,0,0,0,0,0,5,9,0,0,0,0,0,0,0,0,0,0,0,0,0,0,0,0,0,0,14,0
wpi61740524s9759r04,CC8.png,Right,0,0,2,0,0,0,0,2,0,0,0,26,6,0,1,0,0,2,0,0,0,0,2,0,0,0,0,0,0,1,0,37,5
wpi61740524s9759r04,CC9.png,Right,0,1,0,1,0,0,0,0,0,0,0,21,47,1,0,0,1,0,1,0,0,0,0,0,0,0,0,0,1,0,0,71,3
wpi61740524s9759r04,P1.png,Left,2,1,1,2,0,1,1,3,5,1,1,56,60,1,0,2,1,1,2,0,1,1,1,2,1,1,0,0,1,0,2,135,14
wpi61740524s9759r04,P10.png,Right,7,0,4,4,3,2,1,5,5,4,2,137,68,0,1,3,0,4,4,3,2,1,4,5,2,1,0,0,0,1,3,239,30
wpi61740524s9759r04,P11.png,Right,4,1,0,3,3,3,0,2,0,3,1,57,110,0,1,0,1,0,3,3,2,0,2,0,2,1,0,0,0,1,0,184,15
wpi61740524s9759r04,P12.png,Right,3,0,1,1,1,1,0,4,2,2,1,32,235,0,0,0,0,1,1,1,1,0,2,2,1,1,0,0,0,0,0,280,10
wpi61740524s9759r04,P2.png,Left,0,9,0,1,0,0,0,3,0,0,0,53,14,1,1,0,5,0,1,0,0,0,2,0,0,0,0,0,1,1,0,82,10
wpi61740524s9759r04,P3.png,Left,0,1,0,2,0,0,1,1,1,0,0,28,27,0,2,0,1,0,2,0,0,1,1,1,0,0,0,0,0,1,0,63,7
wpi61740524s9759r04,P4.png,Left,11,2,2,15,6,9,3,1,4,5,8,156,62,2,3,2,2,2,9,3,9,3,1,4,5,5,0,0,2,3,2,280,50
wpi61740524s9759r04,P5.png,Left,0,2,1,0,0,0,0,2,0,0,0,44,48,1,3,0,2,1,0,0,0,0,2,0,0,0,0,0,1,3,0,101,9
wpi61740524s9759r04,P6.png,Left,1,2,3,0,1,0,0,1,2,0,0,52,71,1,1,0,1,2,0,1,0,0,1,2,0,0,0,0,1,1,0,134,9
wpi61740524s9759r04,P7.png,Right,3,2,1,2,3,3,1,6,3,2,1,158,113,0,0,2,1,1,1,3,2,1,5,2,2,1,0,0,0,0,1,297,20
wpi61740524s9759r04,P8.png,Right,0,6,2,0,0,0,0,4,1,0,0,46,19,3,2,0,3,2,0,0,0,0,4,1,0,0,0,0,3,2,0,83,15
wpi61740524s9759r04,P9.png,Right,0,0,0,0,2,0,0,5,1,5,1,106,91,1,0,1,0,0,0,1,0,0,3,1,3,1,0,0,1,0,1,213,11
wpi617pd30418782931,CC1.png,Left,4,18,8,6,6,2,0,4,48,26,24,500,341,2,0,0,7,1,3,1,1,0,2,12,8,7,0,0,1,0,0,985,43
wpi617pd30418782931,CC10.png,Right,0,6,0,0,0,2,0,0,0,0,0,167,347,0,0,0,2,0,0,0,1,0,0,0,0,0,0,0,0,0,0,522,3
wpi617pd30418782931,CC11.png,Right,28,32,92,19,40,34,54,12,4,2,2,790,865,10,18,8,11,18,8,16,11,15,5,2,1,1,0,0,5,6,4,1982,103
wpi617pd30418782931,CC12.png,Right,17,42,6,54,0,22,4,16,0,0,0,686,840,22,25,0,11,3,14,0,9,1,5,0,0,0,0,0,7,8,0,1717,58
wpi617pd30418782931,CC2.png,Left,0,8,0,0,0,0,0,4,22,16,0,290,736,2,2,4,3,0,0,0,0,0,2,5,3,0,0,0,1,1,1,1084,16
wpi617pd30418782931,CC3.png,Left,8,28,0,20,0,14,6,4,26,12,12,325,200,4,8,0,7,0,5,0,6,3,2,8,5,5,0,0,1,4,0,659,46
wpi617pd30418782931,CC4.png,Left,1,0,0,4,0,4,0,0,2,2,0,197,482,0,0,2,0,0,1,0,1,0,0,1,1,0,0,0,0,0,1,693,5
wpi617pd30418782931,CC5.png,Left,0,8,0,0,2,8,36,0,30,12,0,409,382,0,0,2,3,0,0,1,2,2,0,6,4,0,0,0,0,0,1,889,19
wpi617pd30418782931,CC6.png,Left,7,64,2,18,0,20,8,6,50,26,22,750,410,20,17,6,15,1,5,0,5,2,1,16,7,9,0,0,6,5,1,1419,73
wpi617pd30418782931,CC7.png,Right,4,0,2,10,4,8,2,6,0,2,2,165,357,0,0,2,0,1,3,1,3,1,2,0,1,1,0,0,0,0,1,560,14
wpi617pd30418782931,CC8.png,Right,6,4,0,12,0,12,6,2,0,0,0,230,452,0,0,4,1,0,3,0,5,2,1,0,0,0,0,0,0,0,1,722,13
wpi617pd30418782931,CC9.png,Right,18,20,14,48,12,28,20,8,0,0,2,570,287,4,10,0,3,7,13,6,10,7,3,0,0,1,0,0,2,4,0,1023,56
wpi617pd30418782931,P1.png,Left,1,12,0,2,0,2,0,0,22,8,6,387,360,0,0,2,2,0,1,0,1,0,0,6,2,2,0,0,0,0,1,801,15
wpi617pd30418782931,P10.png,Right,11,2,0,28,0,32,6,0,0,10,0,291,242,0,0,0,1,0,6,0,7,1,0,0,1,0,0,0,0,0,0,611,16
wpi617pd30418782931,P11.png,Right,5,6,0,6,2,28,4,0,0,0,0,287,951,2,6,0,2,0,3,1,5,2,0,0,0,0,0,0,1,3,0,1292,17
wpi617pd30418782931,P12.png,Right,14,8,0,67,4,25,10,2,4,0,0,561,333,2,0,2,4,0,11,2,7,1,1,1,0,0,0,0,1,0,1,1018,29
wpi617pd30418782931,P2.png,Left,5,12,8,18,4,8,0,8,14,8,6,285,618,0,4,0,4,3,4,1,3,0,2,4,4,3,0,0,0,2,0,993,30
wpi617pd30418782931,P3.png,Left,4,20,2,16,0,14,0,14,106,24,4,860,400,16,18,8,5,1,6,0,4,0,4,14,7,1,0,0,6,4,2,1502,54
wpi617pd30418782931,P4.png,Left,0,0,0,0,0,2,0,2,14,12,4,323,266,2,0,0,0,0,0,0,1,0,1,5,3,2,0,0,1,0,0,625,13
wpi617pd30418782931,P5.png,Left,0,24,0,4,0,0,0,0,54,20,24,568,428,0,0,2,5,0,2,0,0,0,0,8,4,7,0,0,0,0,1,1124,27
wpi617pd30418782931,P6.png,Left,1,2,0,4,0,2,0,0,28,16,2,347,1386,2,4,0,1,0,1,0,1,0,0,7,6,1,0,0,1,2,0,1793,20
wpi617pd30418782931,P7.png,Right,14,18,45,42,8,25,34,16,4,0,0,738,236,24,14,2,5,12,11,3,8,10,8,2,0,0,0,0,3,6,1,1206,69
wpi617pd30418782931,P8.png,Right,14,24,10,45,0,18,12,0,20,2,10,540,359,2,2,0,4,2,10,0,7,4,0,3,1,3,0,0,1,1,0,1044,36
wpi617pd30418782931,P9.png,Right,14,34,6,40,4,16,4,4,4,6,12,547,740,6,4,6,5,3,11,2,8,2,2,2,3,4,0,0,3,2,2,1433,49
wpi6174sw5558164473,CC1.png,Left,15,6,17,28,23,21,24,30,10,1,5,474,262,0,5,0,3,6,14,12,9,11,11,5,1,4,0,0,0,4,0,906,80
wpi6174sw5558164473,CC10.png,Right,22,18,14,20,28,11,17,22,15,7,12,452,319,9,4,15,7,7,8,10,5,10,3,2,3,6,0,0,3,3,6,963,73
wpi6174sw5558164473,CC11.png,Right,17,13,53,9,82,29,21,26,31,26,33,961,265,12,17,48,7,21,5,19,8,12,9,16,12,14,0,0,6,12,9,1626,150
wpi6174sw5558164473,CC12.png,Right,5,15,11,2,11,3,11,66,43,3,25,721,395,6,9,7,6,7,2,5,3,4,16,12,2,11,0,0,3,5,6,1328,82
wpi6174sw5558164473,CC2.png,Left,27,3,17,39,50,61,38,31,26,29,21,1203,563,3,12,42,3,11,22,11,19,15,7,12,13,10,0,0,2,6,12,2138,143
wpi6174sw5558164473,CC3.png,Left,18,10,38,23,22,35,17,97,21,13,13,879,964,16,11,40,4,13,12,10,18,10,19,7,7,8,0,0,5,6,8,2199,127
wpi6174sw5558164473,CC4.png,Left,8,3,3,13,22,8,20,16,0,2,1,331,284,6,7,4,1,2,5,11,5,9,6,0,2,1,0,0,4,4,3,720,53
wpi6174sw5558164473,CC5.png,Left,20,31,24,23,36,18,15,9,20,11,24,598,294,0,0,9,1,5,7,9,10,6,5,12,6,10,0,0,0,0,5,1112,76
wpi6174sw5558164473,CC6.png,Left,57,5,37,87,66,108,67,37,37,25,61,1426,282,10,12,23,2,18,40,23,32,35,13,15,10,23,0,0,5,8,8,2283,232
wpi6174sw5558164473,CC7.png,Right,19,22,17,18,42,19,27,21,6,22,18,682,397,5,4,25,3,8,9,21,9,13,5,3,11,11,0,0,3,4,11,1325,111
wpi6174sw5558164473,CC8.png,Right,10,8,15,13,33,3,32,41,11,18,16,519,450,19,10,8,3,7,5,9,2,6,14,8,4,7,0,0,8,6,4,1196,83
wpi6174sw5558164473,CC9.png,Right,23,13,25,10,47,6,17,28,13,25,24,748,426,5,7,27,6,16,5,19,5,9,10,10,13,15,0,0,5,6,7,1421,126
wpi6174sw5558164473,P1.png,Left,31,6,18,44,54,83,34,36,16,24,33,876,243,3,8,26,5,12,23,17,23,19,12,6,10,15,0,0,2,7,6,1504,157
wpi6174sw5558164473,P10.png,Right,14,7,27,3,27,11,8,43,28,34,44,573,341,6,10,6,4,11,1,13,5,6,8,13,11,15,0,0,3,5,5,1168,100
wpi6174sw5558164473,P11.png,Right,17,17,34,11,46,12,9,20,8,53,37,1016,425,14,18,49,6,14,5,22,5,9,10,6,10,14,0,0,6,6,14,1769,127
wpi6174sw5558164473,P12.png,Right,16,54,54,7,15,6,9,313,48,11,22,1761,3659,72,67,4,19,26,5,12,4,7,74,24,7,14,0,0,30,40,3,6102,265
wpi6174sw5558164473,P2.png,Left,25,10,19,22,43,42,38,104,4,5,9,750,371,14,10,4,5,11,9,13,12,15,25,2,3,5,0,0,12,7,1,1445,120
wpi6174sw5558164473,P3.png,Left,33,9,50,43,74,17,63,32,1,1,5,770,476,8,9,2,4,22,13,19,11,15,10,1,1,3,0,0,5,4,1,1560,109
wpi6174sw5558164473,P4.png,Left,16,12,9,45,10,12,10,44,7,3,8,469,576,10,15,5,5,4,14,5,6,9,13,4,2,4,0,0,6,6,3,1235,81
wpi6174sw5558164473,P5.png,Left,50,38,85,75,50,38,64,77,87,22,36,1781,1850,14,24,21,19,33,41,17,21,35,31,25,9,21,0,0,9,17,9,4262,287
wpi6174sw5558164473,P6.png,Left,39,5,52,17,73,32,32,58,4,15,16,1055,1599,20,11,16,4,14,15,25,13,15,15,4,8,9,0,0,7,7,6,3005,142
wpi6174sw5558164473,P7.png,Right,12,18,48,12,19,2,13,96,41,15,32,733,216,27,44,0,10,20,7,7,2,8,34,23,11,16,0,0,18,26,0,1316,182
wpi6174sw5558164473,P8.png,Right,25,15,68,10,34,6,16,135,31,43,34,1022,329,14,38,14,11,36,7,17,3,12,31,17,13,16,0,0,8,24,9,1809,204
wpi6174sw5558164473,P9.png,Right,22,4,54,6,61,13,21,53,78,39,54,1298,1032,6,7,6,2,24,4,20,4,12,17,26,18,24,0,0,2,5,4,2732,162
wpi61746562sj805611,IC1.png,Left,49,4,62,74,80,58,57,49,10,40,26,1208,1100,11,10,16,2,25,28,25,20,23,12,5,10,8,0,0,4,5,8,2805,175
wpi61746562sj805611,IC10.png,Right,16,6,40,26,18,0,17,29,10,12,23,354,16,6,14,4,3,15,5,8,0,7,9,4,6,8,0,0,3,6,2,575,76
wpi61746562sj805611,IC11.png,Right,51,6,95,64,114,86,69,20,8,22,42,1536,515,6,27,66,3,35,17,34,29,32,7,4,9,15,0,0,3,7,20,2676,215
wpi61746562sj805611,IC12.png,Right,18,0,30,8,88,18,36,30,34,59,36,885,223,2,16,14,0,15,4,25,4,15,10,14,19,18,0,0,1,7,5,1479,137
wpi61746562sj805611,IC2.png,Left,96,4,70,140,86,274,83,63,60,75,101,2640,1814,2,10,91,2,28,54,34,76,39,20,23,31,40,0,0,1,5,28,5513,381
wpi61746562sj805611,IC3.png,Left,41,27,27,125,38,40,47,143,28,32,41,1556,1010,25,36,17,10,13,35,13,16,21,37,7,11,16,0,0,12,14,7,3192,212
wpi61746562sj805611,IC4.png,Left,25,2,18,16,58,49,26,28,6,2,11,543,183,8,7,12,1,6,8,16,17,9,6,3,1,5,0,0,4,3,4,969,83
wpi61746562sj805611,IC5.png,Left,2,0,6,2,25,24,6,2,3,4,8,249,282,0,2,5,0,2,1,6,8,3,1,2,2,2,0,0,0,1,3,618,31
wpi61746562sj805611,IC6.png,Left,18,24,24,34,16,34,24,83,16,20,20,758,137,22,30,14,10,8,14,7,13,8,20,6,6,7,0,0,10,15,6,1256,130
wpi61746562sj805611,IC7.png,Right,18,4,48,10,40,24,15,10,6,10,14,513,140,7,7,18,1,11,4,12,7,8,3,3,4,6,0,0,4,3,7,866,73
wpi61746562sj805611,IC8.png,Right,42,24,142,40,76,35,49,145,86,34,50,1418,354,36,32,22,10,48,12,27,12,20,40,28,17,18,0,0,15,13,10,2543,270
wpi61746562sj805611,IC9.png,Right,16,22,68,39,20,6,12,127,32,16,24,1094,455,50,56,10,8,26,11,8,2,4,31,10,7,10,0,0,18,23,4,2031,162
wpi61746562sj805611,P1.png,Left,5,0,4,12,6,16,14,2,8,37,8,502,450,0,2,18,0,2,4,3,7,7,1,4,5,3,0,0,0,1,4,1079,41
wpi61746562sj805611,P10.png,Right,23,0,32,16,123,74,50,2,10,71,36,1386,426,0,4,100,0,12,7,39,17,18,1,4,15,12,0,0,0,2,28,2330,155
wpi61746562sj805611,P11.png,Right,36,0,36,30,97,96,42,2,0,24,12,1120,192,0,13,64,0,15,13,28,21,19,1,0,6,6,0,0,0,4,15,1728,128
wpi61746562sj805611,P12.png,Right,94,2,184,18,322,73,123,29,222,242,234,3898,1646,4,16,92,1,57,9,98,30,52,11,64,72,87,0,0,2,8,31,7105,522
wpi61746562sj805611,P2.png,Left,10,4,6,14,37,30,10,4,14,6,22,712,1619,0,6,23,2,3,6,10,8,5,2,6,3,6,0,0,0,3,8,2507,62
wpi61746562sj805611,P3.png,Left,35,0,22,35,90,106,43,6,2,20,24,941,815,0,0,22,0,8,13,23,26,18,2,1,8,10,0,0,0,0,11,2126,120
wpi61746562sj805611,P4.png,Left,4,0,8,14,18,16,11,2,4,16,10,641,868,4,2,26,0,3,2,7,6,5,1,2,7,4,0,0,2,1,9,1640,49
wpi61746562sj805611,P5.png,Left,19,2,10,23,65,68,35,10,13,20,10,886,875,0,0,40,1,3,9,17,25,17,5,5,9,5,0,0,0,0,16,2057,112
wpi61746562sj805611,P6.png,Left,34,7,16,46,52,65,55,10,20,48,38,809,355,4,8,10,3,4,18,13,23,21,3,7,14,14,0,0,2,4,4,1543,130
wpi61746562sj805611,P7.png,Right,27,8,12,24,66,64,44,37,16,68,26,1127,424,9,6,46,2,6,10,26,18,18,4,5,11,11,0,0,3,3,14,1977,131
wpi61746562sj805611,P8.png,Right,133,10,255,178,337,196,200,12,62,62,154,3373,366,0,18,78,3,75,51,101,55,83,5,20,20,56,0,0,0,7,28,5301,504
wpi61746562sj805611,P9.png,Right,41,4,85,9,113,64,36,12,28,46,54,1087,546,0,8,28,2,29,5,37,16,16,6,12,16,18,0,0,0,4,12,2120,173
wpi61s74m5783106125,IC1.png,Left,28,0,57,65,25,69,39,69,11,25,46,1094,319,0,14,36,0,10,15,7,17,8,8,3,5,9,0,0,0,5,8,1869,95
wpi61s74m5783106125,IC10.png,Right,23,0,69,2,120,45,39,63,10,20,36,812,104,12,13,23,0,15,1,19,7,14,11,4,7,10,0,0,4,4,6,1368,102
wpi61s74m5783106125,IC11.png,Right,28,0,108,6,91,23,43,29,15,27,33,1224,187,8,0,71,0,22,3,22,6,12,3,3,8,12,0,0,3,0,15,1865,109
wpi61s74m5783106125,IC12.png,Right,38,0,245,30,134,5,40,270,74,74,95,1962,78,9,34,18,0,51,7,25,2,10,28,17,13,25,0,0,3,12,5,3068,198
wpi61s74m5783106125,IC2.png,Left,60,0,175,293,52,246,364,137,27,90,60,3268,298,33,22,65,0,39,57,10,45,64,31,7,15,21,0,0,6,7,14,5130,316
wpi61s74m5783106125,IC3.png,Left,65,0,55,227,63,183,205,110,7,57,79,1868,86,10,18,12,0,19,49,12,42,45,16,2,9,15,0,0,2,6,3,2980,220
wpi61s74m5783106125,IC4.png,Left,28,2,50,80,28,120,31,71,20,26,29,853,40,2,11,30,1,9,17,8,20,10,10,5,6,9,0,0,1,4,8,1393,108
wpi61s74m5783106125,IC5.png,Left,24,0,13,246,24,50,84,92,5,36,35,1274,67,4,11,11,0,5,34,5,14,22,14,2,7,10,0,0,1,4,2,1952,120
wpi61s74m5783106125,IC6.png,Left,42,0,14,106,16,294,69,35,9,53,54,1767,199,12,5,45,0,5,27,6,40,18,7,2,8,12,0,0,1,2,13,2678,141
wpi61s74m5783106125,IC7.png,Right,21,0,100,8,97,42,13,35,50,46,82,1078,89,8,5,30,0,18,2,18,7,3,5,12,8,18,0,0,2,2,7,1683,102
wpi61s74m5783106125,IC8.png,Right,33,6,211,7,105,25,43,162,72,23,122,1656,49,5,64,9,1,37,2,25,8,13,19,17,6,30,0,0,2,14,3,2559,177
wpi61s74m5783106125,IC9.png,Right,33,0,122,0,231,38,26,87,65,58,107,1970,401,2,9,75,0,26,0,29,6,7,13,18,10,27,0,0,1,3,15,3191,155
wpi61s74m5783106125,P1.png,Left,5,0,3,33,24,48,22,4,18,53,54,859,120,0,15,19,0,1,8,5,12,7,2,5,8,9,0,0,0,5,6,1272,68
wpi61s74m5783106125,P10.png,Right,12,0,42,0,92,14,19,27,17,49,10,879,186,0,7,33,0,11,0,13,3,4,5,6,7,3,0,0,0,3,10,1375,65
wpi61s74m5783106125,P11.png,Right,14,0,37,7,278,37,40,24,39,35,41,2447,724,13,4,260,0,11,3,42,7,11,6,9,8,10,0,0,3,2,35,3986,147
wpi61s74m5783106125,P12.png,Right,52,0,164,23,248,35,58,30,43,92,107,2173,130,6,18,44,0,32,7,43,9,17,3,13,14,26,0,0,2,5,12,3171,183
wpi61s74m5783106125,P2.png,Left,33,0,27,82,26,274,99,44,12,98,63,2008,189,24,7,112,0,6,21,7,37,31,8,4,20,14,0,0,2,2,14,3065,166
wpi61s74m5783106125,P3.png,Left,85,0,20,226,79,542,172,33,152,341,182,3895,170,3,15,133,0,7,49,18,84,45,4,21,44,43,0,0,1,5,22,5963,343
wpi61s74m5783106125,P4.png,Left,18,0,8,70,26,72,15,17,5,26,24,527,81,2,2,17,0,3,10,5,14,6,3,2,3,6,0,0,1,1,4,892,58
wpi61s74m5783106125,P5.png,Left,32,2,27,108,15,143,88,139,9,126,83,1915,126,11,20,11,1,7,28,4,24,18,9,3,21,25,0,0,1,7,3,2823,151
wpi61s74m5783106125,P6.png,Left,23,0,4,33,32,288,51,46,0,152,88,1375,140,20,0,63,0,1,13,6,38,14,5,0,24,22,0,0,3,0,16,2292,142
wpi61s74m5783106125,P7.png,Right,38,0,69,14,305,51,44,42,26,93,90,2382,721,0,2,218,0,19,3,50,9,12,7,10,20,22,0,0,0,1,35,4057,188
wpi61s74m5783106125,P8.png,Right,60,4,178,23,409,368,166,23,14,51,114,2932,212,3,20,36,1,32,8,55,28,39,7,5,11,26,0,0,1,7,11,4553,231
wpi61s74m5783106125,P9.png,Right,24,12,88,2,118,12,34,49,17,44,39,1385,393,11,3,101,1,14,1,23,5,8,7,5,12,10,0,0,3,1,14,2308,104
wpi617465z46406r196,CC1.png,Left,6,0,6,11,8,3,4,4,18,4,7,259,319,2,2,11,0,3,5,3,1,2,2,5,2,4,0,0,1,1,3,658,32
wpi617465z46406r196,CC10.png,Right,21,6,20,18,34,44,22,11,6,22,15,675,1406,2,4,21,3,7,6,13,16,10,4,3,8,5,0,0,1,1,6,2306,83
wpi617465z46406r196,CC11.png,Right,0,0,0,0,0,0,0,0,12,23,13,313,317,0,0,24,0,0,0,0,0,0,0,5,4,4,0,0,0,0,7,702,20
wpi617465z46406r196,CC12.png,Right,7,0,5,5,24,13,10,0,5,24,9,515,1352,0,0,33,0,2,2,9,5,4,0,2,10,3,0,0,0,0,11,1995,48
wpi617465z46406r196,CC2.png,Left,9,0,0,16,6,23,4,6,12,6,11,359,102,0,2,14,0,0,6,3,9,2,2,5,3,5,0,0,0,1,7,561,43
wpi617465z46406r196,CC3.png,Left,15,0,4,21,13,46,9,5,12,25,21,585,194,0,2,33,0,2,9,5,17,4,2,4,10,8,0,0,0,1,8,970,70
wpi617465z46406r196,CC4.png,Left,1,0,0,4,0,4,2,2,8,9,10,143,221,2,2,4,0,0,1,0,2,1,1,3,3,4,0,0,1,1,2,411,19
wpi617465z46406r196,CC5.png,Left,22,2,18,18,40,18,23,10,7,12,24,731,1904,5,0,16,1,7,8,13,7,9,4,3,6,10,0,0,2,0,6,2828,76
wpi617465z46406r196,CC6.png,Left,6,0,0,6,0,18,10,4,1,13,12,325,695,2,2,17,0,0,3,0,6,4,1,1,4,5,0,0,1,1,7,1105,33
wpi617465z46406r196,CC7.png,Right,6,0,6,2,20,16,10,4,15,9,4,266,246,0,0,8,0,3,1,5,8,4,1,3,2,2,0,0,0,0,3,606,32
wpi617465z46406r196,CC8.png,Right,11,0,8,20,15,26,12,2,5,0,9,261,390,2,0,8,0,4,7,6,7,4,1,2,0,4,0,0,1,0,4,758,40
wpi617465z46406r196,CC9.png,Right,33,3,67,20,112,60,75,12,27,18,38,1424,968,2,2,54,1,23,9,35,21,26,5,9,7,15,0,0,1,1,18,2882,171
wpi617465z46406r196,P1.png,Left,23,0,21,27,30,42,27,14,8,13,19,658,399,4,2,26,0,7,9,11,13,11,5,3,6,8,0,0,2,1,11,1290,87
wpi617465z46406r196,P10.png,Right,19,0,19,16,50,18,10,0,7,35,18,791,622,0,2,39,0,7,6,18,9,5,0,3,14,8,0,0,0,1,17,1627,88
wpi617465z46406r196,P11.png,Right,11,12,16,28,15,10,18,14,18,23,16,656,505,2,7,35,5,7,8,6,4,8,5,8,7,6,0,0,1,3,12,1375,80
wpi617465z46406r196,P12.png,Right,32,9,62,27,34,43,28,43,26,34,33,1073,656,5,8,14,4,17,11,15,14,10,16,11,12,13,0,0,2,4,6,2095,135
wpi617465z46406r196,P2.png,Left,21,0,6,30,20,55,10,17,19,62,34,694,454,0,13,20,0,3,12,9,24,5,7,9,17,12,0,0,0,5,10,1434,113
wpi617465z46406r196,P3.png,Left,25,6,12,20,33,61,21,22,23,38,22,983,1121,5,11,40,3,6,10,12,20,9,9,8,11,9,0,0,2,5,12,2418,116
wpi617465z46406r196,P4.png,Left,36,10,51,76,32,52,20,60,19,24,15,1117,482,2,12,33,4,18,24,11,18,9,17,8,10,7,0,0,1,5,12,2005,144
wpi617465z46406r196,P5.png,Left,40,8,42,84,11,61,29,76,34,64,38,1073,379,2,16,14,4,12,31,5,24,11,21,12,23,15,0,0,1,8,5,1931,172
wpi617465z46406r196,P6.png,Left,21,0,14,33,25,33,22,17,9,20,21,626,313,0,5,30,0,5,11,8,11,9,8,5,9,8,0,0,0,2,6,1168,82
wpi617465z46406r196,P7.png,Right,31,8,29,24,43,51,7,10,10,22,14,699,793,2,9,9,3,11,8,15,14,3,4,3,9,7,0,0,1,3,2,1730,83
wpi617465z46406r196,P8.png,Right,21,0,21,6,29,31,14,6,5,14,17,584,784,0,0,17,0,10,3,11,10,6,3,2,4,8,0,0,0,0,7,1528,64
wpi617465z46406r196,P9.png,Right,14,6,10,20,20,22,12,8,7,6,7,509,467,0,0,14,2,4,7,7,8,5,3,3,3,4,0,0,0,0,6,1108,52
wpi6173730609q4x876,IC1.png,Left,8,4,50,69,8,4,34,40,19,0,4,728,278,23,32,0,1,14,21,4,2,14,18,4,0,2,0,0,6,14,0,1293,100
wpi6173730609q4x876,IC10.png,Right,10,0,6,6,21,25,8,5,12,12,8,337,114,0,0,8,0,3,3,6,8,3,1,3,5,3,0,0,0,0,4,562,39
wpi6173730609q4x876,IC11.png,Right,2,10,28,6,6,0,16,39,2,2,4,341,183,11,14,0,4,8,3,1,0,7,12,1,1,2,0,0,5,6,0,662,50
wpi6173730609q4x876,IC12.png,Right,2,0,16,4,0,6,0,32,89,8,14,611,639,2,4,4,0,3,2,0,1,0,9,11,4,5,0,0,1,2,2,1429,40
wpi6173730609q4x876,IC2.png,Left,24,8,95,200,29,14,48,107,30,13,40,1465,1306,23,40,6,4,26,40,7,5,19,29,11,5,16,0,0,8,11,1,3424,182
wpi6173730609q4x876,IC3.png,Left,8,20,64,70,4,5,14,79,21,3,23,927,448,22,42,2,7,13,22,2,2,6,23,7,1,8,0,0,7,15,1,1744,114
wpi6173730609q4x876,IC4.png,Left,2,28,8,36,2,0,4,34,10,2,2,386,120,10,20,0,5,2,5,1,0,1,9,3,1,1,0,0,3,9,0,662,40
wpi6173730609q4x876,IC5.png,Left,4,20,16,40,4,0,7,55,34,6,24,588,254,42,18,0,8,4,12,2,0,3,15,8,3,6,0,0,14,7,0,1108,82
wpi6173730609q4x876,IC6.png,Left,11,4,55,53,12,8,10,78,20,5,15,678,239,6,12,2,2,15,15,4,4,5,20,6,2,6,0,0,2,6,1,1197,88
wpi6173730609q4x876,IC7.png,Right,7,8,22,4,8,0,4,26,40,0,12,308,162,8,24,0,2,8,2,4,0,2,9,6,0,4,0,0,4,8,0,626,49
wpi6173730609q4x876,IC8.png,Right,11,4,72,10,4,9,10,93,149,30,44,1322,1297,8,43,2,2,20,5,2,4,5,28,32,8,19,0,0,4,15,1,3097,145
wpi6173730609q4x876,IC9.png,Right,4,14,41,25,2,4,4,126,97,88,30,1152,473,28,33,0,5,14,9,1,2,2,27,31,21,14,0,0,13,13,0,2117,152
wpi6173730609q4x876,P1.png,Left,13,6,56,16,20,0,10,44,0,2,0,505,237,6,2,0,3,11,6,8,0,3,9,0,1,0,0,0,2,1,0,904,44
wpi6173730609q4x876,P10.png,Right,7,16,59,12,8,4,4,81,124,36,24,1012,600,12,24,2,6,17,6,3,2,2,18,27,14,10,0,0,6,11,1,2018,123
wpi6173730609q4x876,P11.png,Right,19,8,34,12,16,6,14,81,212,159,58,1857,1200,8,21,4,2,13,4,8,3,4,19,51,41,21,0,0,4,8,2,3690,180
wpi6173730609q4x876,P12.png,Right,10,31,141,14,18,0,26,112,65,6,48,1060,352,15,53,0,4,35,6,8,0,10,23,16,3,18,0,0,6,17,0,1941,146
wpi6173730609q4x876,P2.png,Left,40,26,142,245,60,16,66,75,22,14,6,1540,1401,31,24,0,4,37,33,18,6,23,23,7,6,3,0,0,5,11,0,3668,176
wpi6173730609q4x876,P3.png,Left,13,0,51,4,14,5,10,37,0,0,2,528,277,4,7,0,0,13,1,7,1,4,10,0,0,1,0,0,2,3,0,939,42
wpi6173730609q4x876,P4.png,Left,0,10,54,20,0,0,8,30,4,10,4,423,339,22,10,0,5,6,6,0,0,4,8,1,1,2,0,0,6,2,0,934,41
wpi6173730609q4x876,P5.png,Left,28,18,84,63,52,10,41,110,36,17,20,1535,770,42,58,3,6,20,20,15,5,13,29,13,5,7,0,0,11,20,1,2859,165
wpi6173730609q4x876,P6.png,Left,16,2,59,37,10,14,34,138,16,0,14,880,593,10,14,4,1,16,12,5,6,14,19,7,0,6,0,0,4,7,1,1825,98
wpi6173730609q4x876,P7.png,Right,8,4,14,2,10,6,6,46,120,42,24,642,366,4,8,2,2,6,1,4,2,3,11,20,15,11,0,0,1,2,1,1296,79
wpi6173730609q4x876,P8.png,Right,12,2,54,11,12,4,18,46,25,9,12,596,845,18,29,0,1,19,3,6,2,9,10,8,3,6,0,0,6,9,0,1681,82
wpi6173730609q4x876,P9.png,Right,27,8,106,6,97,6,38,94,50,53,106,1217,789,16,28,12,4,38,3,23,2,14,17,18,13,37,0,0,6,12,4,2626,191
wpi6174493xg0886649,IC1.png,Left,0,0,0,0,0,0,0,369,0,0,0,378,0,0,0,0,0,0,0,0,0,0,1,0,0,0,0,0,0,0,0,747,1
wpi6174493xg0886649,IC10.png,Right,0,0,0,0,0,0,0,240,0,0,0,251,0,0,0,0,0,0,0,0,0,0,1,0,0,0,0,0,0,0,0,491,1
wpi6174493xg0886649,IC11.png,Right,0,0,0,0,0,0,0,582,0,0,0,581,0,0,0,0,0,0,0,0,0,0,1,0,0,0,0,0,0,0,0,1163,1
wpi6174493xg0886649,IC12.png,Right,0,0,0,0,0,0,0,281,0,0,0,254,0,0,0,0,0,0,0,0,0,0,1,0,0,0,0,0,0,0,0,535,1
wpi6174493xg0886649,IC2.png,Left,0,0,0,0,0,0,0,182,0,0,0,179,0,0,0,0,0,0,0,0,0,0,1,0,0,0,0,0,0,0,0,361,1
wpi6174493xg0886649,IC3.png,Left,0,0,0,0,0,0,0,201,0,0,0,193,0,0,0,0,0,0,0,0,0,0,1,0,0,0,0,0,0,0,0,394,1
wpi6174493xg0886649,IC4.png,Left,0,0,0,0,0,0,0,171,0,0,0,172,0,0,0,0,0,0,0,0,0,0,1,0,0,0,0,0,0,0,0,343,1
wpi6174493xg0886649,IC5.png,Left,0,0,0,0,0,0,0,211,0,0,0,225,0,0,0,0,0,0,0,0,0,0,1,0,0,0,0,0,0,0,0,436,1
wpi6174493xg0886649,IC6.png,Left,0,0,0,0,0,0,0,208,0,0,0,212,0,0,0,0,0,0,0,0,0,0,1,0,0,0,0,0,0,0,0,420,1
wpi6174493xg0886649,IC7.png,Right,0,0,0,0,0,0,0,247,0,0,0,240,0,0,0,0,0,0,0,0,0,0,1,0,0,0,0,0,0,0,0,487,1
wpi6174493xg0886649,IC8.png,Right,0,0,0,0,0,0,0,547,0,0,0,555,0,0,0,0,0,0,0,0,0,0,1,0,0,0,0,0,0,0,0,1102,1
wpi6174493xg0886649,IC9.png,Right,0,0,0,0,0,0,0,223,0,0,0,230,0,0,0,0,0,0,0,0,0,0,1,0,0,0,0,0,0,0,0,453,1
wpi6174493xg0886649,P1.png,Left,0,0,0,0,0,0,0,954,0,0,0,962,0,0,0,0,0,0,0,0,0,0,1,0,0,0,0,0,0,0,0,1916,1
wpi6174493xg0886649,P10.png,Right,0,0,0,0,0,0,0,1271,0,0,0,1227,0,0,0,0,0,0,0,0,0,0,1,0,0,0,0,0,0,0,0,2498,1
wpi6174493xg0886649,P11.png,Right,0,0,0,0,0,0,0,319,0,0,0,303,0,0,0,0,0,0,0,0,0,0,1,0,0,0,0,0,0,0,0,622,1
wpi6174493xg0886649,P12.png,Right,0,0,0,0,0,0,0,224,0,0,0,221,0,0,0,0,0,0,0,0,0,0,1,0,0,0,0,0,0,0,0,445,1
wpi6174493xg0886649,P2.png,Left,0,0,0,0,0,0,0,677,0,0,0,661,0,0,0,0,0,0,0,0,0,0,1,0,0,0,0,0,0,0,0,1338,1
wpi6174493xg0886649,P3.png,Left,0,0,0,0,0,0,0,264,0,0,0,263,0,0,0,0,0,0,0,0,0,0,1,0,0,0,0,0,0,0,0,527,1
wpi6174493xg0886649,P4.png,Left,0,0,0,0,0,0,0,118,0,0,0,118,0,0,0,0,0,0,0,0,0,0,1,0,0,0,0,0,0,0,0,236,1
wpi6174493xg0886649,P5.png,Left,0,0,0,0,0,0,0,758,0,0,0,741,0,0,0,0,0,0,0,0,0,0,1,0,0,0,0,0,0,0,0,1499,1
wpi6174493xg0886649,P6.png,Left,0,0,0,0,0,0,0,508,0,0,0,510,0,0,0,0,0,0,0,0,0,0,1,0,0,0,0,0,0,0,0,1018,1
wpi6174493xg0886649,P7.png,Right,0,0,0,0,0,0,0,391,0,0,0,398,0,0,0,0,0,0,0,0,0,0,1,0,0,0,0,0,0,0,0,789,1
wpi6174493xg0886649,P8.png,Right,0,0,0,0,0,0,0,233,0,0,0,230,0,0,0,0,0,0,0,0,0,0,1,0,0,0,0,0,0,0,0,463,1
wpi6174493xg0886649,P9.png,Right,0,0,0,0,0,0,0,330,0,0,0,334,0,0,0,0,0,0,0,0,0,0,1,0,0,0,0,0,0,0,0,664,1
wpi617t29952p498059,IC1.png,Left,2,0,2,0,3,2,0,24,0,0,0,94,297,0,0,0,0,1,0,2,1,0,2,0,0,0,0,0,0,0,0,422,6
wpi617t29952p498059,IC10.png,Right,0,0,0,0,2,0,0,4,0,0,0,59,452,0,0,0,0,0,0,1,0,0,1,0,0,0,0,0,0,0,0,517,2
wpi617t29952p498059,IC11.png,Right,0,0,0,0,0,0,0,12,0,0,0,52,556,0,0,0,0,0,0,0,0,0,1,0,0,0,0,0,0,0,0,620,1
wpi617t29952p498059,IC12.png,Right,0,2,0,0,0,2,0,4,0,0,2,73,477,0,0,2,1,0,0,0,1,0,1,0,0,1,0,0,0,0,1,562,5
wpi617t29952p498059,IC2.png,Left,0,5,10,0,0,0,0,20,0,0,0,43,183,5,0,0,2,3,0,0,0,0,4,0,0,0,0,0,2,0,0,266,11
wpi617t29952p498059,IC3.png,Left,0,0,0,0,0,0,0,0,0,0,0,31,387,2,0,0,0,0,0,0,0,0,0,0,0,0,0,0,1,0,0,420,1
wpi617t29952p498059,IC4.png,Left,0,0,0,0,0,0,0,4,0,0,0,28,515,0,0,0,0,0,0,0,0,0,1,0,0,0,0,0,0,0,0,547,1
wpi617t29952p498059,IC5.png,Left,3,2,4,2,2,4,6,6,0,0,0,89,226,0,0,0,1,1,1,1,1,1,2,0,0,0,0,0,0,0,0,341,8
wpi617t29952p498059,IC6.png,Left,4,8,6,4,0,8,0,22,0,0,4,265,755,6,6,2,3,3,2,0,2,0,6,0,0,1,0,0,3,3,1,1086,24
wpi617t29952p498059,IC7.png,Right,7,0,17,2,8,10,6,29,4,7,6,285,636,2,2,2,0,5,1,4,4,3,7,2,3,3,0,0,1,1,1,1016,35
wpi617t29952p498059,IC8.png,Right,0,2,4,0,0,0,0,12,0,0,2,51,96,2,4,0,1,2,0,0,0,0,3,0,0,1,0,0,1,2,0,173,10
wpi617t29952p498059,IC9.png,Right,0,0,0,0,0,0,0,0,0,0,0,26,550,2,0,0,0,0,0,0,0,0,0,0,0,0,0,0,1,0,0,578,1
wpi617t29952p498059,P1.png,Left,5,4,4,4,0,16,0,31,6,8,8,232,320,12,6,0,2,2,2,0,4,0,8,3,3,3,0,0,4,3,0,651,34
wpi617t29952p498059,P10.png,Right,11,4,16,9,16,22,12,38,20,18,6,462,194,2,13,5,2,8,4,8,8,6,9,6,6,3,0,0,1,3,2,837,66
wpi617t29952p498059,P11.png,Right,1,0,2,0,2,0,4,0,4,3,0,77,131,0,2,2,0,1,0,1,0,2,0,2,1,0,0,0,0,1,1,227,9
wpi617t29952p498059,P12.png,Right,6,0,15,4,6,9,13,20,4,4,4,187,376,10,17,10,0,5,2,2,2,5,9,2,2,2,0,0,4,7,2,679,44
wpi617t29952p498059,P2.png,Left,1,0,0,4,4,2,2,12,8,0,0,103,535,0,8,0,0,0,2,1,1,1,4,2,0,0,0,0,0,3,0,678,14
wpi617t29952p498059,P3.png,Left,3,6,19,6,4,0,4,41,2,0,0,211,459,15,12,0,3,5,3,2,0,1,8,1,0,0,0,0,6,5,0,779,34
wpi617t29952p498059,P4.png,Left,2,2,6,6,2,2,0,33,0,0,0,151,384,2,6,0,1,2,3,1,1,0,6,0,0,0,0,0,1,3,0,594,18
wpi617t29952p498059,P5.png,Left,8,2,14,21,6,4,12,37,0,4,6,256,108,6,4,6,1,4,7,3,2,5,10,0,2,3,0,0,3,2,2,486,44
wpi617t29952p498059,P6.png,Left,0,13,2,6,0,0,0,37,6,4,6,179,66,9,13,0,3,1,3,0,0,0,9,2,2,2,0,0,4,3,0,341,29
wpi617t29952p498059,P7.png,Right,6,4,7,4,5,6,4,6,10,6,2,210,582,8,2,0,2,3,2,1,2,2,2,4,3,1,0,0,4,1,0,856,27
wpi617t29952p498059,P8.png,Right,0,0,2,0,0,0,0,17,2,0,0,61,218,4,4,0,0,1,0,0,0,0,3,1,0,0,0,0,2,2,0,308,9
wpi617t29952p498059,P9.png,Right,6,9,7,8,4,2,2,20,2,0,0,103,172,2,2,0,3,3,4,2,1,1,6,1,0,0,0,0,1,1,0,333,23
wpi6t173k3427113063,CC1.png,Left,32,20,1,78,1,38,19,11,20,7,31,450,19,9,9,0,8,1,27,1,22,13,5,12,2,18,0,0,6,7,0,713,122
wpi6t173k3427113063,CC10.png,Right,18,2,45,33,46,10,34,45,0,5,7,511,3,6,28,2,2,23,18,21,9,18,12,0,3,5,0,0,5,13,2,777,131
wpi6t173k3427113063,CC11.png,Right,13,52,37,17,11,1,7,12,3,0,8,578,4,7,31,0,13,25,8,6,1,7,6,2,0,5,0,0,5,17,0,768,95
wpi6t173k3427113063,CC12.png,Right,18,3,124,42,33,1,24,8,3,0,19,812,142,4,24,6,2,40,19,15,1,17,5,3,0,13,0,0,2,13,4,1245,134
wpi6t173k3427113063,CC2.png,Left,25,1,36,189,10,16,50,24,14,2,31,642,0,2,27,2,1,13,55,5,10,29,8,8,2,19,0,0,1,15,2,1046,168
wpi6t173k3427113063,CC3.png,Left,50,15,3,109,7,98,63,15,27,6,61,588,3,16,10,4,5,3,47,5,41,30,12,12,2,35,0,0,10,8,2,1025,212
wpi6t173k3427113063,CC4.png,Left,40,0,10,127,6,30,41,0,20,2,30,398,2,0,6,0,0,4,45,4,20,18,0,8,2,18,0,0,0,4,0,672,123
wpi6t173k3427113063,CC5.png,Left,4,8,5,31,0,7,11,95,11,1,4,396,4,10,33,0,4,5,15,0,4,7,19,4,1,3,0,0,9,17,0,616,88
wpi6t173k3427113063,CC6.png,Left,34,2,0,66,3,87,21,0,19,8,55,528,3,1,2,10,1,0,28,2,39,8,0,8,5,32,0,0,1,2,6,805,132
wpi6t173k3427113063,CC7.png,Right,8,55,66,22,3,1,26,50,4,0,8,911,173,18,58,0,20,30,16,3,1,13,25,3,0,2,0,0,10,33,0,1395,156
wpi6t173k3427113063,CC8.png,Right,16,22,129,46,18,1,13,17,8,2,30,799,8,10,45,0,10,48,20,8,1,11,9,7,2,14,0,0,6,27,0,1148,163
wpi6t173k3427113063,CC9.png,Right,19,2,96,30,9,2,25,1,0,1,6,382,2,0,12,0,1,23,13,9,2,17,1,0,1,4,0,0,0,7,0,568,78
wpi6t173k3427113063,P1.png,Left,21,10,3,66,2,19,3,8,57,23,75,449,30,16,12,1,5,2,29,2,11,3,3,22,10,34,0,0,8,8,1,774,138
wpi6t173k3427113063,P10.png,Right,32,5,81,59,49,11,37,15,0,8,36,621,2,0,27,1,4,35,24,21,8,21,11,0,3,24,0,0,0,17,1,952,169
wpi6t173k3427113063,P11.png,Right,11,7,77,19,7,2,21,25,5,2,25,499,8,12,46,0,3,30,9,5,2,12,14,4,2,13,0,0,8,18,0,755,120
wpi6t173k3427113063,P12.png,Right,40,0,80,54,44,8,49,0,0,0,14,526,3,1,8,5,0,29,18,24,8,29,0,0,0,9,0,0,1,4,1,792,123
wpi6t173k3427113063,P2.png,Left,70,4,6,185,4,95,49,4,118,19,53,993,41,0,10,0,3,6,67,2,41,29,1,25,11,29,0,0,0,6,0,1581,220
wpi6t173k3427113063,P3.png,Left,50,5,0,102,0,97,31,6,28,3,38,689,122,2,16,0,5,0,49,0,37,20,5,13,2,26,0,0,1,12,0,1139,170
wpi6t173k3427113063,P4.png,Left,28,7,3,56,16,18,42,15,18,0,18,411,0,2,12,0,4,3,25,9,12,15,8,10,0,10,0,0,2,8,0,618,106
wpi6t173k3427113063,P5.png,Left,11,21,0,31,0,15,8,20,71,2,19,559,18,10,15,0,9,0,13,0,7,5,5,14,1,9,0,0,5,8,0,789,76
wpi6t173k3427113063,P6.png,Left,10,7,0,50,2,33,6,0,52,7,37,518,3,0,3,0,4,0,13,1,13,3,0,20,5,17,0,0,0,2,0,718,78
wpi6t173k3427113063,P7.png,Right,9,13,28,24,4,2,3,37,10,3,17,494,14,9,38,0,5,16,9,3,2,3,14,6,3,9,0,0,5,18,0,696,93
wpi6t173k3427113063,P8.png,Right,34,4,103,40,34,10,57,37,18,8,50,864,59,7,35,10,3,42,21,21,7,29,10,10,4,20,0,0,5,16,5,1336,193
wpi6t173k3427113063,P9.png,Right,60,2,89,74,63,22,97,0,1,1,8,645,1,0,5,1,2,46,31,31,15,53,0,1,1,7,0,0,0,3,1,1009,191
wpi617338t8102032o8,CC1.png,Left,6,23,10,21,0,16,18,62,26,40,16,884,677,16,15,8,6,4,6,0,7,8,17,8,11,6,0,0,6,6,2,1832,87
wpi617338t8102032o8,CC10.png,Right,11,8,10,24,16,16,10,46,4,0,4,469,752,4,10,6,4,3,10,6,6,5,10,1,0,2,0,0,2,5,2,1379,56
wpi617338t8102032o8,CC11.png,Right,23,38,53,64,22,22,28,64,25,14,8,1215,770,12,32,2,12,18,16,7,9,11,19,6,5,4,0,0,6,14,1,2369,128
wpi617338t8102032o8,CC12.png,Right,14,32,38,28,16,19,36,26,8,2,12,734,556,4,2,2,8,11,8,5,6,9,6,3,1,4,0,0,2,1,1,1515,65
wpi617338t8102032o8,CC2.png,Left,28,35,62,78,34,20,42,118,75,20,41,2061,2408,38,44,16,15,22,29,12,10,16,32,24,9,17,0,0,13,14,7,5092,220
wpi617338t8102032o8,CC3.png,Left,11,37,12,16,6,12,10,46,34,10,10,671,1031,35,28,0,9,6,7,3,6,3,16,9,3,4,0,0,13,12,0,1958,91
wpi617338t8102032o8,CC4.png,Left,3,4,8,18,0,8,0,14,26,28,16,559,1010,2,8,2,1,3,6,0,4,0,5,9,8,4,0,0,1,4,1,1703,46
wpi617338t8102032o8,CC5.png,Left,6,20,14,38,6,2,14,60,52,14,14,819,577,22,10,0,9,6,13,3,1,6,15,12,4,6,0,0,11,4,0,1662,90
wpi617338t8102032o8,CC6.png,Left,12,27,8,29,14,28,17,34,54,28,22,1230,1412,2,8,17,7,4,12,4,7,6,8,13,8,8,0,0,1,4,5,2930,87
wpi617338t8102032o8,CC7.png,Right,18,19,38,46,40,38,16,100,34,16,14,1127,892,24,27,6,7,11,15,13,12,8,26,14,5,7,0,0,9,12,2,2437,141
wpi617338t8102032o8,CC8.png,Right,28,42,77,34,42,42,38,132,40,41,38,1678,801,12,20,16,14,23,9,17,12,14,30,13,11,13,0,0,6,10,5,3053,177
wpi617338t8102032o8,CC9.png,Right,15,78,40,40,18,12,14,89,32,4,8,1341,1496,22,16,0,18,13,11,7,5,6,13,8,1,4,0,0,7,8,0,3210,101
wpi617338t8102032o8,P1.png,Left,13,46,6,28,8,16,0,83,28,40,10,944,639,19,33,6,11,3,11,2,8,0,19,9,10,5,0,0,7,12,3,1906,100
wpi617338t8102032o8,P10.png,Right,6,22,8,12,6,10,10,24,6,0,4,513,702,20,18,8,4,3,3,3,3,3,7,3,0,2,0,0,6,8,4,1363,49
wpi617338t8102032o8,P11.png,Right,12,58,48,30,44,20,24,93,22,10,40,1167,681,42,24,16,20,19,9,15,7,7,23,7,3,12,0,0,14,11,6,2319,153
wpi617338t8102032o8,P12.png,Right,12,45,22,22,92,64,32,170,34,32,22,1314,874,51,24,36,12,8,5,26,13,10,23,8,10,9,0,0,18,9,13,2834,164
wpi617338t8102032o8,P2.png,Left,31,28,60,68,45,59,26,137,64,40,24,1756,765,28,30,18,11,22,25,16,18,11,34,18,12,11,0,0,9,13,5,3148,205
wpi617338t8102032o8,P3.png,Left,6,47,4,60,4,12,6,53,54,24,10,846,921,26,30,0,11,1,14,2,5,2,17,16,7,4,0,0,10,10,0,2097,99
wpi617338t8102032o8,P4.png,Left,8,20,12,41,2,12,6,26,28,6,10,596,286,6,10,2,9,5,10,1,5,2,5,10,3,4,0,0,3,4,1,1063,62
wpi617338t8102032o8,P5.png,Left,4,27,8,61,16,14,8,93,45,16,23,1243,570,40,60,0,9,4,16,2,4,3,18,11,4,9,0,0,14,17,0,2224,111
wpi617338t8102032o8,P6.png,Left,22,84,16,89,4,58,6,125,70,49,58,1673,710,64,61,7,22,4,22,1,14,3,27,21,16,22,0,0,18,22,2,3074,194
wpi617338t8102032o8,P7.png,Right,44,65,133,84,54,56,57,99,56,24,39,1896,916,28,38,18,17,39,27,19,13,18,25,17,5,14,0,0,9,16,2,3563,221
wpi617338t8102032o8,P8.png,Right,20,79,53,49,26,48,28,196,24,20,12,1584,2616,73,66,0,25,23,18,7,7,11,45,11,3,4,0,0,23,28,0,4874,205
wpi617338t8102032o8,P9.png,Right,32,35,97,78,22,58,47,62,10,0,4,1561,509,30,33,6,13,19,15,8,15,16,19,4,0,2,0,0,10,13,2,2552,136
wpi61742zp413500004,CC1.png,Left,3,2,3,24,0,8,3,21,16,7,12,244,89,3,6,2,1,1,7,0,3,1,4,5,3,4,0,0,1,2,1,440,33
wpi61742zp413500004,CC10.png,Right,12,2,21,31,4,14,12,17,0,0,3,310,60,0,11,0,1,7,9,2,6,5,4,0,0,1,0,0,0,3,0,485,38
wpi61742zp413500004,CC11.png,Right,7,11,22,8,11,5,9,74,13,14,9,472,500,10,16,11,3,7,3,4,2,3,18,5,5,4,0,0,4,4,3,1185,65
wpi61742zp413500004,CC12.png,Right,6,10,23,13,8,17,7,29,19,2,6,344,64,0,13,0,4,7,4,3,3,3,10,6,1,2,0,0,0,5,0,555,48
wpi61742zp413500004,CC2.png,Left,33,17,30,69,75,95,39,41,90,56,40,1729,1144,23,30,64,6,11,20,22,25,13,12,28,17,16,0,0,7,9,18,3542,204
wpi61742zp413500004,CC3.png,Left,12,11,15,34,6,23,20,44,30,20,15,524,97,3,7,5,4,6,10,2,5,5,9,7,5,5,0,0,1,3,2,854,64
wpi61742zp413500004,CC4.png,Left,5,5,3,21,2,15,0,8,13,4,9,230,65,9,3,3,1,1,3,1,5,0,2,5,2,3,0,0,1,1,1,390,26
wpi61742zp413500004,CC5.png,Left,17,7,18,50,5,45,14,20,41,37,18,798,175,12,19,23,3,3,14,2,12,5,4,9,9,6,0,0,4,6,7,1282,84
wpi61742zp413500004,CC6.png,Left,21,14,7,41,19,29,17,40,46,57,41,777,334,12,15,15,4,3,14,7,11,6,9,16,15,18,0,0,4,7,6,1464,120
wpi61742zp413500004,CC7.png,Right,0,0,16,4,0,0,9,12,4,9,6,282,61,10,2,0,0,4,2,0,0,3,4,2,1,2,0,0,2,1,0,415,21
wpi61742zp413500004,CC8.png,Right,11,11,21,14,15,13,15,39,9,6,8,344,274,9,11,4,4,7,5,6,5,5,11,3,2,3,0,0,3,4,2,793,60
wpi61742zp413500004,CC9.png,Right,27,25,36,69,16,51,26,67,43,18,28,891,253,8,22,9,7,10,16,6,9,9,12,8,5,10,0,0,3,7,3,1562,105
wpi61742zp413500004,P1.png,Left,8,13,3,23,5,12,9,21,11,13,28,255,67,6,10,7,3,1,8,2,5,3,4,4,5,8,0,0,3,4,1,483,51
wpi61742zp413500004,P10.png,Right,8,9,30,38,10,3,17,30,3,2,10,487,62,10,13,0,2,11,9,3,1,5,8,1,1,4,0,0,2,4,0,724,51
wpi61742zp413500004,P11.png,Right,18,12,38,25,32,13,23,35,11,11,8,582,258,8,20,0,5,13,8,7,5,9,9,3,4,2,0,0,3,6,0,1076,74
wpi61742zp413500004,P12.png,Right,8,11,26,21,6,5,8,46,5,3,4,537,69,8,36,0,3,8,7,3,2,2,12,2,1,2,0,0,3,9,0,785,54
wpi61742zp413500004,P2.png,Left,16,38,21,77,3,37,7,49,86,44,49,1298,216,17,28,6,11,8,21,1,12,3,12,27,9,11,0,0,6,9,1,1976,131
wpi61742zp413500004,P3.png,Left,11,11,3,36,2,20,15,19,57,40,17,626,523,6,26,5,5,1,12,1,8,6,5,12,12,6,0,0,3,11,2,1406,84
wpi61742zp413500004,P4.png,Left,12,9,4,55,10,13,19,16,21,3,10,392,120,3,15,3,3,1,15,4,4,6,5,6,1,4,0,0,1,5,1,693,56
wpi61742zp413500004,P5.png,Left,11,3,17,20,10,23,10,21,31,20,11,501,336,5,17,0,1,5,7,4,5,4,6,8,8,4,0,0,2,5,0,1025,59
wpi61742zp413500004,P6.png,Left,7,9,12,14,4,10,6,38,26,14,21,459,116,9,5,3,3,3,6,2,3,2,11,7,4,6,0,0,4,2,1,746,54
wpi61742zp413500004,P7.png,Right,24,5,101,51,49,32,46,12,23,14,38,699,149,3,11,6,2,21,11,14,7,14,5,9,5,13,0,0,1,4,2,1239,108
wpi61742zp413500004,P8.png,Right,22,4,37,47,19,44,34,3,6,2,6,526,72,2,12,6,2,10,13,6,9,8,2,2,1,3,0,0,1,3,2,820,62
wpi61742zp413500004,P9.png,Right,42,2,100,71,45,58,46,50,23,20,12,855,223,2,22,5,1,25,19,15,14,14,9,7,5,4,0,0,1,7,2,1534,123
wpi617f3888076p6356,IC1.png,Left,21,12,38,41,43,10,17,23,13,12,9,506,285,2,16,2,4,11,15,19,5,11,7,4,4,7,0,0,2,8,2,1029,99
wpi617f3888076p6356,IC10.png,Right,14,12,34,56,46,24,44,71,28,24,39,887,1207,12,9,17,7,14,14,14,9,15,11,9,9,10,0,0,7,3,9,2510,131
wpi617f3888076p6356,IC11.png,Right,8,4,12,28,8,15,11,2,8,8,3,296,243,3,2,10,3,5,8,4,6,7,2,2,2,2,0,0,1,2,3,653,47
wpi617f3888076p6356,IC12.png,Right,27,24,23,13,46,20,24,23,32,38,20,806,526,16,8,13,8,16,7,22,12,13,11,13,16,10,0,0,9,5,5,1632,147
wpi617f3888076p6356,IC2.png,Left,21,9,35,13,35,20,27,23,14,12,15,543,604,5,2,0,3,9,8,15,9,11,6,3,3,4,0,0,1,2,0,1357,74
wpi617f3888076p6356,IC3.png,Left,14,7,18,21,24,11,19,17,7,6,5,371,407,7,24,6,4,5,11,7,6,7,8,3,2,3,0,0,5,11,4,950,76
wpi617f3888076p6356,IC4.png,Left,45,54,51,57,52,66,34,175,45,17,37,2009,1925,52,79,14,19,28,25,18,18,19,40,20,8,14,0,0,21,21,5,4667,256
wpi617f3888076p6356,IC5.png,Left,92,13,45,148,108,174,137,34,71,34,69,1540,355,6,10,6,8,23,58,23,56,52,11,22,11,28,0,0,2,6,4,2750,304
wpi617f3888076p6356,IC6.png,Left,22,4,19,25,10,45,22,28,18,22,14,566,326,13,4,12,3,9,10,5,13,11,10,8,7,7,0,0,6,3,6,1128,98
wpi617f3888076p6356,IC7.png,Right,27,12,22,28,20,24,15,39,14,17,8,657,733,16,7,6,3,9,12,11,11,9,15,10,8,5,0,0,9,3,2,1618,107
wpi617f3888076p6356,IC8.png,Right,32,17,39,17,31,27,25,35,14,36,27,954,499,12,15,14,7,17,8,14,12,11,15,8,13,18,0,0,7,9,3,1762,142
wpi617f3888076p6356,IC9.png,Right,17,17,42,16,35,14,17,41,19,20,26,854,781,12,4,23,8,15,6,12,4,12,13,11,9,11,0,0,7,4,8,1921,120
wpi617f3888076p6356,P1.png,Left,42,28,53,91,22,92,46,131,79,35,37,2033,1098,26,66,8,11,22,35,12,21,22,31,30,12,19,0,0,12,19,6,3845,252
wpi617f3888076p6356,P10.png,Right,11,13,17,15,24,2,9,28,26,34,20,471,370,6,2,2,5,5,2,8,1,3,7,7,7,6,0,0,4,1,1,1039,57
wpi617f3888076p6356,P11.png,Right,16,12,61,47,23,12,15,181,33,23,23,1008,316,25,50,2,8,23,9,7,3,6,32,14,7,11,0,0,14,25,1,1831,160
wpi617f3888076p6356,P12.png,Right,14,14,53,35,31,9,45,71,47,29,29,914,1383,15,21,13,7,13,9,16,3,19,14,16,10,17,0,0,7,11,6,2709,148
wpi617f3888076p6356,P2.png,Left,20,14,20,23,32,15,20,37,27,10,13,772,347,7,20,14,4,8,9,12,6,11,12,6,4,6,0,0,6,8,8,1371,100
wpi617f3888076p6356,P3.png,Left,13,27,19,19,7,15,10,64,38,25,14,637,1114,5,10,10,9,11,8,3,10,4,17,10,8,7,0,0,3,6,5,2014,101
wpi617f3888076p6356,P4.png,Left,105,148,136,230,121,120,147,170,78,34,55,3923,1410,60,93,28,25,62,83,41,45,68,55,33,17,35,0,0,29,43,11,6753,547
wpi617f3888076p6356,P5.png,Left,10,10,10,22,10,15,3,21,5,2,2,397,394,6,8,6,4,5,9,4,5,2,8,4,2,2,0,0,3,5,1,911,54
wpi617f3888076p6356,P6.png,Left,16,13,1,29,8,23,16,30,68,15,53,840,386,2,7,4,7,1,12,5,11,10,7,16,6,14,0,0,2,5,2,1495,98
wpi617f3888076p6356,P7.png,Right,19,7,30,9,28,13,26,161,29,31,18,907,417,14,46,0,5,13,5,7,5,9,24,14,6,7,0,0,5,17,0,1736,117
wpi617f3888076p6356,P8.png,Right,13,10,15,8,13,16,13,51,5,5,8,354,277,10,14,1,7,8,4,6,6,6,16,4,2,3,0,0,6,9,1,800,78
wpi617f3888076p6356,P9.png,Right,31,27,52,38,36,48,29,56,56,85,39,1579,1407,18,12,15,13,15,15,19,19,14,15,18,23,20,0,0,9,6,6,3497,192
wpi61746f54025l1442,IC1.png,Left,6,0,0,47,0,9,8,76,6,9,57,484,463,27,9,15,0,0,15,0,4,2,11,2,4,10,0,0,7,3,4,1210,62
wpi61746f54025l1442,IC10.png,Right,6,2,69,17,14,0,13,28,0,4,15,343,86,5,11,0,1,15,6,3,0,5,5,0,2,6,0,0,1,4,0,607,48
wpi61746f54025l1442,IC11.png,Right,6,0,56,24,2,9,25,16,0,0,2,312,215,10,15,0,0,12,6,1,2,6,6,0,0,1,0,0,3,6,0,686,43
wpi61746f54025l1442,IC12.png,Right,14,6,105,27,15,5,33,37,0,2,21,600,200,7,62,0,2,25,8,6,2,9,10,0,1,8,0,0,3,11,0,1120,85
wpi61746f54025l1442,IC2.png,Left,9,16,23,62,8,13,18,299,4,2,7,1006,1221,54,32,0,4,10,15,3,4,8,35,1,1,1,0,0,18,12,0,2765,112
wpi61746f54025l1442,IC3.png,Left,24,7,13,59,12,59,77,64,7,6,6,622,311,9,29,4,1,5,19,4,16,19,7,2,3,3,0,0,3,10,2,1285,94
wpi61746f54025l1442,IC4.png,Left,4,7,0,29,2,5,0,20,37,16,33,398,168,7,10,0,1,0,6,1,1,0,4,6,5,9,0,0,2,4,0,732,39
wpi61746f54025l1442,IC5.png,Left,10,14,21,54,2,15,15,43,14,22,17,531,238,8,18,0,2,8,19,1,6,7,10,6,6,9,0,0,3,7,0,1012,84
wpi61746f54025l1442,IC6.png,Left,5,2,0,54,0,30,2,10,6,0,13,310,205,10,16,12,1,0,8,0,7,1,4,3,0,4,0,0,4,7,5,670,44
wpi61746f54025l1442,IC7.png,Right,15,3,41,14,44,0,17,73,16,2,30,468,132,3,11,4,1,12,5,12,0,5,14,8,1,10,0,0,1,5,2,858,76
wpi61746f54025l1442,IC8.png,Right,17,0,69,6,48,2,23,77,27,2,33,658,665,11,25,0,0,22,2,13,1,8,22,10,1,15,0,0,5,10,0,1646,109
wpi61746f54025l1442,IC9.png,Right,10,16,59,7,18,0,8,150,35,0,20,592,523,24,44,2,5,16,3,6,0,4,18,7,0,7,0,0,6,15,1,1498,88
wpi61746f54025l1442,P1.png,Left,12,0,20,40,8,18,17,44,5,10,9,379,194,27,24,2,0,8,10,3,4,7,14,2,3,2,0,0,10,5,1,797,69
wpi61746f54025l1442,P10.png,Right,4,8,23,5,9,0,2,74,4,2,11,299,106,12,17,2,4,7,2,3,0,1,9,1,1,2,0,0,4,7,1,574,42
wpi61746f54025l1442,P11.png,Right,5,5,91,0,16,0,18,72,61,18,37,584,255,2,31,0,2,16,0,4,0,5,14,11,5,11,0,0,1,12,0,1190,81
wpi61746f54025l1442,P12.png,Right,8,4,164,3,16,3,11,167,16,8,31,856,296,24,78,0,2,30,1,5,1,3,35,5,2,11,0,0,9,27,0,1677,131
wpi61746f54025l1442,P2.png,Left,19,4,10,137,5,71,27,139,21,3,18,898,480,23,43,15,2,2,29,2,17,9,27,8,1,8,0,0,10,15,5,1894,135
wpi61746f54025l1442,P3.png,Left,13,36,0,133,0,22,9,94,25,6,35,924,620,33,68,0,8,0,30,0,8,4,20,7,2,11,0,0,10,23,0,2005,123
wpi61746f54025l1442,P4.png,Left,7,8,5,34,0,16,4,20,17,2,7,379,224,16,21,0,3,1,11,0,5,2,9,5,1,3,0,0,6,7,0,753,53
wpi61746f54025l1442,P5.png,Left,8,3,28,52,3,8,20,118,0,0,4,451,263,21,28,0,1,10,17,1,4,6,21,0,0,2,0,0,7,11,0,999,80
wpi61746f54025l1442,P6.png,Left,136,0,345,569,95,384,263,562,8,24,133,4637,1729,14,117,134,0,74,134,28,90,80,89,4,10,44,0,0,7,46,29,9014,635
wpi61746f54025l1442,P7.png,Right,15,21,105,32,30,24,45,26,2,8,11,916,564,16,24,14,6,27,10,9,6,15,9,1,2,4,0,0,4,9,3,1838,105
wpi61746f54025l1442,P8.png,Right,11,2,37,0,17,0,8,52,34,4,19,396,269,15,8,2,1,11,0,6,0,3,11,8,2,8,0,0,4,1,1,863,56
wpi61746f54025l1442,P9.png,Right,16,0,58,5,40,2,21,32,9,15,30,625,392,9,29,15,0,16,2,13,1,8,12,4,4,9,0,0,3,10,3,1282,85
wpi6174u1114139w854,CC1.png,Left,28,0,64,32,31,34,45,78,8,8,10,1008,837,4,8,8,0,20,13,9,15,19,20,4,4,5,0,0,2,4,4,2175,119
wpi6174u1114139w854,CC10.png,Right,2,0,6,0,12,0,4,24,35,7,9,485,667,0,4,0,0,2,0,5,0,2,9,9,3,4,0,0,0,2,0,1253,36
wpi6174u1114139w854,CC11.png,Right,13,4,48,6,18,0,8,72,40,14,18,773,707,6,22,6,2,17,3,8,0,4,22,14,4,8,0,0,3,10,3,1742,98
wpi6174u1114139w854,CC12.png,Right,6,0,8,10,11,2,8,37,29,8,13,499,711,2,6,6,0,4,3,5,1,4,12,13,3,5,0,0,1,3,2,1350,56
wpi6174u1114139w854,CC2.png,Left,24,0,80,28,14,29,36,79,8,10,6,1071,758,4,12,2,0,26,13,5,11,15,24,4,3,3,0,0,2,6,1,2137,113
wpi6174u1114139w854,CC3.png,Left,7,0,27,10,8,0,7,102,0,2,4,643,576,18,19,2,0,8,4,4,0,3,21,0,1,2,0,0,9,8,1,1418,61
wpi6174u1114139w854,CC4.png,Left,7,2,22,4,8,2,4,20,0,0,0,407,560,4,8,0,1,6,2,3,1,2,5,0,0,0,0,0,2,3,0,1041,25
wpi6174u1114139w854,CC5.png,Left,19,0,45,18,20,6,6,62,0,2,6,826,1039,6,8,4,0,15,9,9,3,3,18,0,1,3,0,0,2,3,2,2048,68
wpi6174u1114139w854,CC6.png,Left,32,4,77,32,50,22,22,71,0,0,6,995,1427,3,4,0,1,26,11,14,7,9,14,0,0,1,0,0,1,2,0,2713,86
wpi6174u1114139w854,CC7.png,Right,11,0,22,4,10,8,11,26,20,9,12,419,458,0,2,2,0,9,2,5,4,4,5,5,4,6,0,0,0,1,1,1003,46
wpi6174u1114139w854,CC8.png,Right,4,12,20,6,4,0,2,99,52,12,12,710,1056,16,10,2,5,7,2,2,0,1,20,14,6,6,0,0,7,5,1,2013,76
wpi6174u1114139w854,CC9.png,Right,34,8,78,12,52,6,28,138,73,51,36,1498,1083,11,8,22,3,28,6,20,3,11,34,21,20,13,0,0,6,4,7,3104,176
wpi6174u1114139w854,P1.png,Left,17,0,25,10,36,18,30,4,0,4,4,554,322,0,2,8,0,9,4,10,8,11,2,0,1,2,0,0,0,1,3,1017,51
wpi6174u1114139w854,P10.png,Right,5,2,18,4,6,4,0,49,64,10,4,800,842,2,8,0,1,6,2,3,2,0,15,16,5,2,0,0,1,2,0,1813,55
wpi6174u1114139w854,P11.png,Right,37,6,68,36,42,10,18,48,28,26,36,956,536,10,24,8,2,31,11,16,5,6,21,11,10,17,0,0,5,10,4,1852,149
wpi6174u1114139w854,P12.png,Right,7,2,37,0,31,4,4,121,53,24,31,886,1328,2,6,8,1,12,0,9,1,2,20,21,9,12,0,0,1,3,4,2537,95
wpi6174u1114139w854,P2.png,Left,13,0,23,0,36,2,2,2,0,0,0,696,1400,0,0,0,0,7,0,7,1,1,1,0,0,0,0,0,0,0,0,2161,17
wpi6174u1114139w854,P3.png,Left,25,2,48,12,23,12,6,64,2,0,4,712,1167,2,0,12,1,15,5,7,6,3,11,1,0,2,0,0,1,0,5,2066,57
wpi6174u1114139w854,P4.png,Left,54,0,90,38,98,75,27,37,26,4,14,1276,989,6,6,8,0,29,15,23,23,12,11,8,2,6,0,0,3,3,4,2694,139
wpi6174u1114139w854,P5.png,Left,21,8,76,46,25,14,32,108,12,6,6,1192,1322,8,17,8,2,27,19,9,6,15,25,5,3,3,0,0,3,8,4,2880,129
wpi6174u1114139w854,P6.png,Left,18,8,37,14,16,10,23,82,6,2,4,745,450,4,13,2,4,14,7,8,4,9,21,3,1,1,0,0,2,5,1,1416,80
wpi6174u1114139w854,P7.png,Right,5,2,8,2,12,2,0,86,44,13,10,836,477,8,6,3,1,4,1,4,1,0,23,17,6,5,0,0,4,3,1,1509,70
wpi6174u1114139w854,P8.png,Right,17,7,54,4,20,2,22,126,74,35,33,1340,998,10,26,6,3,23,2,10,1,8,33,25,10,12,0,0,5,12,3,2757,147
wpi6174u1114139w854,P9.png,Right,4,2,4,2,10,0,6,29,34,18,12,624,2221,2,2,2,1,2,1,5,0,3,7,13,8,6,0,0,1,1,1,2968,49
wpi6173388493v28x43,CC1.png,Left,4,4,6,1,1,2,2,16,5,6,8,201,370,5,7,2,4,5,1,1,2,2,7,5,6,7,0,0,4,5,2,636,51
wpi6173388493v28x43,CC10.png,Right,0,16,7,0,0,0,0,18,2,0,0,132,213,5,7,0,10,3,0,0,0,0,12,2,0,0,0,0,3,5,0,400,35
wpi6173388493v28x43,CC11.png,Right,3,28,7,1,0,2,1,33,2,0,1,248,348,17,9,0,14,5,1,0,2,1,16,2,0,1,0,0,12,7,0,697,61
wpi6173388493v28x43,CC12.png,Right,5,4,4,8,4,7,4,25,6,0,2,220,511,1,7,1,3,3,5,3,5,2,5,5,0,2,0,0,1,6,1,804,41
wpi6173388493v28x43,CC2.png,Left,10,18,2,14,3,3,2,16,8,1,8,238,453,19,8,1,13,1,9,2,3,2,10,4,1,7,0,0,12,7,1,794,72
wpi6173388493v28x43,CC3.png,Left,5,11,3,5,0,5,0,21,8,2,1,216,379,10,8,2,9,3,5,0,4,0,12,7,1,1,0,0,8,6,1,671,57
wpi6173388493v28x43,CC4.png,Left,7,8,4,4,4,10,4,4,4,2,1,166,173,4,4,3,6,3,4,4,5,3,4,4,2,1,0,0,4,4,2,395,46
wpi6173388493v28x43,CC5.png,Left,4,23,9,12,1,1,4,78,3,0,0,409,1254,23,28,0,18,5,7,1,1,3,30,3,0,0,0,0,19,22,0,1845,109
wpi6173388493v28x43,CC6.png,Left,8,20,7,10,2,5,5,27,27,9,7,446,534,16,12,1,10,6,9,2,5,5,12,13,5,6,0,0,15,11,1,1128,100
wpi6173388493v28x43,CC7.png,Right,4,22,11,1,1,1,2,9,10,0,3,189,252,10,11,0,13,5,1,1,1,1,7,3,0,1,0,0,6,10,0,522,49
wpi6173388493v28x43,CC8.png,Right,1,17,4,1,0,1,3,18,3,0,2,166,147,7,7,0,12,4,1,0,1,2,9,3,0,2,0,0,5,6,0,376,45
wpi6173388493v28x43,CC9.png,Right,6,22,11,6,2,2,1,37,4,3,3,306,806,14,14,0,16,7,5,2,2,1,16,3,2,3,0,0,10,12,0,1231,79
wpi6173388493v28x43,P1.png,Left,10,14,9,15,4,3,6,36,1,1,4,253,186,7,13,0,6,8,10,4,2,5,15,1,1,4,0,0,7,11,0,552,74
wpi6173388493v28x43,P10.png,Right,21,4,42,25,6,11,10,27,6,0,8,348,49,5,10,0,3,16,11,4,8,9,13,5,0,7,0,0,5,9,0,551,90
wpi6173388493v28x43,P11.png,Right,15,11,30,23,4,9,17,75,13,2,8,590,783,16,16,0,9,19,14,3,6,13,27,9,2,7,0,0,12,12,0,1597,133
wpi6173388493v28x43,P12.png,Right,13,18,11,16,4,6,4,59,16,2,7,400,904,7,7,0,13,11,9,3,5,4,26,10,2,6,0,0,6,6,0,1461,101
wpi6173388493v28x43,P2.png,Left,18,41,26,19,12,6,10,179,5,4,6,848,1157,60,38,3,25,18,16,10,4,9,63,5,2,4,0,0,37,25,2,2414,220
wpi6173388493v28x43,P3.png,Left,27,7,37,12,12,9,15,30,2,1,2,292,214,6,4,1,5,21,9,12,9,10,20,1,1,2,0,0,6,4,1,644,101
wpi6173388493v28x43,P4.png,Left,8,9,10,7,2,3,4,44,1,0,1,154,116,8,5,0,3,8,4,2,3,4,16,1,0,1,0,0,7,5,0,364,54
wpi6173388493v28x43,P5.png,Left,11,7,12,13,4,2,7,23,7,2,4,206,537,11,4,0,5,10,12,4,2,5,15,5,2,3,0,0,7,4,0,839,74
wpi6173388493v28x43,P6.png,Left,6,4,18,7,1,6,3,56,10,3,3,346,361,4,2,1,3,11,7,1,4,2,14,7,2,2,0,0,4,2,1,825,60
wpi6173388493v28x43,P7.png,Right,4,9,11,7,0,2,1,70,6,0,1,202,217,18,14,0,8,9,6,0,2,1,22,4,0,1,0,0,12,12,0,558,77
wpi6173388493v28x43,P8.png,Right,16,8,34,5,12,1,14,69,47,51,20,836,596,21,20,5,8,25,5,10,1,8,32,29,27,16,0,0,15,15,4,1739,195
wpi6173388493v28x43,P9.png,Right,28,11,36,22,18,53,21,58,9,1,15,621,151,12,22,1,9,21,16,10,20,20,31,8,1,11,0,0,12,18,1,1051,178
wpi61731p98h6309774,CC1.png,Left,22,41,20,34,38,53,22,92,26,0,10,1299,1190,15,4,36,9,9,11,13,17,10,15,7,0,3,0,0,7,2,8,2880,111
wpi61731p98h6309774,CC10.png,Right,2,34,15,2,0,2,2,28,10,10,12,410,742,6,2,0,8,4,1,0,1,1,9,4,4,4,0,0,2,1,0,1275,39
wpi61731p98h6309774,CC11.png,Right,4,16,20,0,50,10,8,5,20,14,2,460,107,10,2,20,4,6,0,11,3,4,2,4,4,1,0,0,4,1,7,744,51
wpi61731p98h6309774,CC12.png,Right,26,20,67,22,142,46,42,114,23,56,52,1751,441,26,28,86,7,19,9,39,14,17,20,10,18,22,0,0,11,11,21,2916,218
wpi61731p98h6309774,CC2.png,Left,9,21,4,18,4,22,16,16,8,10,18,388,289,14,8,6,4,2,6,2,9,6,4,3,4,5,0,0,3,2,2,842,52
wpi61731p98h6309774,CC3.png,Left,17,25,22,30,26,28,18,6,16,36,24,631,55,6,14,10,5,9,12,9,13,9,3,5,9,8,0,0,3,6,5,947,96
wpi61731p98h6309774,CC4.png,Left,14,4,40,2,80,12,16,27,0,2,4,1406,2242,0,0,8,2,12,1,13,5,8,7,0,1,2,0,0,0,0,4,3843,55
wpi61731p98h6309774,CC5.png,Left,6,34,28,89,2,6,28,112,17,6,10,924,328,18,62,2,8,9,32,1,3,10,32,8,2,4,0,0,9,27,1,1666,146
wpi61731p98h6309774,CC6.png,Left,2,16,2,8,2,0,0,15,0,0,4,110,317,12,4,0,5,1,2,1,0,0,4,0,0,2,0,0,5,2,0,490,22
wpi61731p98h6309774,CC7.png,Right,52,56,144,44,242,26,58,158,108,98,94,3565,3646,20,50,78,13,48,16,67,12,25,38,37,31,39,0,0,7,19,19,8387,371
wpi61731p98h6309774,CC8.png,Right,15,10,38,5,42,24,16,53,32,28,38,718,273,14,2,10,3,11,2,13,6,7,8,10,8,13,0,0,5,1,5,1303,92
wpi61731p98h6309774,CC9.png,Right,3,4,18,0,4,0,4,22,4,2,0,224,932,4,6,2,2,3,0,2,0,2,6,2,1,0,0,0,2,3,1,1226,24
wpi61731p98h6309774,P1.png,Left,25,44,30,107,76,117,65,78,66,4,28,2285,1004,24,48,96,14,12,33,19,36,26,22,16,2,10,0,0,11,16,21,4072,238
wpi61731p98h6309774,P10.png,Right,0,79,0,10,0,0,2,20,4,0,0,708,299,62,28,0,20,0,2,0,0,1,8,2,0,0,0,0,15,12,0,1212,60
wpi61731p98h6309774,P11.png,Right,1,0,8,0,10,0,0,29,58,8,12,489,100,0,0,2,0,4,0,4,0,0,2,9,3,6,0,0,0,0,1,716,29
wpi61731p98h6309774,P12.png,Right,0,64,38,2,0,0,0,211,8,0,0,955,239,58,108,0,16,16,1,0,0,0,38,4,0,0,0,0,25,39,0,1683,139
wpi61731p98h6309774,P2.png,Left,9,2,44,74,8,4,36,43,2,0,10,527,124,6,8,8,1,13,16,3,2,12,12,1,0,3,0,0,2,4,1,896,70
wpi61731p98h6309774,P3.png,Left,0,50,0,55,0,0,0,68,10,0,4,853,104,37,60,0,16,0,19,0,0,0,21,4,0,2,0,0,14,19,0,1241,95
wpi61731p98h6309774,P4.png,Left,0,14,12,10,0,0,0,298,56,0,2,809,245,56,75,0,4,4,3,0,0,0,46,7,0,1,0,0,19,29,0,1577,113
wpi61731p98h6309774,P5.png,Left,10,6,4,60,12,30,12,12,30,0,22,463,93,11,21,4,2,2,16,4,9,5,4,6,0,9,0,0,4,8,1,780,70
wpi61731p98h6309774,P6.png,Left,0,2,18,20,0,0,4,52,0,0,2,325,83,26,32,0,1,5,8,0,0,2,17,0,0,1,0,0,9,13,0,564,56
wpi61731p98h6309774,P7.png,Right,8,52,6,114,0,8,6,149,20,4,8,1298,500,87,49,0,21,3,22,0,4,3,27,3,1,3,0,0,36,19,0,2301,142
wpi61731p98h6309774,P8.png,Right,6,32,46,36,8,2,22,23,10,0,12,909,142,18,30,2,8,14,12,2,1,9,6,4,0,6,0,0,7,8,1,1292,78
wpi61731p98h6309774,P9.png,Right,25,28,114,66,62,8,65,167,60,30,39,2228,576,12,60,8,8,31,11,19,4,23,26,16,9,17,0,0,6,21,4,3523,195
wpi617q46y062910766,IC1.png,Left,34,4,39,58,23,35,24,55,4,14,8,677,1011,7,9,7,4,19,18,14,12,10,27,4,6,3,0,0,7,8,6,1975,138
wpi617q46y062910766,IC10.png,Right,17,13,56,20,29,10,13,41,9,15,17,724,405,15,19,23,6,20,10,15,5,7,17,8,9,9,0,0,10,14,10,1409,140
wpi617q46y062910766,IC11.png,Right,15,2,39,15,29,15,9,31,18,14,17,855,1425,1,13,0,2,14,7,15,7,7,11,12,7,10,0,0,1,9,0,2483,102
wpi617q46y062910766,IC12.png,Right,12,4,20,16,27,10,7,34,17,10,3,912,1089,0,22,17,2,12,5,17,4,7,10,7,7,3,0,0,0,8,8,2188,90
wpi617q46y062910766,IC2.png,Left,16,20,22,19,9,19,6,47,20,11,7,723,1737,10,18,11,8,9,12,7,12,4,15,8,8,6,0,0,8,8,6,2679,111
wpi617q46y062910766,IC3.png,Left,25,6,31,32,17,23,24,13,8,8,9,563,1035,2,7,14,4,12,17,10,14,17,8,3,2,8,0,0,1,6,9,1792,111
wpi617q46y062910766,IC4.png,Left,14,0,15,12,13,21,7,64,1,15,10,339,319,1,4,4,0,5,8,6,13,5,14,1,9,7,0,0,1,4,3,825,76
wpi617q46y062910766,IC5.png,Left,26,9,58,43,26,8,20,84,27,7,15,1030,1502,3,34,3,5,28,22,12,7,14,29,11,5,10,0,0,3,17,2,2869,165
wpi617q46y062910766,IC6.png,Left,20,2,5,63,1,32,7,66,17,30,30,763,842,6,16,4,2,4,20,1,17,6,10,11,8,14,0,0,5,11,2,1884,111
wpi617q46y062910766,IC7.png,Right,16,1,34,1,41,8,5,46,1,5,13,368,391,0,5,2,1,16,1,10,2,3,10,1,3,8,0,0,0,4,2,921,61
wpi617q46y062910766,IC8.png,Right,17,10,10,12,22,6,4,24,12,13,8,612,1565,16,8,11,5,7,4,17,6,4,12,7,8,5,0,0,12,7,7,2333,101
wpi617q46y062910766,IC9.png,Right,26,8,47,55,15,24,34,64,13,10,17,792,1331,8,17,3,7,20,19,10,11,21,17,9,4,10,0,0,5,13,2,2438,148
wpi617q46y062910766,P1.png,Left,16,1,1,31,3,59,9,26,3,18,18,579,145,4,28,24,1,1,13,2,27,6,12,1,9,12,0,0,4,8,9,949,105
wpi617q46y062910766,P10.png,Right,45,15,69,32,150,61,64,69,13,11,19,1196,305,26,29,17,8,37,15,32,13,34,19,7,5,9,0,0,13,17,6,2076,215
wpi617q46y062910766,P11.png,Right,12,4,21,1,36,7,4,54,26,41,8,479,876,10,12,14,1,10,1,15,2,2,17,11,15,6,0,0,8,10,7,1593,105
wpi617q46y062910766,P12.png,Right,21,11,55,11,22,5,13,94,46,47,21,1222,1616,16,43,25,7,22,9,14,5,8,26,20,23,14,0,0,10,21,9,3247,188
wpi617q46y062910766,P2.png,Left,56,5,16,122,20,61,46,61,59,38,61,1248,1851,11,18,45,3,10,53,11,36,25,19,21,20,42,0,0,7,13,17,3662,277
wpi617q46y062910766,P3.png,Left,42,9,16,71,35,65,32,133,7,36,33,962,1090,25,34,2,4,12,27,10,26,15,30,6,13,21,0,0,18,19,2,2550,203
wpi617q46y062910766,P4.png,Left,39,6,20,55,66,105,58,61,17,14,64,1582,1833,6,28,40,5,13,31,29,40,33,20,8,10,21,0,0,3,16,19,3955,248
wpi617q46y062910766,P5.png,Left,20,9,4,21,13,33,14,40,8,13,8,501,1465,13,18,4,7,3,11,6,18,9,18,3,5,6,0,0,11,13,4,2164,114
wpi617q46y062910766,P6.png,Left,13,4,2,28,12,30,7,17,0,17,6,724,1522,15,10,18,3,2,9,7,15,6,8,0,9,4,0,0,8,5,8,2412,84
wpi617q46y062910766,P7.png,Right,12,1,16,2,39,24,8,70,6,19,19,634,1034,10,26,20,1,11,1,20,9,6,28,5,11,10,0,0,6,14,8,1928,130
wpi617q46y062910766,P8.png,Right,22,15,28,17,36,28,30,67,10,33,18,600,1171,16,11,10,5,15,10,17,11,17,20,7,8,12,0,0,8,8,7,2090,145
wpi617q46y062910766,P9.png,Right,18,27,28,3,26,11,12,494,173,56,21,2426,2455,36,49,7,6,15,3,13,7,7,91,52,21,15,0,0,24,23,6,5824,283
wpi617h3110578387b4,IC1.png,Left,14,4,16,38,10,26,26,48,0,0,8,387,676,11,18,2,2,7,10,5,7,11,13,0,0,4,0,0,5,9,1,1270,74
wpi617h3110578387b4,IC10.png,Right,25,56,52,28,41,22,22,112,49,24,24,1499,2501,64,50,20,17,20,10,13,9,10,31,17,9,8,0,0,27,20,7,4564,198
wpi617h3110578387b4,IC11.png,Right,23,20,50,24,42,10,32,119,40,20,29,957,694,30,26,16,9,22,12,17,5,15,36,16,8,13,0,0,13,13,5,2109,184
wpi617h3110578387b4,IC12.png,Right,5,14,18,6,6,2,2,72,16,5,8,528,1326,34,30,6,6,9,3,3,1,1,19,7,2,4,0,0,12,12,1,2073,80
wpi617h3110578387b4,IC2.png,Left,3,122,0,26,10,24,6,16,47,56,39,1478,770,19,8,24,20,0,10,5,9,3,6,19,18,13,0,0,8,4,9,2645,124
wpi617h3110578387b4,IC3.png,Left,48,31,66,86,22,66,46,219,34,14,34,1671,1250,44,40,42,15,29,37,11,28,20,54,16,6,16,0,0,17,17,15,3665,281
wpi617h3110578387b4,IC4.png,Left,41,123,26,106,22,84,34,228,110,75,114,2938,2644,95,40,50,45,6,39,8,30,15,59,40,28,46,0,0,33,18,16,6689,383
wpi617h3110578387b4,IC5.png,Left,17,16,16,58,22,32,16,71,16,4,14,690,822,22,21,14,8,7,19,6,13,8,21,7,2,7,0,0,7,9,7,1834,121
wpi617h3110578387b4,IC6.png,Left,29,10,28,60,15,51,30,89,6,8,34,699,902,25,24,12,5,12,25,6,20,11,25,3,4,14,0,0,10,12,4,1993,151
wpi617h3110578387b4,IC7.png,Right,20,30,69,32,41,16,28,68,15,14,22,981,1490,30,17,20,10,21,13,15,6,11,25,7,6,11,0,0,11,7,8,2873,151
wpi617h3110578387b4,IC8.png,Right,6,51,18,18,10,0,4,72,12,10,8,809,1384,32,6,6,11,8,5,5,0,2,18,3,4,4,0,0,14,3,2,2440,79
wpi617h3110578387b4,IC9.png,Right,51,70,78,39,88,80,68,138,26,16,22,1933,1435,36,52,80,19,30,16,37,29,27,38,10,7,11,0,0,17,23,24,4161,288
wpi617h3110578387b4,P1.png,Left,27,68,10,52,12,67,23,73,86,48,68,1442,632,38,28,26,19,5,20,6,27,11,22,31,18,28,0,0,15,13,12,2673,227
wpi617h3110578387b4,P10.png,Right,46,6,106,56,46,28,67,67,16,16,16,1014,166,12,14,38,3,29,20,21,10,23,13,7,8,8,0,0,5,7,7,1668,161
wpi617h3110578387b4,P11.png,Right,38,27,69,28,68,20,58,116,6,10,23,1490,897,42,52,26,10,27,13,27,9,24,28,3,5,11,0,0,12,25,9,2932,203
wpi617h3110578387b4,P12.png,Right,62,40,96,82,132,48,88,270,22,20,34,2309,1592,55,56,90,17,39,30,40,17,37,54,11,9,16,0,0,21,25,23,4934,339
wpi617h3110578387b4,P2.png,Left,16,148,12,60,2,26,10,135,88,17,30,1909,1397,58,51,8,30,5,23,1,9,5,33,19,7,13,0,0,22,23,3,3951,193
wpi617h3110578387b4,P3.png,Left,39,57,26,78,46,92,48,192,56,36,54,2084,1399,65,49,64,23,11,33,16,36,20,49,21,17,26,0,0,28,22,19,4346,321
wpi617h3110578387b4,P4.png,Left,36,81,22,89,28,62,35,228,92,40,46,2143,754,44,62,28,26,9,36,11,20,14,52,30,16,19,0,0,20,28,11,3754,292
wpi617h3110578387b4,P5.png,Left,62,34,51,227,20,80,65,176,218,94,110,2720,695,35,84,0,13,22,81,8,32,29,39,67,34,47,0,0,13,35,0,4609,420
wpi617h3110578387b4,P6.png,Left,20,6,21,21,10,54,24,117,28,12,28,977,951,26,20,14,3,6,9,4,19,9,25,11,6,13,0,0,11,9,7,2309,132
wpi617h3110578387b4,P7.png,Right,36,66,85,18,56,22,34,227,34,52,42,2187,1836,59,27,36,23,34,8,24,7,16,57,17,19,21,0,0,24,13,14,4781,277
wpi617h3110578387b4,P8.png,Right,89,28,93,120,88,180,82,118,14,8,29,2417,774,36,26,56,11,38,43,41,50,37,27,5,4,14,0,0,15,12,19,4069,316
wpi617h3110578387b4,P9.png,Right,39,110,92,54,66,18,32,77,22,26,46,2007,991,33,49,14,30,32,20,24,9,13,23,9,8,18,0,0,15,22,7,3637,230
wpi6174u597718963b7,CC1.png,Left,0,0,23,10,0,0,2,87,6,0,0,360,151,6,0,0,0,7,3,0,0,1,9,2,0,0,0,0,3,0,0,645,25
wpi6174u597718963b7,CC10.png,Right,0,0,13,6,0,0,0,59,18,0,0,286,24,8,8,0,0,2,1,0,0,0,7,5,0,0,0,0,1,2,0,422,18
wpi6174u597718963b7,CC11.png,Right,0,7,19,2,0,0,2,174,36,3,16,643,45,2,14,0,2,5,1,0,0,1,12,10,1,6,0,0,1,4,0,963,43
wpi6174u597718963b7,CC12.png,Right,6,17,47,15,13,4,11,88,34,8,15,597,33,20,18,3,5,13,5,5,2,4,15,8,2,6,0,0,6,6,1,923,78
wpi6174u597718963b7,CC2.png,Left,0,20,21,47,0,0,2,317,11,0,0,867,61,27,52,0,7,8,13,0,0,1,33,4,0,0,0,0,10,19,0,1425,95
wpi6174u597718963b7,CC3.png,Left,0,10,25,28,0,0,0,236,9,0,8,566,7,25,52,0,4,7,9,0,0,0,34,4,0,3,0,0,8,21,0,966,90
wpi6174u597718963b7,CC4.png,Left,5,0,40,19,11,0,2,57,0,0,2,267,87,0,13,0,0,8,5,3,0,1,7,0,0,1,0,0,0,5,0,498,30
wpi6174u597718963b7,CC5.png,Left,5,15,9,20,18,17,12,85,10,15,11,522,373,10,23,7,4,4,8,5,3,5,12,3,3,3,0,0,3,8,2,1147,63
wpi6174u597718963b7,CC6.png,Left,9,19,43,26,24,15,8,90,13,0,3,680,167,16,16,2,6,8,8,5,4,3,11,6,0,1,0,0,5,7,1,1122,65
wpi6174u597718963b7,CC7.png,Right,4,0,15,0,6,0,5,39,50,23,16,434,148,2,11,2,0,6,0,3,0,2,14,12,5,7,0,0,1,3,1,751,54
wpi6174u597718963b7,CC8.png,Right,0,6,20,6,0,0,0,58,79,2,7,487,104,2,10,0,3,5,1,0,0,0,8,7,1,3,0,0,1,3,0,781,32
wpi6174u597718963b7,CC9.png,Right,5,15,27,12,9,2,6,84,31,46,22,583,214,9,15,0,6,10,4,4,1,3,15,7,8,7,0,0,3,6,0,1075,74
wpi6174u597718963b7,P1.png,Left,16,3,20,32,2,30,13,100,27,21,20,626,207,12,6,4,1,7,10,1,11,4,15,6,5,8,0,0,4,3,2,1123,77
wpi6174u597718963b7,P10.png,Right,9,0,26,0,18,4,12,97,10,13,21,512,80,17,14,9,0,10,0,5,2,4,13,4,6,10,0,0,4,6,4,833,68
wpi6174u597718963b7,P11.png,Right,22,4,80,40,31,10,17,376,158,15,53,1476,375,8,18,0,2,25,11,10,3,7,44,37,6,15,0,0,3,7,0,2661,170
wpi6174u597718963b7,P12.png,Right,4,14,44,38,4,0,12,252,54,4,19,871,75,14,26,0,5,15,10,2,0,4,28,18,2,8,0,0,5,12,0,1427,109
wpi6174u597718963b7,P2.png,Left,5,3,37,21,4,6,12,123,10,5,6,408,127,6,6,2,1,8,9,2,1,5,15,2,2,2,0,0,3,3,1,776,54
wpi6174u597718963b7,P3.png,Left,28,4,39,71,40,27,31,112,11,2,35,839,290,2,14,4,1,15,20,10,9,10,16,4,1,13,0,0,1,5,2,1521,107
wpi6174u597718963b7,P4.png,Left,2,5,10,20,3,3,3,127,15,0,0,426,44,11,21,0,1,5,7,1,1,1,15,2,0,0,0,0,4,8,0,688,45
wpi6174u597718963b7,P5.png,Left,5,16,38,38,5,12,24,213,13,12,6,825,198,38,37,2,3,13,10,2,4,10,31,6,4,2,0,0,10,11,1,1477,107
wpi6174u597718963b7,P6.png,Left,2,0,57,17,18,11,16,224,24,10,12,826,210,3,38,6,0,11,7,3,3,7,21,7,4,4,0,0,1,9,2,1472,79
wpi6174u597718963b7,P7.png,Right,2,2,36,14,2,0,2,87,16,2,7,383,10,2,8,0,1,10,5,1,0,1,11,3,1,3,0,0,1,3,0,571,40
wpi6174u597718963b7,P8.png,Right,13,10,89,30,17,6,9,167,66,22,59,926,70,6,25,0,3,23,6,7,2,2,25,20,8,21,0,0,3,10,0,1502,130
wpi6174u597718963b7,P9.png,Right,3,10,36,14,5,0,5,103,48,6,15,713,105,4,31,0,2,13,4,2,0,2,14,10,2,3,0,0,2,10,0,1095,64
wpi61732e040001i696,IC1.png,Left,21,8,0,71,16,52,18,12,42,14,66,816,164,5,23,5,5,0,25,7,20,10,7,20,5,27,0,0,2,10,2,1312,140
wpi61732e040001i696,IC10.png,Right,50,7,155,23,63,12,17,32,47,25,68,1332,413,15,54,25,4,47,10,29,6,8,15,11,12,21,0,0,7,23,12,2288,205
wpi61732e040001i696,IC11.png,Right,16,9,49,21,23,14,55,10,0,2,3,727,252,3,7,14,4,15,7,8,2,18,3,0,1,2,0,0,2,4,4,1189,70
wpi61732e040001i696,IC12.png,Right,19,8,51,14,26,14,12,14,13,10,25,502,209,8,21,12,4,20,7,10,5,6,6,5,5,14,0,0,3,10,4,939,99
wpi61732e040001i696,IC2.png,Left,133,40,206,259,107,210,324,77,151,78,131,4945,3818,22,28,31,17,66,102,48,77,69,36,63,28,62,0,0,10,15,13,10427,606
wpi61732e040001i696,IC3.png,Left,27,14,25,129,41,75,21,27,27,15,16,1186,890,2,16,7,6,9,36,6,23,11,11,10,7,9,0,0,1,7,3,2491,139
wpi61732e040001i696,IC4.png,Left,28,7,20,120,1,32,11,39,107,51,64,1450,306,4,28,3,3,10,45,1,16,7,14,40,21,32,0,0,2,17,2,2243,210
wpi61732e040001i696,IC5.png,Left,16,26,5,75,15,26,15,45,25,6,33,939,213,11,36,10,12,3,23,5,12,7,16,12,2,14,0,0,7,16,4,1480,133
wpi61732e040001i696,IC6.png,Left,24,5,4,59,5,77,16,14,36,36,48,864,339,0,5,48,2,1,20,3,27,7,4,17,16,15,0,0,0,2,14,1556,128
wpi61732e040001i696,IC7.png,Right,42,2,100,27,64,23,43,9,2,5,7,870,219,4,24,20,1,36,13,25,9,21,6,1,3,4,0,0,2,12,8,1419,141
wpi61732e040001i696,IC8.png,Right,19,10,26,26,52,37,37,10,0,8,7,843,544,4,8,66,6,12,11,14,10,16,4,0,4,4,0,0,2,3,14,1678,100
wpi61732e040001i696,IC9.png,Right,38,1,37,18,134,17,58,12,6,41,28,962,759,2,8,20,1,20,5,29,8,24,3,3,17,14,0,0,1,4,10,2103,139
wpi61732e040001i696,P1.png,Left,36,143,26,142,16,68,22,82,126,76,100,3156,503,44,70,2,35,11,35,6,19,8,27,34,22,39,0,0,19,29,1,4576,285
wpi61732e040001i696,P10.png,Right,28,34,74,72,74,36,58,34,6,16,18,1289,284,2,24,26,12,21,24,13,11,22,7,2,3,7,0,0,1,10,5,2047,138
wpi61732e040001i696,P11.png,Right,155,16,392,102,404,146,312,603,80,51,80,5009,1081,72,335,46,5,128,35,114,36,109,113,27,17,30,0,0,31,106,18,8729,769
wpi61732e040001i696,P12.png,Right,103,180,254,68,343,110,86,116,38,110,154,4239,1279,96,137,36,49,75,23,81,22,37,36,17,34,58,0,0,34,41,11,7246,518
wpi61732e040001i696,P2.png,Left,60,93,324,603,52,102,146,737,232,48,88,7783,1079,98,502,8,35,72,162,16,30,53,129,54,14,32,0,0,42,156,4,11895,799
wpi61732e040001i696,P3.png,Left,29,74,36,229,14,124,59,97,56,24,92,2401,382,34,88,20,17,11,53,4,31,21,26,19,9,32,0,0,14,33,8,3730,278
wpi61732e040001i696,P4.png,Left,31,56,2,86,32,120,18,30,96,24,84,1739,508,12,22,4,10,1,28,9,28,9,10,22,10,28,0,0,5,10,1,2833,171
wpi61732e040001i696,P5.png,Left,39,96,26,194,24,54,24,76,50,44,30,2512,541,46,102,22,23,9,47,8,22,10,21,17,10,11,0,0,18,32,5,3841,233
wpi61732e040001i696,P6.png,Left,27,107,1,97,30,86,55,86,57,23,57,2032,367,85,113,0,40,1,32,10,27,20,35,22,9,23,0,0,39,42,0,3196,300
wpi61732e040001i696,P7.png,Right,188,36,888,243,668,66,370,523,145,116,294,8282,1039,40,336,88,8,236,50,178,29,131,148,53,47,108,0,0,16,120,38,13134,1162
wpi61732e040001i696,P8.png,Right,55,54,110,138,100,76,160,97,6,8,8,2692,682,22,100,24,14,38,41,33,21,51,22,3,3,4,0,0,9,26,5,4277,270
wpi61732e040001i696,P9.png,Right,62,47,227,70,102,70,52,358,28,44,42,3840,790,40,382,32,17,74,27,33,22,22,86,8,18,15,0,0,18,105,12,6124,457
wpi617464p7929282a2,IC1.png,Left,29,23,6,104,20,42,31,78,158,41,61,1709,326,12,20,30,5,2,25,6,14,7,12,26,10,18,0,0,3,7,4,2661,139
wpi617464p7929282a2,IC10.png,Right,9,15,64,17,18,6,11,84,20,3,15,765,255,6,29,2,4,16,4,4,2,3,14,5,1,4,0,0,2,9,1,1310,69
wpi617464p7929282a2,IC11.png,Right,23,9,17,58,9,79,14,0,0,0,0,724,591,9,2,15,2,5,14,3,15,5,0,0,0,0,0,0,2,1,2,1527,49
wpi617464p7929282a2,IC12.png,Right,17,0,32,35,106,22,31,110,43,38,26,1565,1487,18,6,90,0,10,5,22,5,7,13,9,7,8,0,0,6,2,17,3609,111
wpi617464p7929282a2,IC2.png,Left,7,183,12,69,0,15,19,60,151,120,76,2781,2107,99,52,5,33,3,17,0,4,5,14,30,23,14,0,0,20,14,2,5749,179
wpi617464p7929282a2,IC3.png,Left,16,99,19,49,8,20,2,56,133,84,38,1625,736,20,19,10,10,4,11,3,5,1,9,25,17,14,0,0,5,6,4,2918,114
wpi617464p7929282a2,IC4.png,Left,14,9,9,47,11,26,3,21,15,46,29,815,942,11,26,25,3,3,11,2,9,1,5,4,7,8,0,0,3,6,6,2035,68
wpi617464p7929282a2,IC5.png,Left,37,31,39,165,15,167,40,54,55,24,90,1826,759,20,51,30,8,7,31,5,29,13,15,14,5,24,0,0,6,14,8,3366,179
wpi617464p7929282a2,IC6.png,Left,36,0,58,98,39,101,109,164,67,92,50,1739,1401,6,20,29,0,16,18,13,23,25,19,14,14,12,0,0,2,6,8,3973,170
wpi617464p7929282a2,IC7.png,Right,18,37,3,44,8,61,17,0,0,0,0,765,1367,3,2,9,5,1,9,3,13,4,0,0,0,0,0,0,1,1,3,2316,40
wpi617464p7929282a2,IC8.png,Right,38,6,82,12,254,56,49,24,26,109,83,2734,3960,0,6,200,1,21,3,44,13,15,6,9,20,22,0,0,0,2,38,7601,194
wpi617464p7929282a2,IC9.png,Right,32,3,157,35,129,31,26,18,53,56,75,1995,1419,0,22,113,1,34,7,31,10,9,5,17,16,21,0,0,0,7,24,4132,182
wpi617464p7929282a2,P1.png,Left,5,11,0,20,0,31,6,28,36,35,18,521,500,3,8,2,4,0,4,0,6,2,7,7,7,5,0,0,1,3,1,1219,47
wpi617464p7929282a2,P10.png,Right,36,15,171,51,79,44,32,271,78,43,94,1800,214,29,76,13,4,37,11,22,10,9,31,16,12,23,0,0,10,22,4,3010,211
wpi617464p7929282a2,P11.png,Right,23,21,37,80,66,24,43,8,8,0,12,916,319,2,19,61,5,10,10,12,6,10,2,3,0,4,0,0,1,6,7,1616,76
wpi617464p7929282a2,P12.png,Right,31,103,101,89,52,33,48,145,24,12,35,2471,990,69,79,21,22,23,18,13,9,14,31,6,2,9,0,0,17,21,5,4272,190
wpi617464p7929282a2,P2.png,Left,18,0,25,30,39,70,34,4,5,25,9,1243,5046,0,0,75,0,8,8,10,17,8,2,2,5,3,0,0,0,0,13,6605,76
wpi617464p7929282a2,P3.png,Left,0,0,0,0,5,0,0,0,0,0,0,91,1152,0,0,0,0,0,0,1,0,0,0,0,0,0,0,0,0,0,0,1248,1
wpi617464p7929282a2,P4.png,Left,7,17,22,14,12,7,3,21,17,5,24,594,736,8,8,17,4,4,4,4,3,1,6,5,2,6,0,0,3,2,2,1505,46
wpi617464p7929282a2,P5.png,Left,19,32,11,103,9,53,26,87,70,37,51,1462,171,14,57,15,11,4,24,2,10,6,14,12,5,12,0,0,6,18,2,2198,126
wpi617464p7929282a2,P6.png,Left,21,18,13,153,3,66,36,55,89,21,66,1512,739,26,41,3,6,5,26,1,15,10,10,14,5,18,0,0,5,11,1,2841,127
wpi617464p7929282a2,P7.png,Right,12,0,22,3,101,30,42,0,13,41,27,1289,2553,0,0,131,0,6,1,21,5,12,0,4,13,6,0,0,0,0,16,4252,84
wpi617464p7929282a2,P8.png,Right,17,62,44,48,58,41,45,21,3,0,9,1043,181,29,22,6,12,13,8,12,5,9,5,1,0,2,0,0,7,7,2,1612,83
wpi617464p7929282a2,P9.png,Right,28,139,98,65,39,25,17,120,29,6,18,1473,701,62,46,3,29,23,12,12,7,6,29,6,2,4,0,0,16,14,1,2841,161
wpi6p174y6391119900,CC1.png,Left,2,24,14,17,1,0,2,61,4,0,6,404,79,4,13,0,12,9,15,1,0,2,20,2,0,5,0,0,4,7,0,629,77
wpi6p174y6391119900,CC10.png,Right,22,12,35,55,6,18,14,18,7,4,7,575,147,3,14,0,8,17,17,6,9,13,9,6,2,6,0,0,3,8,0,915,104
wpi6p174y6391119900,CC11.png,Right,1,37,27,10,1,0,0,29,0,1,4,488,177,5,24,1,15,14,5,1,0,0,10,0,1,4,0,0,4,17,1,804,72
wpi6p174y6391119900,CC12.png,Right,0,21,1,1,0,0,1,22,2,1,0,184,513,7,2,0,6,1,1,0,0,1,10,2,1,0,0,0,5,2,0,755,29
wpi6p174y6391119900,CC2.png,Left,20,0,16,29,17,22,11,7,15,13,3,369,99,0,5,5,0,8,18,10,12,9,5,8,5,2,0,0,0,4,3,611,84
wpi6p174y6391119900,CC3.png,Left,17,1,1,40,3,24,4,3,32,26,25,365,42,0,2,3,1,1,19,2,16,4,2,14,9,16,0,0,0,1,2,571,87
wpi6p174y6391119900,CC4.png,Left,23,6,32,21,14,13,14,30,7,3,12,418,89,7,10,3,5,17,11,9,9,10,19,5,1,7,0,0,4,8,3,679,108
wpi6p174y6391119900,CC5.png,Left,4,30,6,7,2,2,4,10,19,0,2,562,195,12,14,1,13,2,7,2,2,4,7,7,0,2,0,0,8,8,1,866,63
wpi6p174y6391119900,CC6.png,Left,4,4,7,11,0,3,2,2,22,7,17,177,136,2,9,0,3,2,6,0,3,2,2,7,3,9,0,0,2,5,0,399,44
wpi6p174y6391119900,CC7.png,Right,7,19,30,3,4,0,0,30,19,21,32,377,175,6,19,0,10,17,2,4,0,0,18,9,6,16,0,0,5,13,0,735,100
wpi6p174y6391119900,CC8.png,Right,0,6,2,0,0,0,0,5,5,1,0,92,283,1,2,0,5,1,0,0,0,0,3,2,1,0,0,0,1,1,0,397,14
wpi6p174y6391119900,CC9.png,Right,17,9,14,29,10,11,13,2,2,4,2,320,216,3,2,5,4,6,10,7,8,9,2,2,3,2,0,0,1,2,3,642,59
wpi6p174y6391119900,P1.png,Left,8,3,10,14,6,3,5,35,5,1,10,237,126,11,4,0,3,9,9,4,2,3,17,3,1,5,0,0,9,3,0,470,68
wpi6p174y6391119900,P10.png,Right,6,15,16,11,5,0,2,14,3,2,9,346,107,22,8,0,8,10,8,4,0,2,9,2,2,9,0,0,11,7,0,560,72
wpi6p174y6391119900,P11.png,Right,2,19,9,4,1,0,2,22,0,6,2,232,193,11,8,0,10,5,4,1,0,2,11,0,1,2,0,0,6,8,0,509,50
wpi6p174y6391119900,P12.png,Right,6,18,8,10,2,2,4,30,6,1,4,258,363,13,10,1,5,5,4,2,2,3,15,4,1,2,0,0,10,7,1,730,61
wpi6p174y6391119900,P2.png,Left,6,13,4,31,0,5,9,21,54,9,26,598,221,5,24,0,6,3,18,0,4,7,15,25,6,18,0,0,4,15,0,1020,121
wpi6p174y6391119900,P3.png,Left,4,28,0,7,4,2,1,35,6,0,3,306,161,11,22,0,11,0,4,3,1,1,9,4,0,3,0,0,8,11,0,586,55
wpi6p174y6391119900,P4.png,Left,8,76,6,31,3,3,0,73,84,2,25,1241,806,55,50,1,40,5,18,1,3,0,41,25,2,12,0,0,30,36,1,2456,214
wpi6p174y6391119900,P5.png,Left,6,4,7,7,3,4,6,40,4,2,2,243,184,5,10,0,3,5,5,2,4,5,11,3,1,2,0,0,5,6,0,521,52
wpi6p174y6391119900,P6.png,Left,9,3,10,0,5,4,2,17,1,1,1,112,85,7,3,0,2,7,0,3,2,2,9,1,1,1,0,0,5,3,0,251,36
wpi6p174y6391119900,P7.png,Right,2,23,4,2,1,0,0,26,2,1,1,212,126,12,16,0,11,3,2,1,0,0,12,2,1,1,0,0,4,9,0,426,46
wpi6p174y6391119900,P8.png,Right,5,4,12,1,3,2,1,30,24,5,7,248,280,7,4,2,2,7,1,2,1,1,14,14,5,6,0,0,6,4,1,630,64
wpi6p174y6391119900,P9.png,Right,28,58,104,66,17,40,45,68,28,16,21,1370,270,39,45,4,30,56,33,13,15,30,36,17,8,14,0,0,25,31,3,2191,311
wpi61o72998d8194381,CC1.png,Left,0,0,0,0,0,0,0,0,0,0,0,0,1822,0,0,0,0,0,0,0,0,0,0,0,0,0,0,0,0,0,0,1822,0
wpi61o72998d8194381,CC10.png,Right,0,0,0,0,0,0,0,0,0,0,0,0,1295,0,0,0,0,0,0,0,0,0,0,0,0,0,0,0,0,0,0,1295,0
wpi61o72998d8194381,CC11.png,Right,0,0,0,0,0,0,0,0,0,0,0,0,541,0,0,0,0,0,0,0,0,0,0,0,0,0,0,0,0,0,0,541,0
wpi61o72998d8194381,CC12.png,Right,0,0,0,0,0,0,0,0,0,0,0,0,611,0,0,0,0,0,0,0,0,0,0,0,0,0,0,0,0,0,0,611,0
wpi61o72998d8194381,CC2.png,Left,0,0,0,0,0,0,0,0,0,0,0,0,590,0,0,0,0,0,0,0,0,0,0,0,0,0,0,0,0,0,0,590,0
wpi61o72998d8194381,CC3.png,Left,0,0,0,0,0,0,0,0,0,0,0,0,572,0,0,0,0,0,0,0,0,0,0,0,0,0,0,0,0,0,0,572,0
wpi61o72998d8194381,CC4.png,Left,0,0,0,0,0,0,0,0,0,0,0,0,615,0,0,0,0,0,0,0,0,0,0,0,0,0,0,0,0,0,0,615,0
wpi61o72998d8194381,CC5.png,Left,0,0,0,0,0,0,0,0,0,0,0,0,752,0,0,0,0,0,0,0,0,0,0,0,0,0,0,0,0,0,0,752,0
wpi61o72998d8194381,CC6.png,Left,0,0,0,0,0,0,0,0,0,0,0,0,856,0,0,0,0,0,0,0,0,0,0,0,0,0,0,0,0,0,0,856,0
wpi61o72998d8194381,CC7.png,Right,0,0,0,0,0,0,0,0,0,0,0,0,650,0,0,0,0,0,0,0,0,0,0,0,0,0,0,0,0,0,0,650,0
wpi61o72998d8194381,CC8.png,Right,0,0,0,0,0,0,0,0,0,0,0,0,1399,0,0,0,0,0,0,0,0,0,0,0,0,0,0,0,0,0,0,1399,0
wpi61o72998d8194381,CC9.png,Right,0,0,0,0,0,0,0,0,0,0,0,0,1040,0,0,0,0,0,0,0,0,0,0,0,0,0,0,0,0,0,0,1040,0
wpi61o72998d8194381,P1.png,Left,4,6,4,28,0,8,2,20,30,2,12,445,52,7,24,2,3,1,10,0,2,1,7,9,1,6,0,0,4,9,1,642,54
wpi61o72998d8194381,P10.png,Right,39,10,84,74,52,14,38,32,12,2,24,711,0,0,30,2,4,30,16,17,4,17,13,5,1,10,0,0,0,11,1,1085,129
wpi61o72998d8194381,P11.png,Right,17,2,22,30,8,46,12,132,2,4,2,662,194,40,48,0,1,7,9,3,12,5,22,1,1,1,0,0,14,16,0,1204,92
wpi61o72998d8194381,P12.png,Right,20,10,32,56,10,82,18,44,2,0,4,746,120,24,16,0,4,7,9,5,7,8,11,1,0,2,0,0,9,6,0,1164,69
wpi61o72998d8194381,P2.png,Left,8,4,2,20,8,12,2,63,40,32,26,648,364,6,22,10,2,1,8,4,3,1,9,9,10,9,0,0,3,7,5,1259,71
wpi61o72998d8194381,P3.png,Left,34,12,24,104,28,64,32,42,42,12,30,832,132,8,14,4,5,8,28,9,19,13,15,9,6,11,0,0,2,7,2,1380,134
wpi61o72998d8194381,P4.png,Left,12,0,14,56,4,20,26,150,32,18,22,536,98,6,20,0,0,4,18,1,6,10,14,9,7,9,0,0,3,7,0,1002,88
wpi61o72998d8194381,P5.png,Left,8,12,0,121,0,14,4,24,36,4,50,752,48,12,30,0,4,0,20,0,6,2,9,10,2,15,0,0,5,11,0,1107,84
wpi61o72998d8194381,P6.png,Left,24,2,16,134,6,24,34,138,18,18,30,660,6,16,47,0,1,8,37,3,10,13,25,7,7,10,0,0,7,18,0,1149,146
wpi61o72998d8194381,P7.png,Right,13,2,83,2,16,0,4,137,22,22,33,614,30,30,44,0,1,21,1,7,0,2,30,7,4,12,0,0,13,11,0,1039,109
wpi61o72998d8194381,P8.png,Right,10,8,38,16,14,6,12,30,14,4,6,489,40,6,16,0,3,9,6,4,3,6,10,5,2,2,0,0,3,7,0,699,60
wpi61o72998d8194381,P9.png,Right,18,10,62,36,24,66,68,106,6,4,8,865,82,14,40,4,5,20,11,10,15,22,23,3,2,3,0,0,4,14,2,1395,134
wpi61741191f85p4268,CC1.png,Left,4,17,11,66,4,2,41,58,23,8,17,742,42,12,37,0,5,4,15,2,1,9,12,7,2,5,0,0,5,12,0,1080,79
wpi61741191f85p4268,CC10.png,Right,24,18,123,37,59,45,67,60,63,16,40,1194,329,26,34,2,6,31,11,19,11,17,15,14,7,10,0,0,10,12,1,2113,164
wpi61741191f85p4268,CC11.png,Right,30,35,157,76,29,32,69,53,21,2,17,1414,46,9,57,0,9,34,19,9,10,17,14,8,1,7,0,0,4,16,0,2017,148
wpi61741191f85p4268,CC12.png,Right,12,30,72,28,14,6,8,91,29,12,16,598,182,4,38,0,9,16,7,4,3,3,18,9,4,5,0,0,2,13,0,1128,93
wpi61741191f85p4268,CC2.png,Left,9,26,2,66,4,8,20,77,28,4,36,583,113,24,23,0,9,1,19,2,3,4,12,6,2,8,0,0,8,8,0,1014,82
wpi61741191f85p4268,CC3.png,Left,29,54,22,99,18,60,44,83,60,25,31,1348,1169,16,50,8,11,7,27,6,16,13,14,15,7,11,0,0,6,13,3,3087,149
wpi61741191f85p4268,CC4.png,Left,10,20,21,60,2,16,2,45,45,26,26,776,30,16,28,0,5,5,13,1,5,1,4,11,5,11,0,0,4,8,0,1113,73
wpi61741191f85p4268,CC5.png,Left,16,20,19,170,7,18,29,80,56,8,20,1133,41,32,61,0,6,5,33,2,6,8,17,11,3,5,0,0,8,14,0,1694,118
wpi61741191f85p4268,CC6.png,Left,15,14,51,75,42,79,34,39,63,55,53,1217,41,6,29,23,4,9,15,7,16,9,8,14,12,16,0,0,2,9,5,1821,126
wpi61741191f85p4268,CC7.png,Right,12,82,61,49,27,4,14,84,9,8,5,1301,735,36,31,0,12,17,14,7,2,6,16,4,1,2,0,0,12,11,0,2446,104
wpi61741191f85p4268,CC8.png,Right,6,8,30,18,2,8,12,106,10,10,26,538,73,24,39,0,4,10,4,1,2,4,17,2,3,6,0,0,6,8,0,904,67
wpi61741191f85p4268,CC9.png,Right,8,25,13,20,12,4,8,73,11,20,4,619,485,17,22,2,10,6,6,5,2,2,13,3,2,2,0,0,7,7,1,1335,66
wpi61741191f85p4268,P1.png,Left,30,9,49,151,35,55,48,116,59,35,56,1299,534,18,46,9,4,11,28,9,14,13,19,11,8,11,0,0,4,12,3,2519,147
wpi61741191f85p4268,P10.png,Right,26,22,67,54,40,50,66,12,33,5,53,1022,1105,4,24,6,4,15,9,10,9,11,4,5,2,9,0,0,2,7,2,2563,89
wpi61741191f85p4268,P11.png,Right,18,22,93,51,16,14,42,125,50,14,24,1040,78,18,39,0,7,22,12,5,6,13,16,13,6,10,0,0,5,15,0,1626,130
wpi61741191f85p4268,P12.png,Right,8,0,56,37,2,25,49,77,40,2,21,722,62,6,22,0,0,12,11,1,6,12,8,6,1,7,0,0,2,6,0,1121,72
wpi61741191f85p4268,P2.png,Left,3,6,32,12,23,22,14,244,22,10,4,1012,210,28,47,10,2,8,5,6,6,5,26,8,3,2,0,0,8,13,2,1696,94
wpi61741191f85p4268,P3.png,Left,38,36,116,223,42,73,76,453,67,19,47,2436,994,86,171,5,13,33,48,11,18,24,73,17,6,17,0,0,23,39,2,4844,324
wpi61741191f85p4268,P4.png,Left,76,17,106,234,96,95,150,210,80,51,60,2267,755,31,61,21,6,30,57,25,35,46,36,23,9,21,0,0,13,17,3,4234,321
wpi61741191f85p4268,P5.png,Left,6,18,51,36,2,10,32,143,57,18,16,632,34,27,41,0,7,10,11,1,3,10,19,13,6,5,0,0,9,12,0,1117,106
wpi61741191f85p4268,P6.png,Left,46,29,148,239,72,89,142,345,69,11,48,2842,382,34,107,14,6,34,47,20,25,37,45,17,4,13,0,0,9,23,5,4571,285
wpi61741191f85p4268,P7.png,Right,10,25,16,19,18,6,8,119,20,4,10,730,923,28,28,0,10,7,4,4,3,4,25,7,1,4,0,0,10,11,0,1954,90
wpi61741191f85p4268,P8.png,Right,19,9,43,53,20,28,31,57,25,33,33,1016,221,9,17,12,3,10,10,5,8,9,7,4,5,9,0,0,3,5,3,1607,81
wpi61741191f85p4268,P9.png,Right,22,57,73,31,19,46,18,133,44,14,12,1658,535,21,34,20,12,20,11,7,11,6,23,10,5,3,0,0,8,13,6,2715,135
wpi6172995d42826h37,CC1.png,Left,15,26,22,42,0,22,4,106,12,18,16,626,297,18,44,0,11,9,16,0,9,2,21,6,5,8,0,0,7,15,0,1253,109
wpi6172995d42826h37,CC10.png,Right,23,4,89,18,32,8,17,152,36,26,40,814,36,14,58,0,2,30,7,14,3,8,36,18,12,19,0,0,6,22,0,1344,177
wpi6172995d42826h37,CC11.png,Right,22,22,89,16,30,6,28,108,48,34,46,888,58,24,54,4,10,29,7,12,3,12,30,18,12,20,0,0,11,22,2,1455,188
wpi6172995d42826h37,CC12.png,Right,12,24,76,14,18,0,12,220,66,14,40,1059,234,28,56,0,9,30,6,7,0,6,52,28,6,16,0,0,12,24,0,1861,196
wpi6172995d42826h37,CC2.png,Left,50,38,76,237,32,52,50,323,72,38,52,2168,326,46,100,2,17,31,85,13,22,23,72,26,15,23,0,0,20,43,1,3612,391
wpi6172995d42826h37,CC3.png,Left,11,90,18,76,2,14,26,180,118,36,44,1871,1145,65,76,6,28,7,28,1,6,9,42,30,13,14,0,0,22,31,3,3767,234
wpi6172995d42826h37,CC4.png,Left,6,20,9,58,0,6,6,83,22,0,12,470,232,20,24,0,8,4,19,0,3,2,24,8,0,4,0,0,9,11,0,962,92
wpi6172995d42826h37,CC5.png,Left,21,14,50,66,20,18,40,114,38,2,28,737,131,24,24,4,5,19,26,6,8,18,30,13,1,13,0,0,10,9,2,1310,160
wpi6172995d42826h37,CC6.png,Left,33,20,54,78,21,54,57,122,22,10,26,886,190,20,64,10,9,20,26,10,15,22,35,11,5,10,0,0,9,24,5,1634,201
wpi6172995d42826h37,CC7.png,Right,24,20,112,22,40,0,30,94,60,18,46,919,70,16,56,6,7,35,11,16,0,13,29,21,9,21,0,0,8,23,1,1509,194
wpi6172995d42826h37,CC8.png,Right,41,50,252,52,68,16,62,486,158,76,118,3044,845,66,120,6,21,77,19,26,6,25,119,60,27,50,0,0,25,54,3,5419,512
wpi6172995d42826h37,CC9.png,Right,33,122,136,30,60,8,32,384,168,74,108,2380,758,52,66,20,23,44,8,19,3,13,79,49,25,40,0,0,22,27,5,4398,357
wpi6172995d42826h37,P1.png,Left,32,0,48,82,24,42,48,40,14,4,8,595,30,2,12,4,0,14,28,7,14,22,15,7,2,4,0,0,1,6,2,953,122
wpi6172995d42826h37,P10.png,Right,13,0,18,6,20,12,6,38,20,44,28,505,225,8,6,8,0,8,3,7,4,2,7,10,14,13,0,0,2,3,3,944,76
wpi6172995d42826h37,P11.png,Right,22,10,110,14,34,2,16,124,81,40,52,1067,264,6,46,2,4,40,7,15,1,7,34,31,13,24,0,0,2,18,1,1868,197
wpi6172995d42826h37,P12.png,Right,45,16,213,28,58,12,42,149,132,130,120,2055,303,20,42,14,5,69,12,26,6,18,40,48,36,48,0,0,9,16,7,3334,340
wpi6172995d42826h37,P2.png,Left,191,72,334,510,182,330,299,614,121,100,166,5972,644,88,240,54,26,98,161,61,89,101,131,42,29,64,0,0,39,92,16,9726,949
wpi6172995d42826h37,P3.png,Left,118,24,148,279,74,140,104,166,54,50,92,2474,438,34,54,16,11,51,101,29,50,46,55,22,17,38,0,0,16,25,8,4147,469
wpi6172995d42826h37,P4.png,Left,62,8,92,160,80,90,126,209,26,22,40,1708,920,16,40,8,4,25,43,22,29,40,39,10,9,15,0,0,8,16,2,3545,262
wpi6172995d42826h37,P5.png,Left,49,4,92,126,38,54,71,40,34,20,38,1079,116,0,20,16,2,26,43,17,19,26,16,13,9,17,0,0,0,10,6,1748,204
wpi6172995d42826h37,P6.png,Left,37,4,30,129,12,46,60,50,22,8,20,873,60,10,22,2,2,14,36,4,18,23,15,8,3,10,0,0,4,10,1,1348,148
wpi6172995d42826h37,P7.png,Right,58,14,122,22,108,33,50,232,182,84,72,1819,360,20,48,20,6,50,9,38,12,20,55,54,33,32,0,0,10,20,9,3186,348
wpi6172995d42826h37,P8.png,Right,42,10,70,28,52,16,48,56,30,86,36,1153,444,12,36,26,5,30,12,23,7,23,19,14,28,14,0,0,6,15,11,2103,207
wpi6172995d42826h37,P9.png,Right,76,20,304,64,90,26,76,212,172,78,111,2451,567,16,64,4,9,90,28,38,13,36,58,61,29,53,0,0,8,30,2,4255,455
wpi61v7c41059919525,CC1.png,Left,18,21,35,76,8,14,32,157,24,11,15,847,166,30,34,0,8,11,24,3,6,9,27,8,4,5,0,0,13,13,0,1470,131
wpi61v7c41059919525,CC10.png,Right,13,7,55,43,27,19,38,9,10,4,8,378,58,2,15,10,2,14,8,7,7,12,5,4,2,4,0,0,1,5,3,683,74
wpi61v7c41059919525,CC11.png,Right,21,2,46,21,38,38,24,66,7,7,24,583,102,12,2,2,1,13,4,13,6,8,17,4,3,7,0,0,6,1,1,974,84
wpi61v7c41059919525,CC12.png,Right,7,8,44,15,9,0,12,111,30,12,21,597,99,18,41,0,3,13,6,4,0,3,16,10,3,9,0,0,8,15,0,1017,90
wpi61v7c41059919525,CC2.png,Left,36,46,119,145,22,45,87,185,30,29,51,1826,971,26,41,10,17,28,40,9,18,23,35,11,8,21,0,0,10,17,3,3633,240
wpi61v7c41059919525,CC3.png,Left,8,43,19,62,4,4,16,125,18,0,14,547,191,22,46,0,14,8,17,2,2,6,26,4,0,6,0,0,10,20,0,1111,115
wpi61v7c41059919525,CC4.png,Left,8,10,16,22,20,22,24,21,8,0,2,288,205,4,7,0,5,7,9,4,4,8,7,2,0,1,0,0,1,3,0,649,51
wpi61v7c41059919525,CC5.png,Left,18,18,37,46,32,16,14,85,23,20,25,747,164,25,54,2,4,13,17,6,6,5,22,8,7,10,0,0,9,14,1,1308,122
wpi61v7c41059919525,CC6.png,Left,10,2,59,68,16,16,47,26,18,2,7,553,58,2,18,0,2,17,20,4,8,17,6,4,1,4,0,0,1,6,0,892,90
wpi61v7c41059919525,CC7.png,Right,15,4,85,42,27,2,22,15,10,4,12,458,124,4,10,4,2,16,7,10,1,8,5,3,2,5,0,0,2,3,1,823,65
wpi61v7c41059919525,CC8.png,Right,14,16,70,30,28,24,38,109,80,14,24,942,114,12,42,2,6,23,7,8,6,12,20,18,5,8,0,0,6,14,1,1545,134
wpi61v7c41059919525,CC9.png,Right,26,34,111,61,26,71,48,93,35,16,16,1306,429,39,26,0,8,27,12,12,14,15,23,11,6,8,0,0,11,11,0,2311,158
wpi61v7c41059919525,P1.png,Left,11,6,16,22,12,12,19,15,12,38,24,345,103,24,6,6,2,6,10,4,6,7,4,4,8,6,0,0,7,3,1,660,68
wpi61v7c41059919525,P10.png,Right,16,12,18,20,57,32,30,22,8,22,18,557,45,34,17,2,4,8,5,16,5,9,8,4,7,7,0,0,10,7,1,894,91
wpi61v7c41059919525,P11.png,Right,26,4,84,42,66,13,20,31,12,22,34,658,218,2,6,8,2,20,10,17,4,7,7,6,7,12,0,0,1,3,3,1220,99
wpi61v7c41059919525,P12.png,Right,12,8,89,21,14,6,27,43,28,16,17,551,128,3,4,0,4,16,5,5,2,7,8,6,4,7,0,0,1,1,0,955,66
wpi61v7c41059919525,P2.png,Left,14,37,16,97,20,27,32,54,35,42,44,1000,160,14,28,0,6,6,19,7,9,12,14,13,11,14,0,0,5,12,0,1606,128
wpi61v7c41059919525,P3.png,Left,25,8,17,52,32,81,28,16,18,126,26,1046,327,5,12,19,4,3,18,12,25,13,6,10,23,11,0,0,2,4,7,1813,138
wpi61v7c41059919525,P4.png,Left,12,6,25,19,23,22,16,6,2,29,24,434,92,2,5,2,1,4,9,5,4,6,3,1,7,7,0,0,1,2,1,707,51
wpi61v7c41059919525,P5.png,Left,23,20,22,44,31,22,18,8,8,10,24,390,140,2,2,2,7,9,10,9,9,7,4,4,4,6,0,0,1,1,1,743,72
wpi61v7c41059919525,P6.png,Left,10,10,14,123,6,12,18,19,23,4,4,556,247,6,18,4,5,3,18,3,5,5,8,3,2,2,0,0,3,6,1,1064,64
wpi61v7c41059919525,P7.png,Right,31,12,75,40,34,30,17,61,112,42,34,945,481,13,13,4,5,20,9,12,8,8,18,26,15,12,0,0,5,7,1,1913,146
wpi61v7c41059919525,P8.png,Right,9,20,28,16,21,3,4,28,22,12,16,494,352,12,26,0,6,9,6,7,1,1,6,7,4,6,0,0,4,9,0,1054,66
wpi61v7c41059919525,P9.png,Right,39,17,156,27,56,16,22,31,38,34,38,896,165,10,32,6,5,35,8,19,6,6,8,10,11,16,0,0,5,8,3,1544,140
wpi61731u428574p274,IC1.png,Left,23,0,108,26,32,20,14,89,26,6,14,1087,431,6,10,24,0,17,7,9,7,5,11,4,2,2,0,0,3,3,7,1893,77
wpi61731u428574p274,IC10.png,Right,3,2,20,0,16,6,8,12,4,0,10,435,237,18,20,14,1,6,0,4,3,4,4,2,0,4,0,0,4,7,5,802,44
wpi61731u428574p274,IC11.png,Right,11,4,28,0,26,11,4,11,18,30,29,546,204,12,30,5,2,11,0,9,4,2,4,5,3,7,0,0,4,9,2,958,62
wpi61731u428574p274,IC12.png,Right,7,0,61,26,14,0,14,181,23,0,18,606,288,9,15,0,0,14,2,5,0,4,10,7,0,5,0,0,3,6,0,1255,56
wpi61731u428574p274,IC2.png,Left,28,20,26,52,61,54,41,4,28,38,27,1005,576,9,12,22,8,11,18,17,19,17,2,12,9,12,0,0,3,4,7,1975,139
wpi61731u428574p274,IC3.png,Left,14,12,79,56,13,2,12,311,44,4,8,1328,576,28,51,12,6,19,15,6,1,5,42,9,2,4,0,0,11,19,3,2536,142
wpi61731u428574p274,IC4.png,Left,18,8,51,34,26,8,24,98,0,0,4,508,69,12,20,2,3,14,12,6,4,11,22,0,0,2,0,0,5,10,1,864,90
wpi61731u428574p274,IC5.png,Left,14,0,41,35,14,17,4,68,12,2,20,428,240,7,4,0,0,8,6,5,4,2,6,2,1,5,0,0,3,2,0,892,44
wpi61731u428574p274,IC6.png,Left,25,14,18,58,45,77,51,22,14,6,16,985,257,12,22,32,5,7,21,12,17,17,9,4,3,7,0,0,6,9,8,1629,125
wpi61731u428574p274,IC7.png,Right,6,9,12,2,10,2,6,20,0,16,30,239,227,4,0,10,3,6,1,3,1,3,6,0,5,7,0,0,2,0,3,587,40
wpi61731u428574p274,IC8.png,Right,10,2,36,8,32,11,4,8,8,6,14,489,1028,12,8,38,1,9,4,11,3,2,4,4,2,6,0,0,5,4,10,1704,65
wpi61731u428574p274,IC9.png,Right,16,10,57,10,60,27,12,16,16,24,37,1188,737,6,18,80,3,16,5,19,9,6,7,7,7,14,0,0,2,8,13,2298,116
wpi61731u428574p274,P1.png,Left,8,6,109,21,10,0,4,164,0,0,0,1122,705,12,24,2,2,21,6,4,0,2,29,0,0,0,0,0,5,9,1,2179,79
wpi61731u428574p274,P10.png,Right,10,31,30,17,2,12,18,18,12,16,20,470,307,39,28,0,9,12,8,1,5,8,7,5,5,7,0,0,8,10,0,1020,85
wpi61731u428574p274,P11.png,Right,14,12,36,14,14,22,6,40,2,18,10,532,506,26,37,6,4,9,4,7,6,3,14,1,4,4,0,0,9,14,2,1281,81
wpi61731u428574p274,P12.png,Right,36,8,75,28,63,45,30,15,10,16,48,616,503,2,8,8,3,25,10,22,14,14,5,5,6,15,0,0,1,4,3,1475,127
wpi61731u428574p274,P2.png,Left,19,6,68,58,30,14,18,155,6,10,28,1057,432,2,38,2,3,17,17,9,6,9,25,3,3,12,0,0,1,11,1,1924,117
wpi61731u428574p274,P3.png,Left,44,40,45,102,46,32,63,137,4,6,5,941,569,26,61,4,15,19,27,17,13,22,32,2,3,2,0,0,9,23,2,2081,186
wpi61731u428574p274,P4.png,Left,2,11,24,28,0,4,17,63,4,0,0,402,146,22,28,2,4,7,9,0,1,5,12,1,0,0,0,0,9,10,1,751,59
wpi61731u428574p274,P5.png,Left,5,12,20,21,4,2,10,38,14,10,12,344,328,24,22,0,5,6,8,2,1,4,13,2,4,5,0,0,6,8,0,861,64
wpi61731u428574p274,P6.png,Left,10,24,40,53,12,14,14,116,34,8,10,840,644,28,47,2,9,10,18,3,4,6,28,13,4,5,0,0,13,18,1,1886,132
wpi61731u428574p274,P7.png,Right,7,8,33,15,8,8,6,148,89,26,22,1020,249,19,43,0,4,13,5,3,2,2,26,19,9,11,0,0,5,15,0,1694,114
wpi61731u428574p274,P8.png,Right,24,37,97,44,40,21,58,137,136,163,132,1680,83,52,48,6,12,31,11,12,6,17,28,41,36,46,0,0,19,18,2,2734,279
wpi61731u428574p274,P9.png,Right,23,8,69,37,20,37,34,119,34,20,29,1123,887,18,48,14,3,21,14,8,13,11,30,11,5,13,0,0,9,23,3,2497,164
wpi617z337n71914500,IC1.png,Left,30,20,42,40,31,50,42,110,17,13,18,1120,930,10,18,22,6,14,12,12,19,16,21,5,5,9,0,0,3,6,7,2483,135
wpi617z337n71914500,IC10.png,Right,20,14,23,15,38,38,18,56,27,15,19,819,719,4,12,41,4,10,7,14,11,9,15,8,6,6,0,0,2,6,12,1858,110
wpi617z337n71914500,IC11.png,Right,4,35,36,8,2,2,12,318,24,4,10,1332,2241,73,54,0,13,15,4,1,1,4,51,11,2,5,0,0,27,21,0,4151,155
wpi617z337n71914500,IC12.png,Right,32,15,12,55,25,69,22,22,2,4,2,979,3012,15,11,13,5,5,19,8,19,6,8,1,2,1,0,0,6,4,4,4258,88
wpi617z337n71914500,IC2.png,Left,27,34,13,82,16,55,28,35,84,79,62,1705,2293,22,42,24,11,4,25,6,17,10,12,31,26,23,0,0,8,16,11,4574,200
wpi617z337n71914500,IC3.png,Left,3,6,0,7,14,14,4,4,21,39,13,682,2173,2,10,14,1,0,2,4,6,2,2,9,11,5,0,0,1,2,4,3003,49
wpi617z337n71914500,IC4.png,Left,29,14,75,68,64,31,42,136,10,9,26,1261,1294,33,33,8,6,23,16,18,10,18,33,4,4,8,0,0,11,12,4,3104,167
wpi617z337n71914500,IC5.png,Left,10,2,6,8,27,24,8,8,24,61,25,772,2100,2,4,10,1,3,3,9,7,4,4,9,17,7,0,0,1,1,4,3081,70
wpi617z337n71914500,IC6.png,Left,3,0,10,9,13,11,11,10,19,41,10,673,3173,0,2,12,0,5,4,4,4,4,5,8,9,5,0,0,0,1,5,3994,54
wpi617z337n71914500,IC7.png,Right,23,30,58,22,34,46,28,107,49,12,34,1287,1239,18,43,10,10,16,8,11,10,11,23,13,5,12,0,0,9,15,5,3017,148
wpi617z337n71914500,IC8.png,Right,32,34,104,53,38,21,26,246,51,24,36,1670,2347,42,41,24,14,31,17,15,7,12,53,20,11,12,0,0,14,17,8,4757,231
wpi617z337n71914500,IC9.png,Right,40,37,57,58,50,51,55,38,15,24,24,1699,4145,2,22,23,12,20,18,20,18,22,14,6,11,6,0,0,1,9,8,6300,165
wpi617z337n71914500,P1.png,Left,11,15,15,58,5,8,23,67,36,32,17,1079,1695,2,16,6,4,6,19,2,4,7,17,11,10,6,0,0,1,7,2,3074,96
wpi617z337n71914500,P10.png,Right,31,22,73,55,31,22,40,201,102,34,59,1326,418,44,63,2,9,29,15,14,7,16,48,30,14,23,0,0,15,28,1,2492,249
wpi617z337n71914500,P11.png,Right,36,56,145,63,17,38,45,127,97,37,62,1756,1012,36,58,0,19,50,26,7,15,15,35,30,14,25,0,0,14,26,0,3549,276
wpi617z337n71914500,P12.png,Right,30,78,131,61,44,35,38,328,87,34,80,2132,1257,84,75,12,25,40,22,17,9,13,66,27,10,25,0,0,30,28,3,4476,315
wpi617z337n71914500,P2.png,Left,30,56,42,113,10,49,30,139,70,46,34,1878,3183,70,54,15,18,13,34,3,18,10,36,21,11,14,0,0,21,17,6,5789,222
wpi617z337n71914500,P3.png,Left,33,26,52,64,20,26,24,249,18,6,18,1308,1305,29,51,13,10,20,26,9,9,12,61,8,3,9,0,0,13,24,3,3209,207
wpi617z337n71914500,P4.png,Left,5,13,16,20,0,6,8,18,51,36,11,727,1550,10,12,11,3,6,10,0,3,3,7,14,10,4,0,0,3,5,3,2489,71
wpi617z337n71914500,P5.png,Left,26,8,49,59,26,32,19,55,64,30,38,1003,1945,13,17,11,4,10,21,12,11,9,22,17,11,15,0,0,4,7,4,3369,147
wpi617z337n71914500,P6.png,Left,52,107,37,137,40,70,50,335,107,119,68,3408,3490,82,94,30,35,15,45,15,25,19,63,28,31,23,0,0,29,36,13,8174,377
wpi617z337n71914500,P7.png,Right,38,101,23,63,69,81,44,181,35,6,19,2534,4460,47,47,35,24,10,22,25,20,14,38,15,2,7,0,0,11,18,14,7745,220
wpi617z337n71914500,P8.png,Right,11,17,24,14,12,4,4,52,13,8,4,522,607,6,18,4,8,10,6,6,2,2,17,4,4,2,0,0,3,8,2,1309,74
wpi617z337n71914500,P9.png,Right,79,155,210,102,160,105,97,820,166,131,131,5993,6778,239,186,89,52,65,36,57,32,32,140,57,41,47,0,0,71,63,28,15362,721
wpi617v297313h20163,IC1.png,Left,4,0,6,16,2,2,2,133,0,0,4,336,161,22,24,0,0,3,6,1,1,1,18,0,0,2,0,0,5,10,0,708,47
wpi617v297313h20163,IC10.png,Right,6,0,23,6,8,2,2,18,6,2,8,289,122,0,2,0,0,6,3,3,1,1,4,3,1,4,0,0,0,1,0,488,27
wpi617v297313h20163,IC11.png,Right,10,6,83,12,11,2,27,120,32,8,8,873,298,22,57,0,3,24,5,4,1,11,26,8,2,4,0,0,8,22,0,1559,118
wpi617v297313h20163,IC12.png,Right,4,4,24,12,2,2,2,74,18,13,8,406,541,14,16,0,2,10,2,1,1,1,13,6,5,3,0,0,4,4,0,1136,52
wpi617v297313h20163,IC2.png,Left,26,4,67,102,18,26,52,303,21,16,31,1435,905,12,66,28,2,21,32,8,11,15,40,8,5,11,0,0,6,25,7,3086,191
wpi617v297313h20163,IC3.png,Left,6,2,41,81,12,10,4,178,2,2,6,677,287,4,24,0,1,15,18,2,4,2,27,1,1,2,0,0,2,10,0,1330,85
wpi617v297313h20163,IC4.png,Left,3,1,4,58,4,2,12,47,4,2,4,352,84,4,28,2,1,2,15,2,1,4,7,2,1,2,0,0,2,10,1,608,50
wpi617v297313h20163,IC5.png,Left,14,4,42,28,18,14,30,117,2,2,4,622,422,14,22,4,2,12,10,4,7,14,23,1,1,2,0,0,7,8,1,1345,92
wpi617v297313h20163,IC6.png,Left,9,2,8,16,8,10,2,123,7,2,4,431,316,18,4,2,1,3,6,4,3,1,12,3,1,2,0,0,5,2,1,953,44
wpi617v297313h20163,IC7.png,Right,6,8,36,2,8,0,4,69,22,6,4,415,95,6,18,0,1,9,1,3,0,2,14,7,2,2,0,0,1,7,0,693,49
wpi617v297313h20163,IC8.png,Right,14,0,113,4,30,2,8,172,78,6,38,1389,600,20,72,10,0,29,2,11,1,3,25,13,3,13,0,0,9,25,2,2542,136
wpi617v297313h20163,IC9.png,Right,22,6,113,6,32,8,22,268,54,8,27,1186,706,34,70,4,3,27,3,11,4,10,45,14,4,9,0,0,14,26,2,2544,172
wpi617v297313h20163,P1.png,Left,1,2,10,26,2,0,2,71,0,0,2,269,37,8,20,0,1,3,8,1,0,1,12,0,0,1,0,0,3,7,0,449,37
wpi617v297313h20163,P10.png,Right,2,6,19,0,3,0,2,46,6,0,8,208,210,26,16,0,2,6,0,1,0,1,9,3,0,4,0,0,7,6,0,550,39
wpi617v297313h20163,P11.png,Right,22,9,104,12,38,16,22,211,57,21,47,1185,467,21,45,18,3,24,4,14,5,9,32,21,6,21,0,0,8,15,5,2273,167
wpi617v297313h20163,P12.png,Right,11,23,51,20,14,2,22,131,27,6,23,815,199,12,30,0,4,12,8,6,1,8,21,8,3,9,0,0,5,11,0,1375,96
wpi617v297313h20163,P2.png,Left,35,19,72,212,44,44,42,199,34,14,54,1756,848,18,45,4,6,21,49,13,13,16,39,12,6,23,0,0,5,17,2,3405,222
wpi617v297313h20163,P3.png,Left,10,12,18,36,6,13,14,183,10,0,18,640,407,18,55,13,5,8,13,3,6,7,22,5,0,9,0,0,7,18,5,1443,108
wpi617v297313h20163,P4.png,Left,0,27,16,14,0,0,2,70,6,0,0,396,109,18,25,0,7,6,5,0,0,1,14,2,0,0,0,0,7,7,0,683,49
wpi617v297313h20163,P5.png,Left,4,8,16,11,0,6,18,64,4,0,0,453,451,4,7,0,1,4,4,0,2,1,10,1,0,0,0,0,2,3,0,1042,28
wpi617v297313h20163,P6.png,Left,15,13,29,70,12,40,28,133,6,4,4,820,465,12,29,4,5,11,13,3,11,9,25,2,2,2,0,0,5,11,2,1669,101
wpi617v297313h20163,P7.png,Right,32,7,134,23,49,19,30,201,28,35,47,1422,771,26,104,10,3,43,10,17,9,12,39,11,13,16,0,0,12,28,4,2906,217
wpi617v297313h20163,P8.png,Right,16,22,99,8,22,10,16,315,47,4,27,1355,764,59,57,0,8,22,3,7,3,7,50,14,2,11,0,0,23,25,0,2805,175
wpi617v297313h20163,P9.png,Right,6,8,23,2,14,0,0,84,18,12,17,520,216,10,24,0,4,7,1,5,0,0,19,6,5,3,0,0,5,11,0,948,66
wpi6173377gk2367722,IC1.png,Left,24,4,6,60,14,58,26,24,4,12,30,629,759,6,22,30,2,3,18,5,18,10,8,2,6,11,0,0,2,9,10,1684,104
wpi6173377gk2367722,IC10.png,Right,4,10,18,4,6,14,6,11,4,0,3,205,42,13,10,0,3,4,2,3,2,3,4,2,0,1,0,0,5,3,0,346,32
wpi6173377gk2367722,IC11.png,Right,20,16,37,32,34,12,30,6,8,6,8,399,32,4,14,8,3,14,7,12,6,12,3,2,2,4,0,0,2,4,4,646,75
wpi6173377gk2367722,IC12.png,Right,9,2,12,2,38,4,12,32,2,2,10,332,86,16,16,18,1,4,1,12,2,6,10,1,1,3,0,0,5,6,5,584,57
wpi6173377gk2367722,IC2.png,Left,10,14,6,18,2,16,12,22,30,29,14,538,297,6,12,8,3,2,8,1,8,5,5,8,8,6,0,0,2,6,3,1024,65
wpi6173377gk2367722,IC3.png,Left,8,2,4,28,2,42,6,10,9,2,6,278,86,4,6,20,1,2,11,1,10,2,3,3,1,3,0,0,2,3,6,505,48
wpi6173377gk2367722,IC4.png,Left,6,8,4,10,6,46,4,28,26,18,26,649,172,20,10,36,4,2,5,2,14,2,9,11,6,10,0,0,6,5,10,1063,86
wpi6173377gk2367722,IC5.png,Left,5,10,0,8,4,20,4,10,4,6,10,202,78,10,6,20,3,0,3,1,6,1,3,2,3,4,0,0,3,3,4,392,36
wpi6173377gk2367722,IC6.png,Left,19,10,2,50,7,29,12,42,20,20,22,507,247,2,32,6,5,1,19,3,12,5,9,8,10,8,0,0,1,12,3,1008,96
wpi6173377gk2367722,IC7.png,Right,20,12,14,35,14,36,18,14,4,0,6,460,225,6,2,8,4,7,11,5,10,8,5,2,0,3,0,0,3,1,3,854,62
wpi6173377gk2367722,IC8.png,Right,13,16,14,12,22,16,14,2,0,8,2,436,220,8,10,32,4,6,5,6,6,7,1,0,4,1,0,0,3,4,10,812,57
wpi6173377gk2367722,IC9.png,Right,9,12,18,9,16,8,8,10,2,2,3,314,202,14,4,8,3,5,3,4,3,4,3,1,1,2,0,0,4,2,4,630,39
wpi6173377gk2367722,P1.png,Left,22,6,8,42,8,38,28,12,10,22,24,518,86,5,15,2,3,4,17,4,16,10,3,4,9,8,0,0,3,7,1,824,89
wpi6173377gk2367722,P10.png,Right,36,2,63,40,53,66,54,72,24,16,27,981,140,8,26,14,1,26,13,18,14,20,14,9,6,14,0,0,4,11,7,1586,157
wpi6173377gk2367722,P11.png,Right,22,0,46,10,28,12,12,74,58,32,42,727,124,4,9,8,0,19,3,11,6,5,19,24,11,18,0,0,2,4,3,1186,125
wpi6173377gk2367722,P12.png,Right,31,24,139,18,62,17,28,274,134,38,76,1834,446,44,84,24,11,50,7,23,8,13,58,45,14,32,0,0,15,33,8,3242,317
wpi6173377gk2367722,P2.png,Left,32,18,52,98,34,78,20,116,33,14,33,1098,980,12,30,16,7,12,28,8,25,9,28,12,6,13,0,0,6,15,6,2632,175
wpi6173377gk2367722,P3.png,Left,19,0,40,24,8,36,36,38,10,6,16,562,1429,4,6,19,0,14,11,4,12,12,8,1,2,5,0,0,2,3,8,2234,82
wpi6173377gk2367722,P4.png,Left,70,14,70,140,34,93,60,98,80,52,96,1774,342,12,42,34,7,22,44,13,38,26,19,24,15,37,0,0,6,17,12,2941,280
wpi6173377gk2367722,P5.png,Left,2,2,0,12,0,2,0,32,0,2,6,97,18,6,15,0,1,0,6,0,1,0,4,0,1,2,0,0,2,6,0,192,23
wpi6173377gk2367722,P6.png,Left,12,0,24,48,22,26,12,50,4,4,4,490,30,2,8,8,0,9,14,5,8,6,9,2,2,2,0,0,1,4,4,732,66
wpi6173377gk2367722,P7.png,Right,13,2,26,6,34,14,14,52,14,12,10,401,178,4,12,4,1,9,3,11,7,7,10,3,3,5,0,0,2,5,2,783,68
wpi6173377gk2367722,P8.png,Right,9,0,32,2,14,0,2,54,55,24,20,456,162,2,8,6,0,11,1,5,0,1,13,18,12,9,0,0,1,4,2,837,77
wpi6173377gk2367722,P9.png,Right,47,24,128,38,90,66,38,257,76,30,68,1656,347,28,64,32,7,45,14,28,12,14,54,32,11,24,0,0,14,28,13,2942,296
wpi617427e760n70078,CC1.png,Left,3,3,1,2,0,3,0,10,0,0,0,98,1019,0,0,1,1,1,2,0,2,0,3,0,0,0,0,0,0,0,1,1137,10
wpi617427e760n70078,CC10.png,Right,1,2,6,2,1,0,5,22,10,24,4,263,365,0,2,3,2,6,2,1,0,4,9,6,9,4,0,0,0,2,2,709,47
wpi617427e760n70078,CC11.png,Right,1,0,2,0,1,0,0,5,9,6,5,204,2717,2,0,0,0,2,0,1,0,0,3,5,3,4,0,0,2,0,0,2951,20
wpi617427e760n70078,CC12.png,Right,0,1,1,0,0,0,0,30,10,5,2,412,1284,6,5,0,1,1,0,0,0,0,8,4,2,2,0,0,3,2,0,1756,23
wpi617427e760n70078,CC2.png,Left,0,0,0,0,0,2,0,4,0,1,0,109,1976,0,0,0,0,0,0,0,1,0,2,0,1,0,0,0,0,0,0,2092,4
wpi617427e760n70078,CC3.png,Left,60,38,70,49,32,22,45,183,7,1,5,1618,2813,42,31,3,11,29,33,20,16,26,53,5,1,4,0,0,24,20,3,4959,245
wpi617427e760n70078,CC4.png,Left,0,0,0,0,0,0,0,10,0,0,0,23,1036,0,0,0,0,0,0,0,0,0,1,0,0,0,0,0,0,0,0,1069,1
wpi617427e760n70078,CC5.png,Left,2,0,3,0,3,0,1,14,0,0,0,166,691,0,1,0,0,2,0,2,0,1,3,0,0,0,0,0,0,1,0,879,9
wpi617427e760n70078,CC6.png,Left,28,10,25,15,24,6,14,88,0,0,3,818,2530,14,12,0,6,17,10,15,4,7,24,0,0,2,0,0,7,7,0,3559,99
wpi617427e760n70078,CC7.png,Right,0,0,0,0,0,0,0,6,2,0,0,127,1473,0,0,0,0,0,0,0,0,0,1,1,0,0,0,0,0,0,0,1608,2
wpi617427e760n70078,CC8.png,Right,8,2,4,5,5,0,0,47,34,12,1,485,1919,8,5,0,2,4,3,5,0,0,20,16,7,1,0,0,7,4,0,2527,69
wpi617427e760n70078,CC9.png,Right,0,3,0,0,0,1,0,51,20,5,1,481,1158,6,6,0,2,0,0,0,1,0,14,10,2,1,0,0,6,3,0,1732,39
wpi617427e760n70078,P1.png,Left,12,4,15,12,14,3,5,34,0,0,2,371,1786,3,4,1,2,8,6,3,3,4,12,0,0,1,0,0,3,4,1,2254,47
wpi617427e760n70078,P10.png,Right,13,3,49,2,13,6,5,140,174,62,48,1676,935,21,11,2,3,18,2,9,2,3,38,48,27,30,0,0,10,8,2,3147,200
wpi617427e760n70078,P11.png,Right,42,41,94,31,38,8,20,204,133,82,35,2628,3836,31,42,13,13,50,11,22,6,15,68,61,38,22,0,0,22,30,9,7236,367
wpi617427e760n70078,P12.png,Right,12,22,32,3,19,0,2,231,72,23,28,1392,2074,36,19,7,9,18,3,9,0,1,52,24,13,15,0,0,22,14,3,3960,183
wpi617427e760n70078,P2.png,Left,27,3,79,14,16,16,19,150,9,0,4,1375,3126,8,7,3,3,34,11,11,9,9,39,3,0,3,0,0,7,5,2,4829,136
wpi617427e760n70078,P3.png,Left,22,11,41,28,29,4,13,63,4,2,2,870,2360,7,6,2,6,19,15,13,3,8,29,2,2,2,0,0,6,5,1,3442,111
wpi617427e760n70078,P4.png,Left,45,44,65,28,37,14,21,115,13,8,8,1269,1486,23,19,2,21,28,20,25,12,15,36,6,5,8,0,0,13,12,1,3152,202
wpi617427e760n70078,P5.png,Left,42,11,132,61,43,17,44,224,16,0,2,1909,2706,25,20,1,6,51,31,18,8,22,58,5,0,2,0,0,15,13,1,5211,230
wpi617427e760n70078,P6.png,Left,65,63,130,71,96,25,60,193,18,6,20,2363,2807,65,43,15,22,56,42,41,15,37,70,12,5,12,0,0,33,26,7,5975,378
wpi617427e760n70078,P7.png,Right,0,2,4,0,0,0,1,68,29,20,5,591,562,4,5,0,1,4,0,0,0,1,17,12,6,3,0,0,4,3,0,1291,51
wpi617427e760n70078,P8.png,Right,4,2,11,2,3,1,1,79,66,17,19,864,1141,2,3,2,1,9,1,1,1,1,18,22,11,11,0,0,2,3,1,2213,82
wpi617427e760n70078,P9.png,Right,2,0,5,0,3,0,0,50,14,9,3,528,2078,1,0,3,0,5,0,2,0,0,13,9,4,3,0,0,1,0,2,2694,39
wpi6j1740370837d880,CC1.png,Left,5,6,6,4,15,16,8,12,0,12,6,355,225,0,4,16,2,2,2,5,6,4,5,0,4,3,0,0,0,2,3,685,38
wpi6j1740370837d880,CC10.png,Right,9,2,4,17,18,42,8,22,12,2,10,444,143,0,2,4,1,2,5,6,11,4,5,5,1,5,0,0,0,1,1,730,47
wpi6j1740370837d880,CC11.png,Right,6,4,6,4,20,14,6,39,6,6,12,289,141,5,10,12,2,3,2,9,2,3,7,2,3,4,0,0,2,4,4,574,47
wpi6j1740370837d880,CC12.png,Right,17,6,28,12,32,12,4,59,28,24,14,458,170,2,8,8,2,10,6,9,3,2,9,7,7,6,0,0,1,3,4,865,69
wpi6j1740370837d880,CC2.png,Left,8,2,15,8,18,22,12,20,4,20,14,522,187,2,2,10,1,5,3,4,9,4,7,2,5,7,0,0,1,1,5,858,54
wpi6j1740370837d880,CC3.png,Left,28,12,82,52,28,22,33,140,24,14,8,964,977,6,20,0,6,23,20,11,10,15,30,9,6,4,0,0,2,6,0,2382,142
wpi6j1740370837d880,CC4.png,Left,21,14,34,64,16,40,22,107,30,46,42,1107,1126,26,28,24,6,12,22,6,18,9,26,9,13,16,0,0,10,11,8,2726,166
wpi6j1740370837d880,CC5.png,Left,22,14,36,47,32,36,20,150,18,22,22,819,422,24,15,2,7,14,19,10,9,8,28,8,6,10,0,0,12,7,1,1679,139
wpi6j1740370837d880,CC6.png,Left,15,2,38,38,27,8,18,41,14,10,17,619,365,0,12,4,1,10,15,7,4,6,13,6,3,7,0,0,0,6,1,1213,79
wpi6j1740370837d880,CC7.png,Right,9,0,52,8,12,0,12,75,36,46,36,791,314,8,22,10,0,20,3,5,0,3,16,10,15,15,0,0,4,8,5,1422,104
wpi6j1740370837d880,CC8.png,Right,16,2,28,10,52,8,24,104,46,22,22,610,158,4,16,8,1,8,5,16,4,8,20,12,8,8,0,0,2,7,4,1114,103
wpi6j1740370837d880,CC9.png,Right,13,10,26,12,32,20,10,44,64,36,47,846,716,4,10,16,4,9,3,14,9,5,16,16,9,16,0,0,2,5,7,1893,115
wpi6j1740370837d880,P1.png,Left,42,8,39,48,70,83,40,58,10,22,28,1046,461,6,12,24,3,16,22,18,24,14,13,5,9,12,0,0,3,6,10,1955,155
wpi6j1740370837d880,P10.png,Right,7,16,12,10,12,2,14,46,38,18,8,609,1105,8,8,4,6,6,4,6,1,5,9,10,6,4,0,0,4,4,1,1910,66
wpi6j1740370837d880,P11.png,Right,5,0,6,0,6,4,2,37,40,10,14,433,767,2,2,0,0,3,0,3,2,1,10,14,5,5,0,0,1,1,0,1323,45
wpi6j1740370837d880,P12.png,Right,36,6,68,40,48,16,28,95,120,52,50,1258,713,0,24,4,3,27,13,17,7,12,28,28,16,21,0,0,0,12,2,2522,186
wpi6j1740370837d880,P2.png,Left,26,2,52,32,35,18,22,34,8,8,16,637,1460,14,14,2,1,10,11,11,8,11,7,4,4,6,0,0,5,7,1,2354,86
wpi6j1740370837d880,P3.png,Left,35,18,28,84,32,42,54,68,44,2,34,895,178,16,22,0,6,12,26,12,17,17,16,10,1,13,0,0,7,11,0,1517,148
wpi6j1740370837d880,P4.png,Left,0,29,8,40,0,0,8,82,36,2,4,794,239,6,48,4,9,4,14,0,0,4,14,8,1,2,0,0,3,18,1,1300,78
wpi6j1740370837d880,P5.png,Left,21,4,22,34,18,34,12,53,36,28,12,621,320,4,10,12,2,7,12,9,11,5,11,10,5,4,0,0,2,5,4,1220,87
wpi6j1740370837d880,P6.png,Left,1,2,2,0,0,2,2,0,4,0,0,119,870,2,0,0,1,1,0,0,1,1,0,1,0,0,0,0,1,0,0,1003,6
wpi6j1740370837d880,P7.png,Right,9,2,18,10,14,4,8,103,62,18,12,639,541,4,16,0,1,9,3,7,2,4,19,20,8,4,0,0,2,7,0,1451,86
wpi6j1740370837d880,P8.png,Right,24,10,46,28,24,24,26,76,40,44,18,845,563,14,18,0,5,19,9,11,8,11,22,14,16,9,0,0,6,8,0,1776,138
wpi6j1740370837d880,P9.png,Right,23,10,24,16,20,16,12,53,28,16,24,652,836,0,8,18,5,10,6,8,8,6,13,10,8,8,0,0,0,4,5,1733,91
wpi617aa46449773482,CC1.png,Left,14,8,20,37,16,13,17,85,22,13,4,652,222,6,34,6,3,10,10,7,4,8,20,7,4,2,0,0,3,13,3,1155,94
wpi617aa46449773482,CC10.png,Right,4,9,73,34,4,0,24,78,10,10,30,570,91,0,23,2,3,22,10,2,0,9,14,5,4,11,0,0,0,7,1,958,88
wpi617aa46449773482,CC11.png,Right,16,23,30,20,22,4,20,146,20,14,11,693,329,23,34,11,7,14,7,7,2,8,20,8,5,5,0,0,11,13,4,1400,111
wpi617aa46449773482,CC12.png,Right,16,2,32,24,26,12,8,72,22,10,10,543,170,4,26,0,1,10,7,9,4,4,14,8,5,4,0,0,2,10,0,961,78
wpi617aa46449773482,CC2.png,Left,12,10,25,25,6,27,18,100,4,13,13,485,138,6,20,6,4,10,9,3,6,7,8,2,4,5,0,0,3,7,3,896,71
wpi617aa46449773482,CC3.png,Left,8,8,20,54,8,32,12,54,8,10,22,603,226,12,16,26,3,9,21,3,12,6,17,4,4,9,0,0,6,7,7,1111,108
wpi617aa46449773482,CC4.png,Left,6,6,19,36,8,4,4,73,12,4,8,540,109,16,16,10,3,7,12,3,2,2,16,5,2,2,0,0,4,7,1,865,66
wpi617aa46449773482,CC5.png,Left,15,10,30,30,8,19,10,49,30,6,12,630,161,8,20,8,3,10,12,3,9,4,12,10,3,6,0,0,3,9,3,1031,87
wpi617aa46449773482,CC6.png,Left,12,10,55,72,4,12,26,167,42,26,22,914,370,21,28,0,4,14,21,2,6,10,28,13,9,10,0,0,10,12,0,1769,139
wpi617aa46449773482,CC7.png,Right,17,29,101,53,14,16,26,110,28,6,20,938,277,26,36,4,8,27,18,6,6,10,28,13,3,9,0,0,11,16,2,1684,157
wpi617aa46449773482,CC8.png,Right,11,18,12,26,2,14,8,40,6,2,2,482,341,14,12,0,8,4,8,1,5,4,8,3,1,1,0,0,6,5,0,979,54
wpi617aa46449773482,CC9.png,Right,27,9,84,40,26,28,48,49,14,4,21,718,73,12,16,2,3,24,9,9,9,19,9,5,2,8,0,0,4,6,1,1144,108
wpi617aa46449773482,P1.png,Left,11,8,40,77,4,10,18,66,12,18,16,656,39,4,32,4,3,13,24,2,4,6,18,6,7,6,0,0,2,13,1,1004,105
wpi617aa46449773482,P10.png,Right,4,0,14,11,6,10,4,106,6,0,6,478,158,2,10,14,0,4,5,1,2,2,11,2,0,3,0,0,1,4,4,825,39
wpi617aa46449773482,P11.png,Right,14,8,50,26,2,20,12,135,26,2,6,655,144,10,28,0,3,14,9,1,6,5,15,10,1,3,0,0,3,10,0,1124,80
wpi617aa46449773482,P12.png,Right,24,17,70,30,50,14,24,12,48,8,29,776,135,6,14,6,3,23,10,14,5,9,4,9,2,14,0,0,2,6,2,1239,103
wpi617aa46449773482,P2.png,Left,27,25,32,106,4,30,32,114,31,16,37,1064,153,22,36,4,10,11,29,2,12,13,24,12,4,16,0,0,8,15,1,1706,157
wpi617aa46449773482,P3.png,Left,9,14,21,46,2,16,12,68,12,8,16,613,110,8,39,4,7,6,16,1,7,6,15,6,2,7,0,0,4,15,2,989,94
wpi617aa46449773482,P4.png,Left,35,14,12,147,2,76,24,14,158,76,116,1508,170,14,40,18,6,4,44,1,25,11,7,34,27,40,0,0,6,14,5,2389,224
wpi617aa46449773482,P5.png,Left,30,8,36,91,22,28,41,38,6,0,4,619,75,0,20,12,3,14,24,9,9,16,10,2,0,2,0,0,0,8,5,1000,102
wpi617aa46449773482,P6.png,Left,8,9,15,39,2,13,12,45,44,4,26,573,43,6,50,6,4,3,14,1,5,6,12,14,2,10,0,0,3,14,2,887,90
wpi617aa46449773482,P7.png,Right,8,0,24,36,28,4,12,31,24,8,17,483,153,13,8,10,0,11,10,7,2,6,10,7,4,8,0,0,4,4,4,851,77
wpi617aa46449773482,P8.png,Right,24,6,80,46,26,6,26,72,36,12,43,830,317,4,30,0,3,32,14,11,3,11,19,12,4,16,0,0,2,13,0,1534,140
wpi617aa46449773482,P9.png,Right,10,16,69,34,6,26,16,74,6,2,8,681,229,14,24,2,7,21,9,3,7,8,12,3,1,4,0,0,6,11,1,1207,93
wpi61741l12551188a2,CC1.png,Left,18,3,53,17,31,3,12,52,3,2,7,582,1170,20,7,0,2,18,9,10,2,7,20,2,1,4,0,0,11,4,0,1962,90
wpi61741l12551188a2,CC10.png,Right,0,0,1,0,0,0,0,6,8,2,2,116,644,0,0,0,0,1,0,0,0,0,3,3,1,1,0,0,0,0,0,779,9
wpi61741l12551188a2,CC11.png,Right,8,2,44,3,10,3,0,308,177,29,39,1968,1517,10,20,2,1,21,2,4,2,0,65,62,13,18,0,0,6,11,1,4132,206
wpi61741l12551188a2,CC12.png,Right,5,0,7,0,4,2,0,28,10,3,5,241,1917,5,2,0,0,4,0,2,1,0,10,4,2,3,0,0,3,2,0,2224,31
wpi61741l12551188a2,CC2.png,Left,20,0,28,13,27,19,16,62,0,2,5,559,528,2,3,4,0,13,5,10,8,9,9,0,2,3,0,0,1,1,3,1268,64
wpi61741l12551188a2,CC3.png,Left,64,11,176,72,71,54,78,261,20,24,29,1931,1216,15,27,31,6,57,32,32,23,36,53,11,9,14,0,0,6,15,15,4016,309
wpi61741l12551188a2,CC4.png,Left,8,0,30,12,7,0,7,47,0,0,0,398,597,6,5,0,0,8,3,4,0,4,11,0,0,0,0,0,3,3,0,1109,36
wpi61741l12551188a2,CC5.png,Left,26,3,82,23,20,11,34,155,0,0,9,1025,1028,17,22,0,2,28,13,7,7,13,34,0,0,3,0,0,9,9,0,2429,125
wpi61741l12551188a2,CC6.png,Left,32,30,67,65,10,24,30,200,23,7,8,1360,804,43,47,2,14,29,28,5,14,16,56,10,5,4,0,0,17,22,1,2720,221
wpi61741l12551188a2,CC7.png,Right,1,0,4,2,2,0,0,9,7,2,0,137,813,0,0,2,0,2,1,1,0,0,4,3,1,0,0,0,0,0,1,978,13
wpi61741l12551188a2,CC8.png,Right,4,2,17,3,11,2,4,111,68,23,12,1022,1570,5,11,7,1,7,2,8,1,3,28,21,10,8,0,0,3,8,4,2868,104
wpi61741l12551188a2,CC9.png,Right,6,2,8,0,18,5,12,23,30,7,12,492,3571,0,6,6,1,4,0,10,3,5,9,9,3,5,0,0,0,3,2,4192,54
wpi61741l12551188a2,P1.png,Left,8,1,64,70,11,7,20,166,6,2,9,916,116,4,32,2,1,13,20,3,3,11,23,3,1,5,0,0,2,12,1,1426,98
wpi61741l12551188a2,P10.png,Right,4,2,37,0,3,0,0,203,63,19,17,816,528,15,9,0,1,13,0,2,0,0,36,23,7,10,0,0,8,5,0,1712,105
wpi61741l12551188a2,P11.png,Right,29,9,135,23,30,5,7,550,152,36,50,2241,1285,34,92,0,5,51,8,14,4,4,79,53,12,22,0,0,16,40,0,4649,308
wpi61741l12551188a2,P12.png,Right,12,0,71,8,16,0,15,196,126,11,41,1177,260,14,22,0,0,23,2,8,0,6,38,38,8,17,0,0,6,12,0,1957,158
wpi61741l12551188a2,P2.png,Left,80,23,219,318,53,71,101,465,77,45,69,3596,504,41,122,19,9,77,103,24,36,53,107,33,15,33,0,0,22,49,7,5723,568
wpi61741l12551188a2,P3.png,Left,65,50,211,189,45,56,106,503,45,22,31,2920,1061,56,97,17,20,65,69,20,25,45,104,13,9,16,0,0,27,42,5,5409,460
wpi61741l12551188a2,P4.png,Left,8,20,42,84,1,7,24,165,15,0,1,771,212,39,65,0,7,13,25,1,5,10,37,5,0,1,0,0,17,24,0,1446,145
wpi61741l12551188a2,P5.png,Left,12,4,74,83,12,11,30,179,33,9,12,998,123,8,31,0,3,15,25,4,4,12,30,12,4,6,0,0,4,18,0,1607,137
wpi61741l12551188a2,P6.png,Left,56,26,148,129,38,39,105,274,15,16,38,2206,471,32,79,2,11,47,52,18,20,32,65,10,5,15,0,0,16,35,1,3618,327
wpi61741l12551188a2,P7.png,Right,26,8,92,20,35,5,23,195,108,75,52,1454,485,11,22,10,4,36,12,17,3,11,37,28,19,25,0,0,5,12,7,2595,216
wpi61741l12551188a2,P8.png,Right,8,11,104,7,10,0,12,220,75,9,16,1210,327,38,85,0,7,35,2,4,0,4,46,19,3,8,0,0,15,34,0,2124,177
wpi61741l12551188a2,P9.png,Right,44,2,113,20,114,20,34,190,348,224,159,3436,2106,4,29,17,1,47,8,41,7,17,51,94,77,63,0,0,1,15,8,6816,430
wpi6174u352s5874757,CC1.png,Left,3,12,0,17,8,3,2,60,7,0,2,283,185,15,9,0,4,0,4,1,1,1,9,3,0,1,0,0,5,2,0,603,31
wpi6174u352s5874757,CC10.png,Right,1,5,8,6,0,3,0,45,2,2,5,202,167,9,8,0,2,3,2,0,1,0,10,1,1,2,0,0,4,3,0,462,29
wpi6174u352s5874757,CC11.png,Right,7,19,50,18,7,5,17,82,19,6,3,720,294,17,45,2,6,16,7,3,2,6,20,7,2,1,0,0,6,18,1,1304,95
wpi6174u352s5874757,CC12.png,Right,2,15,25,6,2,0,8,96,32,4,9,466,247,42,26,0,5,8,2,1,0,3,21,8,2,3,0,0,11,10,0,978,74
wpi6174u352s5874757,CC2.png,Left,10,14,19,24,6,5,12,64,24,11,5,552,245,22,32,9,6,7,9,3,2,5,16,7,5,2,0,0,7,13,4,1044,86
wpi6174u352s5874757,CC3.png,Left,15,41,58,42,17,6,23,125,17,21,19,900,635,33,47,5,13,15,14,8,3,9,33,8,6,8,0,0,11,18,1,1989,147
wpi6174u352s5874757,CC4.png,Left,5,16,21,14,0,7,6,16,25,6,12,368,241,9,0,3,2,4,5,0,3,3,6,5,2,5,0,0,4,0,1,744,40
wpi6174u352s5874757,CC5.png,Left,14,3,52,26,10,16,15,48,11,4,2,488,146,10,5,2,1,12,8,4,6,6,13,4,2,1,0,0,3,1,1,838,62
wpi6174u352s5874757,CC6.png,Left,7,6,8,21,5,10,10,69,6,5,10,431,377,35,26,0,3,3,8,2,4,4,19,2,2,4,0,0,11,10,0,1019,72
wpi6174u352s5874757,CC7.png,Right,1,3,7,5,0,2,0,24,9,0,7,303,181,5,6,0,1,2,2,0,1,0,6,3,0,2,0,0,2,3,0,552,22
wpi6174u352s5874757,CC8.png,Right,4,14,19,14,0,8,6,41,2,0,9,355,236,5,13,0,5,8,5,0,2,2,6,1,0,3,0,0,2,5,0,722,39
wpi6174u352s5874757,CC9.png,Right,13,26,34,14,17,2,14,98,21,15,13,675,297,31,37,0,6,11,3,7,1,5,24,7,6,5,0,0,9,12,0,1294,96
wpi6174u352s5874757,P1.png,Left,12,3,11,31,12,12,11,34,7,2,11,301,214,5,16,0,1,4,7,3,5,5,8,3,1,2,0,0,1,6,0,670,46
wpi6174u352s5874757,P10.png,Right,17,9,48,15,12,7,4,86,45,8,32,570,220,15,11,5,4,15,5,6,3,2,17,10,3,11,0,0,6,4,2,1087,88
wpi6174u352s5874757,P11.png,Right,16,37,60,11,24,10,14,108,41,7,28,845,468,24,43,8,12,17,4,7,4,6,25,11,3,10,0,0,8,16,3,1728,126
wpi6174u352s5874757,P12.png,Right,2,11,9,3,4,3,2,85,12,2,0,353,418,23,9,0,3,4,1,2,1,1,12,2,1,0,0,0,8,4,0,934,39
wpi6174u352s5874757,P2.png,Left,19,14,9,45,9,20,19,142,41,35,30,1083,909,29,41,14,5,3,17,4,9,7,25,10,11,10,0,0,10,15,5,2440,131
wpi6174u352s5874757,P3.png,Left,11,15,16,36,6,11,6,74,18,8,12,474,197,21,18,6,4,5,10,2,5,2,19,5,3,5,0,0,7,7,2,918,76
wpi6174u352s5874757,P4.png,Left,6,2,6,37,4,2,0,91,8,0,3,280,136,17,22,0,1,3,10,2,1,0,12,3,0,1,0,0,5,8,0,608,46
wpi6174u352s5874757,P5.png,Left,13,53,55,118,6,19,28,271,28,5,28,1436,789,50,79,2,11,18,36,3,5,10,60,10,2,10,0,0,16,28,1,2967,210
wpi6174u352s5874757,P6.png,Left,6,7,25,11,5,7,16,25,5,0,2,235,188,12,6,0,2,8,4,2,2,6,7,2,0,1,0,0,4,3,0,544,41
wpi6174u352s5874757,P7.png,Right,14,15,60,10,18,5,6,95,51,9,37,700,214,14,45,3,6,19,4,6,2,2,25,15,4,11,0,0,6,15,1,1282,116
wpi6174u352s5874757,P8.png,Right,30,17,80,31,45,19,16,116,65,22,39,1090,519,22,43,22,7,23,11,16,9,6,28,20,8,13,0,0,7,14,7,2146,169
wpi6174u352s5874757,P9.png,Right,5,12,32,5,15,0,5,107,33,12,33,594,394,26,29,10,5,10,2,6,0,2,22,13,4,10,0,0,9,10,4,1307,97
wpi61f7406g77677691,CC1.png,Left,2,0,8,4,6,0,4,36,0,0,0,100,24,0,0,0,0,2,1,2,0,2,3,0,0,0,0,0,0,0,0,182,10
wpi61f7406g77677691,CC10.png,Right,0,0,24,0,0,0,4,20,28,6,28,222,4,0,0,0,0,9,0,0,0,2,6,8,3,11,0,0,0,0,0,336,39
wpi61f7406g77677691,CC11.png,Right,0,0,15,2,0,0,6,18,2,6,0,137,0,0,2,0,0,3,1,0,0,2,3,1,1,0,0,0,0,1,0,188,12
wpi61f7406g77677691,CC12.png,Right,1,0,2,0,2,0,0,56,8,0,0,92,4,0,6,0,0,1,0,1,0,0,3,3,0,0,0,0,0,2,0,170,10
wpi61f7406g77677691,CC2.png,Left,0,2,6,4,0,0,6,32,0,0,0,128,28,0,6,0,1,2,2,0,0,2,5,0,0,0,0,0,0,3,0,212,15
wpi61f7406g77677691,CC3.png,Left,2,2,8,16,4,0,8,34,0,0,0,137,6,0,12,0,1,4,5,2,0,4,7,0,0,0,0,0,0,3,0,227,26
wpi61f7406g77677691,CC4.png,Left,8,0,46,24,12,4,18,74,2,4,0,417,50,0,14,0,0,12,9,4,2,7,16,1,1,0,0,0,0,4,0,665,56
wpi61f7406g77677691,CC5.png,Left,2,0,12,18,2,0,2,36,0,0,2,109,2,0,0,2,0,6,4,1,0,1,6,0,0,1,0,0,0,0,1,185,20
wpi61f7406g77677691,CC6.png,Left,2,0,8,17,4,0,2,44,0,0,0,100,2,0,4,0,0,3,5,1,0,1,6,0,0,0,0,0,0,2,0,181,18
wpi61f7406g77677691,CC7.png,Right,5,2,26,2,8,0,6,58,18,0,3,338,38,0,10,2,1,6,1,4,0,2,6,6,0,1,0,0,0,4,1,511,32
wpi61f7406g77677691,CC8.png,Right,8,0,18,0,8,4,0,16,12,12,14,209,54,0,0,0,0,8,0,4,2,0,6,4,4,4,0,0,0,0,0,347,32
wpi61f7406g77677691,CC9.png,Right,0,0,17,0,0,0,6,14,6,4,8,116,8,0,2,0,0,6,0,0,0,2,4,2,1,3,0,0,0,1,0,181,19
wpi61f7406g77677691,P1.png,Left,36,4,48,106,12,88,52,56,54,40,28,943,170,8,24,8,1,12,28,5,26,15,13,11,11,13,0,0,4,8,3,1641,150
wpi61f7406g77677691,P10.png,Right,6,2,18,2,8,4,2,90,14,0,8,375,104,6,10,0,1,7,1,3,2,1,13,4,0,4,0,0,2,5,0,643,43
wpi61f7406g77677691,P11.png,Right,2,0,55,6,2,2,18,79,22,2,16,483,102,8,18,2,0,13,3,1,1,5,14,6,1,6,0,0,3,9,1,815,63
wpi61f7406g77677691,P12.png,Right,5,9,22,8,10,18,18,150,14,2,15,962,763,12,20,4,4,8,2,5,2,7,14,6,1,4,0,0,4,9,2,2027,68
wpi61f7406g77677691,P2.png,Left,13,0,10,28,8,20,36,28,14,10,12,356,290,2,14,0,0,4,8,4,7,9,6,4,5,6,0,0,1,6,0,828,60
wpi61f7406g77677691,P3.png,Left,8,2,14,24,0,10,20,70,10,0,4,364,166,2,26,0,1,4,10,0,4,7,16,4,0,2,0,0,1,9,0,712,58
wpi61f7406g77677691,P4.png,Left,9,12,24,44,2,22,22,84,14,12,16,479,78,10,24,4,4,8,12,1,7,10,20,4,4,7,0,0,4,10,1,847,92
wpi61f7406g77677691,P5.png,Left,28,12,38,68,18,42,52,91,22,2,28,817,570,22,34,14,5,15,24,6,14,18,25,9,1,7,0,0,9,16,3,1830,152
wpi61f7406g77677691,P6.png,Left,10,4,35,42,4,8,12,140,4,12,4,685,146,22,46,0,2,11,12,2,4,4,23,2,2,2,0,0,7,17,0,1164,88
wpi61f7406g77677691,P7.png,Right,10,10,48,12,14,26,10,99,64,8,46,635,336,28,38,0,3,14,5,5,7,4,24,13,4,9,0,0,11,14,0,1374,113
wpi61f7406g77677691,P8.png,Right,14,0,64,6,22,22,18,74,48,12,24,628,276,10,8,0,0,15,3,8,4,8,9,13,3,10,0,0,5,3,0,1212,81
wpi61f7406g77677691,P9.png,Right,8,0,41,4,24,2,0,31,12,2,6,301,70,4,44,2,0,10,2,4,1,0,8,4,1,3,0,0,2,10,1,543,46
wpi61i7304e00496415,CC1.png,Left,0,0,0,0,0,0,0,12,0,0,0,10,9,2,0,0,0,0,0,0,0,0,1,0,0,0,0,0,1,0,0,33,2
wpi61i7304e00496415,CC10.png,Right,0,0,0,0,0,5,0,5,0,0,0,11,10,0,0,0,0,0,0,0,1,0,2,0,0,0,0,0,0,0,0,31,3
wpi61i7304e00496415,CC11.png,Right,0,4,0,0,0,0,0,2,0,0,0,14,0,0,0,0,1,0,0,0,0,0,1,0,0,0,0,0,0,0,0,20,2
wpi61i7304e00496415,CC12.png,Right,0,2,0,0,0,0,0,2,4,3,0,34,38,0,0,0,1,0,0,0,0,0,1,1,1,0,0,0,0,0,0,83,4
wpi61i7304e00496415,CC2.png,Left,0,0,0,0,0,0,0,0,0,0,0,5,14,3,0,0,0,0,0,0,0,0,0,0,0,0,0,0,1,0,0,22,1
wpi61i7304e00496415,CC3.png,Left,0,0,0,0,0,0,0,2,0,0,0,20,12,2,0,0,0,0,0,0,0,0,1,0,0,0,0,0,1,0,0,36,2
wpi61i7304e00496415,CC4.png,Left,1,0,0,5,2,0,7,0,2,2,0,22,5,2,0,0,0,0,2,1,0,2,0,1,1,0,0,0,1,0,0,47,8
wpi61i7304e00496415,CC5.png,Left,0,0,0,0,0,0,0,2,2,0,0,23,0,0,0,0,0,0,0,0,0,0,1,1,0,0,0,0,0,0,0,27,2
wpi61i7304e00496415,CC6.png,Left,0,2,0,0,0,0,0,3,0,0,0,19,6,0,0,0,1,0,0,0,0,0,1,0,0,0,0,0,0,0,0,30,2
wpi61i7304e00496415,CC7.png,Right,0,6,0,0,0,0,0,0,0,0,0,23,0,0,4,0,2,0,0,0,0,0,0,0,0,0,0,0,0,1,0,33,3
wpi61i7304e00496415,CC8.png,Right,1,0,2,0,0,2,0,7,5,0,0,65,32,0,4,0,0,1,0,0,1,0,1,1,0,0,0,0,0,2,0,117,6
wpi61i7304e00496415,CC9.png,Right,0,0,0,0,0,0,0,5,0,0,0,17,4,2,0,0,0,0,0,0,0,0,1,0,0,0,0,0,1,0,0,28,2
wpi61i7304e00496415,P1.png,Left,2,0,0,5,2,0,0,2,0,0,0,22,0,0,0,0,0,0,2,1,0,0,1,0,0,0,0,0,0,0,0,31,4
wpi61i7304e00496415,P10.png,Right,0,0,0,0,0,0,0,9,10,0,6,24,5,0,2,0,0,0,0,0,0,0,3,3,0,3,0,0,0,1,0,56,10
wpi61i7304e00496415,P11.png,Right,0,0,0,0,0,0,0,0,0,2,6,23,4,0,0,0,0,0,0,0,0,0,0,0,1,1,0,0,0,0,0,35,2
wpi61i7304e00496415,P12.png,Right,0,0,0,0,0,0,0,0,0,0,0,32,5,0,0,0,0,0,0,0,0,0,0,0,0,0,0,0,0,0,0,37,0
wpi61i7304e00496415,P2.png,Left,0,0,0,4,0,0,0,0,2,3,0,25,0,0,0,3,0,0,2,0,0,0,0,1,1,0,0,0,0,0,1,37,5
wpi61i7304e00496415,P3.png,Left,0,0,4,0,0,0,2,7,0,0,0,30,2,0,0,0,0,2,0,0,0,1,2,0,0,0,0,0,0,0,0,45,5
wpi61i7304e00496415,P4.png,Left,5,2,16,24,0,8,8,103,10,6,2,420,218,10,29,0,1,7,10,0,3,4,23,4,3,1,0,0,5,13,0,856,74
wpi61i7304e00496415,P5.png,Left,1,0,4,14,0,2,0,2,2,5,3,43,16,0,0,3,0,2,2,0,1,0,1,1,1,1,0,0,0,0,1,94,10
wpi61i7304e00496415,P6.png,Left,7,4,37,6,0,8,4,76,0,2,8,335,128,0,6,0,1,12,3,0,4,2,14,0,1,4,0,0,0,2,0,614,43
wpi61i7304e00496415,P7.png,Right,0,0,0,0,0,0,0,5,6,0,0,29,3,0,0,0,0,0,0,0,0,0,1,1,0,0,0,0,0,0,0,43,2
wpi61i7304e00496415,P8.png,Right,0,0,4,0,0,0,0,2,0,0,0,36,0,0,0,0,0,1,0,0,0,0,1,0,0,0,0,0,0,0,0,42,2
wpi61i7304e00496415,P9.png,Right,0,0,0,0,0,0,0,9,3,0,0,18,0,0,0,0,0,0,0,0,0,0,1,1,0,0,0,0,0,0,0,30,2
wpi6173038474v3d659,CC1.png,Left,3,6,8,26,4,4,2,26,8,0,4,248,154,6,10,0,1,3,9,1,1,1,7,3,0,2,0,0,2,5,0,506,35
wpi6173038474v3d659,CC10.png,Right,9,2,22,16,20,2,14,11,8,0,6,274,122,0,6,0,1,9,3,8,1,6,4,3,0,3,0,0,0,2,0,503,40
wpi6173038474v3d659,CC11.png,Right,2,0,21,8,0,2,0,10,21,4,2,145,129,0,2,2,0,3,2,0,1,0,2,3,1,1,0,0,0,1,1,346,15
wpi6173038474v3d659,CC12.png,Right,7,8,22,10,6,7,11,30,31,0,12,328,144,8,22,0,2,5,4,2,3,4,11,7,0,5,0,0,2,7,0,639,52
wpi6173038474v3d659,CC2.png,Left,6,6,10,8,2,4,2,38,10,2,9,281,194,14,12,0,2,3,4,1,2,1,8,3,1,4,0,0,6,6,0,592,41
wpi6173038474v3d659,CC3.png,Left,0,2,6,23,0,0,2,8,18,2,4,184,229,5,2,0,1,1,7,0,0,1,4,4,1,2,0,0,1,1,0,485,23
wpi6173038474v3d659,CC4.png,Left,5,30,32,23,8,18,12,24,62,12,38,591,131,14,6,0,5,6,10,3,5,6,7,15,4,11,0,0,3,3,0,1001,78
wpi6173038474v3d659,CC5.png,Left,7,2,10,18,6,6,14,4,16,0,8,209,154,2,4,0,1,5,5,3,1,3,1,2,0,3,0,0,1,2,0,453,27
wpi6173038474v3d659,CC6.png,Left,4,12,4,11,2,8,0,18,9,4,2,253,193,10,14,0,5,1,4,1,3,0,5,4,1,1,0,0,3,4,0,540,32
wpi6173038474v3d659,CC7.png,Right,2,4,28,16,2,0,2,10,28,2,8,350,111,2,4,0,1,6,4,1,0,1,2,4,1,3,0,0,1,2,0,567,26
wpi6173038474v3d659,CC8.png,Right,4,6,14,8,6,2,4,16,10,2,4,206,112,3,8,0,2,5,2,1,1,2,4,2,1,2,0,0,1,4,0,401,27
wpi6173038474v3d659,CC9.png,Right,3,0,6,5,8,2,6,12,10,2,0,198,135,6,4,0,0,2,2,2,1,3,4,1,1,0,0,0,2,2,0,394,20
wpi6173038474v3d659,P1.png,Left,3,4,10,10,4,2,2,6,14,0,6,159,97,14,8,0,2,2,4,1,1,1,3,2,0,3,0,0,4,4,0,336,27
wpi6173038474v3d659,P10.png,Right,4,20,10,30,0,4,6,11,4,4,2,210,164,2,4,0,4,4,4,0,2,2,3,1,1,1,0,0,1,2,0,471,25
wpi6173038474v3d659,P11.png,Right,4,15,29,16,2,2,0,24,24,10,0,443,189,6,6,0,6,8,4,1,1,0,4,7,3,0,0,0,2,3,0,766,39
wpi6173038474v3d659,P12.png,Right,3,48,18,22,4,0,6,26,38,6,12,656,283,36,40,0,12,5,4,2,0,2,8,5,3,4,0,0,12,10,0,1195,67
wpi6173038474v3d659,P2.png,Left,5,21,20,34,6,0,20,14,54,4,4,436,205,4,4,2,7,7,7,3,0,7,5,9,2,2,0,0,2,2,1,828,54
wpi6173038474v3d659,P3.png,Left,2,12,18,22,2,2,4,14,12,0,0,304,196,4,16,0,4,4,5,1,1,2,5,3,0,0,0,0,2,7,0,606,34
wpi6173038474v3d659,P4.png,Left,3,7,2,10,2,2,6,8,10,2,2,196,167,0,2,0,1,1,4,1,1,3,3,2,1,1,0,0,0,1,0,416,19
wpi6173038474v3d659,P5.png,Left,8,17,6,28,4,24,14,76,42,0,32,588,109,11,16,2,3,3,7,2,11,7,7,8,0,12,0,0,3,6,1,969,70
wpi6173038474v3d659,P6.png,Left,12,8,40,22,8,18,32,22,34,4,10,439,364,4,4,0,4,10,5,2,5,7,5,6,1,3,0,0,2,2,0,1009,52
wpi6173038474v3d659,P7.png,Right,6,6,46,32,14,6,16,19,30,4,12,381,95,4,2,0,3,8,4,3,2,5,6,8,2,5,0,0,2,1,0,667,49
wpi6173038474v3d659,P8.png,Right,8,9,29,12,10,0,2,14,12,0,6,231,116,2,5,0,2,10,3,4,0,1,5,4,0,2,0,0,1,2,0,448,34
wpi6173038474v3d659,P9.png,Right,15,14,98,22,16,6,36,12,18,4,32,631,145,14,24,0,2,21,6,7,3,11,5,5,2,11,0,0,5,7,0,1072,85
wpi6173p89053d86846,IC1.png,Left,8,0,10,2,23,4,10,2,2,0,4,342,380,0,0,0,0,4,1,9,2,4,1,1,0,1,0,0,0,0,0,779,23
wpi6173p89053d86846,IC10.png,Right,4,4,28,0,4,0,0,128,62,40,20,702,261,12,22,0,2,8,0,2,0,0,24,17,12,9,0,0,5,10,0,1283,89
wpi6173p89053d86846,IC11.png,Right,3,2,4,4,8,0,0,29,19,22,16,309,419,4,0,0,1,2,2,4,0,0,5,6,7,7,0,0,2,0,0,836,36
wpi6173p89053d86846,IC12.png,Right,12,7,18,14,20,12,18,34,27,8,16,404,34,2,13,6,2,7,5,9,5,8,9,7,4,5,0,0,1,6,3,633,71
wpi6173p89053d86846,IC2.png,Left,17,0,51,13,29,6,12,10,10,0,6,637,875,0,0,2,0,12,6,10,3,5,4,1,0,3,0,0,0,0,1,1651,45
wpi6173p89053d86846,IC3.png,Left,20,6,46,26,28,18,20,44,8,2,6,872,839,6,2,6,2,12,11,10,6,7,10,3,1,3,0,0,2,1,3,1929,71
wpi6173p89053d86846,IC4.png,Left,6,0,26,4,12,5,0,29,0,0,2,286,510,0,2,0,0,6,2,5,2,0,7,0,0,1,0,0,0,1,0,876,24
wpi6173p89053d86846,IC5.png,Left,12,0,22,10,30,14,18,2,2,4,0,485,364,0,0,6,0,6,4,8,3,7,1,1,1,0,0,0,0,0,3,957,34
wpi6173p89053d86846,IC6.png,Left,33,4,58,18,54,18,24,51,10,16,14,1085,1857,2,4,16,2,21,6,17,8,10,15,3,5,6,0,0,1,2,6,3231,102
wpi6173p89053d86846,IC7.png,Right,1,0,4,0,2,0,0,0,20,22,8,176,538,0,0,2,0,2,0,1,0,0,0,8,8,2,0,0,0,0,1,772,22
wpi6173p89053d86846,IC8.png,Right,8,0,14,2,20,2,8,6,32,39,28,493,199,0,4,10,0,6,1,9,1,2,3,10,12,9,0,0,0,2,4,857,59
wpi6173p89053d86846,IC9.png,Right,2,6,8,0,2,0,2,39,15,4,6,371,737,8,2,0,1,2,0,1,0,1,9,5,2,3,0,0,4,1,0,1200,29
wpi6173p89053d86846,P1.png,Left,6,0,14,8,24,4,10,2,2,0,0,263,466,0,0,0,0,3,4,5,1,3,1,1,0,0,0,0,0,0,0,793,18
wpi6173p89053d86846,P10.png,Right,45,22,89,18,82,12,46,84,37,28,32,962,106,17,20,6,7,29,9,28,5,18,17,13,10,12,0,0,7,8,3,1561,166
wpi6173p89053d86846,P11.png,Right,14,0,26,12,45,26,20,17,26,38,16,640,197,2,0,24,0,9,6,16,8,8,6,8,10,6,0,0,1,0,7,1089,85
wpi6173p89053d86846,P12.png,Right,3,0,8,4,4,6,0,20,14,39,14,485,483,2,6,0,0,3,2,2,1,0,4,6,11,7,0,0,1,2,0,1085,39
wpi6173p89053d86846,P2.png,Left,9,0,14,6,26,8,2,4,0,0,4,304,492,0,0,2,0,3,2,6,2,1,1,0,0,1,0,0,0,0,1,862,17
wpi6173p89053d86846,P3.png,Left,4,0,10,2,17,0,4,2,0,0,0,254,598,0,0,0,0,3,1,4,0,1,1,0,0,0,0,0,0,0,0,887,10
wpi6173p89053d86846,P4.png,Left,12,0,16,10,12,6,10,24,2,2,2,295,359,0,2,0,0,8,4,6,2,5,8,1,1,1,0,0,0,1,0,740,37
wpi6173p89053d86846,P5.png,Left,12,0,21,0,18,12,0,0,0,2,2,311,567,2,5,2,0,6,0,7,5,0,0,0,1,1,0,0,1,2,1,942,24
wpi6173p89053d86846,P6.png,Left,26,6,59,30,49,18,14,43,12,8,6,1455,1997,14,11,26,3,16,14,16,8,7,14,6,4,3,0,0,6,3,9,3748,109
wpi6173p89053d86846,P7.png,Right,10,0,16,0,24,4,6,2,14,26,12,569,681,0,0,12,0,5,0,9,2,3,1,5,9,6,0,0,0,0,6,1366,46
wpi6173p89053d86846,P8.png,Right,1,54,20,24,4,0,4,80,12,0,14,787,340,32,26,0,13,7,5,1,0,2,17,5,0,6,0,0,11,10,0,1397,77
wpi6173p89053d86846,P9.png,Right,40,11,106,34,68,46,58,98,50,40,68,1212,79,12,22,12,5,38,13,25,15,21,24,18,11,25,0,0,5,8,4,1916,212
wpi61wq733864020191,CC1.png,Left,8,14,18,24,4,6,4,45,6,0,16,422,486,14,12,2,5,9,11,2,2,2,18,3,0,5,0,0,7,5,1,1073,70
wpi61wq733864020191,CC10.png,Right,8,2,22,8,7,4,6,45,26,10,10,419,190,8,14,2,1,10,4,3,2,3,15,11,4,5,0,0,4,7,1,773,70
wpi61wq733864020191,CC11.png,Right,24,4,37,28,17,30,17,49,16,12,6,703,326,4,12,6,2,14,13,8,12,7,14,8,6,3,0,0,2,6,3,1267,98
wpi61wq733864020191,CC12.png,Right,11,15,25,16,6,10,7,34,10,7,6,397,277,13,10,2,6,9,7,3,5,3,11,5,2,3,0,0,6,5,1,835,66
wpi61wq733864020191,CC2.png,Left,12,26,28,46,2,14,6,69,13,20,13,712,681,18,18,6,11,13,19,1,6,3,23,5,9,5,0,0,6,8,3,1672,112
wpi61wq733864020191,CC3.png,Left,9,16,25,24,8,6,18,64,16,12,15,712,338,16,20,4,7,10,10,3,3,7,18,7,6,6,0,0,8,10,2,1294,97
wpi61wq733864020191,CC4.png,Left,7,6,16,12,2,8,12,66,8,26,6,412,273,8,4,7,3,6,5,1,3,6,18,4,7,3,0,0,4,2,2,866,64
wpi61wq733864020191,CC5.png,Left,10,2,13,12,6,12,8,47,0,2,7,353,169,16,11,0,1,6,6,3,4,4,13,0,1,3,0,0,6,5,0,658,52
wpi61wq733864020191,CC6.png,Left,7,6,16,20,12,2,22,40,13,6,4,400,263,8,13,2,2,5,9,5,1,8,14,6,3,2,0,0,4,6,1,827,66
wpi61wq733864020191,CC7.png,Right,17,6,13,8,22,28,14,65,30,8,11,575,292,12,13,2,3,5,4,10,11,6,15,13,4,4,0,0,6,5,1,1099,87
wpi61wq733864020191,CC8.png,Right,21,12,44,20,34,22,22,72,52,12,21,956,503,18,30,10,6,18,8,13,8,8,27,18,6,9,0,0,8,13,2,1828,144
wpi61wq733864020191,CC9.png,Right,23,27,34,20,17,16,24,56,37,10,12,673,458,14,32,6,10,14,9,8,7,9,22,15,2,5,0,0,6,15,3,1436,125
wpi61wq733864020191,P1.png,Left,10,15,22,22,2,18,4,34,24,6,10,494,149,8,12,4,6,7,11,1,7,2,12,11,3,4,0,0,4,6,2,824,76
wpi61wq733864020191,P10.png,Right,9,19,30,17,12,10,6,57,14,8,4,436,184,11,12,0,7,11,7,6,4,3,12,6,3,2,0,0,5,6,0,820,72
wpi61wq733864020191,P11.png,Right,12,2,14,29,14,4,4,22,14,4,14,405,422,5,4,2,1,6,9,6,2,2,7,7,2,6,0,0,3,2,1,959,54
wpi61wq733864020191,P12.png,Right,30,35,96,47,31,14,30,108,36,25,38,1263,498,20,48,17,14,36,17,14,7,12,30,18,11,16,0,0,10,18,7,2306,210
wpi61wq733864020191,P2.png,Left,18,20,35,41,12,8,21,98,21,13,14,713,389,16,17,4,8,16,15,5,4,9,30,9,6,6,0,0,7,8,2,1422,125
wpi61wq733864020191,P3.png,Left,20,29,18,44,12,22,4,59,41,32,18,846,617,16,25,0,12,9,21,6,10,2,24,17,11,9,0,0,8,11,0,1783,140
wpi61wq733864020191,P4.png,Left,21,14,26,34,16,22,8,66,22,12,8,692,292,24,17,14,7,9,13,7,9,3,17,9,5,4,0,0,8,8,6,1267,105
wpi61wq733864020191,P5.png,Left,42,68,62,144,35,68,52,273,72,53,57,2694,1281,69,52,19,26,24,51,16,23,23,73,28,23,24,0,0,26,23,9,4999,369
wpi61wq733864020191,P6.png,Left,9,14,8,28,6,14,18,33,26,8,8,576,236,15,22,8,6,4,12,3,7,4,13,11,4,4,0,0,5,9,4,1020,86
wpi61wq733864020191,P7.png,Right,7,8,8,9,6,4,10,53,7,4,6,324,314,4,6,0,4,4,4,3,2,5,15,2,2,3,0,0,2,3,0,763,49
wpi61wq733864020191,P8.png,Right,39,6,36,56,38,28,24,32,26,20,12,765,510,12,22,8,3,15,22,14,12,9,10,10,8,6,0,0,6,11,4,1595,130
wpi61wq733864020191,P9.png,Right,35,26,58,33,38,41,22,96,38,22,34,1195,678,14,43,14,13,27,13,14,18,11,33,17,11,14,0,0,6,19,6,2352,202
wpi61m73704443z1595,IC1.png,Left,6,0,22,6,6,20,4,8,30,4,0,280,372,0,0,2,0,5,2,2,5,2,3,3,2,0,0,0,0,0,1,754,25
wpi61m73704443z1595,IC10.png,Right,2,0,18,10,2,0,18,16,30,8,18,259,180,0,0,0,0,8,3,1,0,4,1,5,3,7,0,0,0,0,0,559,32
wpi61m73704443z1595,IC11.png,Right,12,6,54,43,10,4,20,74,26,12,12,612,351,9,24,0,3,20,10,5,2,8,14,8,4,6,0,0,2,10,0,1257,92
wpi61m73704443z1595,IC12.png,Right,7,0,20,2,22,2,14,78,47,40,40,516,340,0,4,2,0,8,1,5,1,6,11,13,6,13,0,0,0,2,1,1127,67
wpi61m73704443z1595,IC2.png,Left,24,36,40,84,20,34,36,168,60,18,26,1426,1351,20,32,4,5,12,23,6,12,11,26,11,6,12,0,0,9,12,2,3355,147
wpi61m73704443z1595,IC3.png,Left,6,2,22,12,3,6,10,125,28,8,8,736,873,4,4,8,1,7,4,1,3,5,14,5,3,3,0,0,2,2,2,1849,52
wpi61m73704443z1595,IC4.png,Left,10,8,16,20,6,20,12,47,10,6,14,285,335,4,10,0,2,6,7,2,6,6,13,4,2,5,0,0,2,3,0,793,58
wpi61m73704443z1595,IC5.png,Left,4,4,10,44,0,10,2,68,24,4,14,492,317,8,22,0,2,4,10,0,3,1,9,6,1,7,0,0,4,9,0,1019,56
wpi61m73704443z1595,IC6.png,Left,19,4,28,68,8,20,14,34,92,40,40,855,481,0,16,2,2,7,18,4,8,7,7,18,10,15,0,0,0,5,1,1702,102
wpi61m73704443z1595,IC7.png,Right,7,0,14,10,10,2,2,18,18,17,6,271,243,0,6,2,0,5,2,4,1,1,4,6,3,2,0,0,0,2,1,619,31
wpi61m73704443z1595,IC8.png,Right,29,10,114,30,84,22,53,157,122,46,62,1749,1193,4,27,24,3,38,11,23,11,21,22,30,18,24,0,0,2,11,8,3697,222
wpi61m73704443z1595,IC9.png,Right,13,4,22,24,10,18,14,110,54,20,24,895,707,18,18,6,2,8,7,4,6,5,11,14,6,7,0,0,4,6,1,1944,81
wpi61m73704443z1595,P1.png,Left,4,0,14,18,0,4,0,14,42,4,16,254,275,2,10,0,0,4,8,0,2,0,6,9,2,7,0,0,1,5,0,653,44
wpi61m73704443z1595,P10.png,Right,6,2,44,6,6,2,18,140,2,2,8,458,175,0,12,0,1,14,3,2,1,6,13,1,1,3,0,0,0,5,0,875,50
wpi61m73704443z1595,P11.png,Right,13,2,67,18,18,4,14,78,36,6,24,590,338,0,33,2,1,15,8,8,2,5,17,16,3,9,0,0,0,12,1,1230,97
wpi61m73704443z1595,P12.png,Right,6,8,30,20,2,8,14,52,10,4,4,498,220,10,32,0,2,10,7,1,3,5,9,4,2,2,0,0,3,11,0,912,59
wpi61m73704443z1595,P2.png,Left,0,16,24,46,0,0,8,112,70,8,8,745,286,8,24,6,3,8,12,0,0,3,15,10,3,3,0,0,4,9,2,1361,72
wpi61m73704443z1595,P3.png,Left,12,0,8,26,2,26,6,29,48,24,12,394,637,2,8,4,0,4,12,1,7,3,6,9,7,5,0,0,1,4,1,1226,60
wpi61m73704443z1595,P4.png,Left,12,0,21,74,14,12,16,62,108,20,53,709,430,4,4,4,0,8,15,5,4,6,7,11,8,16,0,0,2,2,2,1531,86
wpi61m73704443z1595,P5.png,Left,4,2,22,36,0,4,11,62,76,16,26,677,306,6,12,0,1,4,14,0,2,4,10,14,6,11,0,0,2,6,0,1256,74
wpi61m73704443z1595,P6.png,Left,21,2,14,48,12,41,14,54,46,80,28,877,487,14,4,2,1,4,13,6,15,5,8,8,16,11,0,0,4,2,1,1723,94
wpi61m73704443z1595,P7.png,Right,11,4,14,20,16,14,42,96,12,0,10,579,139,8,20,0,2,5,7,7,7,9,13,4,0,3,0,0,4,7,0,974,68
wpi61m73704443z1595,P8.png,Right,14,2,27,25,24,20,12,48,8,4,2,490,304,5,8,2,1,6,6,7,7,4,3,1,2,1,0,0,2,2,1,981,43
wpi61m73704443z1595,P9.png,Right,20,6,48,16,12,20,28,184,26,4,16,884,392,22,48,6,3,16,7,5,9,7,26,11,2,5,0,0,9,16,2,1712,118
wpi6174p24145429l05,CC1.png,Left,16,8,26,14,18,42,18,14,46,34,24,515,110,4,3,2,2,7,6,6,11,6,2,8,7,8,0,0,1,2,1,878,67
wpi6174p24145429l05,CC10.png,Right,8,0,50,2,24,4,14,52,64,30,56,622,60,0,6,18,0,12,1,8,2,3,6,14,13,20,0,0,0,1,5,1002,85
wpi6174p24145429l05,CC11.png,Right,3,0,30,0,38,6,6,50,25,38,36,530,2,6,10,4,0,10,0,9,2,3,10,9,8,10,0,0,2,4,2,781,69
wpi6174p24145429l05,CC12.png,Right,32,2,127,18,46,2,14,32,40,28,74,852,96,6,28,2,1,36,6,18,1,7,8,10,11,27,0,0,3,11,1,1367,140
wpi6174p24145429l05,CC2.png,Left,77,38,154,235,100,204,148,70,70,66,127,2594,236,16,41,46,8,34,62,26,52,49,23,19,21,48,0,0,7,17,10,4145,376
wpi6174p24145429l05,CC3.png,Left,32,6,77,64,52,62,80,42,6,0,12,811,44,6,10,14,2,17,19,15,19,27,6,1,0,6,0,0,3,4,6,1286,125
wpi6174p24145429l05,CC4.png,Left,26,2,68,66,36,52,50,26,0,0,16,666,10,0,0,8,1,15,16,11,17,19,5,0,0,6,0,0,0,0,2,1000,92
wpi6174p24145429l05,CC5.png,Left,34,0,106,50,38,80,69,26,4,16,18,946,72,2,2,8,0,16,14,12,20,23,6,2,7,5,0,0,1,1,3,1437,110
wpi6174p24145429l05,CC6.png,Left,39,6,86,104,20,120,82,76,12,7,46,978,42,10,6,0,3,15,29,8,26,33,10,5,4,15,0,0,3,3,0,1595,154
wpi6174p24145429l05,CC7.png,Right,11,4,34,2,30,2,16,18,30,33,26,445,26,4,12,0,2,11,1,8,1,7,4,9,5,13,0,0,1,5,0,682,67
wpi6174p24145429l05,CC8.png,Right,22,0,90,6,76,6,16,10,92,86,200,1019,20,0,0,10,0,23,2,21,3,5,5,20,22,39,0,0,0,0,2,1631,142
wpi6174p24145429l05,CC9.png,Right,15,6,86,8,28,6,44,108,22,26,46,566,22,4,24,0,3,20,3,7,3,12,15,8,8,11,0,0,2,6,0,996,98
wpi6174p24145429l05,P1.png,Left,51,34,34,224,58,214,84,102,62,24,74,1867,18,18,36,12,6,13,54,12,41,25,14,14,7,25,0,0,7,15,5,2861,238
wpi6174p24145429l05,P10.png,Right,12,0,48,18,40,0,32,58,32,30,45,604,10,0,18,2,0,15,6,9,0,7,10,7,7,15,0,0,0,7,1,937,84
wpi6174p24145429l05,P11.png,Right,12,62,47,54,18,18,28,16,8,22,2,724,46,12,26,12,9,11,11,7,5,8,4,3,5,1,0,0,5,10,3,1095,82
wpi6174p24145429l05,P12.png,Right,36,34,172,32,104,20,54,126,18,90,59,1914,100,58,100,24,9,43,11,25,7,18,22,9,10,22,0,0,18,22,7,2905,223
wpi6174p24145429l05,P2.png,Left,58,22,6,133,42,266,58,10,52,34,129,1546,137,8,22,60,5,1,42,15,59,22,2,15,12,43,0,0,3,7,16,2525,242
wpi6174p24145429l05,P3.png,Left,18,32,44,74,10,56,43,40,30,4,42,903,37,10,22,6,9,11,24,1,13,12,8,7,2,15,0,0,4,7,2,1353,115
wpi6174p24145429l05,P4.png,Left,29,10,12,110,16,68,34,34,36,12,38,771,62,22,10,10,3,6,24,5,22,13,6,9,3,13,0,0,5,4,4,1245,117
wpi6174p24145429l05,P5.png,Left,22,34,28,115,16,54,46,41,28,6,34,737,44,12,16,4,5,6,20,1,12,12,10,7,3,11,0,0,4,8,2,1215,101
wpi6174p24145429l05,P6.png,Left,30,12,14,88,14,88,40,26,140,65,54,1887,387,12,24,48,6,5,19,5,26,13,10,30,17,18,0,0,5,8,11,2899,173
wpi6174p24145429l05,P7.png,Right,37,2,62,40,66,28,58,32,31,18,34,974,108,20,6,28,1,23,12,21,11,22,8,7,8,14,0,0,3,3,6,1507,139
wpi6174p24145429l05,P8.png,Right,40,44,105,54,106,18,66,38,28,12,26,1227,70,2,26,30,10,31,16,26,7,22,6,9,5,11,0,0,1,11,9,1852,164
wpi6174p24145429l05,P9.png,Right,16,69,27,40,38,9,18,32,20,41,24,962,106,34,24,4,10,9,10,9,4,6,6,6,10,9,0,0,8,8,2,1448,97
wpi617y46d141458189,IC1.png,Left,14,4,28,6,36,22,12,110,8,30,12,924,527,8,10,14,2,10,3,8,8,5,11,3,6,4,0,0,3,4,4,1751,71
wpi617y46d141458189,IC10.png,Right,3,20,36,8,2,2,4,92,18,18,8,623,358,22,20,0,8,10,3,1,1,2,14,8,6,3,0,0,5,7,0,1231,68
wpi617y46d141458189,IC11.png,Right,10,4,34,10,12,4,0,176,76,8,6,932,1205,22,12,2,2,9,2,5,2,0,31,26,2,3,0,0,9,4,1,2503,96
wpi617y46d141458189,IC12.png,Right,22,26,69,26,34,18,10,168,64,20,52,1416,779,48,36,8,11,21,6,11,4,5,34,15,6,12,0,0,17,13,3,2774,158
wpi617y46d141458189,IC2.png,Left,38,64,104,97,20,56,52,331,68,40,32,2646,2578,64,66,14,22,31,29,8,16,17,68,21,14,14,0,0,22,24,3,6232,289
wpi617y46d141458189,IC3.png,Left,64,16,124,102,88,51,52,207,20,16,26,2064,1417,24,32,26,7,35,34,29,21,20,38,8,5,11,0,0,9,14,10,4265,241
wpi617y46d141458189,IC4.png,Left,18,11,20,30,22,21,18,86,21,16,14,740,527,18,9,6,4,7,13,7,7,8,15,7,6,4,0,0,7,3,3,1559,91
wpi617y46d141458189,IC5.png,Left,20,16,84,44,16,10,30,213,20,2,14,1366,1889,28,24,0,5,27,14,6,5,10,37,7,1,5,0,0,11,9,0,3756,137
wpi617y46d141458189,IC6.png,Left,36,4,54,60,46,75,66,154,10,24,36,1416,1308,10,14,12,1,17,19,16,25,21,21,4,7,11,0,0,4,5,5,3289,156
wpi617y46d141458189,IC7.png,Right,17,18,38,36,26,16,22,85,70,34,21,1048,719,18,26,4,7,16,7,11,5,10,20,19,9,7,0,0,7,11,2,2181,131
wpi617y46d141458189,IC8.png,Right,10,10,34,6,10,4,16,110,54,16,16,849,726,18,28,2,5,12,3,4,1,4,28,17,5,6,0,0,6,12,1,1899,104
wpi617y46d141458189,IC9.png,Right,54,85,179,92,90,36,81,669,219,81,99,4185,2143,90,137,36,29,65,26,35,15,30,119,71,31,38,0,0,36,52,12,8222,559
wpi617y46d141458189,P1.png,Left,18,30,14,58,22,28,38,157,47,12,18,875,250,46,16,8,9,5,15,7,8,13,24,12,2,5,0,0,12,8,4,1619,124
wpi617y46d141458189,P10.png,Right,6,26,24,2,9,10,6,177,46,12,16,859,655,18,20,5,7,7,1,4,3,2,28,16,5,6,0,0,4,9,1,1885,93
wpi617y46d141458189,P11.png,Right,12,20,60,18,10,8,12,180,44,14,34,1022,255,54,37,0,4,18,4,4,3,2,32,11,6,8,0,0,14,16,0,1768,122
wpi617y46d141458189,P12.png,Right,56,74,346,90,95,40,80,1537,299,30,136,5612,1144,158,234,22,19,86,26,28,12,24,139,65,12,39,0,0,41,67,5,9897,563
wpi617y46d141458189,P2.png,Left,86,84,196,296,114,108,121,692,106,50,82,5192,1715,140,204,57,24,53,86,38,39,42,110,32,19,30,0,0,36,66,16,9157,591
wpi617y46d141458189,P3.png,Left,14,4,78,47,10,28,24,55,10,22,8,781,110,4,22,0,1,14,14,2,7,7,8,3,6,3,0,0,2,7,0,1203,74
wpi617y46d141458189,P4.png,Left,32,4,88,60,20,69,63,112,2,6,6,771,96,4,14,0,1,17,10,8,9,20,8,1,2,3,0,0,2,5,0,1315,86
wpi617y46d141458189,P5.png,Left,10,25,6,46,10,4,12,113,50,10,14,740,290,20,30,0,7,3,14,3,2,2,17,12,5,4,0,0,7,12,0,1370,88
wpi617y46d141458189,P6.png,Left,16,10,65,32,20,16,17,200,2,20,10,1276,1116,30,28,6,3,18,11,6,5,6,23,1,3,5,0,0,8,7,3,2848,99
wpi617y46d141458189,P7.png,Right,24,12,123,24,34,12,18,128,71,28,53,1195,269,10,44,2,5,26,8,12,5,6,23,16,10,18,0,0,5,13,1,2023,148
wpi617y46d141458189,P8.png,Right,37,2,144,14,142,58,46,327,142,60,70,1856,208,38,34,18,1,32,6,21,15,13,35,36,12,21,0,0,9,9,5,3159,215
wpi617y46d141458189,P9.png,Right,37,8,135,18,108,38,34,94,200,170,98,1861,328,10,21,8,2,34,7,25,9,11,15,37,39,33,0,0,3,5,2,3131,222
wpi61r7320512a66565,CC1.png,Left,3,0,10,4,4,0,0,78,2,0,0,305,628,4,8,0,0,5,2,2,0,0,7,1,0,0,0,0,1,3,0,1043,21
wpi61r7320512a66565,CC10.png,Right,5,34,8,16,0,12,10,62,42,0,12,853,519,12,39,0,7,4,5,0,4,2,9,6,0,2,0,0,4,9,0,1619,52
wpi61r7320512a66565,CC11.png,Right,2,0,14,0,12,0,6,50,38,4,2,437,475,0,0,0,0,3,0,4,0,3,8,5,1,1,0,0,0,0,0,1038,25
wpi61r7320512a66565,CC12.png,Right,4,2,46,6,2,4,4,106,6,0,8,486,280,0,30,0,1,10,1,1,1,2,9,2,0,2,0,0,0,9,0,980,38
wpi61r7320512a66565,CC2.png,Left,3,5,4,12,8,2,2,66,6,0,4,398,317,13,26,0,2,2,3,3,1,1,8,2,0,2,0,0,3,3,0,863,30
wpi61r7320512a66565,CC3.png,Left,2,4,4,52,6,0,0,64,10,2,4,416,252,8,10,0,1,1,6,1,0,0,4,4,1,2,0,0,2,4,0,832,26
wpi61r7320512a66565,CC4.png,Left,5,0,16,2,18,2,2,16,0,0,0,399,530,2,2,6,0,4,1,3,1,1,4,0,0,0,0,0,1,1,1,995,17
wpi61r7320512a66565,CC5.png,Left,12,4,26,12,41,14,16,77,0,2,4,574,262,2,4,8,1,11,3,6,5,4,10,0,1,1,0,0,1,1,3,1046,47
wpi61r7320512a66565,CC6.png,Left,9,0,21,2,12,0,0,18,0,0,0,242,611,0,0,0,0,5,1,5,0,0,3,0,0,0,0,0,0,0,0,906,14
wpi61r7320512a66565,CC7.png,Right,9,0,30,6,14,4,2,46,12,16,8,383,447,0,2,10,0,6,3,3,2,1,6,3,3,3,0,0,0,1,2,980,33
wpi61r7320512a66565,CC8.png,Right,2,0,14,0,2,0,0,68,18,18,4,381,397,4,0,0,0,3,0,1,0,0,5,6,4,2,0,0,1,0,0,906,22
wpi61r7320512a66565,CC9.png,Right,2,0,4,0,8,6,4,85,58,12,4,625,344,0,0,12,0,1,0,2,2,1,9,8,4,2,0,0,0,0,3,1162,32
wpi61r7320512a66565,P1.png,Left,4,2,2,42,0,6,2,79,4,2,8,481,324,12,22,2,1,1,8,0,2,1,12,1,1,1,0,0,3,6,1,988,38
wpi61r7320512a66565,P10.png,Right,8,97,56,18,14,8,16,167,22,24,8,1344,669,46,28,0,9,13,6,5,3,6,16,6,5,4,0,0,9,9,0,2517,91
wpi61r7320512a66565,P11.png,Right,1,14,24,0,2,0,0,111,3,0,0,478,214,14,16,0,2,2,0,1,0,0,13,1,0,0,0,0,4,5,0,876,28
wpi61r7320512a66565,P12.png,Right,4,14,16,12,4,2,6,108,57,8,8,596,168,20,16,0,6,4,4,2,1,2,11,4,3,3,0,0,8,5,0,1035,53
wpi61r7320512a66565,P2.png,Left,0,4,6,16,0,0,0,84,24,2,0,600,159,2,14,0,1,2,3,0,0,0,8,4,1,0,0,0,1,3,0,911,23
wpi61r7320512a66565,P3.png,Left,7,0,16,6,18,32,8,106,0,0,6,455,232,2,0,4,0,5,1,3,3,2,8,0,0,2,0,0,1,0,2,885,27
wpi61r7320512a66565,P4.png,Left,3,10,18,20,0,28,2,44,16,4,4,540,148,10,0,4,2,5,4,0,2,1,7,3,1,2,0,0,4,0,1,848,32
wpi61r7320512a66565,P5.png,Left,0,8,18,36,0,0,2,32,14,0,7,427,220,0,14,0,2,3,8,0,0,1,6,3,0,3,0,0,0,3,0,778,29
wpi61r7320512a66565,P6.png,Left,4,6,0,29,0,16,0,32,10,6,12,454,181,0,8,0,1,0,6,0,2,0,5,3,1,3,0,0,0,3,0,754,24
wpi61r7320512a66565,P7.png,Right,3,30,26,10,2,4,8,114,56,26,0,958,249,44,4,0,4,6,2,1,1,2,14,11,3,0,0,0,10,2,0,1531,56
wpi61r7320512a66565,P8.png,Right,12,8,24,38,35,4,45,98,28,16,10,663,140,24,12,2,3,7,10,8,1,9,16,4,4,2,0,0,10,4,1,1147,79
wpi61r7320512a66565,P9.png,Right,2,0,6,0,2,0,0,82,40,12,16,573,156,0,0,4,0,2,0,1,0,0,11,10,5,5,0,0,0,0,1,891,35
wpi6v1o731016901691,IC1.png,Left,18,100,22,64,12,30,20,179,104,26,48,1958,1460,166,124,0,27,8,25,4,11,8,49,26,11,16,0,0,49,39,0,4313,273
wpi6v1o731016901691,IC10.png,Right,5,100,26,26,4,4,2,83,2,0,4,920,1244,75,52,0,26,7,10,2,2,1,19,1,0,2,0,0,28,18,0,2542,116
wpi6v1o731016901691,IC11.png,Right,19,60,48,40,34,8,20,307,72,26,32,1763,1016,78,62,10,21,16,10,13,4,8,47,22,7,15,0,0,21,24,5,3576,213
wpi6v1o731016901691,IC12.png,Right,26,61,66,104,22,20,14,72,2,0,8,1386,819,16,42,2,17,20,26,6,8,7,20,1,0,3,0,0,8,17,1,2634,134
wpi6v1o731016901691,IC2.png,Left,0,14,0,8,0,0,0,8,10,8,2,178,92,10,4,0,4,0,3,0,0,0,2,3,2,1,0,0,2,2,0,334,19
wpi6v1o731016901691,IC3.png,Left,4,58,0,43,0,4,4,4,86,22,16,833,402,18,36,2,12,0,14,0,2,2,2,22,7,7,0,0,5,13,1,1528,87
wpi6v1o731016901691,IC4.png,Left,21,40,34,26,26,32,36,138,58,42,28,1246,879,38,38,2,14,11,12,10,12,14,22,17,13,11,0,0,14,11,1,2663,162
wpi6v1o731016901691,IC5.png,Left,8,64,4,38,0,14,4,44,40,16,16,696,652,40,44,0,18,2,13,0,6,2,15,12,5,7,0,0,15,15,0,1672,110
wpi6v1o731016901691,IC6.png,Left,6,131,4,50,0,12,2,44,60,6,22,1131,1183,40,30,0,24,2,17,0,5,1,15,22,3,9,0,0,14,14,0,2715,126
wpi6v1o731016901691,IC7.png,Right,18,51,62,82,4,18,36,242,6,0,6,1228,830,59,68,0,11,22,20,2,8,14,42,3,0,2,0,0,24,26,0,2692,174
wpi6v1o731016901691,IC8.png,Right,104,293,178,284,68,154,130,142,28,8,28,4689,1532,110,177,14,61,70,74,26,41,50,43,7,4,13,0,0,41,64,7,7835,501
wpi6v1o731016901691,IC9.png,Right,3,8,2,14,0,4,2,0,0,0,0,150,53,6,2,0,3,1,4,0,2,1,0,0,0,0,0,0,2,1,0,241,14
wpi6v1o731016901691,P1.png,Left,14,22,2,14,12,46,10,4,135,130,50,1776,1087,12,18,16,8,1,7,4,15,5,2,34,29,18,0,0,3,7,7,3334,140
wpi6v1o731016901691,P10.png,Right,13,114,44,54,4,10,10,71,6,0,0,1196,556,46,66,0,27,17,13,2,5,5,23,3,0,0,0,0,19,26,0,2177,140
wpi6v1o731016901691,P11.png,Right,24,48,34,164,16,24,56,6,6,2,12,1352,1742,22,26,2,14,11,23,5,10,16,3,3,1,5,0,0,7,9,1,3512,108
wpi6v1o731016901691,P12.png,Right,37,166,114,134,36,32,38,192,4,12,12,2756,3454,120,108,0,34,31,29,12,14,15,50,2,3,5,0,0,40,36,0,7178,271
wpi6v1o731016901691,P2.png,Left,96,263,140,431,60,94,98,275,416,136,208,6449,2862,97,214,17,60,38,129,21,36,40,66,85,46,79,0,0,38,67,8,11760,713
wpi6v1o731016901691,P3.png,Left,6,71,0,12,2,4,12,0,34,8,8,524,601,10,0,2,12,0,4,1,2,3,0,10,3,4,0,0,4,0,1,1288,44
wpi6v1o731016901691,P4.png,Left,46,54,38,68,30,126,46,130,150,84,90,1996,2381,32,10,32,13,14,25,11,36,18,14,34,28,39,0,0,13,5,11,5267,261
wpi6v1o731016901691,P5.png,Left,39,134,60,170,28,64,96,200,101,38,64,2510,4043,76,107,8,24,19,55,9,24,31,40,36,17,26,0,0,28,37,4,7699,350
wpi6v1o731016901691,P6.png,Left,5,77,2,52,2,6,4,26,46,26,26,1037,708,36,49,0,19,1,17,1,3,2,9,11,9,10,0,0,14,18,0,2097,114
wpi6v1o731016901691,P7.png,Right,26,136,22,121,10,22,24,78,2,0,2,1832,1188,40,46,4,28,9,25,4,9,8,13,1,0,1,0,0,16,18,2,3527,134
wpi6v1o731016901691,P8.png,Right,64,86,144,230,58,68,110,100,36,18,42,2716,837,60,80,18,23,44,46,21,24,35,24,13,5,17,0,0,26,29,8,4603,315
wpi6v1o731016901691,P9.png,Right,10,12,24,26,6,10,4,6,2,2,4,394,534,6,12,2,5,6,7,3,5,2,2,1,1,2,0,0,2,5,1,1044,42
wpi6173l993m3129573,CC1.png,Left,6,0,44,29,8,2,13,69,0,0,0,343,54,2,4,2,0,7,8,4,1,5,9,0,0,0,0,0,1,2,1,570,38
wpi6173l993m3129573,CC10.png,Right,1,0,2,0,2,0,0,88,38,7,19,356,114,6,18,0,0,1,0,1,0,0,11,9,2,3,0,0,3,4,0,650,34
wpi6173l993m3129573,CC11.png,Right,1,2,9,0,8,0,0,76,59,8,16,329,55,10,6,0,1,3,0,1,0,0,13,12,3,5,0,0,3,3,0,578,44
wpi6173l993m3129573,CC12.png,Right,3,4,13,0,7,0,0,39,73,2,9,379,69,0,0,0,1,6,0,2,0,0,4,9,1,4,0,0,0,0,0,595,27
wpi6173l993m3129573,CC2.png,Left,11,2,34,30,8,8,27,45,0,0,2,346,58,8,0,6,1,10,7,4,3,10,14,0,0,1,0,0,3,0,1,574,54
wpi6173l993m3129573,CC3.png,Left,8,2,40,6,11,6,11,77,0,0,0,342,63,8,19,0,1,12,3,4,2,5,12,0,0,0,0,0,4,7,0,585,50
wpi6173l993m3129573,CC4.png,Left,2,0,31,11,10,0,4,138,0,0,0,393,86,13,10,0,0,7,2,1,0,2,12,0,0,0,0,0,4,4,0,696,32
wpi6173l993m3129573,CC5.png,Left,2,0,22,12,2,0,4,135,0,0,0,296,102,7,10,6,0,7,5,1,0,1,12,0,0,0,0,0,2,3,1,596,32
wpi6173l993m3129573,CC6.png,Left,4,4,25,9,8,2,2,36,2,0,2,360,330,13,16,2,2,3,2,3,1,1,8,1,0,1,0,0,5,6,1,811,34
wpi6173l993m3129573,CC7.png,Right,7,0,20,0,9,0,0,120,32,13,2,391,53,11,21,0,0,6,0,4,0,0,16,9,2,1,0,0,3,6,0,672,47
wpi6173l993m3129573,CC8.png,Right,6,0,18,0,11,4,8,176,44,6,18,469,67,9,10,3,0,7,0,5,2,3,17,12,2,7,0,0,4,3,1,843,63
wpi6173l993m3129573,CC9.png,Right,4,0,24,0,7,0,0,74,41,2,24,370,84,7,10,0,0,8,0,3,0,0,13,9,1,6,0,0,2,3,0,643,45
wpi6173l993m3129573,P1.png,Left,13,0,20,24,20,2,11,49,14,10,6,291,118,7,8,0,0,9,5,6,1,3,6,3,2,2,0,0,1,3,0,580,41
wpi6173l993m3129573,P10.png,Right,4,2,12,0,9,4,5,33,11,2,0,335,264,7,15,2,1,4,0,2,2,2,6,4,1,0,0,0,2,5,1,701,30
wpi6173l993m3129573,P11.png,Right,8,3,37,0,8,0,8,62,48,13,25,474,481,12,26,8,1,8,0,4,0,3,16,13,6,10,0,0,4,9,3,1205,77
wpi6173l993m3129573,P12.png,Right,15,12,95,7,30,15,8,215,118,58,60,1498,441,16,22,7,2,25,2,9,2,3,31,29,16,22,0,0,6,9,2,2602,158
wpi6173l993m3129573,P2.png,Left,10,7,18,13,13,2,17,54,5,0,7,411,342,28,19,4,3,7,5,5,1,5,9,2,0,3,0,0,9,7,2,940,58
wpi6173l993m3129573,P3.png,Left,8,2,7,12,8,23,6,20,2,0,7,272,373,3,10,7,1,3,4,4,6,3,7,1,0,3,0,0,1,5,3,752,41
wpi6173l993m3129573,P4.png,Left,6,9,13,14,2,4,4,51,0,6,8,329,211,12,12,0,3,4,5,1,2,1,7,0,2,3,0,0,5,5,0,675,38
wpi6173l993m3129573,P5.png,Left,6,11,5,12,5,21,9,78,10,0,6,413,277,12,17,5,3,2,4,2,6,3,9,3,0,2,0,0,5,6,2,881,47
wpi6173l993m3129573,P6.png,Left,23,9,28,54,32,19,22,193,15,5,6,804,54,28,21,7,3,10,17,10,5,9,22,6,1,3,0,0,9,9,2,1297,106
wpi6173l993m3129573,P7.png,Right,8,0,37,4,24,10,10,72,23,51,17,469,51,6,20,2,0,11,2,6,1,4,16,9,9,7,0,0,3,5,1,796,74
wpi6173l993m3129573,P8.png,Right,6,2,19,8,4,2,6,59,20,2,6,350,365,17,24,0,1,5,2,2,1,3,16,9,1,3,0,0,5,9,0,884,57
wpi6173l993m3129573,P9.png,Right,3,2,6,2,6,4,3,55,6,2,0,271,362,15,12,0,1,3,1,2,1,1,8,1,1,0,0,0,5,6,0,746,30
wpi61741038939h14e0,IC1.png,Left,17,0,10,23,9,49,13,10,9,10,21,343,87,0,7,0,0,3,9,2,12,4,3,4,4,6,0,0,0,2,0,591,49
wpi61741038939h14e0,IC10.png,Right,2,0,46,0,14,0,12,23,11,8,13,276,23,0,4,0,0,6,0,3,0,2,3,4,2,5,0,0,0,2,0,430,27
wpi61741038939h14e0,IC11.png,Right,15,2,74,8,25,14,37,61,11,24,27,512,36,2,26,0,1,22,3,8,5,13,13,5,6,9,0,0,1,9,0,859,95
wpi61741038939h14e0,IC12.png,Right,6,4,51,0,8,2,10,41,17,0,6,292,70,4,8,0,2,13,0,2,1,4,7,6,0,2,0,0,2,4,0,513,43
wpi61741038939h14e0,IC2.png,Left,19,4,54,30,32,44,30,31,4,13,14,702,599,2,2,27,2,12,11,9,15,9,7,2,6,5,0,0,1,1,9,1588,89
wpi61741038939h14e0,IC3.png,Left,10,4,13,58,6,6,6,94,30,2,20,699,80,4,29,0,2,5,17,3,3,3,14,8,1,9,0,0,2,11,0,1051,78
wpi61741038939h14e0,IC4.png,Left,8,0,9,50,0,11,6,32,4,4,6,263,67,5,4,0,0,4,10,0,5,3,8,2,2,3,0,0,1,2,0,461,40
wpi61741038939h14e0,IC5.png,Left,10,0,6,22,12,32,23,32,4,2,16,237,32,4,4,6,0,2,7,5,6,7,6,2,1,5,0,0,2,2,2,432,47
wpi61741038939h14e0,IC6.png,Left,8,0,19,22,14,28,15,29,10,4,14,284,103,2,8,0,0,5,7,4,7,6,7,4,2,4,0,0,1,3,0,552,50
wpi61741038939h14e0,IC7.png,Right,11,0,26,5,16,25,6,13,6,5,12,241,64,0,2,5,0,8,1,7,7,3,3,2,2,5,0,0,0,1,1,426,40
wpi61741038939h14e0,IC8.png,Right,8,2,44,4,24,4,16,13,10,11,2,302,39,2,9,2,1,13,2,4,1,5,2,4,3,1,0,0,1,4,1,484,42
wpi61741038939h14e0,IC9.png,Right,9,0,66,2,39,15,31,39,30,22,27,537,172,0,2,0,0,16,1,9,4,10,5,8,3,8,0,0,0,1,0,982,65
wpi61741038939h14e0,P1.png,Left,9,10,0,25,4,17,6,12,25,16,30,390,9,0,7,2,1,0,8,2,7,2,2,10,5,12,0,0,0,1,1,553,51
wpi61741038939h14e0,P10.png,Right,3,0,10,5,3,2,16,34,13,19,8,278,76,0,14,0,0,5,1,1,1,5,10,4,4,3,0,0,0,6,0,478,40
wpi61741038939h14e0,P11.png,Right,10,3,32,15,10,8,26,22,10,18,12,357,119,0,6,4,1,12,4,4,3,9,5,3,5,5,0,0,0,2,1,642,54
wpi61741038939h14e0,P12.png,Right,7,0,42,0,6,3,12,11,19,18,15,392,74,8,10,0,0,9,0,3,1,6,3,5,3,6,0,0,4,4,0,610,44
wpi61741038939h14e0,P2.png,Left,10,2,0,55,2,22,12,38,25,21,43,468,251,4,16,12,1,0,18,1,10,4,8,4,10,15,0,0,2,5,3,971,81
wpi61741038939h14e0,P3.png,Left,18,6,14,40,10,36,12,51,31,16,20,574,167,5,8,2,3,6,16,3,8,6,7,10,6,9,0,0,2,4,1,992,81
wpi61741038939h14e0,P4.png,Left,5,2,0,30,0,11,10,16,14,14,27,298,26,4,10,4,1,0,10,0,4,4,4,3,3,11,0,0,2,4,2,466,48
wpi61741038939h14e0,P5.png,Left,3,2,0,26,2,6,4,20,32,13,24,320,51,0,2,8,1,0,8,1,1,2,3,8,5,7,0,0,0,1,2,510,39
wpi61741038939h14e0,P6.png,Left,13,11,6,39,7,38,8,18,28,22,35,472,119,10,29,10,5,3,10,2,13,3,4,10,5,13,0,0,4,10,4,852,86
wpi61741038939h14e0,P7.png,Right,14,2,26,4,35,17,12,39,6,16,14,404,40,2,16,0,1,9,2,7,4,5,6,3,4,6,0,0,1,6,0,633,54
wpi61741038939h14e0,P8.png,Right,9,0,31,12,20,18,15,14,8,16,10,393,27,0,6,0,0,9,4,7,6,6,5,4,3,2,0,0,0,3,0,570,49
wpi61741038939h14e0,P9.png,Right,11,10,38,14,52,49,26,38,14,22,17,536,517,13,8,12,5,14,6,12,8,9,11,4,5,8,0,0,5,3,4,1366,94
wpi617305q196215x98,CC1.png,Left,10,0,29,30,5,16,18,26,7,0,4,300,82,2,20,0,0,7,8,2,6,6,7,3,0,1,0,0,1,6,0,539,47
wpi617305q196215x98,CC10.png,Right,4,7,15,12,4,2,3,35,16,11,15,206,63,11,2,2,2,7,3,1,1,1,10,5,5,3,0,0,4,1,1,404,44
wpi617305q196215x98,CC11.png,Right,5,2,4,8,4,6,4,8,5,0,0,234,371,0,4,2,1,2,3,2,2,2,2,1,0,0,0,0,0,2,1,652,18
wpi617305q196215x98,CC12.png,Right,2,6,10,0,8,0,0,54,24,4,15,399,499,17,24,4,3,4,0,1,0,0,10,7,1,3,0,0,5,6,1,1064,41
wpi617305q196215x98,CC2.png,Left,4,11,9,19,12,8,11,19,8,14,8,426,1805,5,6,0,4,2,6,2,3,4,6,3,4,3,0,0,2,3,0,2361,42
wpi617305q196215x98,CC3.png,Left,3,6,2,4,4,4,6,21,6,12,10,266,375,7,0,4,2,1,1,2,2,2,5,2,2,3,0,0,3,0,2,727,27
wpi617305q196215x98,CC4.png,Left,0,9,6,4,0,0,6,15,6,4,0,272,86,0,2,3,2,2,1,0,0,3,5,2,2,0,0,0,0,1,1,413,19
wpi617305q196215x98,CC5.png,Left,2,0,3,2,0,10,0,0,0,8,4,60,674,0,0,0,0,1,1,0,4,0,0,0,2,2,0,0,0,0,0,761,10
wpi617305q196215x98,CC6.png,Left,15,4,11,36,2,31,11,4,43,49,18,740,383,4,6,13,2,4,12,1,9,4,2,13,9,8,0,0,1,3,5,1355,73
wpi617305q196215x98,CC7.png,Right,3,4,9,0,14,0,3,35,24,9,6,280,76,4,12,2,2,4,0,3,0,1,7,6,3,3,0,0,2,5,1,478,37
wpi617305q196215x98,CC8.png,Right,11,6,14,14,6,26,13,35,4,2,0,500,1452,4,9,4,3,5,5,2,7,5,8,2,1,0,0,0,2,4,1,2089,45
wpi617305q196215x98,CC9.png,Right,0,2,0,0,0,0,0,0,0,0,0,155,881,0,2,6,1,0,0,0,0,0,0,0,0,0,0,0,0,1,1,1046,3
wpi617305q196215x98,P1.png,Left,3,2,4,35,0,8,14,10,24,28,30,578,122,4,4,10,1,2,8,0,2,4,5,8,5,10,0,0,2,2,3,873,52
wpi617305q196215x98,P10.png,Right,4,11,9,4,3,2,9,2,2,6,4,189,763,6,0,0,3,2,2,1,1,2,1,1,1,1,0,0,1,0,0,1010,16
wpi617305q196215x98,P11.png,Right,3,15,12,16,6,8,10,18,11,9,4,269,639,10,11,0,4,5,5,1,2,5,7,3,2,2,0,0,4,3,0,1038,43
wpi617305q196215x98,P12.png,Right,17,24,24,40,21,45,20,28,28,8,4,556,138,2,10,2,4,7,10,5,6,5,5,6,2,2,0,0,1,5,1,950,59
wpi617305q196215x98,P2.png,Left,14,20,38,20,35,27,28,113,37,34,17,1185,514,18,24,2,5,8,7,7,5,7,15,9,7,4,0,0,7,6,1,2112,88
wpi617305q196215x98,P3.png,Left,4,26,25,27,6,2,6,131,4,7,4,623,357,24,35,0,7,6,8,1,1,3,20,1,1,1,0,0,7,9,0,1277,65
wpi617305q196215x98,P4.png,Left,11,14,16,33,8,18,18,100,4,0,8,512,156,19,35,7,3,6,5,3,4,5,14,1,0,2,0,0,6,7,1,948,57
wpi617305q196215x98,P5.png,Left,4,0,2,11,10,0,8,15,7,7,11,235,569,8,23,0,0,1,3,4,0,4,6,1,3,3,0,0,2,5,0,906,32
wpi617305q196215x98,P6.png,Left,6,4,14,36,2,10,4,93,23,0,4,451,315,14,6,0,1,6,9,1,4,2,9,3,0,1,0,0,4,1,0,976,41
wpi617305q196215x98,P7.png,Right,2,23,8,7,4,0,2,66,7,0,5,305,616,17,26,2,8,3,2,2,0,1,14,3,0,2,0,0,7,6,1,1088,49
wpi617305q196215x98,P8.png,Right,37,24,159,79,62,70,63,113,42,17,48,1845,593,12,63,40,10,35,18,22,15,14,19,10,5,16,0,0,6,19,10,3230,199
wpi617305q196215x98,P9.png,Right,3,0,7,0,11,0,0,68,18,6,2,460,327,14,5,0,0,3,0,2,0,0,9,7,3,1,0,0,4,1,0,918,30
wpi6kp1739744908873,IC1.png,Left,12,9,27,12,33,35,16,21,5,9,13,483,347,4,10,12,1,6,3,5,9,4,3,2,3,4,0,0,2,3,5,1036,50
wpi6kp1739744908873,IC10.png,Right,7,30,29,18,22,14,18,45,28,10,6,538,172,11,14,7,6,7,7,5,3,6,9,6,4,2,0,0,3,5,2,962,65
wpi6kp1739744908873,IC11.png,Right,26,20,105,7,100,14,27,46,37,11,36,832,97,22,20,6,6,18,3,21,4,8,8,10,5,9,0,0,3,6,2,1380,103
wpi6kp1739744908873,IC12.png,Right,10,20,24,7,25,36,9,13,6,25,26,786,435,3,21,49,4,6,3,9,8,4,4,2,7,6,0,0,1,6,12,1485,72
wpi6kp1739744908873,IC2.png,Left,22,34,16,164,23,66,13,109,97,62,86,1695,525,61,45,7,9,6,30,7,13,5,21,20,10,22,0,0,14,14,2,3003,173
wpi6kp1739744908873,IC3.png,Left,9,40,11,56,5,33,18,66,54,90,44,986,272,21,30,15,9,4,13,2,9,6,15,13,17,12,0,0,8,7,3,1741,118
wpi6kp1739744908873,IC4.png,Left,23,18,71,65,24,34,35,98,12,10,38,823,174,5,26,4,6,15,15,5,11,11,17,3,3,10,0,0,2,6,2,1437,106
wpi6kp1739744908873,IC5.png,Left,21,2,24,21,27,52,30,62,25,60,38,967,398,3,9,26,1,8,8,9,14,5,5,7,10,9,0,0,1,4,8,1744,89
wpi6kp1739744908873,IC6.png,Left,15,10,12,55,63,33,21,34,34,15,22,757,518,14,9,51,3,3,10,12,9,7,6,8,5,7,0,0,3,2,10,1648,85
wpi6kp1739744908873,IC7.png,Right,16,13,54,30,78,41,14,36,3,35,22,996,329,13,12,54,3,14,8,17,11,5,7,1,7,8,0,0,4,4,9,1730,98
wpi6kp1739744908873,IC8.png,Right,25,9,83,77,55,19,22,29,22,15,15,1128,408,32,22,37,2,15,17,12,6,8,7,7,4,4,0,0,6,6,7,1973,101
wpi6kp1739744908873,IC9.png,Right,28,8,73,30,109,42,75,76,15,130,68,1585,91,25,40,23,2,23,8,25,5,17,10,6,24,19,0,0,5,10,6,2390,160
wpi6kp1739744908873,P1.png,Left,16,8,16,60,27,34,17,42,27,33,31,889,262,15,13,22,3,4,15,7,9,5,8,7,6,8,0,0,2,4,8,1496,86
wpi6kp1739744908873,P10.png,Right,24,0,53,41,69,34,48,56,22,24,44,1144,888,6,7,19,0,12,10,17,10,13,10,4,7,12,0,0,2,2,6,2455,105
wpi6kp1739744908873,P11.png,Right,33,14,111,19,121,44,98,83,39,38,59,1425,107,6,30,38,3,29,7,25,11,19,16,10,10,17,0,0,2,7,9,2232,165
wpi6kp1739744908873,P12.png,Right,59,14,122,155,151,105,148,100,90,58,69,2624,1295,13,26,93,4,36,33,33,23,42,19,22,13,20,0,0,3,9,20,5063,277
wpi6kp1739744908873,P2.png,Left,26,16,22,46,69,92,47,12,16,11,28,1498,584,10,26,98,4,7,12,14,20,15,3,4,4,10,0,0,2,4,17,2575,116
wpi6kp1739744908873,P3.png,Left,14,19,9,83,24,116,46,142,48,135,93,2872,346,17,72,269,3,3,20,6,28,13,17,12,18,23,0,0,5,18,19,4291,185
wpi6kp1739744908873,P4.png,Left,10,6,5,26,16,31,19,85,19,14,26,555,91,23,22,7,2,1,8,5,10,5,12,5,5,6,0,0,7,6,3,945,75
wpi6kp1739744908873,P5.png,Left,16,12,26,70,23,58,12,55,17,16,30,933,555,16,18,16,4,6,15,5,10,4,8,4,5,4,0,0,5,5,2,1857,77
wpi6kp1739744908873,P6.png,Left,28,17,41,108,30,114,60,90,34,19,37,1410,192,6,39,54,4,10,21,7,25,19,17,11,6,13,0,0,2,11,12,2251,158
wpi6kp1739744908873,P7.png,Right,37,6,84,57,102,109,69,13,26,24,58,1125,68,0,8,29,2,19,13,23,15,17,4,7,9,18,0,0,0,1,9,1778,137
wpi6kp1739744908873,P8.png,Right,82,81,136,164,151,233,154,90,36,58,59,3137,824,61,27,38,12,33,27,44,37,36,14,9,14,14,0,0,13,9,11,5249,273
wpi6kp1739744908873,P9.png,Right,34,18,78,29,135,41,27,105,73,105,71,1625,440,9,47,26,3,19,9,29,11,9,20,14,22,20,0,0,4,13,9,2829,182
wpi6172964je1750738,CC1.png,Left,1,0,2,0,9,0,0,0,2,0,0,107,1125,0,0,2,0,1,0,2,0,0,0,1,0,0,0,0,0,0,1,1247,5
wpi6172964je1750738,CC10.png,Right,0,0,0,0,0,0,0,0,0,0,0,0,579,0,0,0,0,0,0,0,0,0,0,0,0,0,0,0,0,0,0,579,0
wpi6172964je1750738,CC11.png,Right,2,10,19,8,4,2,6,10,16,14,0,423,897,0,6,0,5,8,4,2,1,3,4,5,2,0,0,0,0,3,0,1415,37
wpi6172964je1750738,CC12.png,Right,0,0,0,0,6,0,0,2,0,4,2,119,1220,0,0,2,0,0,0,3,0,0,1,0,2,1,0,0,0,0,1,1355,8
wpi6172964je1750738,CC2.png,Left,0,2,0,0,2,2,0,0,0,0,0,27,2628,0,4,0,1,0,0,1,1,0,0,0,0,0,0,0,0,2,0,2665,5
wpi6172964je1750738,CC3.png,Left,0,0,0,0,0,0,0,0,0,0,0,0,1444,0,0,0,0,0,0,0,0,0,0,0,0,0,0,0,0,0,0,1444,0
wpi6172964je1750738,CC4.png,Left,6,0,16,2,15,8,4,4,12,3,12,203,465,0,0,6,0,5,1,4,4,2,2,2,1,4,0,0,0,0,1,750,26
wpi6172964je1750738,CC5.png,Left,7,2,36,18,12,0,10,18,6,4,8,373,943,8,0,4,1,10,8,5,0,4,5,3,1,3,0,0,1,0,1,1442,42
wpi6172964je1750738,CC6.png,Left,6,0,7,0,26,2,4,0,0,0,0,289,865,0,0,0,0,4,0,3,1,2,0,0,0,0,0,0,0,0,0,1193,10
wpi6172964je1750738,CC7.png,Right,0,0,0,0,0,0,0,0,8,0,0,58,720,0,0,0,0,0,0,0,0,0,0,1,0,0,0,0,0,0,0,786,1
wpi6172964je1750738,CC8.png,Right,0,0,2,0,0,0,0,0,0,2,0,44,2807,0,0,0,0,1,0,0,0,0,0,0,1,0,0,0,0,0,0,2855,2
wpi6172964je1750738,CC9.png,Right,0,0,0,0,0,0,0,0,0,0,0,0,1834,0,0,0,0,0,0,0,0,0,0,0,0,0,0,0,0,0,0,1834,0
wpi6172964je1750738,P1.png,Left,3,0,12,2,16,12,6,4,2,0,0,265,841,0,0,0,0,2,1,6,4,3,1,1,0,0,0,0,0,0,0,1160,18
wpi6172964je1750738,P10.png,Right,0,0,0,0,0,0,0,0,10,3,0,83,872,0,0,0,0,0,0,0,0,0,0,1,1,0,0,0,0,0,0,968,2
wpi6172964je1750738,P11.png,Right,49,2,94,31,217,52,44,38,43,104,63,1928,213,11,15,100,1,31,11,55,18,17,11,12,33,24,0,0,3,5,25,2955,246
wpi6172964je1750738,P12.png,Right,2,0,4,0,2,8,2,2,8,6,10,100,3111,0,2,0,0,1,0,1,3,1,1,3,2,3,0,0,0,1,0,3255,16
wpi6172964je1750738,P2.png,Left,37,2,63,31,159,171,106,28,20,60,46,1771,1144,4,6,38,1,18,11,29,40,32,7,7,14,19,0,0,2,3,10,3649,193
wpi6172964je1750738,P3.png,Left,50,0,82,38,163,83,76,13,14,13,18,1582,2143,0,12,22,0,22,15,32,25,26,5,4,4,9,0,0,0,4,7,4259,153
wpi6172964je1750738,P4.png,Left,6,6,15,12,58,8,4,31,0,8,2,396,404,4,10,8,3,3,3,9,3,2,8,0,2,1,0,0,1,2,1,966,38
wpi6172964je1750738,P5.png,Left,16,0,24,27,54,58,22,6,31,16,22,746,65,0,4,34,0,7,9,13,15,10,2,9,7,7,0,0,0,2,4,1109,85
wpi6172964je1750738,P6.png,Left,0,0,0,0,0,0,0,0,0,0,0,0,1198,0,0,0,0,0,0,0,0,0,0,0,0,0,0,0,0,0,0,1198,0
wpi6172964je1750738,P7.png,Right,1,6,2,8,0,4,0,8,10,16,6,258,3330,2,6,0,2,1,2,0,1,0,4,4,6,3,0,0,1,3,0,3656,27
wpi6172964je1750738,P8.png,Right,7,2,8,8,22,16,0,20,20,20,8,618,1002,2,6,10,1,3,3,8,7,0,4,7,5,4,0,0,1,3,2,1762,48
wpi6172964je1750738,P9.png,Right,1,0,5,4,2,0,0,8,6,9,0,184,2446,0,0,0,0,2,1,1,0,0,2,3,3,0,0,0,0,0,0,2664,12
wpi61r737154721n469,IC1.png,Left,4,26,4,8,5,0,0,21,6,0,3,444,799,2,7,2,6,1,3,2,0,0,5,2,0,1,0,0,1,2,1,1327,24
wpi61r737154721n469,IC10.png,Right,40,77,87,42,94,95,28,116,101,113,66,4468,7677,66,53,95,11,18,12,22,18,8,27,23,30,19,0,0,18,12,17,13178,235
wpi61r737154721n469,IC11.png,Right,14,23,47,15,44,49,55,20,13,4,11,1012,1931,2,8,6,5,8,4,9,8,12,6,3,1,4,0,0,1,1,1,3240,63
wpi61r737154721n469,IC12.png,Right,11,13,11,41,21,10,15,53,4,5,4,1064,1882,4,13,15,5,5,7,5,5,4,8,2,1,2,0,0,2,5,4,3155,55
wpi61r737154721n469,IC2.png,Left,12,83,64,27,17,18,23,93,95,106,30,2737,7708,41,31,24,14,11,9,6,7,6,21,15,13,9,0,0,13,10,4,11097,138
wpi61r737154721n469,IC3.png,Left,2,29,10,6,9,22,5,24,7,14,8,837,2185,12,0,42,5,2,1,2,2,2,4,3,4,2,0,0,4,0,2,3210,33
wpi61r737154721n469,IC4.png,Left,8,0,11,20,12,21,10,50,8,4,4,578,1534,5,4,10,0,3,5,4,4,3,6,2,1,2,0,0,2,1,3,2271,36
wpi61r737154721n469,IC5.png,Left,11,41,8,15,10,16,12,53,19,22,19,1017,2816,36,25,15,8,3,5,4,6,4,12,4,6,4,0,0,8,6,2,4124,72
wpi61r737154721n469,IC6.png,Left,7,20,3,17,16,57,15,15,23,31,14,1111,2973,4,2,10,5,1,5,5,9,5,2,4,8,4,0,0,2,1,3,4311,54
wpi61r737154721n469,IC7.png,Right,4,11,2,12,8,0,0,8,2,4,0,417,1028,0,2,0,2,1,2,2,0,0,2,1,1,0,0,0,0,1,0,1494,12
wpi61r737154721n469,IC8.png,Right,5,22,12,5,16,3,4,47,17,4,5,548,3396,22,22,10,6,3,2,4,1,1,6,3,1,2,0,0,6,7,3,4133,45
wpi61r737154721n469,IC9.png,Right,7,15,48,32,2,17,8,56,33,5,12,991,2773,17,15,4,5,9,6,1,4,3,11,6,2,2,0,0,4,6,1,4028,60
wpi61r737154721n469,P1.png,Left,5,22,6,7,4,4,9,6,2,2,3,458,1089,0,2,9,4,2,2,2,2,1,2,1,1,1,0,0,0,1,2,1623,21
wpi61r737154721n469,P10.png,Right,13,46,67,24,27,6,26,138,40,55,14,1363,1933,23,33,9,7,10,7,8,1,8,8,9,3,4,0,0,5,8,2,3804,80
wpi61r737154721n469,P11.png,Right,4,10,2,3,11,5,7,31,19,20,5,605,2134,6,0,25,2,1,1,3,2,3,5,5,5,2,0,0,2,0,4,2883,35
wpi61r737154721n469,P12.png,Right,9,11,2,22,14,13,8,2,29,26,18,927,2734,11,4,4,3,1,5,4,4,2,1,7,9,3,0,0,3,2,1,3825,45
wpi61r737154721n469,P2.png,Left,8,51,15,14,13,6,17,48,12,14,14,1223,5902,33,32,4,13,4,5,4,3,3,8,3,4,5,0,0,6,4,2,7398,64
wpi61r737154721n469,P3.png,Left,9,12,20,18,9,35,9,52,84,85,11,1843,3569,32,6,31,3,4,4,2,7,3,8,9,13,4,0,0,6,1,4,5816,68
wpi61r737154721n469,P4.png,Left,4,12,6,8,10,16,9,24,44,20,16,908,1636,18,16,0,5,1,4,2,3,3,6,8,5,4,0,0,6,4,0,2743,51
wpi61r737154721n469,P5.png,Left,3,18,6,36,0,15,10,31,125,30,19,1466,1316,8,12,0,4,1,6,0,5,1,5,12,6,4,0,0,2,3,0,3092,49
wpi61r737154721n469,P6.png,Left,6,12,3,6,17,30,9,3,24,30,8,501,1503,6,3,19,1,1,2,5,8,3,1,6,7,3,0,0,1,1,4,2174,43
wpi61r737154721n469,P7.png,Right,4,40,50,58,3,2,13,124,53,19,13,1141,1861,31,43,0,6,8,10,1,1,4,20,11,3,4,0,0,6,10,0,3451,84
wpi61r737154721n469,P8.png,Right,16,119,22,50,18,13,30,150,19,48,13,1748,3123,65,50,0,14,9,10,6,4,6,24,7,9,4,0,0,17,11,0,5468,121
wpi61r737154721n469,P9.png,Right,9,27,15,32,8,14,14,65,21,6,8,1185,2406,12,15,2,7,5,6,2,3,3,9,6,3,3,0,0,4,5,1,3830,57
wpi617338430c619k41,CC1.png,Left,24,8,52,50,30,6,32,74,8,4,10,651,934,20,34,8,3,13,15,11,1,10,21,2,2,4,0,0,6,11,3,1921,102
wpi617338430c619k41,CC10.png,Right,7,4,24,0,10,2,6,50,40,10,16,346,358,2,12,10,1,9,0,4,1,3,13,14,5,6,0,0,1,4,4,890,65
wpi617338430c619k41,CC11.png,Right,18,13,26,8,18,20,16,102,44,20,30,960,1236,26,30,8,5,11,4,8,5,6,19,13,7,13,0,0,8,11,2,2557,112
wpi617338430c619k41,CC12.png,Right,10,22,28,12,8,10,6,38,10,0,16,437,695,12,12,8,8,12,6,4,2,2,11,3,0,6,0,0,5,4,2,1314,65
wpi617338430c619k41,CC2.png,Left,45,26,116,62,69,36,40,104,28,0,18,1380,2963,16,22,2,9,31,21,20,11,13,23,7,0,6,0,0,7,6,1,4882,155
wpi617338430c619k41,CC3.png,Left,32,10,88,34,46,22,8,107,14,7,8,924,2124,18,12,8,5,23,9,16,7,4,25,3,1,3,0,0,6,5,4,3430,111
wpi617338430c619k41,CC4.png,Left,11,15,40,28,4,10,12,82,12,10,6,700,1081,18,22,10,8,15,13,2,4,5,24,5,4,3,0,0,7,9,3,2050,102
wpi617338430c619k41,CC5.png,Left,8,6,18,12,24,2,17,54,2,0,0,362,518,2,6,0,2,8,6,5,1,4,10,1,0,0,0,0,1,2,0,1023,40
wpi617338430c619k41,CC6.png,Left,23,2,44,46,19,22,20,92,26,8,10,617,539,10,12,4,1,11,14,9,7,6,16,5,2,4,0,0,3,6,2,1471,86
wpi617338430c619k41,CC7.png,Right,4,0,14,6,8,2,7,32,36,30,14,376,1453,2,4,4,0,4,2,2,1,3,8,7,8,6,0,0,1,2,2,1988,46
wpi617338430c619k41,CC8.png,Right,29,8,74,18,48,32,22,116,62,58,32,1184,1977,8,24,8,3,20,7,18,9,10,26,20,16,13,0,0,4,11,3,3671,160
wpi617338430c619k41,CC9.png,Right,7,10,36,2,10,0,0,92,48,32,30,717,859,12,16,2,5,13,1,5,0,0,18,13,10,8,0,0,5,7,1,1866,86
wpi617338430c619k41,P1.png,Left,19,0,42,10,42,2,8,12,4,16,4,386,1373,0,8,4,0,13,5,11,1,4,5,2,4,1,0,0,0,3,1,1911,50
wpi617338430c619k41,P10.png,Right,24,6,70,14,58,10,22,98,70,54,24,1315,1112,14,16,22,3,15,5,19,4,8,20,19,18,10,0,0,5,7,5,2905,138
wpi617338430c619k41,P11.png,Right,3,4,12,4,18,0,2,86,44,34,24,626,1155,16,12,2,2,5,1,3,0,1,17,10,11,8,0,0,6,5,1,2039,70
wpi617338430c619k41,P12.png,Right,10,0,48,16,16,4,12,74,42,26,19,610,1893,0,10,0,0,16,5,5,2,5,13,13,8,5,0,0,0,5,0,2770,77
wpi617338430c619k41,P2.png,Left,18,76,24,32,14,10,10,164,84,14,16,1540,1725,73,46,0,19,7,14,6,4,3,28,17,6,5,0,0,22,16,0,3828,147
wpi617338430c619k41,P3.png,Left,68,86,82,244,106,70,57,319,142,38,104,3159,2103,36,102,29,18,28,52,30,28,23,54,29,11,29,0,0,12,36,12,6677,362
wpi617338430c619k41,P4.png,Left,11,14,78,115,10,10,48,154,28,8,20,1072,456,14,38,2,4,20,20,4,5,13,32,6,2,6,0,0,6,16,1,2067,135
wpi617338430c619k41,P5.png,Left,36,16,89,147,22,96,74,42,30,16,34,1144,284,4,10,10,5,17,26,9,19,23,15,5,7,12,0,0,2,4,5,2018,149
wpi617338430c619k41,P6.png,Left,34,80,84,261,42,54,49,179,144,30,74,2679,909,34,60,4,20,20,50,8,13,19,39,30,10,28,0,0,14,23,2,4683,276
wpi617338430c619k41,P7.png,Right,15,4,32,20,48,16,10,40,77,65,40,969,1025,2,18,8,2,12,4,12,4,5,12,20,18,15,0,0,1,7,3,2374,115
wpi617338430c619k41,P8.png,Right,25,26,72,14,45,22,20,134,90,40,50,1201,1228,28,34,6,9,21,6,18,9,7,34,24,16,16,0,0,10,13,3,3010,186
wpi617338430c619k41,P9.png,Right,29,48,59,32,44,26,42,62,64,42,32,1407,2764,4,12,26,9,19,13,14,10,11,19,16,12,13,0,0,1,6,10,4664,153
wpi61743463d53c8386,CC1.png,Left,3,7,0,23,0,141,0,156,22,23,30,988,117,9,13,66,1,0,3,0,16,0,4,2,5,5,0,0,2,2,10,1595,50
wpi61743463d53c8386,CC10.png,Right,23,0,56,2,189,18,47,69,2,30,27,917,313,0,30,32,0,11,1,22,6,9,4,1,5,9,0,0,0,5,5,1732,78
wpi61743463d53c8386,CC11.png,Right,28,0,96,89,85,69,107,130,18,0,23,1450,157,16,29,62,0,15,14,12,12,16,9,3,0,5,0,0,2,6,6,2331,100
wpi61743463d53c8386,CC12.png,Right,12,10,0,22,41,74,55,56,12,6,8,826,538,0,3,57,2,0,7,12,14,11,4,3,3,4,0,0,0,1,12,1708,73
wpi61743463d53c8386,CC2.png,Left,20,19,4,216,21,277,82,224,31,16,61,2057,325,72,59,51,3,1,20,3,22,13,15,6,4,9,0,0,9,11,6,3515,122
wpi61743463d53c8386,CC3.png,Left,24,42,7,76,18,255,24,189,42,30,48,2679,415,24,52,146,5,2,14,5,26,5,7,7,6,11,0,0,4,6,12,4047,110
wpi61743463d53c8386,CC4.png,Left,3,2,16,73,0,64,11,82,5,16,26,861,153,0,20,45,1,2,6,0,7,2,7,2,5,7,0,0,0,4,5,1374,48
wpi61743463d53c8386,CC5.png,Left,8,0,24,46,40,54,44,53,0,2,4,950,1380,0,7,4,0,5,7,6,5,6,6,0,1,2,0,0,0,3,1,2608,42
wpi61743463d53c8386,CC6.png,Left,21,10,17,94,11,196,50,122,84,106,124,2521,1181,0,44,83,2,4,17,2,25,8,10,16,18,23,0,0,0,13,8,4643,146
wpi61743463d53c8386,CC7.png,Right,7,0,61,12,26,21,30,67,33,17,36,986,659,9,0,7,0,8,2,6,5,4,8,6,3,5,0,0,1,0,3,1964,51
wpi61743463d53c8386,CC8.png,Right,18,0,90,23,168,12,27,65,0,0,41,1136,260,18,5,22,0,12,3,11,4,5,4,0,0,7,0,0,1,2,1,1867,50
wpi61743463d53c8386,CC9.png,Right,12,0,43,24,146,149,53,25,3,0,24,1488,92,0,10,25,0,8,5,18,10,11,3,1,0,4,0,0,0,2,4,2082,66
wpi61743463d53c8386,P1.png,Left,6,2,0,155,9,31,14,169,12,35,56,1253,635,12,24,27,1,0,12,1,6,3,5,2,6,9,0,0,2,6,4,2434,57
wpi61743463d53c8386,P10.png,Right,22,86,18,125,12,72,12,67,0,0,3,1537,546,66,34,8,8,5,12,3,11,3,9,0,0,1,0,0,10,7,1,2586,70
wpi61743463d53c8386,P11.png,Right,12,33,132,87,69,10,42,314,25,22,43,2551,589,151,222,24,7,18,9,9,2,7,29,5,3,7,0,0,20,35,4,4314,155
wpi61743463d53c8386,P12.png,Right,19,47,115,31,178,77,108,68,13,70,63,1993,378,52,48,48,6,14,6,22,8,23,9,2,6,10,0,0,8,7,6,3289,127
wpi61743463d53c8386,P2.png,Left,4,93,0,90,0,33,17,14,79,87,47,1820,562,50,22,82,13,0,10,0,7,4,3,11,10,10,0,0,10,6,6,2996,90
wpi61743463d53c8386,P3.png,Left,9,0,0,58,2,90,0,95,23,81,73,1217,394,31,8,160,0,0,8,1,13,0,5,5,9,8,0,0,1,3,11,2232,64
wpi61743463d53c8386,P4.png,Left,1,9,0,12,0,129,8,82,30,58,10,1028,615,11,29,70,2,0,2,0,8,1,4,2,6,4,0,0,2,5,8,2091,44
wpi61743463d53c8386,P5.png,Left,21,66,14,94,40,208,40,103,111,159,82,3201,1036,90,84,101,12,4,19,7,23,10,15,17,19,15,0,0,14,16,14,5429,185
wpi61743463d53c8386,P6.png,Left,13,7,0,124,46,138,54,80,45,10,82,1273,77,117,28,34,2,0,15,3,15,6,10,4,5,16,0,0,12,5,7,2115,100
wpi61743463d53c8386,P7.png,Right,15,0,115,71,42,56,55,111,0,13,13,1014,539,4,15,5,0,11,7,4,8,10,4,0,2,3,0,0,2,4,1,2053,56
wpi61743463d53c8386,P8.png,Right,65,18,125,290,177,336,177,91,2,9,17,3320,596,11,44,116,4,19,38,20,38,26,6,1,3,5,0,0,2,7,10,5329,179
wpi61743463d53c8386,P9.png,Right,47,242,223,152,168,93,146,81,0,19,28,3883,982,318,141,16,20,22,24,23,17,20,12,0,5,4,0,0,32,25,5,6492,209
wpi61l7339482913t05,IC1.png,Left,24,0,24,21,34,39,17,61,13,27,21,579,215,6,0,5,0,9,9,9,12,7,18,4,7,9,0,0,2,0,2,1062,88
wpi61l7339482913t05,IC10.png,Right,2,2,6,0,4,0,2,22,14,13,7,310,199,2,2,5,1,3,0,2,0,1,6,3,5,3,0,0,1,1,2,588,28
wpi61l7339482913t05,IC11.png,Right,6,0,9,4,7,2,5,14,20,8,11,323,240,0,0,4,0,4,1,3,1,2,6,8,4,5,0,0,0,0,2,647,36
wpi61l7339482913t05,IC12.png,Right,8,0,13,0,14,8,3,16,11,6,11,287,101,0,0,10,0,4,0,6,2,1,5,4,2,4,0,0,0,0,3,480,31
wpi61l7339482913t05,IC2.png,Left,95,20,40,173,97,188,111,73,125,92,128,2543,539,21,12,56,9,18,65,33,66,41,25,42,32,53,0,0,9,6,22,4218,421
wpi61l7339482913t05,IC3.png,Left,28,9,6,40,33,80,41,20,35,14,35,738,543,8,13,21,3,3,15,12,29,13,5,11,6,11,0,0,2,6,7,1636,123
wpi61l7339482913t05,IC4.png,Left,17,14,11,26,22,21,15,12,21,12,16,508,284,0,0,8,5,5,11,7,8,7,4,7,5,5,0,0,0,0,4,970,68
wpi61l7339482913t05,IC5.png,Left,15,14,6,41,0,53,8,18,43,19,27,786,222,2,23,0,5,2,13,0,11,4,9,13,9,11,0,0,1,9,0,1262,87
wpi61l7339482913t05,IC6.png,Left,13,0,31,12,22,10,30,32,12,8,0,419,126,2,4,8,0,10,5,8,5,11,7,3,2,0,0,0,1,1,3,716,56
wpi61l7339482913t05,IC7.png,Right,6,0,6,2,13,10,4,2,8,12,11,312,152,2,4,0,0,2,1,6,4,1,1,4,5,5,0,0,1,2,0,538,32
wpi61l7339482913t05,IC8.png,Right,17,6,24,34,14,23,12,20,24,32,18,833,605,16,6,7,3,10,11,7,7,6,8,6,9,8,0,0,4,3,3,1674,85
wpi61l7339482913t05,IC9.png,Right,11,8,6,17,30,6,8,25,12,18,6,579,431,4,6,13,4,3,7,8,3,3,7,4,5,3,0,0,2,3,3,1169,55
wpi61l7339482913t05,P1.png,Left,7,4,11,20,2,10,4,20,12,0,2,281,120,3,2,3,2,4,7,1,4,2,5,4,0,1,0,0,1,1,1,494,33
wpi61l7339482913t05,P10.png,Right,12,47,47,51,24,10,30,42,6,8,17,793,249,12,33,0,14,16,10,7,4,7,11,3,3,5,0,0,6,11,0,1369,97
wpi61l7339482913t05,P11.png,Right,13,17,49,10,38,6,24,29,15,20,38,612,38,10,12,0,6,14,2,12,1,10,9,5,5,11,0,0,5,6,0,918,86
wpi61l7339482913t05,P12.png,Right,44,21,113,68,57,37,56,57,28,32,20,1164,228,6,36,7,10,30,20,15,14,17,20,12,11,9,0,0,3,15,3,1930,179
wpi61l7339482913t05,P2.png,Left,10,5,9,12,19,14,12,30,14,2,2,374,448,6,7,2,2,4,4,7,4,3,8,3,1,1,0,0,3,3,1,956,44
wpi61l7339482913t05,P3.png,Left,22,17,17,30,21,38,17,99,12,9,38,832,844,19,16,2,5,6,12,10,14,7,20,5,3,12,0,0,9,8,1,2011,112
wpi61l7339482913t05,P4.png,Left,18,6,10,27,16,15,28,20,13,4,11,321,63,2,12,0,1,5,12,5,6,11,5,6,2,4,0,0,1,4,0,548,62
wpi61l7339482913t05,P5.png,Left,10,13,0,37,5,20,12,25,18,17,25,436,90,8,21,2,6,0,13,1,10,4,9,6,6,9,0,0,4,9,1,729,78
wpi61l7339482913t05,P6.png,Left,14,10,6,15,8,22,7,18,31,4,20,598,240,6,8,6,3,2,7,4,10,3,5,5,2,8,0,0,2,3,3,999,57
wpi61l7339482913t05,P7.png,Right,14,31,18,41,16,8,18,34,2,4,8,532,271,4,8,2,6,5,11,6,3,7,6,1,2,2,0,0,2,3,1,997,55
wpi61l7339482913t05,P8.png,Right,14,6,56,11,21,8,18,31,21,9,41,435,27,2,16,0,2,16,3,7,3,8,9,9,4,10,0,0,1,6,0,702,78
wpi61l7339482913t05,P9.png,Right,21,16,58,20,54,25,39,25,10,23,38,878,239,13,17,8,7,21,9,16,5,15,8,4,8,17,0,0,5,7,4,1463,126
wpi6o1d733879690572,CC1.png,Left,13,2,26,37,22,8,12,18,0,0,10,299,98,0,2,0,1,10,10,7,4,6,5,0,0,4,0,0,0,1,0,534,48
wpi6o1d733879690572,CC10.png,Right,4,6,13,4,8,10,8,16,2,0,8,194,79,0,0,0,3,6,2,2,2,4,5,1,0,4,0,0,0,0,0,348,29
wpi6o1d733879690572,CC11.png,Right,26,0,65,21,24,14,19,33,45,22,26,529,85,0,9,4,0,21,9,10,6,8,8,10,8,11,0,0,0,4,2,896,97
wpi6o1d733879690572,CC12.png,Right,10,2,26,4,10,6,16,9,16,12,22,256,62,0,0,0,1,10,1,4,2,6,3,7,6,8,0,0,0,0,0,441,48
wpi6o1d733879690572,CC2.png,Left,15,0,22,19,11,15,21,29,6,0,5,265,92,0,0,0,0,7,7,5,7,7,5,3,0,2,0,0,0,0,0,485,43
wpi6o1d733879690572,CC3.png,Left,9,2,24,14,5,10,16,21,4,0,4,232,105,0,4,0,1,6,7,2,4,8,6,1,0,2,0,0,0,2,0,441,39
wpi6o1d733879690572,CC4.png,Left,17,2,36,41,10,17,10,34,4,6,18,458,106,3,8,0,1,12,15,3,7,4,12,2,3,7,0,0,1,3,0,753,70
wpi6o1d733879690572,CC5.png,Left,26,2,35,61,16,29,21,38,27,10,22,624,71,0,12,0,1,12,20,6,11,9,14,10,4,9,0,0,0,6,0,968,102
wpi6o1d733879690572,CC6.png,Left,29,4,58,48,31,16,43,30,10,7,8,552,167,4,4,2,1,20,17,11,8,14,10,5,3,4,0,0,2,2,1,984,98
wpi6o1d733879690572,CC7.png,Right,7,0,10,2,20,15,4,10,22,14,17,315,149,0,10,0,0,4,1,7,6,1,5,5,6,6,0,0,0,5,0,588,46
wpi6o1d733879690572,CC8.png,Right,6,0,22,4,12,0,4,30,19,8,13,262,27,2,7,0,0,9,1,5,0,2,7,8,4,6,0,0,1,3,0,410,46
wpi6o1d733879690572,CC9.png,Right,12,2,29,8,22,2,23,40,19,10,31,371,66,4,18,2,1,9,3,9,1,7,10,9,4,12,0,0,2,6,1,647,74
wpi6o1d733879690572,P1.png,Left,17,0,19,35,9,22,23,58,6,7,11,426,68,2,4,7,0,8,15,4,9,11,10,3,2,5,0,0,1,2,3,697,73
wpi6o1d733879690572,P10.png,Right,14,0,49,13,16,6,14,14,42,14,22,395,39,0,2,2,0,13,4,7,3,5,5,13,6,10,0,0,0,1,1,628,68
wpi6o1d733879690572,P11.png,Right,22,10,22,46,20,36,24,33,8,16,14,557,76,6,14,20,3,10,15,9,8,11,12,4,6,7,0,0,3,7,6,902,101
wpi6o1d733879690572,P12.png,Right,10,2,34,13,8,6,12,9,38,14,26,411,136,2,0,0,1,8,6,4,3,4,4,11,6,12,0,0,1,0,0,711,60
wpi6o1d733879690572,P2.png,Left,16,0,37,29,16,12,30,4,4,2,4,356,145,0,2,4,0,13,13,7,6,11,2,2,1,2,0,0,0,1,2,645,60
wpi6o1d733879690572,P3.png,Left,19,0,58,73,25,22,27,75,24,4,12,725,153,2,6,2,0,18,26,8,10,12,20,9,2,6,0,0,1,2,1,1208,115
wpi6o1d733879690572,P4.png,Left,20,8,39,44,12,18,23,34,15,6,11,395,112,0,4,2,3,14,16,6,9,8,7,6,3,5,0,0,0,2,1,723,80
wpi6o1d733879690572,P5.png,Left,34,2,36,53,24,42,29,66,18,20,32,636,336,6,12,16,1,15,20,10,19,13,18,8,8,11,0,0,3,6,6,1328,138
wpi6o1d733879690572,P6.png,Left,31,8,40,28,68,42,42,20,25,12,21,781,323,2,7,8,3,14,11,17,17,17,6,7,4,8,0,0,1,3,4,1427,112
wpi6o1d733879690572,P7.png,Right,14,0,57,2,35,8,19,74,62,19,42,651,220,2,8,4,0,17,1,10,4,8,20,17,9,16,0,0,1,3,2,1203,108
wpi6o1d733879690572,P8.png,Right,31,0,73,58,32,31,30,30,55,40,34,916,171,0,12,10,0,25,18,15,11,13,13,18,16,16,0,0,0,5,5,1492,155
wpi6o1d733879690572,P9.png,Right,30,0,73,39,40,24,33,87,42,28,32,874,120,4,29,2,0,26,14,17,9,14,21,19,10,16,0,0,2,13,1,1427,162
wpi61746552e98473o3,CC1.png,Left,2,0,24,40,2,0,8,43,21,3,5,492,327,6,14,0,0,8,13,1,0,4,14,6,1,2,0,0,3,7,0,985,59
wpi61746552e98473o3,CC10.png,Right,22,10,104,9,40,0,15,131,65,29,67,764,368,5,10,0,4,33,3,16,0,5,17,21,12,26,0,0,2,5,0,1617,144
wpi61746552e98473o3,CC11.png,Right,22,0,59,61,18,14,32,154,60,36,28,1210,441,8,28,0,0,18,15,9,7,12,24,19,10,11,0,0,2,12,0,2149,139
wpi61746552e98473o3,CC12.png,Right,8,3,64,16,10,4,16,189,49,7,13,765,614,17,38,0,1,18,5,4,1,6,27,16,2,5,0,0,8,17,0,1805,110
wpi61746552e98473o3,CC2.png,Left,12,103,44,54,16,20,32,163,4,0,10,1095,697,57,98,0,33,16,20,7,9,12,42,2,0,2,0,0,24,32,0,2393,199
wpi61746552e98473o3,CC3.png,Left,26,77,53,69,20,37,29,265,13,0,14,1360,740,69,69,0,23,21,27,10,14,12,58,4,0,6,0,0,25,31,0,2815,231
wpi61746552e98473o3,CC4.png,Left,16,6,22,48,4,14,20,104,28,6,49,549,211,4,7,2,3,7,17,2,7,7,14,11,3,16,0,0,2,3,1,1074,93
wpi61746552e98473o3,CC5.png,Left,13,19,90,78,14,10,30,137,25,2,8,1228,713,23,36,4,8,24,23,6,4,15,36,11,1,4,0,0,10,15,1,2417,158
wpi61746552e98473o3,CC6.png,Left,31,26,52,170,26,30,23,155,33,0,22,1284,633,27,51,0,13,18,35,9,9,10,29,11,0,10,0,0,9,21,0,2532,174
wpi61746552e98473o3,CC7.png,Right,12,4,35,18,14,0,28,63,24,19,16,498,315,7,24,0,2,13,7,6,0,7,13,10,6,5,0,0,3,7,0,1065,79
wpi61746552e98473o3,CC8.png,Right,6,21,76,20,7,2,23,297,43,6,29,1205,537,30,42,0,10,24,9,3,1,9,35,18,3,13,0,0,15,14,0,2338,154
wpi61746552e98473o3,CC9.png,Right,6,0,71,4,6,0,8,152,99,6,22,883,403,4,23,0,0,22,1,3,0,3,33,26,3,9,0,0,2,11,0,1681,113
wpi61746552e98473o3,P1.png,Left,16,14,28,62,20,12,26,93,64,4,18,985,369,16,30,0,7,13,27,7,3,12,24,12,2,9,0,0,5,14,0,1741,135
wpi61746552e98473o3,P10.png,Right,10,2,101,0,26,3,24,131,103,29,62,1105,350,8,24,10,1,29,0,9,1,10,29,33,10,26,0,0,4,10,3,1978,165
wpi61746552e98473o3,P11.png,Right,18,6,83,10,21,0,32,105,36,17,23,703,236,18,6,0,3,25,5,10,0,13,17,13,5,11,0,0,8,3,0,1296,113
wpi61746552e98473o3,P12.png,Right,40,8,206,20,63,18,26,213,158,45,124,1915,772,14,50,6,4,64,9,23,4,12,52,52,18,53,0,0,7,23,3,3638,324
wpi61746552e98473o3,P2.png,Left,30,33,65,156,14,34,30,271,70,14,58,1887,1279,57,60,19,12,27,45,6,13,15,64,19,7,23,0,0,26,28,5,4047,290
wpi61746552e98473o3,P3.png,Left,25,67,30,102,20,28,48,88,26,4,12,1504,930,22,56,2,13,8,24,6,10,13,20,7,1,5,0,0,9,16,1,2939,133
wpi61746552e98473o3,P4.png,Left,28,2,39,72,26,65,51,76,7,0,30,689,137,6,10,0,1,15,20,9,17,19,18,3,0,12,0,0,3,5,0,1210,122
wpi61746552e98473o3,P5.png,Left,18,44,12,41,39,29,27,110,12,16,15,1663,2069,16,18,40,14,6,16,14,11,12,22,5,7,7,0,0,8,8,14,4151,144
wpi61746552e98473o3,P6.png,Left,14,37,34,48,6,12,20,74,12,8,11,951,445,10,16,12,6,13,17,3,4,9,14,5,4,5,0,0,5,6,4,1696,95
wpi61746552e98473o3,P7.png,Right,22,13,77,40,10,18,14,110,22,12,30,921,1058,19,37,2,5,27,17,5,6,6,26,10,5,13,0,0,7,13,1,2383,141
wpi61746552e98473o3,P8.png,Right,37,61,210,85,114,22,46,136,52,22,105,1905,350,33,98,0,19,59,21,25,8,17,41,16,7,34,0,0,14,28,0,3239,289
wpi61746552e98473o3,P9.png,Right,8,32,83,2,15,0,6,267,71,32,22,1192,758,56,98,0,12,28,1,5,0,3,62,27,7,9,0,0,22,44,0,2634,220
wpi6174d07067656g47,CC1.png,Left,8,18,7,28,5,12,2,16,35,18,9,489,55,10,8,3,4,4,11,2,4,1,4,11,6,5,0,0,3,3,2,715,60
wpi6174d07067656g47,CC10.png,Right,8,4,25,5,14,7,20,11,2,13,6,408,97,3,12,6,2,9,2,7,3,8,5,2,5,4,0,0,3,6,3,633,59
wpi6174d07067656g47,CC11.png,Right,10,13,35,17,9,5,5,13,22,3,11,504,123,21,17,1,5,15,7,4,3,3,6,6,2,6,0,0,8,7,1,799,73
wpi6174d07067656g47,CC12.png,Right,8,28,9,16,5,0,6,33,6,2,1,623,222,7,24,1,10,4,7,4,0,3,10,3,1,1,0,0,3,9,1,983,56
wpi6174d07067656g47,CC2.png,Left,3,9,9,16,1,3,14,40,10,1,8,352,125,29,4,3,3,4,3,1,1,5,11,4,1,3,0,0,6,3,1,624,46
wpi6174d07067656g47,CC3.png,Left,14,10,10,27,5,9,8,25,25,25,19,598,126,9,13,4,4,5,14,3,5,4,11,12,12,10,0,0,4,5,2,913,91
wpi6174d07067656g47,CC4.png,Left,2,35,5,14,0,2,3,33,22,4,4,458,103,16,20,0,10,2,6,0,1,2,11,8,2,1,0,0,5,9,0,719,57
wpi6174d07067656g47,CC5.png,Left,5,2,5,14,7,20,3,11,29,10,7,543,353,2,11,4,1,3,7,2,8,1,5,7,4,5,0,0,1,4,2,1021,50
wpi6174d07067656g47,CC6.png,Left,4,12,5,25,4,11,12,46,40,12,23,597,45,10,13,1,5,2,9,1,5,4,10,11,6,8,0,0,5,5,1,856,72
wpi6174d07067656g47,CC7.png,Right,18,9,17,23,9,10,18,34,0,0,2,353,60,3,10,0,2,10,9,4,6,8,5,0,0,1,0,0,3,5,0,548,53
wpi6174d07067656g47,CC8.png,Right,22,39,56,20,20,25,31,47,18,18,21,958,190,12,13,8,10,23,11,10,8,14,17,9,7,11,0,0,7,6,4,1476,137
wpi6174d07067656g47,CC9.png,Right,14,20,44,7,20,3,19,78,20,6,6,517,190,23,22,2,7,17,4,8,2,8,17,6,3,3,0,0,8,10,1,977,94
wpi6174d07067656g47,P1.png,Left,13,0,11,14,12,14,6,23,9,16,12,337,154,2,8,7,0,6,7,5,7,4,5,5,5,4,0,0,1,5,3,625,57
wpi6174d07067656g47,P10.png,Right,18,24,35,51,14,16,33,41,15,18,7,609,60,7,14,12,8,14,12,5,5,11,9,5,5,3,0,0,2,6,2,956,87
wpi6174d07067656g47,P11.png,Right,12,5,18,7,21,8,23,73,16,18,14,702,366,5,7,17,3,10,3,11,5,10,18,9,6,6,0,0,3,4,7,1300,95
wpi6174d07067656g47,P12.png,Right,7,23,11,13,8,7,13,68,16,0,2,417,169,18,20,3,8,5,6,3,3,7,15,2,0,1,0,0,9,10,1,788,70
wpi6174d07067656g47,P2.png,Left,16,6,16,63,2,23,21,79,13,7,32,517,72,16,24,8,3,8,25,1,10,10,20,5,4,10,0,0,8,12,4,899,120
wpi6174d07067656g47,P3.png,Left,9,11,11,46,8,13,6,75,17,8,16,509,118,13,18,1,5,6,14,2,5,3,16,8,5,7,0,0,6,8,1,870,86
wpi6174d07067656g47,P4.png,Left,11,3,8,25,11,8,13,23,12,11,5,377,55,8,7,5,1,6,11,6,3,6,8,7,5,3,0,0,4,4,2,571,66
wpi6174d07067656g47,P5.png,Left,0,42,3,40,0,0,9,31,48,13,19,914,93,14,24,2,16,2,18,0,0,4,9,19,5,7,0,0,7,11,1,1252,99
wpi6174d07067656g47,P6.png,Left,20,4,35,11,22,13,11,32,0,3,6,499,499,3,5,8,1,14,6,9,8,7,12,0,2,3,0,0,2,3,4,1151,71
wpi6174d07067656g47,P7.png,Right,52,14,131,46,56,33,47,165,61,10,58,1449,213,29,43,16,4,45,19,23,15,20,39,25,4,24,0,0,7,18,6,2371,249
wpi6174d07067656g47,P8.png,Right,12,1,25,7,23,20,15,15,16,18,19,454,136,0,2,1,1,10,3,7,4,6,6,8,6,5,0,0,0,2,1,752,59
wpi6174d07067656g47,P9.png,Right,35,6,79,40,39,40,42,47,19,18,15,905,118,6,23,23,3,28,17,13,16,20,15,8,7,6,0,0,3,10,6,1420,152
wpi6173343z22520d13,IC1.png,Left,0,8,4,8,0,0,12,12,8,6,0,124,422,2,0,0,3,2,3,0,0,3,4,3,1,0,0,0,1,0,0,606,20
wpi6173343z22520d13,IC10.png,Right,2,4,12,6,6,0,0,4,4,0,0,148,409,0,10,0,2,4,2,2,0,0,2,2,0,0,0,0,0,4,0,603,18
wpi6173343z22520d13,IC11.png,Right,2,4,4,8,10,6,2,6,0,0,0,167,664,0,0,6,2,1,2,1,1,1,3,0,0,0,0,0,0,0,2,877,13
wpi6173343z22520d13,IC12.png,Right,7,14,4,10,0,8,2,14,4,0,10,286,859,2,10,2,5,2,4,0,4,1,4,2,0,2,0,0,1,5,1,1225,31
wpi6173343z22520d13,IC2.png,Left,11,12,6,36,10,24,12,30,14,16,14,726,2681,10,10,14,5,2,12,4,6,6,12,6,8,5,0,0,4,4,5,3615,79
wpi6173343z22520d13,IC3.png,Left,6,12,10,26,8,6,8,34,24,16,10,460,713,4,13,8,5,4,9,2,3,3,10,7,6,4,0,0,1,4,3,1352,61
wpi6173343z22520d13,IC4.png,Left,1,8,4,2,6,0,2,8,22,10,4,189,455,2,0,4,2,2,1,2,0,1,3,3,4,1,0,0,1,0,2,716,22
wpi6173343z22520d13,IC5.png,Left,4,10,6,10,0,10,6,10,12,34,10,322,527,2,8,0,3,1,4,0,3,2,3,4,9,5,0,0,1,2,0,967,37
wpi6173343z22520d13,IC6.png,Left,5,14,0,6,0,14,4,0,10,10,2,208,551,0,0,2,3,0,3,0,3,1,0,3,4,1,0,0,0,0,1,821,19
wpi6173343z22520d13,IC7.png,Right,8,9,2,10,10,8,2,0,4,2,4,102,438,2,2,2,4,1,4,4,2,1,0,1,1,2,0,0,1,1,1,597,23
wpi6173343z22520d13,IC8.png,Right,3,6,4,2,4,4,6,6,0,2,0,142,368,4,2,0,3,2,1,2,2,2,1,0,1,0,0,0,2,1,0,550,17
wpi6173343z22520d13,IC9.png,Right,6,12,2,20,8,2,10,16,2,6,8,341,864,2,6,2,4,1,7,3,1,4,5,1,2,4,0,0,1,3,1,1301,37
wpi6173343z22520d13,P1.png,Left,0,0,2,0,0,0,2,0,4,4,0,102,649,0,0,4,0,1,0,0,0,1,0,2,2,0,0,0,0,0,1,767,7
wpi6173343z22520d13,P10.png,Right,7,14,4,14,10,2,0,18,2,2,0,247,1117,8,4,0,4,2,6,4,1,0,5,1,1,0,0,0,3,2,0,1442,29
wpi6173343z22520d13,P11.png,Right,22,10,32,25,52,36,12,30,2,4,8,671,1595,14,10,10,4,10,10,15,15,5,7,1,2,4,0,0,5,3,4,2511,85
wpi6173343z22520d13,P12.png,Right,5,2,12,6,4,4,10,2,8,2,2,221,1040,4,0,0,1,5,3,2,2,2,1,3,1,1,0,0,2,0,0,1317,23
wpi6173343z22520d13,P2.png,Left,9,2,6,22,4,14,2,13,15,16,12,472,816,6,0,0,1,2,7,2,5,1,4,6,5,4,0,0,2,0,0,1400,39
wpi6173343z22520d13,P3.png,Left,7,2,4,14,8,12,6,8,12,34,24,338,786,2,9,2,1,2,5,3,4,2,2,5,12,10,0,0,1,4,1,1261,52
wpi6173343z22520d13,P4.png,Left,10,4,6,24,2,18,2,3,5,22,14,319,983,2,4,2,2,2,4,1,7,1,1,3,7,4,0,0,1,2,1,1410,36
wpi6173343z22520d13,P5.png,Left,9,6,2,14,12,22,2,6,22,22,16,425,755,4,2,12,2,1,6,3,7,1,3,4,7,4,0,0,2,1,4,1322,45
wpi6173343z22520d13,P6.png,Left,9,4,8,24,6,19,8,22,18,38,16,563,1214,14,2,12,2,3,7,3,5,2,7,6,10,7,0,0,4,1,6,1968,63
wpi6173343z22520d13,P7.png,Right,7,2,22,10,10,6,19,6,4,0,16,294,356,0,4,6,1,8,3,4,3,8,2,1,0,5,0,0,0,2,2,755,39
wpi6173343z22520d13,P8.png,Right,12,6,14,16,24,26,28,30,10,6,22,467,1866,6,6,6,2,6,6,7,9,8,7,5,2,4,0,0,3,2,3,2533,64
wpi6173343z22520d13,P9.png,Right,8,12,10,8,38,30,16,4,8,2,6,449,760,2,0,6,5,4,3,6,5,6,2,4,1,3,0,0,1,0,2,1351,42
wpi617m3326052i0740,CC1.png,Left,0,0,0,0,1627,0,0,0,0,0,0,1637,0,0,0,0,0,0,0,1,0,0,0,0,0,0,0,0,0,0,0,3264,1
wpi617m3326052i0740,CC10.png,Right,0,0,0,0,0,0,0,0,0,2072,0,2078,0,0,0,0,0,0,0,0,0,0,0,0,1,0,0,0,0,0,0,4150,1
wpi617m3326052i0740,CC11.png,Right,0,0,0,0,0,0,0,0,0,368,0,366,0,0,0,0,0,0,0,0,0,0,0,0,1,0,0,0,0,0,0,734,1
wpi617m3326052i0740,CC12.png,Right,0,0,0,0,0,0,0,0,0,781,0,784,0,0,0,0,0,0,0,0,0,0,0,0,1,0,0,0,0,0,0,1565,1
wpi617m3326052i0740,CC2.png,Left,0,0,0,0,3204,0,0,0,0,0,0,3225,0,0,0,0,0,0,0,1,0,0,0,0,0,0,0,0,0,0,0,6429,1
wpi617m3326052i0740,CC3.png,Left,0,0,0,0,517,0,0,0,0,0,0,516,0,0,0,0,0,0,0,1,0,0,0,0,0,0,0,0,0,0,0,1033,1
wpi617m3326052i0740,CC4.png,Left,0,0,0,0,341,0,0,0,0,0,0,341,0,0,0,0,0,0,0,1,0,0,0,0,0,0,0,0,0,0,0,682,1
wpi617m3326052i0740,CC5.png,Left,0,0,0,0,621,0,0,0,0,0,0,632,0,0,0,0,0,0,0,1,0,0,0,0,0,0,0,0,0,0,0,1253,1
wpi617m3326052i0740,CC6.png,Left,0,0,0,0,1438,0,0,0,0,0,0,1432,0,0,0,0,0,0,0,1,0,0,0,0,0,0,0,0,0,0,0,2870,1
wpi617m3326052i0740,CC7.png,Right,0,0,0,0,0,0,0,0,0,475,0,469,0,0,0,0,0,0,0,0,0,0,0,0,1,0,0,0,0,0,0,944,1
wpi617m3326052i0740,CC8.png,Right,0,0,0,0,0,0,0,0,0,1946,0,1953,0,0,0,0,0,0,0,0,0,0,0,0,1,0,0,0,0,0,0,3899,1
wpi617m3326052i0740,CC9.png,Right,0,0,0,0,0,0,0,0,0,2112,0,2115,0,0,0,0,0,0,0,0,0,0,0,0,1,0,0,0,0,0,0,4227,1
wpi617m3326052i0740,P1.png,Left,0,0,0,0,749,0,0,0,0,0,0,757,0,0,0,0,0,0,0,1,0,0,0,0,0,0,0,0,0,0,0,1506,1
wpi617m3326052i0740,P10.png,Right,0,0,0,0,0,0,0,0,0,717,0,724,0,0,0,0,0,0,0,0,0,0,0,0,1,0,0,0,0,0,0,1441,1
wpi617m3326052i0740,P11.png,Right,0,0,0,0,0,0,0,0,0,664,0,665,0,0,0,0,0,0,0,0,0,0,0,0,1,0,0,0,0,0,0,1329,1
wpi617m3326052i0740,P12.png,Right,0,0,0,0,0,0,0,0,0,1822,0,1819,0,0,0,0,0,0,0,0,0,0,0,0,1,0,0,0,0,0,0,3641,1
wpi617m3326052i0740,P2.png,Left,0,0,0,0,838,0,0,0,0,0,0,831,0,0,0,0,0,0,0,1,0,0,0,0,0,0,0,0,0,0,0,1669,1
wpi617m3326052i0740,P3.png,Left,0,0,0,0,1020,0,0,0,0,0,0,1019,0,0,0,0,0,0,0,1,0,0,0,0,0,0,0,0,0,0,0,2039,1
wpi617m3326052i0740,P4.png,Left,0,0,0,0,455,0,0,0,0,0,0,452,0,0,0,0,0,0,0,1,0,0,0,0,0,0,0,0,0,0,0,907,1
wpi617m3326052i0740,P5.png,Left,0,0,0,0,949,0,0,0,0,0,0,955,0,0,0,0,0,0,0,1,0,0,0,0,0,0,0,0,0,0,0,1904,1
wpi617m3326052i0740,P6.png,Left,0,0,0,0,1442,0,0,0,0,0,0,1436,0,0,0,0,0,0,0,1,0,0,0,0,0,0,0,0,0,0,0,2878,1
wpi617m3326052i0740,P7.png,Right,0,0,0,0,0,0,0,0,0,788,0,784,0,0,0,0,0,0,0,0,0,0,0,0,1,0,0,0,0,0,0,1572,1
wpi617m3326052i0740,P8.png,Right,0,0,0,0,0,0,0,0,0,760,0,757,0,0,0,0,0,0,0,0,0,0,0,0,1,0,0,0,0,0,0,1517,1
wpi617m3326052i0740,P9.png,Right,0,0,0,0,0,0,0,0,0,1427,0,1432,0,0,0,0,0,0,0,0,0,0,0,0,1,0,0,0,0,0,0,2859,1
wpi61c731899243p416,CC1.png,Left,14,0,20,6,20,4,2,6,2,0,2,212,154,2,0,2,0,8,3,6,2,1,2,1,0,1,0,0,1,0,1,432,26
wpi61c731899243p416,CC10.png,Right,1,0,2,0,4,0,0,19,10,8,2,169,221,4,8,0,0,1,0,2,0,0,4,3,1,1,0,0,1,3,0,447,16
wpi61c731899243p416,CC11.png,Right,1,6,2,0,2,0,0,26,12,12,0,310,669,6,4,2,2,1,0,1,0,0,8,5,2,0,0,0,2,2,1,1051,24
wpi61c731899243p416,CC12.png,Right,1,2,6,0,10,0,0,8,21,10,2,317,414,4,0,4,1,1,0,4,0,0,1,6,4,1,0,0,2,0,2,798,22
wpi61c731899243p416,CC2.png,Left,14,8,15,8,50,4,15,18,0,0,0,290,234,2,4,0,2,5,4,10,1,6,7,0,0,0,0,0,1,2,0,648,38
wpi61c731899243p416,CC3.png,Left,1,0,8,6,2,0,2,24,0,0,0,186,249,8,6,0,0,4,3,1,0,1,5,0,0,0,0,0,2,2,0,491,18
wpi61c731899243p416,CC4.png,Left,5,4,29,13,8,0,6,9,8,0,0,272,216,0,7,2,2,7,3,3,0,1,3,2,0,0,0,0,0,3,1,574,25
wpi61c731899243p416,CC5.png,Left,6,0,10,8,11,0,2,12,0,0,4,139,93,0,0,0,0,4,3,3,0,1,4,0,0,2,0,0,0,0,0,279,17
wpi61c731899243p416,CC6.png,Left,27,19,48,35,30,26,39,50,9,13,6,933,1200,8,6,2,8,17,12,10,10,16,13,4,4,3,0,0,4,3,1,2424,105
wpi61c731899243p416,CC7.png,Right,0,12,6,0,0,0,0,12,2,4,0,251,214,2,4,2,3,2,0,0,0,0,3,1,1,0,0,0,1,2,1,509,14
wpi61c731899243p416,CC8.png,Right,2,0,4,4,14,0,0,24,12,12,0,319,327,3,0,6,0,2,1,4,0,0,5,5,6,0,0,0,1,0,2,725,26
wpi61c731899243p416,CC9.png,Right,1,0,2,0,2,0,0,58,8,22,2,391,454,12,2,0,0,1,0,1,0,0,6,4,6,1,0,0,4,1,0,953,24
wpi61c731899243p416,P1.png,Left,11,11,12,12,16,12,20,10,0,0,0,315,336,0,2,6,3,5,5,7,6,9,5,0,0,0,0,0,0,1,3,752,44
wpi61c731899243p416,P10.png,Right,0,8,0,0,14,0,0,39,21,22,4,414,331,12,20,6,2,0,0,5,0,0,8,6,6,2,0,0,6,6,3,891,44
wpi61c731899243p416,P11.png,Right,7,2,26,0,18,4,6,36,34,32,16,421,599,2,4,4,1,5,0,6,2,2,8,13,11,6,0,0,1,2,2,1204,59
wpi61c731899243p416,P12.png,Right,9,6,22,14,10,0,20,78,36,26,29,1006,1435,6,6,4,3,10,5,5,0,8,17,13,10,9,0,0,3,3,2,2698,88
wpi61c731899243p416,P2.png,Left,18,8,37,24,26,12,16,59,2,0,2,495,466,12,4,0,3,12,7,9,5,6,11,1,0,1,0,0,4,2,0,1163,61
wpi61c731899243p416,P3.png,Left,3,0,10,0,4,0,2,17,0,0,0,176,344,0,0,0,0,4,0,2,0,1,3,0,0,0,0,0,0,0,0,553,10
wpi61c731899243p416,P4.png,Left,9,8,14,23,12,4,12,24,6,4,4,373,459,0,2,0,2,4,8,4,1,5,8,2,2,2,0,0,0,1,0,945,39
wpi61c731899243p416,P5.png,Left,52,38,114,72,62,80,62,134,14,24,38,1530,939,24,34,18,13,35,27,20,24,26,33,7,9,15,0,0,10,13,7,3183,239
wpi61c731899243p416,P6.png,Left,24,2,36,26,38,20,24,28,6,0,8,452,705,10,2,0,1,10,10,9,7,7,6,3,0,4,0,0,1,1,0,1357,59
wpi61c731899243p416,P7.png,Right,1,0,2,0,2,0,0,38,26,20,6,452,496,0,0,0,0,1,0,1,0,0,8,8,5,2,0,0,0,0,0,1042,25
wpi61c731899243p416,P8.png,Right,2,0,11,6,0,2,2,110,6,18,4,259,363,4,7,0,0,4,1,0,1,1,5,2,2,2,0,0,2,3,0,792,23
wpi61c731899243p416,P9.png,Right,8,24,70,32,14,2,16,92,30,8,40,907,854,24,26,2,8,22,9,5,1,8,21,10,4,15,0,0,11,9,1,2141,124
wpi6im1729883307292,CC1.png,Left,3,8,8,16,2,4,2,10,18,2,11,212,273,2,6,0,1,2,3,1,2,1,2,4,1,3,0,0,1,1,0,574,22
wpi6im1729883307292,CC10.png,Right,2,0,4,0,34,8,20,0,0,0,0,30,72,0,0,0,0,1,0,1,1,2,0,0,0,0,0,0,0,0,0,168,5
wpi6im1729883307292,CC11.png,Right,1,0,4,0,2,0,0,2,20,2,12,185,0,0,0,0,0,2,0,1,0,0,1,5,1,4,0,0,0,0,0,227,14
wpi6im1729883307292,CC12.png,Right,7,0,4,69,0,20,7,0,0,0,0,133,0,0,0,0,0,1,6,0,4,2,0,0,0,0,0,0,0,0,0,233,13
wpi6im1729883307292,CC2.png,Left,0,0,0,51,0,0,0,8,0,0,2,86,0,0,11,0,0,0,3,0,0,0,2,0,0,1,0,0,0,2,0,158,8
wpi6im1729883307292,CC3.png,Left,0,0,0,48,0,0,0,0,0,0,10,94,0,0,5,0,0,0,3,0,0,0,0,0,0,1,0,0,0,2,0,157,6
wpi6im1729883307292,CC4.png,Left,4,0,26,12,2,4,10,0,2,0,2,112,211,0,4,0,0,4,4,1,1,2,0,1,0,1,0,0,0,1,0,385,15
wpi6im1729883307292,CC5.png,Left,0,0,0,4,0,0,0,0,0,12,0,170,30,0,0,0,0,0,1,0,0,0,0,0,1,0,0,0,0,0,0,216,2
wpi6im1729883307292,CC6.png,Left,0,8,0,4,0,0,0,0,36,0,10,145,2,0,0,0,1,0,1,0,0,0,0,4,0,2,0,0,0,0,0,205,8
wpi6im1729883307292,CC7.png,Right,4,0,18,10,2,6,10,0,0,0,0,102,0,0,0,0,0,2,3,1,1,2,0,0,0,0,0,0,0,0,0,148,9
wpi6im1729883307292,CC8.png,Right,4,0,2,24,0,10,12,0,0,0,0,170,6,0,0,0,0,1,5,0,2,2,0,0,0,0,0,0,0,0,0,224,10
wpi6im1729883307292,CC9.png,Right,2,2,23,20,4,0,16,0,0,0,0,158,18,0,10,0,1,5,2,1,0,3,0,0,0,0,0,0,0,1,0,251,13
wpi6im1729883307292,P1.png,Left,0,0,10,32,0,0,0,6,4,0,8,135,0,2,14,0,0,4,6,0,0,0,2,2,0,2,0,0,1,6,0,211,23
wpi6im1729883307292,P10.png,Right,0,0,8,0,0,0,0,2,41,8,60,262,6,0,0,0,0,3,0,0,0,0,1,6,1,7,0,0,0,0,0,387,18
wpi6im1729883307292,P11.png,Right,0,22,0,2,0,0,0,4,0,0,0,110,17,8,21,0,3,0,1,0,0,0,1,0,0,0,0,0,2,1,0,184,8
wpi6im1729883307292,P12.png,Right,0,0,23,0,0,0,0,18,4,2,14,147,0,0,0,0,0,3,0,0,0,0,3,2,1,3,0,0,0,0,0,208,12
wpi6im1729883307292,P2.png,Left,0,2,10,4,0,0,6,4,2,0,0,125,0,6,12,0,1,1,1,0,0,1,2,1,0,0,0,0,1,3,0,171,11
wpi6im1729883307292,P3.png,Left,1,20,8,14,0,2,0,2,2,0,0,133,5,8,16,0,3,1,2,0,1,0,1,1,0,0,0,0,3,4,0,210,16
wpi6im1729883307292,P4.png,Left,6,2,50,16,14,0,12,6,2,0,2,166,2,0,0,0,1,9,3,3,0,6,3,1,0,1,0,0,0,0,0,272,27
wpi6im1729883307292,P5.png,Left,0,0,0,32,0,0,2,16,2,0,8,118,0,0,14,0,0,0,7,0,0,1,3,1,0,3,0,0,0,5,0,192,20
wpi6im1729883307292,P6.png,Left,1,16,10,2,0,10,0,57,0,0,0,125,52,6,6,0,1,2,1,0,1,0,5,0,0,0,0,0,1,2,0,284,13
wpi6im1729883307292,P7.png,Right,22,56,48,50,22,8,18,64,6,2,20,934,1201,34,38,8,10,14,15,8,4,8,15,3,1,9,0,0,9,14,3,2509,113
wpi6im1729883307292,P8.png,Right,0,0,0,0,0,0,0,74,4,0,0,92,0,4,6,0,0,0,0,0,0,0,3,2,0,0,0,0,2,1,0,180,8
wpi6im1729883307292,P9.png,Right,2,0,36,4,4,0,14,0,0,4,0,147,0,0,10,0,0,5,1,1,0,3,0,0,1,0,0,0,0,2,0,219,13
wpi61f74252o4451050,CC1.png,Left,12,36,20,50,12,14,12,96,62,38,26,1244,838,37,32,0,12,9,11,3,5,6,24,17,8,6,0,0,15,12,0,2517,128
wpi61f74252o4451050,CC10.png,Right,3,32,22,18,0,16,4,44,4,4,4,395,532,22,14,2,9,3,7,0,2,2,12,2,1,2,0,0,9,7,1,1113,57
wpi61f74252o4451050,CC11.png,Right,12,76,30,26,10,26,12,86,6,0,2,820,860,42,28,2,23,10,11,3,5,6,25,2,0,1,0,0,18,11,1,2026,116
wpi61f74252o4451050,CC12.png,Right,1,46,24,6,0,8,6,42,8,2,2,550,578,22,12,0,12,8,3,0,1,3,14,4,1,1,0,0,10,5,0,1306,62
wpi61f74252o4451050,CC2.png,Left,3,84,8,26,0,4,2,66,52,10,4,950,1520,44,20,0,17,4,10,0,2,1,23,13,4,2,0,0,14,10,0,2790,100
wpi61f74252o4451050,CC3.png,Left,12,66,12,36,4,24,22,80,30,26,26,808,1620,41,14,0,18,5,13,2,8,7,20,13,9,11,0,0,19,7,0,2809,132
wpi61f74252o4451050,CC4.png,Left,4,32,10,20,0,6,10,72,8,4,11,450,492,36,20,0,10,4,8,0,3,4,14,4,2,5,0,0,13,7,0,1171,74
wpi61f74252o4451050,CC5.png,Left,10,46,8,22,0,16,8,42,7,6,10,582,1192,24,28,0,12,4,9,0,6,3,12,3,2,4,0,0,9,11,0,1991,75
wpi61f74252o4451050,CC6.png,Left,11,42,8,18,6,6,8,92,28,2,10,561,688,26,14,0,13,4,8,3,3,4,16,5,1,3,0,0,12,7,0,1509,79
wpi61f74252o4451050,CC7.png,Right,9,54,28,30,24,6,20,26,14,12,10,689,630,12,12,0,14,9,8,7,3,6,8,6,3,3,0,0,6,6,0,1567,79
wpi61f74252o4451050,CC8.png,Right,8,68,18,10,12,0,12,42,10,10,14,796,852,34,12,0,19,7,5,4,0,6,18,5,4,5,0,0,16,6,0,1890,95
wpi61f74252o4451050,CC9.png,Right,16,40,28,40,36,20,40,46,4,16,32,944,1150,20,16,2,8,14,11,9,6,12,13,2,6,8,0,0,6,5,1,2434,101
wpi61f74252o4451050,P1.png,Left,2,74,0,18,0,4,4,32,32,2,22,656,830,16,16,0,15,0,8,0,2,2,12,14,1,4,0,0,7,7,0,1706,72
wpi61f74252o4451050,P10.png,Right,6,64,6,30,4,6,8,38,2,0,0,602,604,14,22,0,20,3,8,2,3,4,12,1,0,0,0,0,7,8,0,1400,68
wpi61f74252o4451050,P11.png,Right,36,72,188,80,64,22,62,188,44,32,36,2112,2903,70,58,10,23,39,21,21,8,22,50,19,10,15,0,0,29,24,3,5941,284
wpi61f74252o4451050,P12.png,Right,41,74,82,52,50,40,56,130,24,28,42,1519,592,26,42,16,24,30,18,18,13,15,34,9,7,17,0,0,10,19,6,2773,220
wpi61f74252o4451050,P2.png,Left,8,86,12,60,6,22,24,206,66,23,22,1704,1249,82,60,0,27,6,25,2,6,10,45,26,8,10,0,0,28,24,0,3622,217
wpi61f74252o4451050,P3.png,Left,17,122,22,94,12,16,16,150,82,50,42,2272,2628,92,76,6,38,10,32,6,6,8,44,27,18,14,0,0,31,30,2,5680,266
wpi61f74252o4451050,P4.png,Left,4,47,20,18,2,4,10,46,18,4,14,600,362,28,18,0,9,9,5,1,1,5,15,7,2,5,0,0,10,7,0,1191,76
wpi61f74252o4451050,P5.png,Left,6,76,10,88,6,2,20,164,38,16,6,1575,1614,70,68,8,25,5,21,3,1,9,46,10,4,3,0,0,24,25,3,3761,179
wpi61f74252o4451050,P6.png,Left,39,98,32,104,22,64,26,296,58,30,50,2111,2382,98,36,22,33,12,34,9,19,13,46,27,10,21,0,0,35,14,8,5429,281
wpi61f74252o4451050,P7.png,Right,41,83,84,80,94,30,70,80,26,8,44,1913,584,18,20,14,19,30,24,21,10,26,23,12,2,17,0,0,7,9,6,3148,206
wpi61f74252o4451050,P8.png,Right,16,104,56,56,18,6,20,82,14,8,4,1267,1728,38,14,2,27,20,18,7,3,9,28,7,4,2,0,0,16,7,1,3417,149
wpi61f74252o4451050,P9.png,Right,72,102,246,86,100,76,92,202,58,48,98,3378,1567,86,60,28,31,49,31,32,18,30,59,23,16,32,0,0,34,26,11,6227,392
wpi617u4e6477394553,CC1.png,Left,4,3,0,10,2,25,7,3,32,25,19,484,354,0,0,14,1,0,4,1,8,2,1,7,11,6,0,0,0,0,5,978,46
wpi617u4e6477394553,CC10.png,Right,2,0,2,0,11,2,2,2,0,2,2,209,349,0,0,14,0,1,0,6,1,1,1,0,1,1,0,0,0,0,5,595,17
wpi617u4e6477394553,CC11.png,Right,12,0,8,14,10,24,8,0,2,4,2,345,244,2,0,15,0,4,6,4,9,4,0,1,1,1,0,0,1,0,7,678,38
wpi617u4e6477394553,CC12.png,Right,35,3,27,33,104,70,55,5,22,23,41,1223,621,0,7,87,1,11,13,35,23,19,2,7,10,14,0,0,0,3,28,2321,166
wpi617u4e6477394553,CC2.png,Left,14,2,2,13,20,97,13,6,40,78,67,1255,546,2,4,41,1,1,6,9,31,6,2,18,27,31,0,0,1,2,19,2186,154
wpi617u4e6477394553,CC3.png,Left,6,0,0,6,10,43,10,0,25,43,24,682,370,0,0,57,0,0,3,3,17,5,0,13,19,11,0,0,0,0,20,1270,91
wpi617u4e6477394553,CC4.png,Left,1,0,0,2,2,10,0,0,12,33,4,345,368,0,0,28,0,0,1,1,3,0,0,3,9,2,0,0,0,0,10,804,29
wpi617u4e6477394553,CC5.png,Left,29,2,10,40,26,42,48,4,22,32,22,811,230,2,6,34,1,4,19,12,16,22,2,8,14,11,0,0,1,3,15,1331,128
wpi617u4e6477394553,CC6.png,Left,4,2,0,6,0,20,2,0,4,35,22,530,237,0,0,32,1,0,2,0,10,1,0,2,12,9,0,0,0,0,14,890,51
wpi617u4e6477394553,CC7.png,Right,13,2,11,16,12,25,7,0,0,0,0,366,249,2,0,15,1,3,7,3,9,3,0,0,0,0,0,0,1,0,6,705,33
wpi617u4e6477394553,CC8.png,Right,25,0,23,20,39,58,22,9,8,20,4,1015,1092,2,2,40,0,10,9,15,20,11,3,3,7,2,0,0,1,1,14,2354,96
wpi617u4e6477394553,CC9.png,Right,8,0,4,4,32,9,8,0,0,6,4,558,564,0,0,43,0,2,2,10,5,4,0,0,2,2,0,0,0,0,7,1232,34
wpi617u4e6477394553,P1.png,Left,28,8,35,64,19,47,30,28,16,19,19,707,176,4,22,6,3,16,22,8,15,11,13,7,7,8,0,0,1,11,2,1200,124
wpi617u4e6477394553,P10.png,Right,25,17,45,17,50,30,25,73,24,26,23,834,225,14,4,10,8,17,7,21,12,12,21,10,10,9,0,0,6,2,4,1417,139
wpi617u4e6477394553,P11.png,Right,68,6,101,46,104,24,58,30,24,18,51,1136,86,6,8,39,3,42,19,40,11,23,12,11,8,21,0,0,3,4,15,1737,212
wpi617u4e6477394553,P12.png,Right,56,8,501,69,70,61,40,25,56,40,39,1261,145,6,13,31,4,22,25,28,21,17,11,17,14,17,0,0,3,6,11,2365,196
wpi617u4e6477394553,P2.png,Left,37,4,35,34,18,76,34,36,64,60,33,859,114,2,15,12,2,10,15,8,26,14,9,23,20,12,0,0,1,7,5,1396,152
wpi617u4e6477394553,P3.png,Left,42,6,69,55,41,17,39,101,4,12,10,842,101,12,26,7,3,29,23,17,8,17,28,2,3,4,0,0,5,12,3,1342,154
wpi617u4e6477394553,P4.png,Left,31,12,14,62,26,63,28,31,28,38,38,837,68,7,18,16,5,6,22,11,27,12,13,12,16,16,0,0,3,9,4,1286,156
wpi617u4e6477394553,P5.png,Left,16,23,63,26,18,4,19,223,4,0,0,970,496,33,37,0,9,22,11,7,2,9,39,2,0,0,0,0,15,16,0,1916,132
wpi617u4e6477394553,P6.png,Left,24,0,30,36,10,28,11,38,8,14,20,525,126,4,6,2,0,10,14,4,12,5,10,4,7,8,0,0,2,3,1,858,80
wpi617u4e6477394553,P7.png,Right,33,0,46,23,36,34,13,10,22,50,35,917,390,0,2,20,0,20,11,16,12,7,5,10,18,13,0,0,0,1,9,1598,122
wpi617u4e6477394553,P8.png,Right,46,16,81,39,63,17,19,71,25,27,37,894,237,9,21,10,8,31,17,24,9,8,20,12,10,17,0,0,5,9,5,1566,175
wpi617u4e6477394553,P9.png,Right,48,0,69,17,88,10,26,30,45,119,56,1269,209,5,17,35,0,30,9,34,5,11,13,20,37,24,0,0,3,8,15,1995,209
wpi6d173397n9368828,IC1.png,Left,8,50,0,77,0,8,18,70,188,32,36,1593,188,14,26,0,11,0,13,0,4,6,10,16,12,12,0,0,6,10,0,2300,100
wpi6d173397n9368828,IC10.png,Right,4,70,50,54,0,4,20,36,2,0,16,960,122,16,20,0,15,11,13,0,2,8,5,1,0,4,0,0,6,8,0,1370,73
wpi6d173397n9368828,IC11.png,Right,18,46,98,62,34,4,36,18,14,2,12,774,186,18,20,0,9,21,13,8,2,8,5,3,1,6,0,0,7,6,0,1324,89
wpi6d173397n9368828,IC12.png,Right,4,35,74,74,0,8,30,12,6,0,18,869,188,14,16,2,9,14,12,0,2,7,4,2,0,6,0,0,3,7,1,1346,67
wpi6d173397n9368828,IC2.png,Left,62,194,36,413,12,128,80,216,304,41,190,5100,407,102,288,16,46,15,103,5,39,29,48,50,7,52,0,0,37,88,5,7527,524
wpi6d173397n9368828,IC3.png,Left,21,16,2,146,18,63,50,46,220,44,98,1502,108,46,40,2,6,1,37,6,20,18,13,38,13,39,0,0,13,13,1,2401,218
wpi6d173397n9368828,IC4.png,Left,10,28,2,76,0,12,4,28,78,18,76,873,74,16,10,0,7,1,15,0,5,2,6,18,7,22,0,0,5,5,0,1295,93
wpi6d173397n9368828,IC5.png,Left,14,64,0,64,2,28,10,14,70,8,40,1080,92,22,42,0,12,0,17,1,8,2,5,16,4,14,0,0,8,12,0,1536,99
wpi6d173397n9368828,IC6.png,Left,39,24,12,152,12,104,40,36,138,18,100,1560,120,20,28,8,9,4,30,5,31,15,7,26,7,29,0,0,6,11,3,2372,183
wpi6d173397n9368828,IC7.png,Right,62,36,146,114,150,26,46,14,14,48,174,1782,150,12,22,12,5,38,22,37,10,16,3,6,17,43,0,0,5,6,5,2746,213
wpi6d173397n9368828,IC8.png,Right,68,73,238,151,143,110,132,140,72,22,52,3069,275,72,122,12,22,70,37,37,20,40,34,15,7,21,0,0,22,44,6,4683,375
wpi6d173397n9368828,IC9.png,Right,50,42,224,268,60,32,74,128,89,48,130,2855,209,30,62,2,12,51,39,22,13,31,27,23,19,38,0,0,12,25,1,4253,313
wpi6d173397n9368828,P1.png,Left,38,32,14,248,18,68,80,60,98,14,102,1416,91,37,46,0,10,6,51,7,21,25,16,21,5,29,0,0,14,19,0,2324,224
wpi6d173397n9368828,P10.png,Right,30,31,104,112,54,26,80,56,38,42,62,1534,58,12,50,2,9,29,23,14,8,24,10,8,10,18,0,0,5,14,1,2261,173
wpi6d173397n9368828,P11.png,Right,50,26,346,116,84,12,122,68,58,78,162,2232,36,20,58,0,9,73,32,32,4,35,17,19,22,44,0,0,7,18,0,3418,312
wpi6d173397n9368828,P12.png,Right,29,14,218,220,56,8,114,150,222,84,132,2629,52,16,80,2,5,56,27,18,3,30,28,36,19,41,0,0,6,23,1,3997,293
wpi6d173397n9368828,P2.png,Left,100,70,150,458,97,234,205,390,289,16,204,4203,389,124,236,8,23,39,107,20,55,56,78,42,7,55,0,0,37,80,3,7073,602
wpi6d173397n9368828,P3.png,Left,64,70,66,514,44,84,120,182,250,26,174,3635,182,68,132,4,17,17,107,14,31,40,44,56,9,55,0,0,24,49,2,5551,465
wpi6d173397n9368828,P4.png,Left,41,16,30,148,24,122,88,68,48,14,58,1338,258,12,26,4,5,9,36,11,26,24,14,12,6,23,0,0,4,11,2,2254,183
wpi6d173397n9368828,P5.png,Left,22,30,8,122,2,36,20,78,162,72,38,1345,58,6,50,0,7,4,28,1,15,9,11,15,10,16,0,0,3,19,0,2027,138
wpi6d173397n9368828,P6.png,Left,35,12,30,198,12,68,46,81,110,46,124,1697,100,10,46,6,6,9,40,4,23,15,24,26,14,43,0,0,5,16,2,2586,227
wpi6d173397n9368828,P7.png,Right,24,42,222,100,76,12,86,169,48,12,60,1918,114,42,96,0,8,43,24,16,6,26,26,14,2,16,0,0,12,35,0,2997,228
wpi6d173397n9368828,P8.png,Right,30,64,180,228,26,30,100,60,78,4,60,1818,82,23,64,0,13,41,38,10,8,32,16,17,2,16,0,0,7,21,0,2817,221
wpi6d173397n9368828,P9.png,Right,76,29,222,168,108,48,156,116,215,362,254,3340,164,22,70,2,7,64,37,37,15,45,23,45,53,70,0,0,9,22,1,5276,428
wpi6q1741050307u581,CC1.png,Left,9,6,16,26,11,8,16,70,4,10,4,405,226,6,24,0,3,6,12,3,3,7,13,2,5,2,0,0,3,8,0,832,67
wpi6q1741050307u581,CC10.png,Right,12,10,42,4,14,4,6,57,10,12,25,446,91,7,17,0,4,16,1,5,2,3,14,5,5,10,0,0,3,7,0,745,75
wpi6q1741050307u581,CC11.png,Right,2,0,6,0,8,0,0,20,6,7,6,160,96,7,4,0,0,2,0,3,0,0,6,2,2,3,0,0,2,2,0,320,22
wpi6q1741050307u581,CC12.png,Right,5,4,14,8,6,0,4,17,8,14,5,215,392,6,6,0,1,6,4,3,0,2,6,3,5,2,0,0,2,2,0,699,36
wpi6q1741050307u581,CC2.png,Left,20,6,28,28,35,10,2,88,0,0,10,605,385,2,8,6,3,13,9,11,4,1,19,0,0,5,0,0,1,4,3,1213,73
wpi6q1741050307u581,CC3.png,Left,15,2,14,24,20,22,8,17,2,2,4,265,132,0,6,6,1,5,9,7,6,3,7,1,1,2,0,0,0,3,1,524,46
wpi6q1741050307u581,CC4.png,Left,16,27,24,36,14,12,8,105,16,4,12,871,1084,22,26,2,9,9,12,6,5,4,23,7,2,6,0,0,9,10,1,2263,103
wpi6q1741050307u581,CC5.png,Left,8,2,12,18,38,14,12,32,2,2,4,399,324,0,4,4,1,5,7,9,5,3,4,1,1,2,0,0,0,2,2,867,42
wpi6q1741050307u581,CC6.png,Left,2,27,14,14,0,2,10,60,0,2,0,347,157,8,20,0,7,4,5,0,1,5,15,0,1,0,0,0,3,6,0,661,47
wpi6q1741050307u581,CC7.png,Right,12,8,18,4,18,14,0,39,15,22,14,379,341,8,6,6,4,7,2,8,6,0,13,7,6,5,0,0,4,3,3,892,68
wpi6q1741050307u581,CC8.png,Right,6,0,6,3,26,4,8,18,8,17,12,355,291,2,0,12,0,3,1,9,2,4,2,4,7,3,0,0,1,0,4,762,40
wpi6q1741050307u581,CC9.png,Right,11,8,54,7,14,10,12,53,21,24,16,582,453,9,20,4,3,12,3,6,3,2,9,9,8,6,0,0,4,6,2,1287,73
wpi6q1741050307u581,P1.png,Left,7,4,8,16,7,4,11,9,4,11,4,165,208,4,2,2,2,3,7,4,2,3,4,2,3,2,0,0,2,1,1,459,36
wpi6q1741050307u581,P10.png,Right,11,2,22,4,24,6,12,8,8,17,10,263,118,7,2,4,1,9,2,8,3,5,4,3,6,4,0,0,3,1,2,507,51
wpi6q1741050307u581,P11.png,Right,8,0,12,12,14,8,8,18,14,18,14,332,108,5,11,0,0,6,5,7,3,3,3,5,7,5,0,0,2,5,0,574,51
wpi6q1741050307u581,P12.png,Right,22,14,69,22,34,15,12,65,14,42,41,1039,638,14,12,10,6,21,9,11,7,6,22,7,12,16,0,0,7,5,4,2041,133
wpi6q1741050307u581,P2.png,Left,21,0,20,38,36,38,24,38,10,2,18,651,419,2,5,8,0,7,16,12,14,9,12,5,1,8,0,0,1,2,3,1309,90
wpi6q1741050307u581,P3.png,Left,13,6,18,20,10,16,17,43,15,8,14,276,190,6,4,2,3,4,9,4,8,7,14,6,4,7,0,0,3,2,1,645,72
wpi6q1741050307u581,P4.png,Left,15,4,10,33,14,14,23,14,26,4,12,497,600,0,2,8,2,5,10,7,7,11,5,8,2,6,0,0,0,1,4,1261,68
wpi6q1741050307u581,P5.png,Left,17,6,22,22,30,10,10,20,8,12,14,424,296,4,6,4,3,8,8,8,3,5,9,3,4,5,0,0,2,2,2,888,62
wpi6q1741050307u581,P6.png,Left,29,0,24,35,53,34,27,22,8,8,17,564,164,2,4,14,0,10,14,15,12,13,6,4,4,8,0,0,1,2,4,976,93
wpi6q1741050307u581,P7.png,Right,33,22,80,32,40,32,49,201,80,34,48,1801,1756,26,35,16,9,25,12,18,12,21,48,27,13,18,0,0,13,15,8,4252,239
wpi6q1741050307u581,P8.png,Right,4,12,28,6,2,4,7,52,40,16,2,473,334,14,10,6,6,9,2,1,2,2,17,8,6,1,0,0,7,5,3,1006,69
wpi6q1741050307u581,P9.png,Right,21,2,24,24,30,14,32,16,20,68,52,948,692,0,16,16,1,11,10,13,6,12,7,7,22,22,0,0,0,7,6,1954,124
wpi617406022rb74018,CC1.png,Left,9,14,2,16,4,14,4,54,48,44,8,711,926,12,22,24,4,1,8,2,6,2,13,9,12,4,0,0,6,8,9,1903,84
wpi617406022rb74018,CC10.png,Right,7,60,6,20,8,4,0,22,18,2,6,598,1507,24,10,4,10,3,6,4,1,0,6,4,1,3,0,0,8,4,1,2289,51
wpi617406022rb74018,CC11.png,Right,37,62,44,52,82,46,22,124,42,58,46,2029,2837,40,32,58,14,19,13,32,19,9,32,17,23,19,0,0,10,14,20,5574,241
wpi617406022rb74018,CC12.png,Right,11,6,10,14,20,16,2,22,20,28,20,598,1367,6,10,14,2,4,6,10,5,1,10,8,11,10,0,0,2,3,7,2153,79
wpi617406022rb74018,CC2.png,Left,2,78,4,16,2,4,2,56,48,2,12,1368,2298,30,18,0,16,1,7,1,2,1,15,15,1,6,0,0,13,8,0,3938,86
wpi617406022rb74018,CC3.png,Left,9,0,20,2,8,18,12,30,2,16,16,376,443,2,6,6,0,6,1,4,8,5,11,1,5,6,0,0,1,3,3,957,54
wpi617406022rb74018,CC4.png,Left,10,2,10,20,8,8,2,22,2,4,4,266,706,0,2,2,1,5,6,4,4,1,7,1,2,2,0,0,0,1,1,1058,35
wpi617406022rb74018,CC5.png,Left,1,10,8,6,0,2,4,62,12,2,0,304,407,8,8,0,4,3,3,0,1,1,11,5,1,0,0,0,2,3,0,833,34
wpi617406022rb74018,CC6.png,Left,3,28,6,18,0,10,2,42,14,4,8,544,1117,16,6,2,7,2,6,0,4,1,12,6,2,4,0,0,7,3,1,1817,55
wpi617406022rb74018,CC7.png,Right,35,28,64,30,58,36,34,66,82,56,38,1450,1230,16,10,20,10,25,14,21,8,16,15,22,21,18,0,0,8,5,8,3218,191
wpi617406022rb74018,CC8.png,Right,22,6,42,20,32,22,20,94,24,16,12,860,994,20,12,12,3,16,7,14,9,9,22,9,8,6,0,0,8,6,5,2186,122
wpi617406022rb74018,CC9.png,Right,46,4,100,56,58,40,46,42,50,36,44,1514,1846,4,30,50,1,33,17,22,14,23,17,22,15,21,0,0,2,10,18,3920,215
wpi617406022rb74018,P1.png,Left,61,8,90,88,72,66,42,148,38,46,36,1690,930,10,24,32,3,29,35,19,25,18,32,14,17,13,0,0,5,10,13,3320,233
wpi617406022rb74018,P10.png,Right,26,12,54,24,48,12,20,82,38,36,30,940,534,8,20,14,5,17,8,15,6,9,21,14,10,8,0,0,4,8,4,1872,129
wpi617406022rb74018,P11.png,Right,23,6,16,26,28,34,20,48,18,10,16,549,430,12,2,10,3,7,9,11,9,7,5,7,3,6,0,0,5,1,5,1225,78
wpi617406022rb74018,P12.png,Right,47,12,88,62,110,42,52,148,118,86,88,1852,538,16,28,28,6,31,21,40,14,22,27,37,28,32,0,0,8,13,14,3268,293
wpi617406022rb74018,P2.png,Left,1,42,2,10,2,2,0,60,18,0,2,508,1292,18,14,0,12,1,5,1,1,0,11,4,0,1,0,0,8,7,0,1970,51
wpi617406022rb74018,P3.png,Left,16,8,14,10,12,30,16,8,14,64,26,640,1457,4,8,4,4,6,5,2,14,7,3,5,17,8,0,0,2,4,2,2315,79
wpi617406022rb74018,P4.png,Left,15,4,16,8,18,12,14,72,4,0,8,661,738,10,24,0,2,6,4,6,6,7,18,2,0,4,0,0,5,9,0,1589,69
wpi617406022rb74018,P5.png,Left,18,20,18,42,14,18,18,84,20,16,16,685,732,14,16,12,8,7,15,6,9,9,18,10,5,8,0,0,7,5,6,1725,113
wpi617406022rb74018,P6.png,Left,16,24,14,30,12,12,10,103,34,18,20,830,1288,18,20,6,9,6,12,4,6,5,26,11,8,10,0,0,9,9,2,2439,117
wpi617406022rb74018,P7.png,Right,84,26,124,58,190,90,68,126,114,148,106,2994,1468,18,42,62,12,51,20,66,34,28,31,42,43,39,0,0,8,21,24,5634,419
wpi617406022rb74018,P8.png,Right,9,16,42,28,22,14,14,68,28,4,20,680,416,6,6,6,4,11,4,9,6,7,8,9,2,9,0,0,2,3,3,1370,77
wpi617406022rb74018,P9.png,Right,16,12,48,34,10,14,18,232,50,12,20,1152,626,32,52,0,6,19,13,3,7,9,42,14,5,8,0,0,12,20,0,2312,158
wpi6174o64579885r14,CC1.png,Left,18,12,30,54,32,25,19,103,14,20,29,708,38,23,16,0,5,7,16,6,10,5,17,3,5,8,0,0,4,6,0,1123,92
wpi6174o64579885r14,CC10.png,Right,5,0,11,0,28,0,5,16,13,2,4,228,75,0,2,24,0,5,0,7,0,1,2,1,1,2,0,0,0,1,4,408,24
wpi6174o64579885r14,CC11.png,Right,34,9,114,38,53,16,38,53,0,3,31,756,156,16,12,2,4,30,10,17,3,13,7,0,1,11,0,0,6,5,1,1297,108
wpi6174o64579885r14,CC12.png,Right,6,4,73,2,27,0,6,78,29,26,31,626,45,4,42,0,2,20,1,5,0,3,15,10,8,11,0,0,2,12,0,993,89
wpi6174o64579885r14,CC2.png,Left,30,49,31,139,24,30,34,371,27,23,28,1691,1155,24,74,16,14,10,33,7,10,10,41,5,6,10,0,0,9,28,3,3716,186
wpi6174o64579885r14,CC3.png,Left,8,16,42,34,9,11,6,247,8,0,4,723,324,18,37,0,5,9,14,3,2,3,27,3,0,2,0,0,7,14,0,1479,89
wpi6174o64579885r14,CC4.png,Left,9,8,6,66,7,26,13,44,25,10,28,669,87,19,39,14,3,3,16,2,6,6,9,10,2,12,0,0,6,12,6,1061,93
wpi6174o64579885r14,CC5.png,Left,11,4,11,65,0,29,25,59,15,14,40,576,270,7,24,0,2,2,16,0,8,8,10,5,3,12,0,0,3,6,0,1139,75
wpi6174o64579885r14,CC6.png,Left,30,19,29,51,35,26,28,286,2,4,8,852,230,17,62,2,9,11,21,11,9,11,32,1,2,3,0,0,8,22,1,1651,141
wpi6174o64579885r14,CC7.png,Right,8,0,13,0,15,0,2,135,66,24,25,482,198,7,2,2,0,6,0,6,0,1,15,13,9,10,0,0,3,1,1,971,65
wpi6174o64579885r14,CC8.png,Right,57,0,151,31,136,32,112,8,53,45,33,1348,95,0,10,27,0,41,8,38,11,32,2,10,5,13,0,0,0,4,11,2081,175
wpi6174o64579885r14,CC9.png,Right,14,27,100,16,27,2,23,84,4,48,25,1060,344,10,68,4,8,23,5,8,1,5,22,2,12,11,0,0,5,21,1,1842,124
wpi6174o64579885r14,P1.png,Left,16,4,2,62,4,21,21,38,24,19,37,537,132,11,23,0,2,1,20,2,9,6,9,9,6,14,0,0,3,9,0,935,90
wpi6174o64579885r14,P10.png,Right,7,5,44,2,15,0,11,62,44,7,11,435,118,18,36,0,1,8,1,4,0,3,18,9,2,5,0,0,7,12,0,808,70
wpi6174o64579885r14,P11.png,Right,20,12,167,2,31,0,21,72,4,7,19,884,283,39,71,3,5,28,1,11,0,9,25,2,3,8,0,0,14,27,1,1615,134
wpi6174o64579885r14,P12.png,Right,4,34,24,5,4,0,2,60,4,4,14,513,271,79,59,0,14,9,1,2,0,1,19,2,1,6,0,0,24,21,0,1073,100
wpi6174o64579885r14,P2.png,Left,84,24,61,131,45,469,107,199,61,229,232,4127,739,11,61,118,8,19,45,18,121,36,34,24,63,86,0,0,5,23,41,6614,523
wpi6174o64579885r14,P3.png,Left,24,12,38,25,11,65,16,45,94,44,49,1552,951,6,9,83,4,9,10,3,19,6,8,22,16,18,0,0,3,3,16,3000,137
wpi6174o64579885r14,P4.png,Left,24,19,18,49,7,44,16,26,13,7,32,641,120,22,11,17,8,4,16,2,13,6,8,3,3,10,0,0,7,4,4,1042,88
wpi6174o64579885r14,P5.png,Left,5,34,4,30,0,7,14,24,6,0,22,545,176,30,56,0,9,2,11,0,3,5,11,2,0,3,0,0,9,18,0,948,73
wpi6174o64579885r14,P6.png,Left,22,13,18,53,2,82,6,46,38,43,90,697,243,0,3,16,2,5,15,1,23,3,8,15,16,26,0,0,0,1,5,1350,120
wpi6174o64579885r14,P7.png,Right,8,39,54,4,12,2,8,70,11,5,27,730,329,33,57,0,14,19,1,4,1,4,22,3,2,7,0,0,12,21,0,1381,110
wpi6174o64579885r14,P8.png,Right,5,11,45,4,9,0,15,126,14,2,14,652,424,39,75,0,5,13,2,3,0,5,25,5,1,6,0,0,9,23,0,1430,97
wpi6174o64579885r14,P9.png,Right,53,27,81,49,106,69,75,62,8,6,18,1560,749,5,18,54,5,26,15,37,17,28,14,3,2,9,0,0,2,6,15,2887,179
wpi61746ku565217909,CC1.png,Left,9,4,10,8,22,6,8,6,2,0,4,357,1384,0,6,4,2,4,3,6,2,3,2,1,0,2,0,0,0,3,2,1821,30
wpi61746ku565217909,CC10.png,Right,1,0,0,2,0,16,6,8,0,2,0,109,851,0,0,0,0,0,1,0,2,3,1,0,1,0,0,0,0,0,0,994,8
wpi61746ku565217909,CC11.png,Right,2,0,2,0,11,0,0,2,14,71,6,508,974,0,0,4,0,1,0,4,0,0,1,6,9,3,0,0,0,0,2,1592,26
wpi61746ku565217909,CC12.png,Right,0,0,0,0,0,0,0,0,2,8,0,196,1370,0,0,6,0,0,0,0,0,0,0,1,3,0,0,0,0,0,2,1582,6
wpi61746ku565217909,CC2.png,Left,2,0,6,0,14,2,2,4,0,0,0,155,1054,0,0,2,0,1,0,4,1,1,2,0,0,0,0,0,0,0,1,1239,10
wpi61746ku565217909,CC3.png,Left,17,2,14,10,22,26,12,12,8,22,10,708,1081,0,2,12,1,7,5,7,13,5,5,3,8,5,0,0,0,1,6,1941,66
wpi61746ku565217909,CC4.png,Left,3,0,14,4,6,0,4,10,0,0,0,127,1078,0,2,0,0,6,2,2,0,2,4,0,0,0,0,0,0,1,0,1245,17
wpi61746ku565217909,CC5.png,Left,0,0,0,0,10,16,0,2,0,0,0,224,1895,0,0,10,0,0,0,4,5,0,1,0,0,0,0,0,0,0,2,2157,12
wpi61746ku565217909,CC6.png,Left,10,0,13,0,17,0,3,4,0,0,0,235,1482,0,0,0,0,5,0,6,0,1,1,0,0,0,0,0,0,0,0,1754,13
wpi61746ku565217909,CC7.png,Right,0,0,0,0,2,0,0,6,12,10,4,168,1219,0,0,2,0,0,0,1,0,0,1,5,5,2,0,0,0,0,1,1423,15
wpi61746ku565217909,CC8.png,Right,0,0,0,0,0,0,0,0,0,0,0,16,1428,0,0,0,0,0,0,0,0,0,0,0,0,0,0,0,0,0,0,1444,0
wpi61746ku565217909,CC9.png,Right,0,0,0,0,0,2,0,2,0,12,2,140,2122,2,0,0,0,0,0,0,1,0,1,0,4,1,0,0,1,0,0,2282,8
wpi61746ku565217909,P1.png,Left,7,6,10,10,10,6,13,20,2,2,0,259,578,2,8,6,2,5,5,4,3,7,6,1,1,0,0,0,1,4,2,932,41
wpi61746ku565217909,P10.png,Right,9,6,10,16,6,14,4,16,8,24,12,485,832,4,0,8,3,5,4,3,6,2,6,4,7,6,0,0,2,0,4,1445,52
wpi61746ku565217909,P11.png,Right,17,0,18,12,32,2,8,60,36,46,12,836,2150,2,6,23,0,7,5,13,1,4,19,14,15,5,0,0,1,3,6,3243,93
wpi61746ku565217909,P12.png,Right,18,28,32,12,32,20,10,151,72,54,34,1263,765,28,30,24,12,15,6,15,8,5,40,26,21,16,0,0,12,15,12,2555,203
wpi61746ku565217909,P2.png,Left,11,6,24,4,14,2,2,48,4,0,0,333,1623,18,2,2,3,7,2,7,1,1,13,2,0,0,0,0,6,1,1,2082,44
wpi61746ku565217909,P3.png,Left,15,8,26,20,26,14,18,24,10,12,8,513,1129,6,2,2,3,10,9,8,7,8,10,5,6,3,0,0,3,1,1,1818,74
wpi61746ku565217909,P4.png,Left,56,10,65,44,70,24,28,47,10,10,18,1159,1613,6,12,26,5,27,19,25,11,14,17,5,5,9,0,0,3,6,11,3142,157
wpi61746ku565217909,P5.png,Left,16,0,16,10,32,22,8,8,16,22,14,954,2727,0,0,38,0,8,4,14,10,4,4,6,9,5,0,0,0,0,14,3867,78
wpi61746ku565217909,P6.png,Left,34,12,48,48,52,54,54,120,14,6,12,883,234,9,18,6,5,16,12,21,20,21,25,6,3,5,0,0,3,9,3,1570,149
wpi61746ku565217909,P7.png,Right,17,4,16,22,28,28,14,5,4,18,12,556,684,6,4,12,2,8,8,11,10,5,2,2,6,5,0,0,3,2,6,1413,70
wpi61746ku565217909,P8.png,Right,8,0,12,4,23,12,4,14,24,40,16,607,1709,2,2,14,0,5,2,9,5,2,4,9,13,7,0,0,1,1,4,2483,62
wpi61746ku565217909,P9.png,Right,8,40,14,6,8,0,2,113,30,18,12,988,1994,12,20,0,14,7,3,4,0,1,29,13,6,5,0,0,6,8,0,3257,96
wpi617444x7x9307749,IC1.png,Left,0,0,0,0,0,0,0,0,7,22,5,232,400,0,0,11,0,0,0,0,0,0,0,3,4,1,0,0,0,0,3,677,11
wpi617444x7x9307749,IC10.png,Right,18,5,7,13,36,50,12,3,0,2,0,485,357,0,0,31,2,3,6,8,12,3,1,0,1,0,0,0,0,0,6,1001,42
wpi617444x7x9307749,IC11.png,Right,22,7,2,62,2,51,4,3,3,0,0,642,906,0,3,13,2,1,13,1,12,2,1,1,0,0,0,0,0,1,3,1698,37
wpi617444x7x9307749,IC12.png,Right,13,2,7,12,6,70,9,6,0,7,2,583,161,0,2,12,1,3,6,2,8,3,2,0,1,1,0,0,0,1,2,879,30
wpi617444x7x9307749,IC2.png,Left,7,18,0,34,0,13,0,24,157,130,66,1465,758,24,27,12,6,0,11,0,4,0,7,24,27,22,0,0,7,8,4,2728,120
wpi617444x7x9307749,IC3.png,Left,2,13,3,7,2,3,2,7,46,51,10,780,379,6,23,4,3,1,3,1,1,1,3,10,10,4,0,0,2,4,2,1336,45
wpi617444x7x9307749,IC4.png,Left,2,19,0,11,0,8,3,11,97,22,21,462,84,22,6,0,4,0,3,0,3,1,3,11,5,7,0,0,3,2,0,766,42
wpi617444x7x9307749,IC5.png,Left,3,38,0,31,0,4,8,12,41,14,16,693,334,19,18,0,7,0,9,0,2,2,3,8,5,5,0,0,5,5,0,1228,51
wpi617444x7x9307749,IC6.png,Left,1,0,0,3,0,2,3,6,12,15,3,165,1137,3,6,2,0,0,1,0,1,1,1,3,3,1,0,0,1,2,1,1357,15
wpi617444x7x9307749,IC7.png,Right,7,6,5,15,5,12,9,0,0,0,0,395,211,0,7,0,2,2,2,2,4,3,0,0,0,0,0,0,0,3,0,665,18
wpi617444x7x9307749,IC8.png,Right,28,4,6,95,5,119,13,16,0,2,3,1092,1648,16,4,2,2,2,15,2,15,6,4,0,1,1,0,0,3,2,1,3025,54
wpi617444x7x9307749,IC9.png,Right,16,16,9,67,12,19,28,5,9,15,9,579,666,0,7,32,4,4,12,3,7,9,2,3,2,3,0,0,0,2,5,1473,56
wpi617444x7x9307749,P1.png,Left,21,37,36,32,18,28,16,15,95,106,46,1656,1371,10,16,6,8,6,10,6,11,6,4,22,29,15,0,0,4,5,2,3488,128
wpi617444x7x9307749,P10.png,Right,17,0,33,18,35,13,34,36,15,0,11,532,291,0,8,2,0,10,4,12,5,8,8,5,0,5,0,0,0,3,1,1028,61
wpi617444x7x9307749,P11.png,Right,23,49,71,72,23,46,13,68,9,8,3,1199,1065,25,27,30,12,12,12,7,13,6,10,3,3,1,0,0,8,7,6,2708,100
wpi617444x7x9307749,P12.png,Right,15,10,19,15,24,48,36,0,0,0,0,483,1278,0,2,10,2,2,7,6,10,8,0,0,0,0,0,0,0,1,3,1925,39
wpi617444x7x9307749,P2.png,Left,12,0,17,14,6,14,3,0,5,42,13,570,1040,0,0,20,0,5,4,3,5,1,0,2,9,5,0,0,0,0,4,1744,38
wpi617444x7x9307749,P3.png,Left,12,10,0,40,2,26,2,22,110,134,53,1545,1702,25,24,4,4,0,11,1,9,1,5,28,25,12,0,0,7,7,2,3699,112
wpi617444x7x9307749,P4.png,Left,7,15,3,11,2,23,2,0,6,43,15,639,701,3,0,9,2,1,4,1,6,1,0,3,9,5,0,0,1,0,3,1472,36
wpi617444x7x9307749,P5.png,Left,3,7,3,2,2,6,2,10,62,16,13,517,496,4,7,13,3,1,1,1,3,1,2,11,5,3,0,0,2,2,4,1160,39
wpi617444x7x9307749,P6.png,Left,9,20,9,27,8,13,10,18,25,54,18,732,2349,10,5,3,8,3,9,3,5,4,5,9,12,6,0,0,3,1,1,3301,69
wpi617444x7x9307749,P7.png,Right,22,12,39,96,7,71,26,46,6,0,2,938,472,10,17,4,4,9,14,3,13,10,6,2,0,1,0,0,5,4,2,1746,73
wpi617444x7x9307749,P8.png,Right,7,2,0,32,0,15,4,0,0,0,0,306,1568,0,0,0,1,0,5,0,5,1,0,0,0,0,0,0,0,0,0,1927,12
wpi617444x7x9307749,P9.png,Right,20,47,24,23,17,32,11,40,12,20,14,888,2726,31,14,8,13,10,6,8,9,5,16,5,4,6,0,0,10,5,3,3907,100
wpi6173378039p08q93,IC1.png,Left,5,0,0,13,2,20,8,60,0,4,20,178,127,4,0,4,0,0,3,1,6,3,4,0,2,7,0,0,2,0,2,440,30
wpi6173378039p08q93,IC10.png,Right,8,3,13,12,17,12,10,47,16,11,6,238,23,6,6,2,1,5,4,6,1,4,7,5,3,3,0,0,2,3,1,422,45
wpi6173378039p08q93,IC11.png,Right,8,22,41,20,18,0,4,125,17,15,12,603,294,35,29,0,7,11,5,4,0,2,18,6,4,6,0,0,12,10,0,1235,85
wpi6173378039p08q93,IC12.png,Right,14,7,68,9,17,6,12,100,14,21,15,719,154,12,47,0,2,21,3,6,3,5,12,7,6,6,0,0,5,14,0,1201,90
wpi6173378039p08q93,IC2.png,Left,42,8,109,143,49,46,104,178,48,2,27,1500,400,23,49,0,3,33,42,16,14,34,38,13,1,10,0,0,7,19,0,2686,230
wpi6173378039p08q93,IC3.png,Left,18,2,30,19,70,39,18,87,0,2,8,829,180,11,4,20,1,7,7,12,10,5,8,0,1,4,0,0,3,2,6,1319,66
wpi6173378039p08q93,IC4.png,Left,6,6,10,11,15,2,6,63,9,0,6,337,102,19,12,0,2,3,4,4,1,3,11,4,0,3,0,0,7,3,0,598,45
wpi6173378039p08q93,IC5.png,Left,10,12,45,27,26,26,38,57,0,9,7,477,284,10,12,0,3,10,9,6,8,12,13,0,3,3,0,0,5,4,0,1030,76
wpi6173378039p08q93,IC6.png,Left,6,14,4,23,20,0,2,34,2,0,6,326,580,6,18,0,4,2,8,3,0,1,10,1,0,3,0,0,3,5,0,1035,40
wpi6173378039p08q93,IC7.png,Right,9,0,25,6,20,14,11,45,28,6,33,365,210,11,10,0,0,9,2,7,4,5,8,9,2,8,0,0,4,4,0,784,62
wpi6173378039p08q93,IC8.png,Right,6,10,42,8,11,4,2,153,86,23,23,729,428,28,15,0,4,13,3,3,2,1,31,23,10,9,0,0,10,6,0,1562,115
wpi6173378039p08q93,IC9.png,Right,14,9,37,14,23,6,17,149,37,10,18,635,197,4,12,2,3,11,3,5,2,6,17,12,4,5,0,0,1,5,1,1170,75
wpi6173378039p08q93,P1.png,Left,2,6,4,2,0,12,4,18,2,4,2,196,149,4,0,9,2,1,1,0,3,1,4,1,1,1,0,0,1,0,2,412,18
wpi6173378039p08q93,P10.png,Right,5,8,8,26,8,3,6,84,22,4,6,378,265,22,12,0,4,3,3,3,1,3,7,4,2,2,0,0,6,4,0,852,42
wpi6173378039p08q93,P11.png,Right,14,8,32,9,32,20,0,63,26,33,26,662,242,18,23,4,3,12,2,9,2,0,11,7,7,11,0,0,8,10,1,1198,83
wpi6173378039p08q93,P12.png,Right,12,65,50,18,10,14,12,175,31,0,6,937,640,42,44,0,19,18,4,4,3,5,32,9,0,3,0,0,15,15,0,2044,127
wpi6173378039p08q93,P2.png,Left,10,9,10,30,4,21,7,67,16,3,6,427,201,22,10,4,3,5,8,2,6,3,12,5,1,3,0,0,7,4,2,837,61
wpi6173378039p08q93,P3.png,Left,22,6,51,25,47,36,62,72,17,20,15,806,540,26,21,3,3,15,9,13,13,23,12,4,5,6,0,0,7,9,1,1747,120
wpi6173378039p08q93,P4.png,Left,5,0,17,21,7,8,20,86,0,6,0,298,116,29,7,0,0,3,4,2,3,8,16,0,1,0,0,0,10,3,0,615,50
wpi6173378039p08q93,P5.png,Left,9,16,14,28,19,14,10,39,27,4,21,494,164,14,12,4,4,5,10,6,5,5,5,5,2,7,0,0,5,6,2,880,67
wpi6173378039p08q93,P6.png,Left,9,9,34,37,10,6,12,102,4,7,4,539,163,32,20,0,4,8,9,4,3,4,18,1,2,2,0,0,11,7,0,979,73
wpi6173378039p08q93,P7.png,Right,13,20,49,23,18,0,19,112,53,9,32,712,171,24,32,0,7,18,5,8,0,6,19,14,3,12,0,0,8,15,0,1274,115
wpi6173378039p08q93,P8.png,Right,13,0,19,4,26,12,13,199,24,4,17,587,342,6,4,12,0,8,2,9,6,6,14,10,2,7,0,0,3,2,5,1269,74
wpi6173378039p08q93,P9.png,Right,2,35,27,6,6,2,18,101,14,13,12,665,490,48,28,0,11,8,2,3,1,5,18,6,5,5,0,0,14,12,0,1465,90
wpi6174648243is1845,CC1.png,Left,11,17,4,78,4,17,8,76,69,79,46,1234,60,16,91,4,8,2,30,2,7,4,19,22,23,15,0,0,7,31,2,1803,172
wpi6174648243is1845,CC10.png,Right,48,27,49,210,12,77,71,2,6,9,8,1536,26,2,14,2,7,18,43,6,25,29,1,2,1,3,0,0,1,7,1,2051,144
wpi6174648243is1845,CC11.png,Right,48,22,115,156,22,49,54,19,6,0,8,1573,78,7,17,2,8,43,43,9,17,23,6,3,0,4,0,0,4,7,1,2128,168
wpi6174648243is1845,CC12.png,Right,58,37,95,133,32,87,50,2,1,2,20,1243,31,2,4,2,7,25,37,12,24,17,1,1,1,8,0,0,1,2,1,1741,137
wpi6174648243is1845,CC2.png,Left,50,33,32,184,10,132,55,56,122,76,147,2163,229,35,70,36,11,13,57,4,44,25,20,39,28,57,0,0,12,24,14,3380,348
wpi6174648243is1845,CC3.png,Left,12,6,0,90,0,22,10,3,72,36,48,686,2,4,14,8,2,0,20,0,8,5,2,19,13,14,0,0,2,6,4,1001,95
wpi6174648243is1845,CC4.png,Left,2,6,0,40,0,2,0,3,72,33,28,478,21,4,14,0,3,0,15,0,1,0,2,17,12,12,0,0,1,5,0,701,68
wpi6174648243is1845,CC5.png,Left,11,2,0,30,0,18,5,6,79,47,42,733,20,0,14,4,1,0,13,0,8,3,3,17,16,17,0,0,0,5,2,1000,85
wpi6174648243is1845,CC6.png,Left,23,17,13,65,17,37,20,54,76,57,56,1180,52,13,39,20,9,4,19,4,14,8,12,19,18,23,0,0,5,11,3,1716,149
wpi6174648243is1845,CC7.png,Right,18,42,19,46,5,28,22,4,0,0,2,633,22,12,28,0,9,8,15,2,10,9,2,0,0,1,0,0,5,10,0,863,71
wpi6174648243is1845,CC8.png,Right,64,30,105,129,90,106,124,53,20,2,37,1727,20,20,57,13,12,40,39,30,25,47,14,8,1,14,0,0,7,21,7,2533,265
wpi6174648243is1845,CC9.png,Right,39,11,136,21,62,60,65,62,62,84,54,1416,51,8,27,31,3,37,8,22,12,20,10,17,13,23,0,0,4,13,6,2150,188
wpi6174648243is1845,P1.png,Left,6,6,0,66,0,8,8,47,82,44,46,688,140,18,33,2,3,0,16,0,3,4,11,23,16,16,0,0,8,14,1,1188,115
wpi6174648243is1845,P10.png,Right,24,5,36,74,23,31,31,5,4,0,5,699,107,2,6,4,2,8,17,6,11,12,2,2,0,2,0,0,1,3,2,1032,68
wpi6174648243is1845,P11.png,Right,64,29,91,109,88,106,92,48,20,20,48,2181,161,14,43,25,7,30,33,28,31,38,18,10,9,20,0,0,6,17,11,3075,258
wpi6174648243is1845,P12.png,Right,64,23,190,82,157,47,109,42,14,9,45,1569,4,2,44,14,9,50,29,42,22,33,11,7,4,17,0,0,1,20,5,2351,250
wpi6174648243is1845,P2.png,Left,69,13,70,288,18,135,110,79,62,43,78,2084,117,22,94,12,7,25,85,9,50,44,24,27,13,31,0,0,7,34,4,3225,360
wpi6174648243is1845,P3.png,Left,60,53,46,289,10,103,41,60,298,86,156,2700,129,13,68,10,10,14,82,3,37,18,24,72,29,60,0,0,5,28,2,4062,384
wpi6174648243is1845,P4.png,Left,15,23,0,30,0,36,2,15,92,56,45,830,35,2,20,12,4,0,15,0,10,1,4,24,20,19,0,0,1,8,6,1198,112
wpi6174648243is1845,P5.png,Left,24,14,0,132,3,58,9,36,143,62,105,1384,13,6,43,37,5,0,44,1,20,4,13,42,25,43,0,0,3,15,10,2045,225
wpi6174648243is1845,P6.png,Left,16,62,4,78,2,54,9,27,243,88,58,2157,70,19,38,15,21,1,31,1,14,3,11,53,28,26,0,0,7,17,7,2924,220
wpi6174648243is1845,P7.png,Right,90,51,170,221,91,143,133,13,4,2,11,3054,165,20,87,28,13,55,60,34,40,51,6,2,1,5,0,0,8,29,13,4193,317
wpi6174648243is1845,P8.png,Right,62,18,82,146,39,86,78,17,8,0,22,1250,19,4,23,4,6,32,41,14,29,36,8,4,0,9,0,0,2,8,2,1796,191
wpi6174648243is1845,P9.png,Right,89,26,180,185,58,168,113,78,14,55,32,2299,199,25,59,16,10,45,48,26,45,48,14,6,8,15,0,0,9,22,4,3507,300
wpi6o173817567g7689,IC1.png,Left,6,0,6,6,2,12,2,4,16,16,8,358,2381,2,4,6,0,3,3,1,5,1,2,5,7,3,0,0,1,2,3,2823,36
wpi6o173817567g7689,IC10.png,Right,5,0,10,6,4,16,8,0,2,2,2,252,3507,0,0,22,0,2,2,2,3,2,0,1,1,1,0,0,0,0,5,3831,19
wpi6o173817567g7689,IC11.png,Right,4,0,6,4,20,28,10,4,0,4,4,344,828,2,6,22,0,3,2,7,7,5,2,0,2,2,0,0,1,3,7,1282,41
wpi6o173817567g7689,IC12.png,Right,6,0,4,4,10,16,10,2,0,0,0,147,1803,0,0,2,0,1,2,4,5,4,1,0,0,0,0,0,0,0,1,1998,18
wpi6o173817567g7689,IC2.png,Left,0,0,0,10,0,0,0,2,8,2,0,154,4451,0,0,14,0,0,1,0,0,0,1,1,1,0,0,0,0,0,2,4641,6
wpi6o173817567g7689,IC3.png,Left,3,0,2,2,2,2,0,0,0,2,0,124,1065,0,0,2,0,1,1,1,1,0,0,0,1,0,0,0,0,0,1,1201,6
wpi6o173817567g7689,IC4.png,Left,4,4,0,14,8,41,9,16,4,36,10,584,3902,2,4,24,2,0,2,4,13,4,4,2,11,4,0,0,1,2,8,4658,57
wpi6o173817567g7689,IC5.png,Left,0,0,0,0,8,10,0,0,2,10,4,194,1849,0,0,8,0,0,0,1,5,0,0,1,3,2,0,0,0,0,4,2085,16
wpi6o173817567g7689,IC6.png,Left,29,10,8,44,16,100,32,10,32,130,52,1989,4024,4,6,112,5,3,16,7,37,13,4,13,37,22,0,0,2,2,32,6569,193
wpi6o173817567g7689,IC7.png,Right,4,0,4,4,4,2,0,0,0,0,0,48,1669,0,0,4,0,2,2,1,1,0,0,0,0,0,0,0,0,0,1,1735,7
wpi6o173817567g7689,IC8.png,Right,12,6,6,16,8,38,8,2,4,4,2,508,2005,2,2,14,1,3,5,4,8,4,1,1,2,1,0,0,1,1,5,2625,37
wpi6o173817567g7689,IC9.png,Right,22,0,8,34,48,60,34,4,2,14,12,1367,2090,2,8,70,0,3,13,21,18,13,2,1,5,6,0,0,1,3,23,3753,109
wpi6o173817567g7689,P1.png,Left,0,0,0,0,16,30,18,0,0,0,4,250,3261,0,0,8,0,0,0,5,7,6,0,0,0,2,0,0,0,0,4,3587,24
wpi6o173817567g7689,P10.png,Right,6,4,6,2,14,51,7,6,2,2,2,414,3070,2,2,20,2,3,1,6,7,2,1,1,1,1,0,0,1,1,6,3604,33
wpi6o173817567g7689,P11.png,Right,26,4,40,12,124,62,34,35,14,30,34,2252,3094,6,8,216,2,15,5,31,21,13,8,3,12,13,0,0,3,3,43,5965,172
wpi6o173817567g7689,P12.png,Right,7,2,8,4,14,10,8,12,0,6,6,489,3759,0,0,30,1,4,2,5,4,3,2,0,3,3,0,0,0,0,7,4348,34
wpi6o173817567g7689,P2.png,Left,52,10,16,90,70,190,44,9,38,108,78,3336,9227,6,10,244,4,8,33,24,65,20,4,12,25,33,0,0,3,5,55,13476,291
wpi6o173817567g7689,P3.png,Left,12,0,2,10,14,100,18,6,6,40,20,978,734,0,0,114,0,1,5,5,25,7,2,3,11,8,0,0,0,0,27,2042,94
wpi6o173817567g7689,P4.png,Left,11,14,4,16,14,12,4,2,22,54,12,1186,6686,4,0,52,4,2,8,6,6,2,1,9,17,6,0,0,2,0,13,8082,76
wpi6o173817567g7689,P5.png,Left,0,0,0,0,0,0,0,0,0,0,0,30,1680,0,0,0,0,0,0,0,0,0,0,0,0,0,0,0,0,0,0,1710,0
wpi6o173817567g7689,P6.png,Left,4,4,0,6,8,16,2,4,2,28,10,377,2882,0,0,18,2,0,2,4,6,1,1,1,7,2,0,0,0,0,7,3357,33
wpi6o173817567g7689,P7.png,Right,42,2,32,38,56,114,38,14,4,16,12,2014,8917,2,20,96,1,13,14,22,33,15,6,2,7,5,0,0,1,6,21,11375,146
wpi6o173817567g7689,P8.png,Right,1,0,2,0,0,2,2,2,0,0,4,40,2447,0,0,0,0,1,0,0,1,1,1,0,0,1,0,0,0,0,0,2499,5
wpi6o173817567g7689,P9.png,Right,3,0,6,0,4,2,0,0,6,10,2,127,2153,0,0,4,0,2,0,1,1,0,0,2,3,1,0,0,0,0,2,2314,12
wpi6174b6550g984996,CC1.png,Left,2,4,27,6,4,0,6,35,2,2,0,265,260,2,3,0,1,3,2,1,0,1,5,1,1,0,0,0,1,1,0,616,17
wpi6174b6550g984996,CC10.png,Right,1,7,6,0,6,12,6,54,16,12,9,316,133,13,11,2,3,2,0,3,4,3,12,4,3,4,0,0,6,6,1,603,51
wpi6174b6550g984996,CC11.png,Right,14,10,34,21,18,8,24,70,49,30,16,859,826,14,15,8,4,11,7,6,3,8,15,12,8,3,0,0,5,6,3,2002,91
wpi6174b6550g984996,CC12.png,Right,4,6,21,8,4,14,6,140,50,21,14,632,193,21,14,0,3,9,2,2,3,3,22,12,4,5,0,0,9,6,0,1144,80
wpi6174b6550g984996,CC2.png,Left,10,17,40,32,8,13,22,160,8,22,10,793,332,12,6,20,6,11,13,3,4,5,19,2,5,4,0,0,4,3,4,1495,83
wpi6174b6550g984996,CC3.png,Left,11,8,26,74,9,55,27,118,19,28,28,848,257,29,16,18,3,9,13,3,12,8,17,7,5,9,0,0,6,5,6,1560,103
wpi6174b6550g984996,CC4.png,Left,11,7,10,33,3,29,15,41,7,2,21,598,154,6,14,0,3,3,8,1,7,5,8,3,1,6,0,0,3,5,0,940,53
wpi6174b6550g984996,CC5.png,Left,25,15,75,46,31,35,51,106,10,45,53,969,189,17,36,0,5,14,16,9,12,16,24,3,7,10,0,0,7,12,0,1678,135
wpi6174b6550g984996,CC6.png,Left,13,16,56,28,12,35,43,122,6,35,33,717,148,16,14,8,5,19,12,4,13,12,19,3,8,12,0,0,7,6,3,1289,123
wpi6174b6550g984996,CC7.png,Right,8,5,22,16,13,20,6,33,12,4,10,356,155,12,10,0,2,8,2,2,5,3,8,3,2,3,0,0,5,3,0,674,46
wpi6174b6550g984996,CC8.png,Right,20,4,50,12,93,50,25,68,28,36,90,1148,316,12,20,15,2,13,5,16,12,8,16,10,11,17,0,0,6,8,6,1967,130
wpi6174b6550g984996,CC9.png,Right,22,12,63,10,53,20,11,103,33,14,50,889,287,17,36,8,5,17,5,13,6,5,22,11,7,15,0,0,7,12,2,1606,127
wpi6174b6550g984996,P1.png,Left,9,4,20,13,17,10,13,133,4,4,2,489,323,11,15,8,2,7,4,4,4,6,15,2,2,1,0,0,4,6,2,1066,59
wpi6174b6550g984996,P10.png,Right,12,6,38,18,14,43,14,101,26,10,21,796,282,22,24,4,3,13,8,5,7,6,19,8,3,10,0,0,7,10,1,1419,100
wpi6174b6550g984996,P11.png,Right,11,35,44,8,20,8,14,288,56,40,16,1024,260,76,62,0,10,16,2,5,3,4,44,18,10,7,0,0,22,21,0,1951,162
wpi6174b6550g984996,P12.png,Right,13,36,61,22,16,34,8,225,98,24,18,1116,314,32,28,14,11,17,6,6,6,3,39,21,8,7,0,0,14,12,5,2046,155
wpi6174b6550g984996,P2.png,Left,31,14,45,66,56,32,44,176,25,37,52,1293,662,27,38,16,5,17,21,16,14,14,32,9,11,18,0,0,11,14,6,2583,188
wpi6174b6550g984996,P3.png,Left,8,0,22,17,12,10,16,111,10,12,6,519,236,12,8,0,0,6,8,4,5,8,17,3,4,3,0,0,5,4,0,991,67
wpi6174b6550g984996,P4.png,Left,4,8,28,12,6,6,12,115,2,2,0,369,184,17,17,4,4,6,3,3,3,4,12,1,1,0,0,0,4,7,2,782,50
wpi6174b6550g984996,P5.png,Left,21,15,32,30,16,24,20,170,10,2,4,759,312,20,36,8,5,12,10,6,10,8,29,4,1,2,0,0,8,13,3,1458,111
wpi6174b6550g984996,P6.png,Left,22,26,58,18,39,28,15,262,41,52,28,1014,571,35,20,10,7,19,8,8,10,7,35,10,8,8,0,0,12,6,4,2217,142
wpi6174b6550g984996,P7.png,Right,15,5,40,6,20,14,8,50,42,16,30,662,162,2,6,12,2,14,3,7,4,4,12,10,3,12,0,0,1,2,3,1075,77
wpi6174b6550g984996,P8.png,Right,12,16,55,6,12,7,15,292,74,14,17,1110,310,38,18,0,6,19,2,5,2,5,36,19,5,6,0,0,15,8,0,1984,128
wpi6174b6550g984996,P9.png,Right,45,20,124,33,82,20,20,248,117,84,159,1977,752,50,69,26,7,34,10,30,8,9,45,34,20,42,0,0,17,21,8,3781,285
wpi61h740973f335708,CC1.png,Left,7,21,8,8,9,92,8,17,3,177,49,1220,181,6,6,43,2,1,3,2,16,1,3,1,15,8,0,0,2,1,5,1848,60
wpi61h740973f335708,CC10.png,Right,9,22,34,27,49,30,25,25,6,24,53,949,214,17,13,20,4,8,5,13,9,8,4,1,4,7,0,0,5,4,6,1508,78
wpi61h740973f335708,CC11.png,Right,18,10,70,92,33,54,48,16,23,81,88,1245,428,5,24,22,2,17,16,7,8,12,3,7,13,12,0,0,2,7,4,2239,110
wpi61h740973f335708,CC12.png,Right,27,99,94,74,99,35,51,223,153,99,110,3444,3057,74,45,4,15,22,12,11,7,9,30,24,18,25,0,0,19,10,2,7661,204
wpi61h740973f335708,CC2.png,Left,36,217,306,358,64,60,82,1149,231,176,129,8788,6972,259,272,23,39,59,61,16,16,18,122,41,27,24,0,0,47,50,8,19086,528
wpi61h740973f335708,CC3.png,Left,58,206,156,375,72,84,80,475,323,153,168,6708,4020,107,154,17,29,29,79,17,24,21,69,53,31,35,0,0,24,36,4,13098,451
wpi61h740973f335708,CC4.png,Left,12,4,2,58,3,89,11,13,78,112,92,1176,290,14,12,49,1,1,13,1,20,2,2,19,21,16,0,0,2,3,6,2003,107
wpi61h740973f335708,CC5.png,Left,15,29,31,25,11,119,2,24,33,134,97,1822,507,8,37,135,6,6,8,1,20,1,6,10,25,18,0,0,1,4,12,3014,118
wpi61h740973f335708,CC6.png,Left,18,38,12,182,17,124,34,32,148,92,75,2403,776,8,44,17,6,3,17,4,16,8,8,20,17,18,0,0,3,7,4,4002,131
wpi61h740973f335708,CC7.png,Right,4,24,32,19,2,5,0,49,11,32,9,915,1099,2,11,9,2,7,1,1,2,0,5,3,4,1,0,0,1,4,1,2219,32
wpi61h740973f335708,CC8.png,Right,80,24,189,228,281,301,231,71,220,134,121,5141,2159,32,9,97,6,39,37,56,40,50,14,30,24,27,0,0,5,4,13,9238,345
wpi61h740973f335708,CC9.png,Right,29,36,59,66,173,197,108,83,121,178,37,4204,1508,6,29,162,5,16,13,29,30,20,17,17,17,8,0,0,2,8,20,6967,202
wpi61h740973f335708,P1.png,Left,12,32,4,34,0,58,23,90,65,183,30,1604,280,5,2,10,4,2,8,0,14,5,8,12,27,10,0,0,2,1,4,2420,97
wpi61h740973f335708,P10.png,Right,35,36,148,46,118,73,95,109,91,145,116,2765,1639,34,60,12,8,21,10,25,12,24,20,13,20,19,0,0,6,13,4,5487,195
wpi61h740973f335708,P11.png,Right,36,128,109,34,105,71,70,120,165,152,61,3320,1501,29,45,16,15,22,8,18,10,15,18,19,15,18,0,0,5,12,3,5926,178
wpi61h740973f335708,P12.png,Right,67,37,399,151,283,51,218,226,314,198,295,5997,1432,59,57,47,7,56,25,50,10,34,28,43,36,40,0,0,8,11,8,9764,356
wpi61h740973f335708,P2.png,Left,14,3,0,76,19,52,47,52,204,197,122,2250,528,7,62,60,1,0,15,4,12,5,9,20,23,21,0,0,2,8,7,3679,127
wpi61h740973f335708,P3.png,Left,17,46,100,147,69,65,30,180,244,81,133,3307,2137,11,28,36,8,13,19,7,10,10,24,20,19,18,0,0,4,8,7,6614,167
wpi61h740973f335708,P4.png,Left,10,4,22,28,0,27,6,43,18,48,11,770,391,29,27,27,2,4,6,0,7,2,9,4,4,4,0,0,6,4,2,1451,54
wpi61h740973f335708,P5.png,Left,11,56,27,110,6,83,23,45,112,17,39,1501,649,30,19,51,7,5,11,2,10,4,6,8,4,6,0,0,5,4,5,2768,77
wpi61h740973f335708,P6.png,Left,30,36,14,201,24,107,34,69,130,157,100,2764,1445,19,32,18,7,6,27,4,19,12,12,20,14,18,0,0,5,6,4,5150,154
wpi61h740973f335708,P7.png,Right,31,46,58,130,194,95,169,128,31,78,27,2507,612,106,117,92,8,12,14,22,19,23,20,3,5,9,0,0,19,14,8,4390,176
wpi61h740973f335708,P8.png,Right,12,27,62,0,71,33,33,70,46,77,52,1561,940,25,5,46,5,9,0,10,6,5,8,9,11,9,0,0,5,2,6,3048,85
wpi61h740973f335708,P9.png,Right,39,43,100,121,177,177,196,199,64,54,39,3224,1214,98,70,132,6,20,16,36,29,36,18,8,12,8,0,0,14,11,11,5908,225
wpi617u398172e74462,IC1.png,Left,20,0,79,10,10,53,30,21,4,20,11,660,338,0,2,9,0,13,4,2,14,10,6,2,6,4,0,0,0,1,3,1247,65
wpi617u398172e74462,IC10.png,Right,10,0,19,0,10,6,4,76,24,6,25,478,239,0,2,0,0,7,0,5,2,2,11,11,3,8,0,0,0,1,0,889,50
wpi617u398172e74462,IC11.png,Right,10,0,24,2,10,14,14,20,38,2,6,351,98,0,0,0,0,9,1,4,5,4,2,6,1,3,0,0,0,0,0,579,35
wpi617u398172e74462,IC12.png,Right,2,8,4,0,31,12,0,22,73,11,28,550,447,2,0,6,2,1,0,9,3,0,3,6,2,8,0,0,1,0,2,1194,37
wpi617u398172e74462,IC2.png,Left,15,2,38,18,16,29,17,75,2,14,5,902,859,0,2,4,1,13,6,6,11,4,12,1,4,2,0,0,0,1,1,1983,62
wpi617u398172e74462,IC3.png,Left,23,4,58,32,2,48,40,52,6,2,16,776,120,2,6,10,2,16,9,1,14,12,17,2,1,6,0,0,1,2,3,1174,86
wpi617u398172e74462,IC4.png,Left,15,0,48,6,4,24,8,6,0,0,6,453,173,0,0,2,0,10,2,2,6,4,3,0,0,2,0,0,0,0,1,730,30
wpi617u398172e74462,IC5.png,Left,4,0,63,14,0,12,4,18,2,12,2,422,103,0,0,0,0,5,6,0,4,1,5,1,5,1,0,0,0,0,0,652,28
wpi617u398172e74462,IC6.png,Left,14,0,33,18,6,22,18,23,0,2,2,484,381,0,0,2,0,10,6,2,7,9,8,0,1,1,0,0,0,0,1,991,45
wpi617u398172e74462,IC7.png,Right,5,0,16,0,14,6,2,12,44,2,10,321,148,0,2,6,0,4,0,4,1,1,4,7,1,3,0,0,0,1,2,583,28
wpi617u398172e74462,IC8.png,Right,11,0,46,0,40,4,10,162,75,2,51,944,147,0,9,4,0,14,0,15,2,4,17,16,1,18,0,0,0,4,1,1494,92
wpi617u398172e74462,IC9.png,Right,5,0,18,4,8,8,8,80,84,4,10,625,1024,0,4,2,0,5,1,3,3,3,15,16,1,5,0,0,0,2,1,1879,55
wpi617u398172e74462,P1.png,Left,9,0,22,0,20,15,28,2,0,12,6,213,747,0,0,0,0,6,0,4,4,7,1,0,2,2,0,0,0,0,0,1065,26
wpi617u398172e74462,P10.png,Right,33,4,104,89,44,70,78,45,2,83,18,1108,24,10,50,5,2,20,19,11,15,26,8,1,5,8,0,0,3,13,2,1734,133
wpi617u398172e74462,P11.png,Right,6,0,28,0,17,8,6,20,117,14,28,765,176,0,0,2,0,10,0,4,3,3,7,17,6,7,0,0,0,0,1,1181,58
wpi617u398172e74462,P12.png,Right,45,4,78,56,95,131,40,151,102,41,47,2206,1117,8,14,22,2,25,17,27,17,16,26,22,12,17,0,0,4,6,6,4112,197
wpi617u398172e74462,P2.png,Left,32,24,28,91,12,64,24,26,102,133,56,1643,296,13,19,32,4,8,17,5,20,10,6,12,16,17,0,0,5,8,7,2563,135
wpi617u398172e74462,P3.png,Left,28,10,61,102,2,40,30,250,29,22,54,1378,782,52,26,2,4,16,33,1,15,13,39,8,3,20,0,0,14,12,1,2840,179
wpi617u398172e74462,P4.png,Left,6,0,66,8,6,2,8,10,2,4,8,352,151,0,0,2,0,11,3,2,1,3,4,1,2,3,0,0,0,0,1,619,31
wpi617u398172e74462,P5.png,Left,5,0,16,13,0,26,28,24,0,6,4,232,77,2,2,0,0,3,4,0,7,9,3,0,3,2,0,0,1,1,0,430,33
wpi617u398172e74462,P6.png,Left,24,0,120,30,20,36,26,78,2,12,24,755,460,8,4,2,0,17,11,8,11,10,16,1,4,9,0,0,4,2,1,1577,94
wpi617u398172e74462,P7.png,Right,11,0,12,8,20,36,10,11,61,4,19,450,114,0,0,2,0,3,3,6,9,4,3,6,2,7,0,0,0,0,1,747,44
wpi617u398172e74462,P8.png,Right,41,0,107,27,79,162,63,169,34,6,51,1650,1029,16,70,15,0,27,10,27,21,18,30,11,3,13,0,0,6,17,5,3478,188
wpi617u398172e74462,P9.png,Right,17,0,55,8,56,33,14,3,77,20,32,807,446,0,4,14,0,13,3,17,8,6,1,7,7,11,0,0,0,2,7,1569,82
wpi617g334u18281498,CC1.png,Left,9,4,8,17,18,28,16,28,79,18,16,582,154,0,6,17,2,2,6,6,9,6,7,7,4,6,0,0,0,3,6,991,64
wpi617g334u18281498,CC10.png,Right,25,0,34,25,63,37,45,10,10,10,11,619,79,0,10,6,0,13,10,15,9,14,2,2,2,4,0,0,0,5,3,959,79
wpi617g334u18281498,CC11.png,Right,32,13,116,117,68,42,68,33,10,28,29,1097,153,2,20,15,4,23,19,18,12,23,10,5,8,12,0,0,1,9,6,1811,150
wpi617g334u18281498,CC12.png,Right,32,4,91,39,66,63,77,91,20,26,46,1129,257,2,25,6,2,27,15,17,19,27,18,6,7,13,0,0,1,10,3,1942,165
wpi617g334u18281498,CC2.png,Left,46,0,5,132,24,316,77,49,79,119,92,1913,242,4,14,88,0,2,33,11,67,28,11,24,28,34,0,0,2,6,30,3154,276
wpi617g334u18281498,CC3.png,Left,19,16,12,42,14,35,14,25,110,14,38,977,373,8,18,6,7,5,15,5,10,6,7,20,5,13,0,0,4,8,1,1702,106
wpi617g334u18281498,CC4.png,Left,15,2,4,93,10,67,23,24,21,21,33,676,68,4,10,6,1,2,18,4,14,8,7,10,8,13,0,0,1,4,2,1062,92
wpi617g334u18281498,CC5.png,Left,11,0,4,17,10,68,15,19,58,28,44,665,169,2,7,16,0,2,7,4,19,6,6,12,10,19,0,0,1,3,6,1122,95
wpi617g334u18281498,CC6.png,Left,17,4,4,55,24,156,39,45,12,71,55,1124,215,0,7,30,2,2,12,6,27,14,11,3,14,19,0,0,0,3,10,1841,123
wpi617g334u18281498,CC7.png,Right,13,7,39,12,24,17,29,64,56,16,20,534,89,0,16,2,3,14,6,8,5,11,13,8,5,9,0,0,0,6,1,925,89
wpi617g334u18281498,CC8.png,Right,74,4,168,127,263,153,153,112,139,54,90,2530,388,26,40,42,2,46,32,54,34,47,27,23,19,33,0,0,10,14,14,4289,355
wpi617g334u18281498,CC9.png,Right,32,4,115,40,42,23,40,51,69,31,90,1225,193,7,22,18,2,34,12,14,6,16,18,14,10,22,0,0,3,9,3,1970,163
wpi617g334u18281498,P1.png,Left,5,12,0,27,2,16,2,4,85,30,34,736,191,5,8,5,4,0,10,1,6,1,2,19,12,13,0,0,2,3,2,1157,75
wpi617g334u18281498,P10.png,Right,43,9,62,20,106,19,44,16,24,62,65,1030,132,6,13,18,2,21,9,36,8,17,4,8,17,24,0,0,3,6,7,1626,162
wpi617g334u18281498,P11.png,Right,29,10,89,18,91,32,41,58,22,57,43,1082,169,31,32,26,5,26,6,31,10,15,14,9,15,13,0,0,11,10,11,1801,176
wpi617g334u18281498,P12.png,Right,80,14,100,100,158,97,118,61,16,61,64,1883,396,22,25,45,7,39,39,45,32,45,13,8,22,19,0,0,8,11,19,3160,307
wpi617g334u18281498,P2.png,Left,27,18,2,45,33,136,12,82,133,168,106,2615,1153,26,36,69,7,1,20,10,43,5,20,38,42,35,0,0,13,12,24,4634,270
wpi617g334u18281498,P3.png,Left,38,50,15,85,39,159,38,48,206,170,122,2811,480,22,40,57,16,6,33,11,54,18,14,56,53,49,0,0,9,15,20,4342,354
wpi617g334u18281498,P4.png,Left,11,4,0,14,2,55,0,7,77,97,32,833,165,4,4,39,2,0,6,1,18,0,3,21,20,14,0,0,2,2,13,1333,102
wpi617g334u18281498,P5.png,Left,13,2,0,24,2,42,16,19,49,36,32,777,178,2,14,16,1,0,11,1,16,6,4,12,11,11,0,0,1,6,6,1209,86
wpi617g334u18281498,P6.png,Left,56,2,16,109,42,274,55,16,42,95,115,1768,600,14,21,46,1,5,38,12,62,22,6,15,30,42,0,0,6,7,16,3215,262
wpi617g334u18281498,P7.png,Right,37,16,53,40,62,20,50,26,26,30,22,696,176,5,4,8,5,24,12,20,6,18,9,10,6,9,0,0,2,1,3,1234,125
wpi617g334u18281498,P8.png,Right,51,9,56,90,78,75,61,24,2,12,16,1089,176,20,24,22,3,22,26,30,21,25,9,1,5,8,0,0,8,12,11,1754,181
wpi617g334u18281498,P9.png,Right,107,4,185,76,307,152,200,81,42,222,176,3444,718,15,12,102,2,63,30,100,52,76,21,16,67,54,0,0,6,5,36,5736,528
wpi6172964653ia1639,IC1.png,Left,10,18,2,110,0,10,9,86,56,7,27,929,633,18,38,4,9,1,38,0,5,5,26,23,3,14,0,0,8,18,2,1947,152
wpi6172964653ia1639,IC10.png,Right,16,3,27,3,27,4,9,60,32,18,15,452,254,7,6,11,1,13,2,12,2,6,18,13,10,7,0,0,4,4,7,928,99
wpi6172964653ia1639,IC11.png,Right,9,0,30,12,22,1,5,61,53,28,38,633,433,4,12,14,0,18,4,9,1,3,17,21,13,16,0,0,2,4,7,1346,115
wpi6172964653ia1639,IC12.png,Right,8,17,28,13,7,5,8,89,23,1,17,561,584,17,22,4,9,12,5,3,3,5,21,8,1,7,0,0,6,11,1,1396,92
wpi6172964653ia1639,IC2.png,Left,29,27,12,90,15,33,8,98,71,44,47,1422,1221,33,53,3,12,4,27,3,17,4,27,31,15,26,0,0,14,18,2,3177,200
wpi6172964653ia1639,IC3.png,Left,19,3,30,35,23,39,20,59,31,42,19,666,541,2,7,12,1,10,15,9,12,13,12,13,11,12,0,0,1,4,4,1529,117
wpi6172964653ia1639,IC4.png,Left,3,8,5,43,0,2,2,67,17,17,39,482,248,18,24,0,4,3,12,0,2,1,15,7,2,10,0,0,8,11,0,972,75
wpi6172964653ia1639,IC5.png,Left,4,15,12,70,0,4,13,105,5,0,2,599,306,37,41,0,5,7,17,0,2,5,21,2,0,1,0,0,11,15,0,1209,86
wpi6172964653ia1639,IC6.png,Left,19,15,14,79,10,28,20,79,56,20,22,898,1040,16,42,2,7,7,29,4,12,11,24,22,8,10,0,0,8,19,1,2341,162
wpi6172964653ia1639,IC7.png,Right,6,0,14,0,18,2,4,91,79,46,44,782,450,4,3,8,0,5,0,9,1,3,22,27,19,23,0,0,2,2,3,1545,116
wpi6172964653ia1639,IC8.png,Right,23,20,52,14,29,14,27,99,32,15,41,873,1156,53,23,17,11,21,6,17,6,8,30,14,8,22,0,0,20,13,11,2465,187
wpi6172964653ia1639,IC9.png,Right,51,34,116,92,53,33,60,202,29,2,28,1707,1430,53,80,30,18,49,33,26,18,30,53,12,2,13,0,0,25,34,8,3949,321
wpi6172964653ia1639,P1.png,Left,8,14,4,32,0,9,7,63,27,29,36,508,310,8,23,0,5,2,11,0,5,3,12,12,11,17,0,0,5,10,0,1070,93
wpi6172964653ia1639,P10.png,Right,46,25,80,60,41,34,47,118,24,8,23,1156,871,10,46,34,7,30,21,23,15,22,30,10,4,13,0,0,6,21,11,2577,213
wpi6172964653ia1639,P11.png,Right,21,19,27,25,30,28,11,44,5,11,10,672,645,4,20,18,5,10,10,8,11,8,9,3,4,4,0,0,3,10,7,1569,92
wpi6172964653ia1639,P12.png,Right,25,13,57,23,37,28,26,57,9,6,5,811,820,20,29,14,6,19,9,16,13,14,18,5,3,2,0,0,9,11,8,1955,133
wpi6172964653ia1639,P2.png,Left,16,17,10,37,30,16,26,71,39,45,33,879,1165,13,19,10,8,6,13,7,8,11,16,15,11,12,0,0,5,11,4,2410,127
wpi6172964653ia1639,P3.png,Left,29,43,10,77,2,36,22,66,61,21,51,1223,986,40,30,18,17,5,32,1,16,10,30,26,11,19,0,0,20,16,4,2686,207
wpi6172964653ia1639,P4.png,Left,13,15,9,39,2,18,11,37,25,14,22,616,717,15,34,6,10,5,16,1,8,6,15,13,6,9,0,0,6,14,3,1580,112
wpi6172964653ia1639,P5.png,Left,32,22,8,77,7,28,20,60,64,30,44,784,673,8,36,5,7,4,37,4,15,11,20,21,7,20,0,0,3,15,3,1866,167
wpi6172964653ia1639,P6.png,Left,28,22,24,91,7,51,26,89,35,27,30,979,1121,9,21,14,8,9,32,4,20,13,23,13,12,15,0,0,6,11,4,2546,170
wpi6172964653ia1639,P7.png,Right,34,10,59,21,49,14,46,68,60,35,37,1116,942,13,21,21,4,29,10,21,9,23,19,22,16,20,0,0,6,9,10,2512,198
wpi6172964653ia1639,P8.png,Right,20,14,29,29,8,23,26,32,9,0,7,687,713,11,14,3,7,13,10,5,10,14,9,5,0,4,0,0,5,10,2,1605,94
wpi6172964653ia1639,P9.png,Right,44,4,60,25,49,28,36,77,21,26,30,887,581,28,29,12,2,28,13,21,11,17,27,13,10,14,0,0,6,13,7,1893,182
wpi617299937o1947y5,CC1.png,Left,8,4,12,10,4,15,6,41,21,48,16,760,776,6,4,22,1,3,4,2,5,3,9,10,10,7,0,0,2,1,5,1745,62
wpi617299937o1947y5,CC10.png,Right,8,0,14,18,28,26,18,62,51,72,23,1001,297,10,4,22,0,7,3,10,5,7,10,14,15,9,0,0,3,1,5,1646,89
wpi617299937o1947y5,CC11.png,Right,8,2,8,2,10,20,4,60,8,12,4,563,1465,8,8,14,1,3,1,4,6,2,13,4,5,2,0,0,4,4,4,2188,53
wpi617299937o1947y5,CC12.png,Right,0,4,0,0,6,0,0,43,12,2,2,402,695,4,4,0,2,0,0,1,0,0,9,4,1,1,0,0,2,2,0,1174,22
wpi617299937o1947y5,CC2.png,Left,13,4,28,14,34,20,14,44,6,4,4,591,531,6,12,4,2,11,7,8,6,7,10,3,1,2,0,0,3,5,2,1316,67
wpi617299937o1947y5,CC3.png,Left,11,2,24,12,30,21,20,86,17,55,25,1016,681,6,16,16,1,8,5,9,8,6,19,6,14,9,0,0,3,7,6,2027,101
wpi617299937o1947y5,CC4.png,Left,14,0,26,12,20,4,12,81,0,4,2,615,588,4,0,0,0,11,6,6,2,6,17,0,1,1,0,0,2,0,0,1368,52
wpi617299937o1947y5,CC5.png,Left,6,4,10,0,42,9,6,29,12,0,0,468,547,2,0,6,1,4,0,6,5,3,5,3,0,0,0,0,1,0,2,1135,30
wpi617299937o1947y5,CC6.png,Left,8,23,12,38,13,22,8,54,33,34,22,1002,344,12,4,10,5,3,8,3,10,4,9,10,9,8,0,0,4,2,3,1631,78
wpi617299937o1947y5,CC7.png,Right,18,0,20,13,49,17,14,54,20,13,8,703,629,6,20,14,0,7,5,11,4,5,9,6,6,4,0,0,2,3,5,1580,67
wpi617299937o1947y5,CC8.png,Right,10,0,2,18,12,14,6,60,8,10,10,494,1013,2,2,8,0,1,5,4,6,2,4,3,2,2,0,0,1,1,3,1659,34
wpi617299937o1947y5,CC9.png,Right,5,14,6,0,8,6,4,76,48,14,10,722,1045,2,8,0,5,3,0,4,3,2,18,14,4,4,0,0,1,3,0,1963,61
wpi617299937o1947y5,P1.png,Left,28,35,43,48,15,34,16,83,62,13,25,1155,328,4,24,4,10,16,19,8,14,8,22,21,5,11,0,0,2,10,1,1889,147
wpi617299937o1947y5,P10.png,Right,7,22,50,14,16,2,16,112,68,28,34,1173,481,24,51,2,8,19,6,3,1,6,24,22,10,15,0,0,6,19,1,2093,140
wpi617299937o1947y5,P11.png,Right,7,3,8,38,4,12,12,36,11,5,2,515,436,0,2,0,1,1,8,2,5,5,5,5,1,1,0,0,0,1,0,1084,35
wpi617299937o1947y5,P12.png,Right,11,8,30,30,4,22,16,46,34,18,14,813,1075,10,7,2,4,12,7,2,8,7,8,14,8,7,0,0,4,4,1,2129,86
wpi617299937o1947y5,P2.png,Left,44,8,51,75,70,66,32,125,31,22,15,1618,1055,8,6,16,4,19,23,23,21,13,20,12,7,7,0,0,4,3,5,3198,161
wpi617299937o1947y5,P3.png,Left,28,3,24,39,22,47,15,6,17,31,12,802,300,4,0,28,2,8,17,9,15,6,3,7,11,6,0,0,2,0,10,1350,96
wpi617299937o1947y5,P4.png,Left,15,27,20,30,24,24,14,33,77,28,42,1081,383,2,12,4,4,9,12,10,11,6,10,22,10,17,0,0,1,6,1,1801,119
wpi617299937o1947y5,P5.png,Left,14,0,29,20,16,10,8,96,10,0,6,849,1557,2,7,12,0,10,6,6,4,4,10,4,0,3,0,0,1,3,3,2622,54
wpi617299937o1947y5,P6.png,Left,16,6,10,30,10,73,16,50,26,30,36,821,342,8,12,30,3,4,11,4,20,6,10,10,10,16,0,0,4,4,14,1500,116
wpi617299937o1947y5,P7.png,Right,8,0,28,10,17,18,14,115,53,20,30,969,433,4,10,2,0,12,5,8,7,5,21,19,9,12,0,0,2,5,1,1723,106
wpi617299937o1947y5,P8.png,Right,56,10,102,60,104,68,55,205,110,74,98,2455,988,30,45,15,5,39,21,37,19,18,54,40,25,39,0,0,10,20,6,4419,333
wpi617299937o1947y5,P9.png,Right,21,12,42,61,32,40,30,26,50,12,12,977,1274,0,6,8,6,10,15,8,12,11,8,13,6,6,0,0,0,3,2,2582,100
wpi617f339q34159746,CC1.png,Left,0,7,0,2,0,0,0,3,0,0,0,31,10,11,4,0,2,0,1,0,0,0,1,0,0,0,0,0,5,2,0,68,11
wpi617f339q34159746,CC10.png,Right,0,13,0,0,0,0,0,2,0,0,0,25,10,14,5,0,4,0,0,0,0,0,1,0,0,0,0,0,4,2,0,69,11
wpi617f339q34159746,CC11.png,Right,0,8,0,0,0,0,0,0,0,0,0,38,0,7,13,0,1,0,0,0,0,0,0,0,0,0,0,0,3,2,0,66,6
wpi617f339q34159746,CC12.png,Right,0,6,0,0,0,0,0,3,0,0,0,27,4,13,7,0,3,0,0,0,0,0,1,0,0,0,0,0,4,3,0,60,11
wpi617f339q34159746,CC2.png,Left,0,4,0,0,0,0,0,0,0,0,0,42,3,11,8,0,2,0,0,0,0,0,0,0,0,0,0,0,5,3,0,68,10
wpi617f339q34159746,CC3.png,Left,0,3,0,0,0,0,0,4,0,0,0,41,4,4,7,0,1,0,0,0,0,0,1,0,0,0,0,0,2,2,0,63,6
wpi617f339q34159746,CC4.png,Left,0,10,0,0,0,0,0,0,0,0,0,40,10,10,0,0,2,0,0,0,0,0,0,0,0,0,0,0,2,0,0,70,4
wpi617f339q34159746,CC5.png,Left,0,12,0,0,0,0,0,24,0,0,0,113,11,16,17,0,4,0,0,0,0,0,7,0,0,0,0,0,5,5,0,193,21
wpi617f339q34159746,CC6.png,Left,0,6,0,0,0,0,0,2,0,0,0,37,0,20,5,0,3,0,0,0,0,0,1,0,0,0,0,0,4,2,0,70,10
wpi617f339q34159746,CC7.png,Right,0,6,0,0,0,3,0,0,0,0,0,35,7,0,8,0,1,0,0,0,1,0,0,0,0,0,0,0,0,1,0,59,3
wpi617f339q34159746,CC8.png,Right,0,9,0,0,0,0,0,2,0,0,0,34,3,9,4,0,2,0,0,0,0,0,1,0,0,0,0,0,3,2,0,61,8
wpi617f339q34159746,CC9.png,Right,0,4,0,0,0,0,0,4,4,0,0,52,5,6,2,0,2,0,0,0,0,0,1,1,0,0,0,0,1,1,0,77,6
wpi617f339q34159746,P1.png,Left,2,2,10,30,0,2,4,130,2,0,2,340,31,17,4,0,1,4,10,0,1,2,18,1,0,1,0,0,7,2,0,574,47
wpi617f339q34159746,P10.png,Right,0,40,40,20,0,0,8,24,0,0,0,407,79,28,18,0,15,10,6,0,0,4,10,0,0,0,0,0,11,7,0,664,63
wpi617f339q34159746,P11.png,Right,4,84,30,6,0,4,10,30,0,0,2,495,181,23,48,0,17,9,3,0,2,1,5,0,0,1,0,0,10,16,0,913,64
wpi617f339q34159746,P12.png,Right,13,38,18,28,6,46,8,53,31,0,0,824,790,37,43,0,11,7,7,3,8,3,18,5,0,0,0,0,14,15,0,1922,91
wpi617f339q34159746,P2.png,Left,0,54,10,27,0,0,0,26,9,0,0,626,354,22,26,0,10,5,7,0,0,0,9,3,0,0,0,0,9,8,0,1154,51
wpi617f339q34159746,P3.png,Left,6,7,27,38,2,4,9,150,8,2,0,406,137,27,31,0,4,8,12,1,2,3,26,3,1,0,0,0,11,13,0,848,84
wpi617f339q34159746,P4.png,Left,8,8,40,8,27,0,9,137,2,0,8,412,115,29,29,0,4,9,3,5,0,4,30,1,0,3,0,0,8,12,0,824,79
wpi617f339q34159746,P5.png,Left,6,60,26,27,2,14,8,109,16,0,4,678,346,45,34,2,15,4,10,1,3,2,15,8,0,2,0,0,13,12,1,1371,86
wpi617f339q34159746,P6.png,Left,2,65,2,8,0,2,0,92,10,0,0,561,147,44,42,2,15,1,4,0,1,0,19,4,0,0,0,0,14,19,1,975,78
wpi617f339q34159746,P7.png,Right,5,30,27,24,4,4,4,49,0,0,2,612,57,38,48,0,10,9,9,2,2,2,12,0,0,1,0,0,16,18,0,899,81
wpi617f339q34159746,P8.png,Right,0,94,12,4,0,0,0,61,6,0,0,436,171,31,22,0,18,3,2,0,0,0,10,2,0,0,0,0,12,6,0,837,53
wpi617f339q34159746,P9.png,Right,14,2,66,0,21,0,2,175,53,16,29,750,72,16,40,2,1,18,0,8,0,1,33,15,6,12,0,0,7,15,1,1244,117
wpi617y46298255z571,IC1.png,Left,9,53,14,24,4,41,11,43,50,18,11,941,232,42,18,6,11,3,10,2,7,4,6,9,5,2,0,0,6,7,3,1508,75
wpi617y46298255z571,IC10.png,Right,7,26,34,2,17,8,16,77,21,4,2,663,453,44,41,0,7,9,1,3,1,4,14,3,1,1,0,0,13,12,0,1408,69
wpi617y46298255z571,IC11.png,Right,44,108,162,82,109,62,89,261,79,29,87,2657,913,120,163,18,21,34,19,28,5,25,40,18,8,21,0,0,33,38,8,4939,298
wpi617y46298255z571,IC12.png,Right,20,55,104,18,45,0,52,268,34,10,77,1545,1465,131,67,0,13,31,6,12,0,16,36,11,3,18,0,0,28,21,0,3871,195
wpi617y46298255z571,IC2.png,Left,12,115,38,80,12,21,24,231,18,0,10,1424,1229,58,16,0,21,9,13,4,5,6,23,4,0,3,0,0,19,8,0,3276,115
wpi617y46298255z571,IC3.png,Left,16,109,53,94,20,28,42,233,85,10,14,2157,2010,95,73,4,12,9,22,5,7,13,30,12,3,5,0,0,19,24,1,5027,162
wpi617y46298255z571,IC4.png,Left,15,85,14,41,4,27,10,130,2,2,8,933,472,95,69,6,21,6,13,2,10,5,29,1,1,3,0,0,24,24,3,1898,142
wpi617y46298255z571,IC5.png,Left,5,59,6,20,9,4,2,186,20,0,2,967,508,72,94,0,12,3,9,3,2,1,30,5,0,1,0,0,18,22,0,1949,106
wpi617y46298255z571,IC6.png,Left,11,99,22,67,2,26,14,189,18,6,16,1285,1065,89,43,0,15,6,13,1,7,7,21,5,3,6,0,0,21,16,0,2941,121
wpi617y46298255z571,IC7.png,Right,9,28,24,7,18,4,25,125,36,8,12,762,491,54,78,0,7,7,3,6,1,6,24,7,2,2,0,0,20,17,0,1672,102
wpi617y46298255z571,IC8.png,Right,12,227,148,29,44,0,24,420,67,36,65,3471,1405,159,186,18,33,26,7,11,0,8,48,13,10,16,0,0,40,42,2,6299,256
wpi617y46298255z571,IC9.png,Right,8,54,128,12,30,8,35,170,30,17,37,1366,1884,60,58,7,13,16,2,6,2,7,26,5,2,7,0,0,15,12,2,3896,115
wpi617y46298255z571,P1.png,Left,5,43,5,16,6,24,8,61,26,0,9,749,372,86,39,4,9,1,4,2,4,2,12,3,0,3,0,0,16,8,2,1448,66
wpi617y46298255z571,P10.png,Right,9,40,45,6,26,4,6,78,13,4,16,695,562,34,16,2,8,8,3,5,2,2,11,4,2,5,0,0,7,6,1,1547,64
wpi617y46298255z571,P11.png,Right,16,110,35,148,28,34,89,43,13,34,46,1271,177,17,26,0,9,13,13,6,8,19,9,4,6,6,0,0,5,5,0,2071,103
wpi617y46298255z571,P12.png,Right,42,386,193,249,150,126,129,125,72,59,114,5648,1683,80,121,6,43,44,46,20,20,34,23,14,14,25,0,0,22,31,3,9141,339
wpi617y46298255z571,P2.png,Left,25,142,30,72,25,24,26,159,179,64,107,3468,3015,83,97,14,28,10,18,9,11,9,32,30,14,20,0,0,25,29,5,7505,240
wpi617y46298255z571,P3.png,Left,21,86,20,130,12,44,14,160,20,8,49,1559,953,96,97,4,17,4,30,3,10,5,31,9,3,14,0,0,24,29,2,3252,181
wpi617y46298255z571,P4.png,Left,4,43,22,6,4,4,14,0,16,10,10,455,698,6,0,0,5,5,2,1,2,5,0,3,3,3,0,0,2,0,0,1288,31
wpi617y46298255z571,P5.png,Left,34,105,90,234,10,82,82,163,300,188,194,3624,1220,48,100,16,15,21,56,3,22,25,24,49,29,35,0,0,9,28,2,6456,318
wpi617y46298255z571,P6.png,Left,24,69,22,85,14,40,28,200,24,0,42,1141,913,88,34,0,12,7,18,5,10,7,20,5,0,11,0,0,24,11,0,2700,130
wpi617y46298255z571,P7.png,Right,9,48,44,16,57,0,20,226,32,12,20,1066,560,143,106,0,11,10,2,8,0,6,36,6,2,6,0,0,44,25,0,2350,156
wpi617y46298255z571,P8.png,Right,13,255,195,89,42,25,55,270,101,26,91,3003,3099,93,119,15,21,28,17,8,6,13,44,23,9,15,0,0,29,30,3,7478,246
wpi617y46298255z571,P9.png,Right,16,200,46,75,73,138,88,40,37,32,32,2564,1341,29,41,0,12,10,12,10,15,17,7,5,3,8,0,0,6,5,0,4736,110
wpi6174q648202320p8,IC1.png,Left,0,17,0,0,0,2,0,0,2,0,2,42,25,3,0,0,1,0,0,0,1,0,0,1,0,1,0,0,1,0,0,93,5
wpi6174q648202320p8,IC10.png,Right,7,3,7,9,8,7,2,7,5,3,0,114,11,3,0,4,1,3,3,4,2,1,3,2,1,0,0,0,1,0,2,183,23
wpi6174q648202320p8,IC11.png,Right,3,2,2,4,7,2,0,10,4,0,3,85,22,4,2,2,1,1,2,3,1,0,3,2,0,1,0,0,1,1,1,149,17
wpi6174q648202320p8,IC12.png,Right,6,2,4,4,2,8,0,0,0,2,0,95,132,0,0,2,1,2,2,1,3,0,0,0,1,0,0,0,0,0,1,251,11
wpi6174q648202320p8,IC2.png,Left,1,0,0,5,0,7,0,0,5,2,4,73,56,0,0,0,0,0,1,0,2,0,0,2,1,2,0,0,0,0,0,152,8
wpi6174q648202320p8,IC3.png,Left,4,0,0,14,0,7,0,0,6,2,10,65,0,0,0,0,0,0,4,0,3,0,0,3,1,2,0,0,0,0,0,104,13
wpi6174q648202320p8,IC4.png,Left,6,4,4,8,0,10,5,49,4,0,6,136,116,9,6,2,2,2,4,0,3,2,13,2,0,3,0,0,4,3,1,359,39
wpi6174q648202320p8,IC5.png,Left,8,3,7,15,4,14,0,40,3,6,5,185,38,2,8,2,1,2,5,2,5,0,8,1,2,2,0,0,1,4,1,332,34
wpi6174q648202320p8,IC6.png,Left,4,4,4,20,2,2,0,12,10,6,6,166,22,0,2,2,2,2,7,1,1,0,4,4,2,3,0,0,0,1,1,258,28
wpi6174q648202320p8,IC7.png,Right,1,0,0,4,2,2,6,6,0,3,2,84,18,4,4,9,0,0,2,1,1,2,2,0,1,1,0,0,2,2,3,144,17
wpi6174q648202320p8,IC8.png,Right,4,0,4,5,2,6,4,7,0,0,0,102,140,0,4,0,0,2,2,1,2,2,2,0,0,0,0,0,0,2,0,274,13
wpi6174q648202320p8,IC9.png,Right,2,0,2,2,2,6,14,0,2,2,0,59,38,0,0,6,0,1,1,1,3,5,0,1,1,0,0,0,0,0,3,133,16
wpi6174q648202320p8,P1.png,Left,0,0,0,0,2,6,0,0,4,4,0,69,301,0,0,2,0,0,0,1,3,0,0,1,2,0,0,0,0,0,1,388,8
wpi6174q648202320p8,P10.png,Right,0,0,0,0,0,6,2,0,0,0,0,81,138,0,0,2,0,0,0,0,2,1,0,0,0,0,0,0,0,0,1,229,4
wpi6174q648202320p8,P11.png,Right,2,0,2,2,4,4,0,2,2,0,0,47,189,0,2,2,0,1,1,2,1,0,1,1,0,0,0,0,0,1,1,256,9
wpi6174q648202320p8,P12.png,Right,1,0,2,8,0,2,0,0,0,0,0,75,283,0,0,0,0,1,1,0,1,0,0,0,0,0,0,0,0,0,0,370,3
wpi6174q648202320p8,P2.png,Left,0,0,0,0,0,0,0,0,4,16,2,144,159,0,0,0,0,0,0,0,0,0,0,2,4,1,0,0,0,0,0,325,7
wpi6174q648202320p8,P3.png,Left,11,6,4,10,9,21,2,2,9,17,12,452,720,0,2,26,1,2,4,4,7,1,1,4,5,5,0,0,0,1,5,1292,40
wpi6174q648202320p8,P4.png,Left,4,0,0,11,0,6,0,0,6,14,2,151,86,0,0,3,0,0,3,0,3,0,0,2,5,1,0,0,0,0,1,279,15
wpi6174q648202320p8,P5.png,Left,2,0,2,10,0,8,2,2,20,64,10,522,810,0,0,15,0,1,2,0,4,1,1,5,10,4,0,0,0,0,5,1465,33
wpi6174q648202320p8,P6.png,Left,13,2,6,20,6,18,6,8,12,16,24,509,268,0,2,14,1,3,8,2,8,3,4,5,8,8,0,0,0,1,6,911,57
wpi6174q648202320p8,P7.png,Right,14,0,16,16,36,20,18,6,4,4,6,396,679,0,2,19,0,6,5,11,7,6,2,2,1,3,0,0,0,1,9,1222,53
wpi6174q648202320p8,P8.png,Right,15,4,29,25,20,6,14,4,2,4,2,270,499,4,4,0,2,11,5,7,3,6,2,1,1,1,0,0,2,2,0,887,43
wpi6174q648202320p8,P9.png,Right,1,0,8,8,2,0,0,2,6,0,2,92,110,0,0,7,0,4,2,1,0,0,1,3,0,1,0,0,0,0,2,237,14
wpi61e74071347v6471,CC1.png,Left,0,1626,0,0,0,0,0,0,0,0,0,0,0,0,0,0,1,0,0,0,0,0,0,0,0,0,0,0,0,0,0,1626,1
wpi61e74071347v6471,CC10.png,Right,0,624,0,0,0,0,0,0,0,0,0,0,0,0,0,0,1,0,0,0,0,0,0,0,0,0,0,0,0,0,0,624,1
wpi61e74071347v6471,CC11.png,Right,0,2094,0,0,0,0,0,0,0,0,0,0,0,0,0,0,1,0,0,0,0,0,0,0,0,0,0,0,0,0,0,2094,1
wpi61e74071347v6471,CC12.png,Right,0,1505,0,0,0,0,0,0,0,0,0,0,0,0,0,0,1,0,0,0,0,0,0,0,0,0,0,0,0,0,0,1505,1
wpi61e74071347v6471,CC2.png,Left,0,988,0,0,0,0,0,0,0,0,0,0,0,0,0,0,1,0,0,0,0,0,0,0,0,0,0,0,0,0,0,988,1
wpi61e74071347v6471,CC3.png,Left,0,891,0,0,0,0,0,0,0,0,0,0,0,0,0,0,1,0,0,0,0,0,0,0,0,0,0,0,0,0,0,891,1
wpi61e74071347v6471,CC4.png,Left,0,607,0,0,0,0,0,0,0,0,0,0,0,0,0,0,1,0,0,0,0,0,0,0,0,0,0,0,0,0,0,607,1
wpi61e74071347v6471,CC5.png,Left,0,1186,0,0,0,0,0,0,0,0,0,0,0,0,0,0,1,0,0,0,0,0,0,0,0,0,0,0,0,0,0,1186,1
wpi61e74071347v6471,CC6.png,Left,0,2098,0,0,0,0,0,0,0,0,0,0,0,0,0,0,1,0,0,0,0,0,0,0,0,0,0,0,0,0,0,2098,1
wpi61e74071347v6471,CC7.png,Right,0,477,0,0,0,0,0,0,0,0,0,0,0,0,0,0,1,0,0,0,0,0,0,0,0,0,0,0,0,0,0,477,1
wpi61e74071347v6471,CC8.png,Right,0,1163,0,0,0,0,0,0,0,0,0,0,0,0,0,0,1,0,0,0,0,0,0,0,0,0,0,0,0,0,0,1163,1
wpi61e74071347v6471,CC9.png,Right,0,1919,0,0,0,0,0,0,0,0,0,0,0,0,0,0,1,0,0,0,0,0,0,0,0,0,0,0,0,0,0,1919,1
wpi61e74071347v6471,P1.png,Left,0,1108,0,0,0,0,0,0,0,0,0,0,0,0,0,0,1,0,0,0,0,0,0,0,0,0,0,0,0,0,0,1108,1
wpi61e74071347v6471,P10.png,Right,0,1538,0,0,0,0,0,0,0,0,0,0,0,0,0,0,1,0,0,0,0,0,0,0,0,0,0,0,0,0,0,1538,1
wpi61e74071347v6471,P11.png,Right,0,1950,0,0,0,0,0,0,0,0,0,0,0,0,0,0,1,0,0,0,0,0,0,0,0,0,0,0,0,0,0,1950,1
wpi61e74071347v6471,P12.png,Right,0,6554,0,0,0,0,0,0,0,0,0,0,0,0,0,0,1,0,0,0,0,0,0,0,0,0,0,0,0,0,0,6554,1
wpi61e74071347v6471,P2.png,Left,0,2428,0,0,0,0,0,0,0,0,0,0,0,0,0,0,1,0,0,0,0,0,0,0,0,0,0,0,0,0,0,2428,1
wpi61e74071347v6471,P3.png,Left,0,3495,0,0,0,0,0,0,0,0,0,0,0,0,0,0,1,0,0,0,0,0,0,0,0,0,0,0,0,0,0,3495,1
wpi61e74071347v6471,P4.png,Left,0,1909,0,0,0,0,0,0,0,0,0,0,0,0,0,0,1,0,0,0,0,0,0,0,0,0,0,0,0,0,0,1909,1
wpi61e74071347v6471,P5.png,Left,0,1306,0,0,0,0,0,0,0,0,0,0,0,0,0,0,1,0,0,0,0,0,0,0,0,0,0,0,0,0,0,1306,1
wpi61e74071347v6471,P6.png,Left,0,3102,0,0,0,0,0,0,0,0,0,0,0,0,0,0,1,0,0,0,0,0,0,0,0,0,0,0,0,0,0,3102,1
wpi61e74071347v6471,P7.png,Right,0,850,0,0,0,0,0,0,0,0,0,0,0,0,0,0,1,0,0,0,0,0,0,0,0,0,0,0,0,0,0,850,1
wpi61e74071347v6471,P8.png,Right,0,1064,0,0,0,0,0,0,0,0,0,0,0,0,0,0,1,0,0,0,0,0,0,0,0,0,0,0,0,0,0,1064,1
wpi61e74071347v6471,P9.png,Right,0,961,0,0,0,0,0,0,0,0,0,0,0,0,0,0,1,0,0,0,0,0,0,0,0,0,0,0,0,0,0,961,1
wpi617302246zq87473,CC1.png,Left,23,12,24,36,20,32,20,56,8,18,4,606,113,14,10,14,4,7,11,8,13,7,11,4,6,2,0,0,7,4,5,987,89
wpi617302246zq87473,CC10.png,Right,5,12,19,0,12,22,18,22,6,8,6,384,46,2,14,4,5,8,0,3,6,8,8,2,3,3,0,0,1,3,1,575,51
wpi617302246zq87473,CC11.png,Right,22,2,49,12,50,18,30,28,42,50,52,800,92,6,12,18,1,19,5,16,7,11,8,18,18,21,0,0,3,4,7,1261,138
wpi617302246zq87473,CC12.png,Right,21,12,44,18,36,18,12,34,18,13,12,712,358,14,14,16,4,16,6,8,8,6,9,7,4,5,0,0,5,5,5,1331,88
wpi617302246zq87473,CC2.png,Left,25,32,16,38,30,38,11,32,24,20,24,908,504,32,4,28,10,8,14,9,18,5,13,9,6,11,0,0,12,2,8,1741,125
wpi617302246zq87473,CC3.png,Left,28,2,24,58,42,56,14,2,10,24,32,891,442,0,26,20,1,10,19,13,21,7,1,3,9,14,0,0,0,8,9,1643,115
wpi617302246zq87473,CC4.png,Left,11,12,0,20,12,32,6,8,12,12,14,270,294,0,6,16,3,0,7,6,10,3,2,5,3,7,0,0,0,3,6,714,55
wpi617302246zq87473,CC5.png,Left,36,18,36,45,40,66,67,64,22,17,28,728,146,12,6,8,4,14,16,15,23,23,10,7,5,12,0,0,4,3,3,1303,139
wpi617302246zq87473,CC6.png,Left,35,24,61,107,38,83,50,128,56,70,60,1473,409,8,56,20,8,20,35,12,28,22,23,17,15,26,0,0,4,21,7,2643,238
wpi617302246zq87473,CC7.png,Right,7,30,24,10,14,2,6,6,14,34,16,497,133,14,10,10,8,8,4,6,1,2,2,6,12,6,0,0,3,4,4,820,66
wpi617302246zq87473,CC8.png,Right,44,8,120,14,152,56,34,120,84,95,68,2267,809,16,22,127,3,38,6,45,17,15,31,29,29,29,0,0,7,10,24,3992,283
wpi617302246zq87473,CC9.png,Right,17,24,38,4,56,26,16,42,29,16,26,950,292,22,10,56,9,13,2,17,8,8,12,13,7,11,0,0,8,5,11,1607,124
wpi617302246zq87473,P1.png,Left,31,8,34,30,48,54,32,18,6,8,14,759,266,0,0,26,2,10,11,16,17,12,6,2,3,7,0,0,0,0,7,1303,93
wpi617302246zq87473,P10.png,Right,15,12,26,12,56,6,8,30,20,54,14,624,132,8,4,26,3,10,3,18,3,4,8,7,13,6,0,0,3,2,8,1032,88
wpi617302246zq87473,P11.png,Right,31,17,48,8,75,28,18,27,20,64,34,1035,259,12,18,32,4,19,4,22,11,7,8,9,19,14,0,0,5,5,12,1695,139
wpi617302246zq87473,P12.png,Right,23,8,82,38,58,76,63,57,38,40,36,1143,439,22,18,39,3,23,12,16,15,23,12,12,13,11,0,0,7,8,11,2157,166
wpi617302246zq87473,P2.png,Left,37,26,14,86,20,74,24,36,68,38,40,1209,191,34,40,26,10,7,28,10,21,11,12,19,12,16,0,0,12,16,8,1926,182
wpi617302246zq87473,P3.png,Left,23,10,18,37,34,32,26,56,54,14,24,647,146,23,0,4,3,7,10,10,9,7,11,10,7,8,0,0,7,0,2,1125,91
wpi617302246zq87473,P4.png,Left,16,16,22,24,38,34,21,45,18,42,28,727,236,16,14,8,5,8,7,11,11,10,9,5,5,7,0,0,5,7,3,1289,93
wpi617302246zq87473,P5.png,Left,9,0,2,12,8,26,6,6,30,22,20,653,512,0,0,26,0,1,5,3,12,2,2,8,7,8,0,0,0,0,9,1323,57
wpi617302246zq87473,P6.png,Left,41,44,90,100,88,85,62,220,38,32,36,2042,602,41,63,48,16,31,33,29,23,23,47,11,11,17,0,0,17,25,9,3591,292
wpi617302246zq87473,P7.png,Right,33,29,104,30,54,20,38,68,44,67,80,1215,360,14,33,28,9,35,7,18,4,16,22,18,21,32,0,0,6,14,8,2184,210
wpi617302246zq87473,P8.png,Right,14,14,21,8,34,28,20,20,10,14,10,435,247,6,12,16,4,7,3,11,5,7,5,4,5,4,0,0,3,5,5,895,68
wpi617302246zq87473,P9.png,Right,44,28,76,36,92,30,55,78,22,36,42,1643,730,38,40,48,10,30,11,32,11,25,26,10,12,17,0,0,15,14,11,2994,224
wpi6174h603234f8724,IC1.png,Left,18,10,12,76,33,19,22,138,8,24,6,1127,427,18,70,9,5,5,21,8,8,10,28,4,5,3,0,0,8,19,4,1999,128
wpi6174h603234f8724,IC10.png,Right,22,4,77,2,26,20,8,94,46,28,68,731,169,8,20,10,2,24,1,11,8,4,19,15,10,24,0,0,4,8,5,1311,135
wpi6174h603234f8724,IC11.png,Right,15,12,42,8,38,16,14,81,22,38,30,682,147,19,43,8,5,15,1,10,2,6,23,9,13,12,0,0,8,18,3,1200,125
wpi6174h603234f8724,IC12.png,Right,11,0,20,32,4,26,20,39,0,6,8,339,238,2,4,8,0,9,10,2,5,10,4,0,2,3,0,0,1,2,3,746,51
wpi6174h603234f8724,IC2.png,Left,21,0,12,48,30,52,29,42,2,4,10,436,346,2,6,8,0,6,15,10,14,10,7,1,2,4,0,0,1,3,3,1027,76
wpi6174h603234f8724,IC3.png,Left,19,0,10,46,24,47,26,36,0,7,14,605,259,3,6,14,0,4,15,6,14,10,7,0,3,6,0,0,1,2,7,1097,75
wpi6174h603234f8724,IC4.png,Left,27,8,32,25,23,54,36,62,4,2,8,560,144,8,2,14,3,15,11,8,10,14,12,1,1,4,0,0,4,1,6,982,90
wpi6174h603234f8724,IC5.png,Left,12,12,2,50,8,24,18,16,37,26,24,554,185,22,14,0,6,1,12,3,12,5,6,14,9,10,0,0,7,7,0,992,92
wpi6174h603234f8724,IC6.png,Left,9,0,20,25,30,18,25,65,6,2,2,588,180,32,26,18,0,10,9,8,6,11,19,2,1,1,0,0,12,9,3,1037,91
wpi6174h603234f8724,IC7.png,Right,3,0,39,0,6,7,0,81,14,10,24,441,147,12,16,8,0,12,0,3,3,0,14,5,5,9,0,0,5,7,2,805,65
wpi6174h603234f8724,IC8.png,Right,7,14,32,10,10,2,4,72,18,2,8,524,178,4,25,4,5,12,5,4,1,2,11,6,1,4,0,0,2,8,1,907,62
wpi6174h603234f8724,IC9.png,Right,11,2,40,6,12,8,2,68,6,8,16,379,114,8,29,4,1,12,3,5,3,1,17,3,4,5,0,0,2,12,1,702,69
wpi6174h603234f8724,P1.png,Left,22,14,59,84,81,55,44,154,2,12,12,1323,278,32,37,24,4,20,29,18,16,17,34,1,5,6,0,0,13,16,4,2211,183
wpi6174h603234f8724,P10.png,Right,12,2,37,6,14,4,5,52,14,16,16,677,247,4,15,16,1,11,2,6,2,3,10,6,6,5,0,0,2,6,4,1125,64
wpi6174h603234f8724,P11.png,Right,11,8,35,2,22,2,14,70,28,20,22,606,224,20,54,18,4,13,1,9,1,6,17,9,7,11,0,0,9,18,5,1145,110
wpi6174h603234f8724,P12.png,Right,10,6,62,4,14,4,4,123,22,40,24,784,135,22,44,6,2,22,2,6,2,2,32,9,10,12,0,0,8,16,3,1294,126
wpi6174h603234f8724,P2.png,Left,7,4,8,30,35,18,19,82,8,11,8,597,366,21,27,6,1,4,10,7,8,9,21,1,3,4,0,0,7,10,2,1240,87
wpi6174h603234f8724,P3.png,Left,8,5,26,58,2,22,30,59,6,6,6,519,100,12,26,10,2,10,15,1,7,11,19,2,3,3,0,0,5,9,3,887,90
wpi6174h603234f8724,P4.png,Left,40,6,36,42,56,142,48,79,8,8,33,1349,408,18,16,55,3,14,20,18,35,22,23,3,3,16,0,0,6,8,18,2304,189
wpi6174h603234f8724,P5.png,Left,18,10,16,51,8,30,14,69,6,12,8,654,259,8,41,12,5,6,16,4,11,7,15,3,6,4,0,0,4,12,5,1198,98
wpi6174h603234f8724,P6.png,Left,20,10,21,105,8,38,16,106,24,14,14,889,285,26,36,4,4,5,23,3,10,7,19,8,3,6,0,0,11,12,2,1596,113
wpi6174h603234f8724,P7.png,Right,24,8,84,6,96,12,34,20,19,20,53,770,188,12,14,18,4,23,2,22,5,15,8,8,7,20,0,0,5,5,9,1354,133
wpi6174h603234f8724,P8.png,Right,9,18,23,2,12,10,6,77,18,10,24,549,112,46,20,4,7,7,1,6,1,3,17,7,4,9,0,0,14,9,2,931,87
wpi6174h603234f8724,P9.png,Right,24,0,48,8,57,2,16,43,21,24,18,602,234,2,8,4,0,19,4,18,1,7,8,9,11,8,0,0,1,4,2,1087,92
wpi61v729990s628152,IC1.png,Left,0,0,0,0,0,0,0,0,0,0,0,1284,0,0,0,0,0,0,0,0,0,0,0,0,0,0,0,0,0,0,0,1284,0
wpi61v729990s628152,IC10.png,Right,0,0,0,0,0,0,0,0,0,0,0,531,0,0,0,0,0,0,0,0,0,0,0,0,0,0,0,0,0,0,0,531,0
wpi61v729990s628152,IC11.png,Right,0,0,0,0,0,0,0,0,0,0,0,368,0,0,0,0,0,0,0,0,0,0,0,0,0,0,0,0,0,0,0,368,0
wpi61v729990s628152,IC12.png,Right,0,0,0,0,0,0,0,0,0,0,0,664,0,0,0,0,0,0,0,0,0,0,0,0,0,0,0,0,0,0,0,664,0
wpi61v729990s628152,IC2.png,Left,0,0,0,0,0,0,0,0,0,0,0,1332,0,0,0,0,0,0,0,0,0,0,0,0,0,0,0,0,0,0,0,1332,0
wpi61v729990s628152,IC3.png,Left,0,0,0,0,0,0,0,0,0,0,0,1103,0,0,0,0,0,0,0,0,0,0,0,0,0,0,0,0,0,0,0,1103,0
wpi61v729990s628152,IC4.png,Left,0,0,0,0,0,0,0,0,0,0,0,683,0,0,0,0,0,0,0,0,0,0,0,0,0,0,0,0,0,0,0,683,0
wpi61v729990s628152,IC5.png,Left,0,0,0,0,0,0,0,0,0,0,0,588,0,0,0,0,0,0,0,0,0,0,0,0,0,0,0,0,0,0,0,588,0
wpi61v729990s628152,IC6.png,Left,0,0,0,0,0,0,0,0,0,0,0,1104,0,0,0,0,0,0,0,0,0,0,0,0,0,0,0,0,0,0,0,1104,0
wpi61v729990s628152,IC7.png,Right,0,0,0,0,0,0,0,0,0,0,0,557,0,0,0,0,0,0,0,0,0,0,0,0,0,0,0,0,0,0,0,557,0
wpi61v729990s628152,IC8.png,Right,0,0,0,0,0,0,0,0,0,0,0,1403,0,0,0,0,0,0,0,0,0,0,0,0,0,0,0,0,0,0,0,1403,0
wpi61v729990s628152,IC9.png,Right,0,0,0,0,0,0,0,0,0,0,0,1834,0,0,0,0,0,0,0,0,0,0,0,0,0,0,0,0,0,0,0,1834,0
wpi61v729990s628152,P1.png,Left,0,0,0,0,0,0,0,0,0,0,0,684,0,0,0,0,0,0,0,0,0,0,0,0,0,0,0,0,0,0,0,684,0
wpi61v729990s628152,P10.png,Right,0,0,0,0,0,0,0,0,0,0,0,908,0,0,0,0,0,0,0,0,0,0,0,0,0,0,0,0,0,0,0,908,0
wpi61v729990s628152,P11.png,Right,0,0,0,0,0,0,0,0,0,0,0,751,0,0,0,0,0,0,0,0,0,0,0,0,0,0,0,0,0,0,0,751,0
wpi61v729990s628152,P12.png,Right,0,0,0,0,0,0,0,0,0,0,0,780,0,0,0,0,0,0,0,0,0,0,0,0,0,0,0,0,0,0,0,780,0
wpi61v729990s628152,P2.png,Left,0,0,0,0,0,0,0,0,0,0,0,1139,0,0,0,0,0,0,0,0,0,0,0,0,0,0,0,0,0,0,0,1139,0
wpi61v729990s628152,P3.png,Left,0,0,0,0,0,0,0,0,0,0,0,1079,0,0,0,0,0,0,0,0,0,0,0,0,0,0,0,0,0,0,0,1079,0
wpi61v729990s628152,P4.png,Left,0,0,0,0,0,0,0,0,0,0,0,526,0,0,0,0,0,0,0,0,0,0,0,0,0,0,0,0,0,0,0,526,0
wpi61v729990s628152,P5.png,Left,0,0,0,0,0,0,0,0,0,0,0,919,0,0,0,0,0,0,0,0,0,0,0,0,0,0,0,0,0,0,0,919,0
wpi61v729990s628152,P6.png,Left,0,0,0,0,0,0,0,0,0,0,0,899,0,0,0,0,0,0,0,0,0,0,0,0,0,0,0,0,0,0,0,899,0
wpi61v729990s628152,P7.png,Right,0,0,0,0,0,0,0,0,0,0,0,1240,0,0,0,0,0,0,0,0,0,0,0,0,0,0,0,0,0,0,0,1240,0
wpi61v729990s628152,P8.png,Right,0,0,0,0,0,0,0,0,0,0,0,736,0,0,0,0,0,0,0,0,0,0,0,0,0,0,0,0,0,0,0,736,0
wpi61v729990s628152,P9.png,Right,0,0,0,0,0,0,0,0,0,0,0,1615,0,0,0,0,0,0,0,0,0,0,0,0,0,0,0,0,0,0,0,1615,0
wpi6p17372196220r04,IC1.png,Left,18,22,11,76,2,41,12,327,56,64,45,1437,1064,73,59,4,8,3,24,1,17,4,44,24,18,19,0,0,20,22,2,3293,206
wpi6p17372196220r04,IC10.png,Right,21,8,42,38,26,30,24,174,4,0,10,1005,345,81,61,0,4,16,10,7,8,7,30,2,0,4,0,0,19,22,0,1848,129
wpi6p17372196220r04,IC11.png,Right,27,12,123,40,31,44,60,406,30,6,14,1899,1192,28,60,4,6,42,19,8,14,19,47,7,3,7,0,0,13,25,2,3949,212
wpi6p17372196220r04,IC12.png,Right,19,26,46,37,30,8,56,287,8,0,8,1128,592,64,44,4,8,16,11,11,3,12,26,3,0,4,0,0,14,17,2,2338,127
wpi6p17372196220r04,IC2.png,Left,38,23,119,114,56,31,49,515,103,79,52,2958,2228,69,69,2,10,27,34,9,14,12,58,31,21,21,0,0,24,29,1,6467,291
wpi6p17372196220r04,IC3.png,Left,16,25,31,152,2,17,18,74,129,56,77,1508,202,59,64,4,9,7,38,1,8,8,26,21,10,23,0,0,17,22,2,2418,192
wpi6p17372196220r04,IC4.png,Left,10,4,18,27,2,26,21,127,22,70,40,706,731,6,12,0,1,5,13,1,10,7,7,6,11,14,0,0,3,5,0,1812,83
wpi6p17372196220r04,IC5.png,Left,8,73,57,70,8,2,27,332,35,28,26,1393,858,71,100,0,17,11,20,4,1,11,50,12,9,10,0,0,27,32,0,3080,204
wpi6p17372196220r04,IC6.png,Left,14,16,24,113,6,16,22,450,104,90,69,2061,1033,116,90,2,7,6,38,3,7,8,59,28,28,30,0,0,30,39,1,4212,284
wpi6p17372196220r04,IC7.png,Right,44,16,160,75,63,74,50,412,20,17,38,2089,482,27,93,21,3,40,26,22,22,25,48,6,6,9,0,0,13,38,7,3637,265
wpi6p17372196220r04,IC8.png,Right,61,41,99,94,68,80,83,228,35,10,54,2183,1149,135,82,16,11,36,30,25,21,32,55,12,4,23,0,0,32,29,4,4357,314
wpi6p17372196220r04,IC9.png,Right,21,14,85,26,40,18,17,442,182,18,64,1973,710,46,36,4,7,25,9,11,7,7,39,32,6,20,0,0,10,12,2,3675,187
wpi6p17372196220r04,P1.png,Left,17,50,12,38,4,32,14,109,68,61,23,1413,845,44,44,28,14,5,16,2,13,5,19,20,16,9,0,0,15,17,6,2785,157
wpi6p17372196220r04,P10.png,Right,30,20,55,30,39,42,44,174,31,8,20,1259,452,185,50,6,4,19,10,11,11,16,36,5,2,8,0,0,21,22,3,2415,168
wpi6p17372196220r04,P11.png,Right,44,44,242,208,124,42,103,294,54,18,79,2751,741,30,72,2,11,48,28,23,12,30,36,15,4,23,0,0,12,24,1,4804,267
wpi6p17372196220r04,P12.png,Right,43,52,177,92,58,58,74,226,18,8,38,1925,544,64,93,6,13,43,20,19,17,29,43,8,3,12,0,0,20,31,3,3433,261
wpi6p17372196220r04,P2.png,Left,61,72,37,156,79,179,86,159,171,122,104,3879,1965,69,77,87,19,14,46,25,55,29,29,39,39,40,0,0,19,26,22,7242,402
wpi6p17372196220r04,P3.png,Left,86,120,45,354,12,283,118,220,113,134,175,3990,1513,138,147,35,27,14,76,6,60,40,56,31,31,49,0,0,33,48,8,7397,479
wpi6p17372196220r04,P4.png,Left,11,8,16,56,2,16,30,448,50,30,44,1218,636,94,52,2,4,5,19,1,7,10,39,14,9,15,0,0,25,24,1,2702,173
wpi6p17372196220r04,P5.png,Left,18,12,22,78,0,71,17,289,163,78,70,2318,959,61,138,5,4,5,26,0,18,6,26,27,18,25,0,0,13,28,1,4281,197
wpi6p17372196220r04,P6.png,Left,28,162,40,154,10,68,29,416,135,99,95,3294,2289,162,141,8,40,9,47,4,20,13,66,50,34,38,0,0,42,48,5,7102,416
wpi6p17372196220r04,P7.png,Right,61,24,100,91,113,112,73,326,95,70,61,2831,1979,64,70,19,8,34,25,25,22,28,59,34,15,23,0,0,14,26,5,6028,318
wpi6p17372196220r04,P8.png,Right,54,44,110,24,156,30,107,46,10,2,55,1594,336,68,68,18,11,37,8,37,12,36,14,3,1,18,0,0,16,19,8,2668,220
wpi6p17372196220r04,P9.png,Right,22,34,104,72,36,32,45,377,60,32,28,2331,1440,48,56,12,8,25,19,13,8,13,41,17,8,10,0,0,20,20,3,4707,205
wpi6173376y1l465318,CC1.png,Left,0,10,2,8,0,0,0,52,0,0,0,233,244,24,16,0,6,1,2,0,0,0,11,0,0,0,0,0,12,10,0,589,42
wpi6173376y1l465318,CC10.png,Right,0,2,0,0,0,0,0,3,0,0,0,22,498,2,1,0,2,0,0,0,0,0,1,0,0,0,0,0,1,1,0,528,5
wpi6173376y1l465318,CC11.png,Right,0,13,0,0,0,0,0,23,2,0,0,105,464,28,5,0,7,0,0,0,0,0,13,1,0,0,0,0,14,3,0,640,38
wpi6173376y1l465318,CC12.png,Right,0,6,4,0,0,0,0,42,1,0,1,105,546,16,10,0,3,3,0,0,0,0,15,1,0,1,0,0,7,6,0,731,36
wpi6173376y1l465318,CC2.png,Left,2,1,2,18,0,2,0,41,0,0,2,135,402,9,13,0,1,1,5,0,1,0,12,0,0,1,0,0,9,6,0,625,36
wpi6173376y1l465318,CC3.png,Left,5,6,12,8,2,2,3,104,0,0,2,299,359,19,18,0,4,8,6,2,1,3,22,0,0,1,0,0,14,11,0,834,72
wpi6173376y1l465318,CC4.png,Left,0,11,2,0,0,0,0,34,0,0,0,109,272,23,23,0,5,1,0,0,0,0,11,0,0,0,0,0,10,9,0,474,36
wpi6173376y1l465318,CC5.png,Left,0,6,0,0,0,0,0,6,0,0,0,43,338,2,1,0,1,0,0,0,0,0,2,0,0,0,0,0,2,1,0,396,6
wpi6173376y1l465318,CC6.png,Left,0,5,0,0,0,0,0,29,0,0,0,95,508,5,13,0,4,0,0,0,0,0,10,0,0,0,0,0,4,5,0,655,23
wpi6173376y1l465318,CC7.png,Right,0,1,1,0,0,0,0,19,0,0,0,70,402,6,2,0,1,1,0,0,0,0,6,0,0,0,0,0,4,1,0,501,13
wpi6173376y1l465318,CC8.png,Right,0,3,0,0,0,0,0,52,8,0,1,207,536,12,4,0,1,0,0,0,0,0,11,4,0,1,0,0,7,3,0,823,27
wpi6173376y1l465318,CC9.png,Right,2,3,2,4,0,1,0,14,0,0,0,68,513,4,1,0,2,2,2,0,1,0,2,0,0,0,0,0,2,1,0,610,12
wpi6173376y1l465318,P1.png,Left,7,10,1,14,0,11,1,31,6,2,4,280,141,13,7,1,8,1,7,0,6,1,9,4,2,4,0,0,9,4,1,522,56
wpi6173376y1l465318,P10.png,Right,0,3,10,0,0,0,1,25,3,1,1,83,323,12,12,0,3,6,0,0,0,1,9,3,1,1,0,0,6,6,0,474,36
wpi6173376y1l465318,P11.png,Right,8,7,17,4,5,0,5,47,32,3,11,332,200,6,14,0,4,12,2,4,0,2,17,10,2,8,0,0,4,9,0,683,74
wpi6173376y1l465318,P12.png,Right,18,8,77,18,26,2,23,71,33,24,50,740,296,17,19,1,7,30,9,10,2,14,22,11,12,25,0,0,11,8,1,1405,162
wpi6173376y1l465318,P2.png,Left,4,4,11,3,9,0,3,28,0,0,3,126,339,3,6,0,2,5,2,2,0,3,6,0,0,1,0,0,3,5,0,535,29
wpi6173376y1l465318,P3.png,Left,0,0,1,13,0,0,0,55,0,0,0,139,260,13,7,0,0,1,3,0,0,0,12,0,0,0,0,0,7,6,0,488,29
wpi6173376y1l465318,P4.png,Left,0,19,0,2,0,0,0,5,5,0,0,131,283,7,9,0,6,0,1,0,0,0,3,2,0,0,0,0,4,6,0,461,22
wpi6173376y1l465318,P5.png,Left,0,21,0,2,0,0,1,5,3,0,0,140,369,12,11,0,5,0,2,0,0,1,3,2,0,0,0,0,9,6,0,564,28
wpi6173376y1l465318,P6.png,Left,2,10,5,1,1,0,1,43,1,0,0,172,560,22,13,0,7,2,1,1,0,1,12,1,0,0,0,0,10,9,0,829,44
wpi6173376y1l465318,P7.png,Right,0,9,2,0,0,0,2,20,0,1,0,115,479,11,6,0,4,1,0,0,0,1,8,0,1,0,0,0,6,4,0,645,25
wpi6173376y1l465318,P8.png,Right,0,19,7,1,0,0,1,21,0,0,1,137,782,9,7,0,6,5,1,0,0,1,10,0,0,1,0,0,3,7,0,985,34
wpi6173376y1l465318,P9.png,Right,2,39,26,6,0,1,0,73,32,14,10,559,696,36,17,0,17,13,3,0,1,0,34,14,7,7,0,0,24,13,0,1509,133
wpi61d732z553804786,CC1.png,Left,22,0,8,32,8,86,16,14,6,56,42,564,82,10,4,41,0,3,9,4,23,7,3,3,15,18,0,0,3,2,9,969,99
wpi61d732z553804786,CC10.png,Right,17,0,14,10,51,46,30,0,0,6,14,363,74,0,2,6,0,5,5,16,12,12,0,0,3,7,0,0,0,1,2,616,63
wpi61d732z553804786,CC11.png,Right,36,4,41,49,60,66,48,78,20,36,14,1245,973,8,8,28,2,15,16,23,20,18,11,8,12,7,0,0,3,4,10,2678,149
wpi61d732z553804786,CC12.png,Right,29,0,54,16,70,42,28,8,24,10,18,913,256,0,14,34,0,12,7,22,17,13,4,10,5,7,0,0,0,4,8,1487,109
wpi61d732z553804786,CC2.png,Left,30,4,22,58,38,132,40,61,83,140,80,1742,1055,6,14,53,2,7,19,15,38,15,12,27,37,28,0,0,3,5,14,3528,222
wpi61d732z553804786,CC3.png,Left,51,10,38,84,60,148,54,22,69,72,60,1966,811,0,10,98,3,14,31,19,44,20,7,22,24,21,0,0,0,4,25,3502,234
wpi61d732z553804786,CC4.png,Left,5,0,24,28,2,18,10,6,4,16,18,383,255,0,2,2,0,6,6,1,5,3,2,2,5,6,0,0,0,1,1,768,38
wpi61d732z553804786,CC5.png,Left,19,0,8,62,20,67,26,0,26,58,38,744,270,0,2,12,0,3,15,9,20,11,0,10,18,17,0,0,0,1,5,1333,109
wpi61d732z553804786,CC6.png,Left,34,10,8,92,10,106,41,38,126,119,106,1577,845,4,24,34,5,3,32,4,27,17,5,38,33,38,0,0,2,7,9,3140,220
wpi61d732z553804786,CC7.png,Right,12,0,16,12,34,17,16,6,6,0,4,430,420,2,0,16,0,4,4,11,7,6,2,2,0,2,0,0,1,0,6,979,45
wpi61d732z553804786,CC8.png,Right,16,18,59,25,9,45,26,50,10,12,10,883,381,12,20,10,6,14,9,3,10,8,11,4,6,5,0,0,6,7,2,1570,91
wpi61d732z553804786,CC9.png,Right,28,4,34,62,35,44,36,19,6,22,20,907,503,4,12,10,2,12,17,12,16,12,7,3,6,9,0,0,2,5,3,1718,106
wpi61d732z553804786,P1.png,Left,9,2,2,32,2,22,8,17,24,30,52,667,263,2,0,6,1,1,10,1,10,3,5,8,9,14,0,0,1,0,3,1129,66
wpi61d732z553804786,P10.png,Right,27,2,38,32,36,42,37,6,12,8,32,635,176,6,6,28,1,12,9,14,15,12,3,5,4,9,0,0,3,3,6,1096,96
wpi61d732z553804786,P11.png,Right,37,0,59,43,120,38,40,6,12,28,34,1135,573,0,8,77,0,18,10,33,10,15,2,4,11,16,0,0,0,3,23,2173,145
wpi61d732z553804786,P12.png,Right,25,18,49,25,61,46,36,12,38,32,41,1258,717,2,10,62,4,18,8,20,12,16,6,9,11,17,0,0,1,4,17,2407,143
wpi61d732z553804786,P2.png,Left,28,0,20,48,28,123,36,9,46,81,51,1555,736,0,8,73,0,8,18,13,31,13,4,11,26,20,0,0,0,3,19,2814,166
wpi61d732z553804786,P3.png,Left,46,4,38,138,38,134,70,155,112,178,122,2271,980,6,26,47,1,17,33,12,49,22,21,28,48,47,0,0,3,6,16,4319,303
wpi61d732z553804786,P4.png,Left,19,0,10,40,12,54,12,18,50,19,60,668,188,4,6,8,0,4,12,3,15,5,3,12,7,23,0,0,2,3,4,1149,93
wpi61d732z553804786,P5.png,Left,21,2,10,39,12,59,24,12,76,63,30,898,820,2,6,40,1,4,15,4,19,7,3,18,18,10,0,0,1,2,11,2093,113
wpi61d732z553804786,P6.png,Left,21,8,26,62,21,98,26,88,50,49,60,1277,710,2,20,36,4,7,20,8,22,10,15,15,17,22,0,0,1,7,9,2533,157
wpi61d732z553804786,P7.png,Right,21,4,68,16,58,20,28,144,14,15,35,850,140,12,28,22,1,21,6,22,7,10,13,7,5,11,0,0,2,8,8,1454,121
wpi61d732z553804786,P8.png,Right,16,2,12,28,74,56,42,92,22,67,22,802,64,12,2,20,1,5,7,18,8,12,10,7,14,11,0,0,5,1,7,1317,106
wpi61d732z553804786,P9.png,Right,58,2,86,64,138,114,78,84,45,42,54,2173,969,6,34,108,1,27,19,40,36,26,15,18,15,20,0,0,3,11,22,3997,253
wpi617422439lm02566,CC1.png,Left,4,18,2,10,0,10,12,14,26,0,0,230,1071,8,5,0,5,1,4,0,2,4,7,7,0,0,0,0,4,2,0,1406,36
wpi617422439lm02566,CC10.png,Right,10,12,28,18,36,6,16,96,38,14,26,672,571,10,12,10,4,10,6,10,2,8,16,12,6,8,0,0,4,6,4,1565,96
wpi617422439lm02566,CC11.png,Right,18,0,26,36,22,26,16,51,14,12,24,551,238,4,8,4,0,9,9,8,7,6,9,6,4,9,0,0,2,3,2,1032,74
wpi617422439lm02566,CC12.png,Right,4,14,14,8,2,4,0,75,6,2,4,440,1065,8,6,0,5,5,4,1,2,0,15,3,1,2,0,0,3,2,0,1648,43
wpi617422439lm02566,CC2.png,Left,4,4,4,10,0,4,14,42,2,2,8,226,160,8,6,0,2,2,3,0,2,3,10,1,1,1,0,0,3,2,0,490,30
wpi617422439lm02566,CC3.png,Left,4,4,4,16,8,14,10,24,2,0,4,220,469,10,6,0,1,2,4,2,2,4,8,1,0,1,0,0,3,2,0,791,30
wpi617422439lm02566,CC4.png,Left,8,6,2,48,2,12,2,32,36,4,16,398,541,10,12,0,3,1,13,1,4,1,14,11,2,7,0,0,5,6,0,1121,68
wpi617422439lm02566,CC5.png,Left,16,4,26,46,18,34,26,46,4,4,16,573,432,0,22,12,2,7,11,6,10,11,10,1,2,7,0,0,0,8,4,1263,79
wpi617422439lm02566,CC6.png,Left,5,26,14,16,0,12,16,24,44,12,14,496,576,16,24,0,8,4,6,0,6,5,11,9,4,4,0,0,5,10,0,1290,72
wpi617422439lm02566,CC7.png,Right,10,6,22,10,34,4,10,24,14,14,8,408,363,0,4,0,3,8,4,9,1,3,4,6,5,4,0,0,0,2,0,921,49
wpi617422439lm02566,CC8.png,Right,5,0,12,0,12,0,6,22,10,0,6,172,145,2,2,4,0,3,0,3,0,1,6,3,0,2,0,0,1,1,2,393,22
wpi617422439lm02566,CC9.png,Right,2,0,8,10,2,0,0,28,10,6,8,185,213,0,8,0,0,4,4,1,0,0,5,3,2,4,0,0,0,4,0,478,27
wpi617422439lm02566,P1.png,Left,10,2,18,16,2,26,4,68,6,0,4,275,273,2,2,0,1,5,4,1,7,1,11,3,0,2,0,0,1,1,0,698,37
wpi617422439lm02566,P10.png,Right,1,0,0,6,2,4,8,8,4,8,4,196,627,2,4,0,0,0,2,1,1,2,2,2,3,2,0,0,1,2,0,873,18
wpi617422439lm02566,P11.png,Right,38,4,94,24,107,28,46,48,38,106,102,1399,195,4,4,26,2,23,9,27,10,14,9,13,21,30,0,0,2,2,10,2225,172
wpi617422439lm02566,P12.png,Right,15,4,48,20,62,10,33,38,16,2,14,375,234,8,14,2,2,12,5,11,3,12,9,4,1,6,0,0,4,5,1,880,75
wpi617422439lm02566,P2.png,Left,13,6,38,36,12,14,26,54,14,8,24,389,263,2,6,4,2,11,9,2,5,7,10,3,2,6,0,0,1,3,2,896,63
wpi617422439lm02566,P3.png,Left,70,72,62,88,82,98,64,146,82,68,54,2502,1036,58,62,46,18,20,32,20,38,22,28,23,25,22,0,0,19,19,14,4520,300
wpi617422439lm02566,P4.png,Left,10,6,10,16,14,86,4,59,22,14,8,752,244,18,0,40,3,4,5,6,17,2,7,5,6,4,0,0,6,0,11,1293,76
wpi617422439lm02566,P5.png,Left,10,8,16,6,140,62,34,22,28,24,16,903,259,6,2,26,3,6,2,12,15,9,4,4,7,7,0,0,3,1,5,1552,78
wpi617422439lm02566,P6.png,Left,21,0,16,26,30,59,32,72,16,12,36,765,576,6,12,16,0,7,11,9,19,13,12,7,4,16,0,0,3,4,4,1674,109
wpi617422439lm02566,P7.png,Right,11,18,30,0,36,16,14,94,20,20,12,502,858,24,14,14,4,9,0,9,4,6,18,7,5,5,0,0,10,5,1,1672,83
wpi617422439lm02566,P8.png,Right,18,6,42,12,108,6,20,16,22,34,38,750,341,20,4,20,2,11,2,22,3,7,3,7,6,12,0,0,7,2,5,1439,89
wpi617422439lm02566,P9.png,Right,10,2,26,14,10,20,20,42,14,0,6,389,303,6,4,0,1,7,5,4,6,8,10,6,0,3,0,0,3,2,0,856,55
wpi6r1745874r291842,CC1.png,Left,1,0,2,0,26,0,0,0,0,0,0,179,27,0,0,0,0,1,0,1,0,0,0,0,0,0,0,0,0,0,0,234,2
wpi6r1745874r291842,CC10.png,Right,0,0,0,0,30,10,0,0,106,68,38,510,10,0,0,19,0,0,0,10,3,0,0,7,12,12,0,0,0,0,5,791,49
wpi6r1745874r291842,CC11.png,Right,0,0,2,0,0,0,0,0,109,39,2,666,236,0,0,0,0,1,0,0,0,0,0,6,3,1,0,0,0,0,0,1054,11
wpi6r1745874r291842,CC12.png,Right,11,0,117,32,18,8,0,6,97,32,39,695,165,0,2,5,0,17,5,6,1,0,1,11,7,10,0,0,0,1,2,1216,61
wpi6r1745874r291842,CC2.png,Left,1,0,2,0,12,0,0,0,0,0,0,250,300,0,0,2,0,1,0,2,0,0,0,0,0,0,0,0,0,0,1,566,4
wpi6r1745874r291842,CC3.png,Left,5,0,86,0,4,18,6,0,0,0,0,439,123,0,0,17,0,3,0,2,4,3,0,0,0,0,0,0,0,0,4,693,16
wpi6r1745874r291842,CC4.png,Left,31,0,66,34,74,125,39,0,21,75,92,2044,823,0,2,68,0,8,14,11,36,15,0,9,21,27,0,0,0,1,20,3463,162
wpi6r1745874r291842,CC5.png,Left,1,0,6,0,14,0,0,0,0,0,0,268,112,0,0,0,0,1,0,1,0,0,0,0,0,0,0,0,0,0,0,400,2
wpi6r1745874r291842,CC6.png,Left,0,0,10,0,0,0,0,0,0,0,0,174,73,0,0,0,0,1,0,0,0,0,0,0,0,0,0,0,0,0,0,257,1
wpi6r1745874r291842,CC7.png,Right,53,2,262,40,301,10,121,11,203,171,339,2980,816,0,14,35,1,64,11,67,5,32,6,40,42,92,0,0,0,6,7,5305,373
wpi6r1745874r291842,CC8.png,Right,51,0,390,126,78,70,189,6,91,4,32,3002,147,0,21,38,0,45,29,25,20,42,3,10,2,13,0,0,0,7,9,4194,205
wpi6r1745874r291842,CC9.png,Right,0,0,10,0,0,0,0,0,74,30,6,257,183,0,0,6,0,2,0,0,0,0,0,5,6,3,0,0,0,0,2,566,18
wpi6r1745874r291842,P1.png,Left,19,0,33,60,28,110,60,11,0,13,20,726,94,0,4,8,0,6,15,6,24,15,4,0,3,8,0,0,0,2,2,1167,85
wpi6r1745874r291842,P10.png,Right,26,0,47,3,290,20,18,30,36,48,111,1797,487,0,12,142,0,17,1,42,8,8,7,7,13,31,0,0,0,5,8,3041,147
wpi6r1745874r291842,P11.png,Right,18,0,129,0,226,16,18,76,34,12,127,2657,1372,0,4,455,0,30,0,48,4,9,4,12,5,35,0,0,0,1,28,5126,176
wpi6r1745874r291842,P12.png,Right,45,3,128,12,402,11,50,40,124,89,371,3253,713,5,20,289,2,41,1,82,5,15,10,31,25,78,0,0,3,7,30,5510,330
wpi6r1745874r291842,P2.png,Left,19,0,101,30,135,74,126,2,3,5,13,1343,548,0,0,32,0,7,9,22,23,37,1,1,2,4,0,0,0,0,6,2412,112
wpi6r1745874r291842,P3.png,Left,49,0,85,52,129,181,90,6,2,4,46,1632,431,0,7,78,0,18,20,31,44,35,2,1,2,16,0,0,0,3,9,2743,181
wpi6r1745874r291842,P4.png,Left,70,0,165,136,175,259,224,34,33,48,76,3005,393,2,28,142,0,34,39,41,63,48,9,8,11,25,0,0,1,11,20,4720,310
wpi6r1745874r291842,P5.png,Left,15,0,27,37,42,50,31,7,8,10,16,1394,591,0,23,109,0,5,12,9,14,9,3,3,3,4,0,0,0,5,13,2345,80
wpi6r1745874r291842,P6.png,Left,90,0,142,155,96,280,136,19,49,30,213,2580,319,0,11,33,0,14,47,27,77,47,6,16,9,60,0,0,0,3,8,4063,314
wpi6r1745874r291842,P7.png,Right,28,0,81,0,367,33,14,14,206,342,281,3754,277,0,2,226,0,22,0,84,15,7,5,23,71,68,0,0,0,1,38,5597,334
wpi6r1745874r291842,P8.png,Right,40,0,222,6,278,27,54,48,63,33,129,1946,105,0,9,178,0,39,2,49,7,17,7,13,12,34,0,0,0,5,18,3098,203
wpi6r1745874r291842,P9.png,Right,21,0,84,9,71,14,45,9,147,48,80,1730,1649,0,0,104,0,20,4,21,5,14,3,20,15,30,0,0,0,0,13,3990,145
wpi6174u6a585618818,CC1.png,Left,1,0,0,1,1,0,0,3,0,0,0,21,3,1,1,0,0,0,1,1,0,0,3,0,0,0,0,0,1,1,0,31,7
wpi6174u6a585618818,CC10.png,Right,1,0,2,2,0,1,1,0,0,0,0,12,0,0,0,0,0,2,2,0,1,1,0,0,0,0,0,0,0,0,0,18,6
wpi6174u6a585618818,CC11.png,Right,0,0,0,0,1,0,1,0,0,0,0,8,1,0,0,0,0,0,0,1,0,1,0,0,0,0,0,0,0,0,0,11,2
wpi6174u6a585618818,CC12.png,Right,0,0,0,0,0,0,0,1,0,0,0,15,5,0,0,0,0,0,0,0,0,0,1,0,0,0,0,0,0,0,0,21,1
wpi6174u6a585618818,CC2.png,Left,0,0,0,0,0,1,0,2,1,0,0,10,0,1,0,0,0,0,0,0,1,0,1,1,0,0,0,0,1,0,0,15,4
wpi6174u6a585618818,CC3.png,Left,0,0,1,0,0,0,0,1,3,0,0,8,0,0,0,0,0,1,0,0,0,0,1,2,0,0,0,0,0,0,0,13,4
wpi6174u6a585618818,CC4.png,Left,2,0,1,0,1,1,0,1,2,1,3,13,6,0,0,0,0,1,0,1,1,0,1,1,1,2,0,0,0,0,0,29,8
wpi6174u6a585618818,CC5.png,Left,0,1,2,4,0,0,1,0,0,1,0,32,18,0,1,0,1,2,3,0,0,1,0,0,1,0,0,0,0,1,0,60,9
wpi6174u6a585618818,CC6.png,Left,1,1,1,0,0,1,1,1,4,0,2,40,12,0,0,0,1,1,0,0,1,1,1,3,0,2,0,0,0,0,0,63,10
wpi6174u6a585618818,CC7.png,Right,0,0,1,1,0,0,0,0,0,0,1,8,8,0,1,0,0,1,1,0,0,0,0,0,0,1,0,0,0,1,0,20,4
wpi6174u6a585618818,CC8.png,Right,1,0,1,5,1,0,0,0,0,0,0,42,6,0,0,0,0,1,2,1,0,0,0,0,0,0,0,0,0,0,0,55,4
wpi6174u6a585618818,CC9.png,Right,1,0,2,0,1,1,2,1,1,0,0,14,4,0,0,0,0,2,0,1,1,2,1,1,0,0,0,0,0,0,0,26,8
wpi6174u6a585618818,P1.png,Left,0,0,2,0,0,0,0,0,0,0,0,12,18,0,0,0,0,1,0,0,0,0,0,0,0,0,0,0,0,0,0,32,1
wpi6174u6a585618818,P10.png,Right,3,2,4,1,1,1,1,6,0,2,2,50,16,1,1,0,2,4,1,1,1,1,4,0,1,1,0,0,1,1,0,88,18
wpi6174u6a585618818,P11.png,Right,1,0,4,0,1,0,0,7,1,0,0,43,64,1,1,0,0,2,0,1,0,0,3,1,0,0,0,0,1,1,0,122,9
wpi6174u6a585618818,P12.png,Right,0,0,0,2,0,0,2,0,0,2,0,8,6,0,0,0,0,0,2,0,0,2,0,0,1,0,0,0,0,0,0,20,5
wpi6174u6a585618818,P2.png,Left,0,1,0,1,0,0,0,0,0,0,0,19,16,0,0,0,1,0,1,0,0,0,0,0,0,0,0,0,0,0,0,37,2
wpi6174u6a585618818,P3.png,Left,0,0,0,0,0,0,0,0,1,0,1,17,4,0,0,0,0,0,0,0,0,0,0,1,0,1,0,0,0,0,0,23,2
wpi6174u6a585618818,P4.png,Left,0,1,0,1,0,0,0,0,2,0,0,10,3,0,0,0,1,0,1,0,0,0,0,1,0,0,0,0,0,0,0,17,3
wpi6174u6a585618818,P5.png,Left,0,1,0,2,0,0,0,1,0,0,0,27,9,0,0,1,1,0,2,0,0,0,1,0,0,0,0,0,0,0,1,41,5
wpi6174u6a585618818,P6.png,Left,1,0,0,3,0,1,0,2,0,0,0,12,6,0,0,0,0,0,2,0,1,0,1,0,0,0,0,0,0,0,0,24,4
wpi6174u6a585618818,P7.png,Right,2,0,1,0,2,2,0,1,2,1,1,27,34,0,0,1,0,1,0,2,1,0,1,2,1,1,0,0,0,0,1,72,10
wpi6174u6a585618818,P8.png,Right,0,0,0,0,0,0,1,2,1,0,0,20,11,1,1,0,0,0,0,0,0,1,2,1,0,0,0,0,1,1,0,37,6
wpi6174u6a585618818,P9.png,Right,0,2,1,1,0,0,1,1,0,0,1,41,15,2,3,0,2,1,1,0,0,1,1,0,0,1,0,0,2,3,0,68,12
wpi61c730p668698806,IC1.png,Left,19,22,72,38,24,4,23,144,13,9,6,799,307,20,17,6,7,22,13,10,2,10,38,5,4,3,0,0,7,8,3,1504,132
wpi61c730p668698806,IC10.png,Right,25,19,59,31,31,8,14,122,62,28,36,1150,462,8,35,12,9,20,11,15,4,7,33,27,13,14,0,0,4,16,5,2077,178
wpi61c730p668698806,IC11.png,Right,6,4,39,2,6,0,0,60,31,6,10,426,210,14,20,2,2,15,1,3,0,0,17,12,3,5,0,0,6,9,1,830,74
wpi61c730p668698806,IC12.png,Right,8,19,33,23,10,0,13,146,35,14,16,790,294,35,28,10,6,13,11,4,0,5,33,11,5,7,0,0,11,11,4,1466,121
wpi61c730p668698806,IC2.png,Left,27,12,55,48,38,20,18,120,14,2,6,987,260,21,25,15,6,18,18,14,10,8,29,5,1,3,0,0,8,11,4,1641,135
wpi61c730p668698806,IC3.png,Left,26,19,51,42,25,18,20,102,30,9,19,808,325,28,17,3,8,22,19,9,8,9,27,10,3,8,0,0,13,7,1,1516,144
wpi61c730p668698806,IC4.png,Left,13,9,29,13,6,18,4,83,2,2,11,451,179,19,12,6,3,11,6,3,6,2,19,1,1,4,0,0,8,6,3,844,73
wpi61c730p668698806,IC5.png,Left,11,0,4,18,10,11,0,47,0,0,6,334,130,4,2,4,0,2,7,4,5,0,6,0,0,3,0,0,2,1,1,570,31
wpi61c730p668698806,IC6.png,Left,12,4,31,29,14,8,6,105,2,0,8,477,263,7,14,0,2,11,11,6,4,3,20,1,0,4,0,0,2,6,0,968,70
wpi61c730p668698806,IC7.png,Right,2,16,16,2,2,0,2,64,26,8,16,357,83,15,15,2,6,7,1,1,0,1,13,10,4,8,0,0,5,6,1,624,63
wpi61c730p668698806,IC8.png,Right,16,10,29,17,38,13,7,104,19,18,24,831,544,15,22,4,5,9,7,12,6,3,25,9,7,9,0,0,7,9,2,1695,110
wpi61c730p668698806,IC9.png,Right,30,7,75,30,32,10,36,99,41,35,27,1154,253,14,20,9,3,28,12,14,5,17,34,16,14,12,0,0,7,10,4,1842,176
wpi61c730p668698806,P1.png,Left,11,10,6,10,11,8,8,35,6,2,9,413,177,6,12,9,5,3,5,4,4,4,9,3,1,3,0,0,2,6,3,722,52
wpi61c730p668698806,P10.png,Right,3,4,10,2,4,0,2,39,7,11,9,267,114,22,14,2,2,5,1,2,0,1,14,4,2,3,0,0,8,7,1,507,50
wpi61c730p668698806,P11.png,Right,6,6,34,4,10,3,5,78,37,18,35,762,257,18,18,4,3,8,2,5,1,2,16,14,7,12,0,0,8,8,2,1289,88
wpi61c730p668698806,P12.png,Right,16,6,34,2,18,4,8,105,53,49,31,849,441,28,20,6,3,16,1,7,1,4,27,22,20,12,0,0,10,7,3,1654,133
wpi61c730p668698806,P2.png,Left,32,22,62,51,33,29,47,99,12,2,16,1031,266,34,26,4,8,18,22,13,10,22,27,4,1,7,0,0,13,11,2,1734,158
wpi61c730p668698806,P3.png,Left,23,5,56,25,37,8,20,155,8,4,11,811,676,10,44,10,2,18,9,14,3,10,30,4,2,5,0,0,5,13,4,1880,119
wpi61c730p668698806,P4.png,Left,7,9,12,13,2,8,14,55,2,0,4,275,114,2,10,2,3,6,5,1,3,5,11,1,0,2,0,0,1,5,1,522,44
wpi61c730p668698806,P5.png,Left,6,14,16,16,6,5,4,36,0,2,4,396,208,10,11,2,4,6,7,2,2,2,8,0,1,2,0,0,5,4,1,730,44
wpi61c730p668698806,P6.png,Left,13,18,34,22,27,10,25,95,0,2,6,770,363,4,8,6,6,14,9,9,4,12,16,0,1,3,0,0,2,4,3,1390,83
wpi61c730p668698806,P7.png,Right,12,18,15,7,19,4,9,69,4,20,14,529,200,18,21,2,8,7,3,5,2,4,20,2,7,7,0,0,9,8,1,949,83
wpi61c730p668698806,P8.png,Right,12,2,61,11,19,0,18,58,33,24,20,698,222,5,14,7,1,22,5,7,0,5,14,13,10,7,0,0,2,6,2,1192,94
wpi61c730p668698806,P9.png,Right,1,2,11,0,6,0,4,72,31,13,19,523,301,13,22,6,1,4,0,2,0,2,15,12,6,9,0,0,6,8,3,1023,68
wpi61733687k3402p19,CC1.png,Left,28,12,20,62,29,54,21,66,20,14,41,784,197,12,16,0,4,8,18,7,14,8,13,5,6,13,0,0,5,5,0,1348,106
wpi61733687k3402p19,CC10.png,Right,12,14,38,19,12,22,28,102,8,16,10,570,321,10,25,0,5,9,7,5,6,7,19,3,4,4,0,0,3,10,0,1195,82
wpi61733687k3402p19,CC11.png,Right,7,6,23,9,10,17,6,97,39,15,22,771,350,33,14,2,3,9,4,4,3,3,14,14,5,7,0,0,11,4,1,1414,82
wpi61733687k3402p19,CC12.png,Right,24,62,68,24,26,23,16,152,30,8,22,1136,362,37,31,0,19,21,8,10,6,6,28,11,4,8,0,0,13,13,0,1997,147
wpi61733687k3402p19,CC2.png,Left,21,27,22,119,18,90,29,149,34,33,43,1454,524,16,48,4,9,5,23,7,22,13,29,10,5,12,0,0,6,17,2,2610,160
wpi61733687k3402p19,CC3.png,Left,14,12,16,28,20,54,26,164,16,32,23,926,483,36,25,10,4,8,9,5,13,10,26,5,7,7,0,0,10,11,3,1871,118
wpi61733687k3402p19,CC4.png,Left,18,34,11,40,38,24,16,79,18,15,12,622,303,31,22,0,10,4,15,9,7,7,21,6,5,4,0,0,9,9,0,1265,106
wpi61733687k3402p19,CC5.png,Left,12,66,2,51,18,25,2,145,52,22,22,1152,619,52,42,0,16,1,12,3,8,1,31,12,6,8,0,0,15,17,0,2270,130
wpi61733687k3402p19,CC6.png,Left,13,52,0,26,13,36,12,103,35,31,31,994,588,38,32,6,12,0,11,4,11,5,24,13,7,11,0,0,14,14,2,1997,128
wpi61733687k3402p19,CC7.png,Right,6,38,39,22,25,13,11,129,22,8,18,896,511,42,15,0,12,13,4,6,3,5,24,9,2,8,0,0,14,6,0,1789,106
wpi61733687k3402p19,CC8.png,Right,11,27,38,12,38,0,7,144,13,4,13,799,432,41,30,0,11,8,4,8,0,3,31,6,1,4,0,0,15,10,0,1598,101
wpi61733687k3402p19,CC9.png,Right,28,21,72,44,25,26,30,108,27,31,18,1144,731,32,46,13,9,21,14,8,8,12,22,9,12,8,0,0,14,14,4,2368,155
wpi61733687k3402p19,P1.png,Left,24,34,23,110,10,72,56,419,86,40,50,1739,659,36,42,0,13,7,31,3,19,21,44,19,6,20,0,0,13,17,0,3376,213
wpi61733687k3402p19,P10.png,Right,14,14,23,30,29,26,27,159,34,36,22,953,747,27,20,6,6,9,7,8,8,8,31,10,9,10,0,0,11,9,2,2153,128
wpi61733687k3402p19,P11.png,Right,13,38,23,21,33,43,11,236,43,53,29,1135,812,66,14,2,11,8,5,7,7,4,31,15,14,10,0,0,20,5,1,2559,138
wpi61733687k3402p19,P12.png,Right,10,6,47,16,16,25,14,259,23,40,18,1161,566,53,18,0,3,17,5,5,3,5,37,8,11,8,0,0,12,7,0,2262,121
wpi61733687k3402p19,P2.png,Left,27,15,39,85,28,74,56,158,34,34,37,1065,226,17,29,6,6,15,25,9,22,19,29,10,9,15,0,0,8,9,2,1903,178
wpi61733687k3402p19,P3.png,Left,32,18,24,53,43,108,46,186,18,17,38,1271,256,36,22,26,7,12,20,11,22,17,31,5,4,14,0,0,12,11,5,2162,171
wpi61733687k3402p19,P4.png,Left,21,4,14,35,22,49,36,177,22,25,29,842,317,14,11,18,2,5,15,7,16,12,14,7,5,13,0,0,5,5,6,1615,112
wpi61733687k3402p19,P5.png,Left,16,32,24,54,18,16,11,185,49,26,26,1149,429,33,34,4,12,8,19,7,6,5,37,12,7,10,0,0,15,16,2,2090,156
wpi61733687k3402p19,P6.png,Left,20,49,40,146,7,47,57,464,69,43,89,2541,583,92,101,63,16,9,33,3,12,20,68,13,11,22,0,0,30,33,3,4391,273
wpi61733687k3402p19,P7.png,Right,18,30,56,41,19,26,17,226,31,16,23,1072,325,53,51,0,11,19,13,7,7,5,35,11,6,7,0,0,18,16,0,1986,155
wpi61733687k3402p19,P8.png,Right,20,8,31,41,22,24,27,163,21,17,12,981,951,37,12,0,2,13,8,7,9,10,23,7,3,4,0,0,12,6,0,2347,104
wpi61733687k3402p19,P9.png,Right,30,14,60,34,53,39,35,217,46,50,28,1628,1207,62,27,23,6,17,14,14,14,13,41,15,10,12,0,0,18,13,4,3523,191
wpi61f730130297q771,CC1.png,Left,9,0,15,8,10,12,2,26,9,0,2,133,14,0,4,0,0,6,3,2,5,1,4,2,0,1,0,0,0,2,0,235,26
wpi61f730130297q771,CC10.png,Right,4,5,19,8,6,0,10,2,2,2,2,112,20,0,2,0,1,6,1,2,0,4,1,1,1,1,0,0,0,1,0,190,19
wpi61f730130297q771,CC11.png,Right,4,0,2,5,9,2,5,0,4,10,8,98,28,0,2,2,0,1,2,3,1,2,0,2,4,4,0,0,0,1,1,175,21
wpi61f730130297q771,CC12.png,Right,4,2,4,3,2,2,2,20,6,0,0,121,18,2,0,0,1,2,1,1,1,1,2,1,0,0,0,0,1,0,0,182,11
wpi61f730130297q771,CC2.png,Left,3,4,0,13,0,10,6,13,10,0,8,141,20,0,0,0,2,0,3,0,4,2,1,4,0,3,0,0,0,0,0,225,19
wpi61f730130297q771,CC3.png,Left,2,5,0,4,2,10,2,9,3,0,3,163,48,4,0,2,2,0,2,1,2,1,2,1,0,1,0,0,2,0,1,255,15
wpi61f730130297q771,CC4.png,Left,13,0,7,27,6,21,18,22,2,6,12,243,106,6,0,5,0,2,9,2,7,8,6,1,2,4,0,0,2,0,2,481,45
wpi61f730130297q771,CC5.png,Left,4,0,4,5,4,9,6,4,0,0,0,89,12,0,4,4,0,2,1,2,3,2,2,0,0,0,0,0,0,1,2,141,15
wpi61f730130297q771,CC6.png,Left,3,0,4,2,1,2,10,5,4,0,4,117,43,0,6,7,0,2,1,1,1,5,2,2,0,1,0,0,0,2,3,205,20
wpi61f730130297q771,CC7.png,Right,6,5,14,9,0,19,4,14,8,0,0,249,115,4,4,12,2,4,3,0,5,2,5,2,0,0,0,0,1,2,4,457,30
wpi61f730130297q771,CC8.png,Right,2,0,2,0,6,0,4,9,5,3,0,39,29,0,0,0,0,1,0,2,0,1,2,2,1,0,0,0,0,0,0,97,9
wpi61f730130297q771,CC9.png,Right,4,0,8,0,7,0,10,8,5,4,19,148,17,0,4,4,0,4,0,3,0,2,3,1,2,7,0,0,0,2,2,234,26
wpi61f730130297q771,P1.png,Left,8,6,7,23,22,10,16,45,21,13,16,536,107,13,21,2,3,3,7,7,5,4,12,6,6,4,0,0,3,8,1,858,69
wpi61f730130297q771,P10.png,Right,2,2,15,5,8,0,11,0,2,4,4,90,2,0,0,0,1,3,1,2,0,4,0,1,2,2,0,0,0,0,0,143,16
wpi61f730130297q771,P11.png,Right,8,6,37,0,19,6,10,12,17,4,12,284,26,6,12,8,2,12,0,7,2,5,5,4,2,5,0,0,2,5,4,459,55
wpi61f730130297q771,P12.png,Right,3,0,27,0,8,0,4,26,12,4,10,196,43,2,18,2,0,11,0,2,0,1,9,6,1,4,0,0,1,7,1,352,43
wpi61f730130297q771,P2.png,Left,29,0,58,12,61,30,32,12,0,0,2,573,327,0,0,6,0,17,5,14,11,11,3,0,0,1,0,0,0,0,3,1113,65
wpi61f730130297q771,P3.png,Left,6,0,8,19,4,11,10,18,2,7,6,162,17,3,2,4,0,3,6,2,4,3,4,1,3,3,0,0,1,1,2,273,33
wpi61f730130297q771,P4.png,Left,0,0,0,4,0,0,4,8,8,0,12,120,3,2,4,0,0,0,2,0,0,2,1,3,0,3,0,0,1,2,0,165,14
wpi61f730130297q771,P5.png,Left,2,0,2,7,0,2,3,8,4,0,6,148,15,4,6,0,0,1,2,0,1,1,2,1,0,2,0,0,2,3,0,205,15
wpi61f730130297q771,P6.png,Left,5,8,4,15,2,4,4,2,6,0,6,169,4,2,2,2,3,2,6,1,2,1,1,3,0,3,0,0,1,1,1,230,25
wpi61f730130297q771,P7.png,Right,7,4,19,0,6,8,4,13,7,0,6,199,8,3,14,0,1,7,0,3,3,2,4,3,0,3,0,0,1,3,0,291,30
wpi61f730130297q771,P8.png,Right,7,0,10,21,15,2,12,0,0,0,2,165,10,0,0,4,0,2,3,4,1,3,0,0,0,1,0,0,0,0,2,241,16
wpi61f730130297q771,P9.png,Right,11,0,16,2,23,0,14,79,47,8,16,409,130,2,6,8,0,8,1,9,0,6,16,16,4,6,0,0,1,3,3,760,73
wpi6173838737tl8734,IC1.png,Left,3,2,40,10,8,4,16,31,11,10,6,253,41,0,8,0,1,6,4,3,2,4,6,2,2,3,0,0,0,4,0,440,37
wpi6173838737tl8734,IC10.png,Right,4,0,2,2,22,4,4,0,14,12,6,186,94,0,0,8,0,1,1,7,2,2,0,4,4,2,0,0,0,0,2,354,25
wpi6173838737tl8734,IC11.png,Right,9,0,16,8,18,7,8,4,33,17,20,246,39,0,0,10,0,7,2,8,1,4,2,11,6,7,0,0,0,0,2,426,50
wpi6173838737tl8734,IC12.png,Right,2,0,0,8,18,0,4,6,20,10,10,221,89,0,0,17,0,0,2,6,0,2,1,5,5,5,0,0,0,0,3,403,29
wpi6173838737tl8734,IC2.png,Left,26,4,110,18,42,23,41,2,2,14,11,485,80,0,0,2,1,18,6,8,9,15,1,1,2,4,0,0,0,0,1,834,66
wpi6173838737tl8734,IC3.png,Left,41,0,66,44,24,43,26,28,14,15,14,504,91,0,5,6,0,18,17,11,13,12,6,4,6,6,0,0,0,3,2,880,98
wpi6173838737tl8734,IC4.png,Left,6,0,14,2,28,4,15,0,2,0,2,184,70,0,0,0,0,4,1,6,2,6,0,1,0,1,0,0,0,0,0,321,21
wpi6173838737tl8734,IC5.png,Left,12,0,18,10,36,23,24,0,0,0,0,266,124,0,0,0,0,6,4,8,4,8,0,0,0,0,0,0,0,0,0,501,30
wpi6173838737tl8734,IC6.png,Left,15,0,21,32,12,18,20,24,20,6,14,376,100,0,6,10,0,8,15,4,7,9,6,7,3,5,0,0,0,3,3,659,70
wpi6173838737tl8734,IC7.png,Right,3,0,12,0,12,10,4,32,16,2,8,208,18,0,0,0,0,3,0,3,1,2,5,6,1,4,0,0,0,0,0,322,25
wpi6173838737tl8734,IC8.png,Right,13,13,20,12,6,14,17,49,66,2,22,561,230,0,18,6,2,9,6,3,7,8,11,17,1,8,0,0,0,6,2,1036,80
wpi6173838737tl8734,IC9.png,Right,4,0,4,0,18,0,2,2,44,22,40,296,112,0,0,16,0,2,0,7,0,1,1,10,8,11,0,0,0,0,4,556,44
wpi6173838737tl8734,P1.png,Left,16,0,26,10,23,10,17,2,0,2,6,249,58,0,0,6,0,8,5,7,4,8,1,0,1,3,0,0,0,0,3,409,40
wpi6173838737tl8734,P10.png,Right,6,2,44,14,16,0,8,11,41,12,15,405,367,0,3,2,1,10,4,4,0,2,5,9,5,6,0,0,0,1,1,940,48
wpi6173838737tl8734,P11.png,Right,5,0,19,4,20,17,15,33,61,103,33,783,364,2,0,12,0,7,1,6,3,5,5,18,21,13,0,0,1,0,5,1466,85
wpi6173838737tl8734,P12.png,Right,2,0,6,0,16,18,4,6,12,24,10,323,142,0,0,0,0,2,0,6,3,2,2,4,7,5,0,0,0,0,0,561,31
wpi6173838737tl8734,P2.png,Left,24,0,63,50,39,40,32,15,6,6,23,658,274,0,4,0,0,15,13,8,10,10,3,1,2,7,0,0,0,1,0,1210,70
wpi6173838737tl8734,P3.png,Left,13,0,14,10,22,15,19,4,7,8,2,395,199,0,0,8,0,7,5,8,5,8,2,2,4,1,0,0,0,0,4,703,46
wpi6173838737tl8734,P4.png,Left,10,0,25,14,8,10,16,24,2,0,0,283,65,0,0,0,0,8,5,2,4,6,7,1,0,0,0,0,0,0,0,447,33
wpi6173838737tl8734,P5.png,Left,10,0,27,31,8,10,12,6,4,25,17,306,117,0,0,9,0,6,10,3,4,5,2,2,5,4,0,0,0,0,3,572,44
wpi6173838737tl8734,P6.png,Left,18,0,40,12,14,22,18,2,0,16,6,368,213,0,0,16,0,11,5,6,10,7,1,0,4,3,0,0,0,0,7,727,54
wpi6173838737tl8734,P7.png,Right,6,0,0,6,14,12,6,8,38,30,6,416,85,0,0,10,0,0,3,4,5,2,2,8,8,3,0,0,0,0,4,631,39
wpi6173838737tl8734,P8.png,Right,6,0,10,0,26,10,10,0,16,14,14,250,98,0,0,20,0,4,0,7,4,3,0,4,4,6,0,0,0,0,6,468,38
wpi6173838737tl8734,P9.png,Right,8,0,12,2,27,8,8,20,46,26,10,395,229,0,0,8,0,4,1,12,3,3,3,7,7,5,0,0,0,0,4,791,49
wpi6l1733792v298275,IC1.png,Left,3,26,9,2,14,0,0,43,2,0,2,401,352,14,8,2,6,4,1,3,0,0,8,1,0,1,0,0,5,4,1,875,34
wpi6l1733792v298275,IC10.png,Right,0,8,0,2,0,0,2,12,0,0,0,126,249,2,6,0,3,0,1,0,0,1,1,0,0,0,0,0,1,3,0,407,10
wpi6l1733792v298275,IC11.png,Right,4,9,6,0,4,0,0,67,10,0,0,266,562,14,14,0,3,3,0,2,0,0,11,4,0,0,0,0,5,6,0,952,34
wpi6l1733792v298275,IC12.png,Right,3,2,4,8,0,4,0,30,8,4,6,299,402,0,2,4,1,2,3,0,2,0,6,4,2,3,0,0,0,1,2,773,26
wpi6l1733792v298275,IC2.png,Left,3,36,6,10,4,2,8,75,0,0,0,460,557,12,16,2,9,3,3,1,1,4,14,0,0,0,0,0,5,6,1,1188,47
wpi6l1733792v298275,IC3.png,Left,6,6,14,2,11,2,4,38,0,0,0,394,605,4,14,2,3,4,1,3,1,1,8,0,0,0,0,0,2,6,1,1096,30
wpi6l1733792v298275,IC4.png,Left,4,2,4,13,4,0,9,0,2,9,9,260,247,0,2,0,1,2,4,2,0,2,0,1,4,3,0,0,0,1,0,561,20
wpi6l1733792v298275,IC5.png,Left,1,28,4,0,0,2,0,52,0,0,0,294,442,4,12,0,7,2,0,0,1,0,10,0,0,0,0,0,2,5,0,838,27
wpi6l1733792v298275,IC6.png,Left,0,14,6,8,0,0,0,32,0,0,0,203,483,8,13,0,6,3,4,0,0,0,9,0,0,0,0,0,4,5,0,767,31
wpi6l1733792v298275,IC7.png,Right,0,4,4,2,0,0,0,55,0,0,0,158,239,2,0,2,1,2,1,0,0,0,4,0,0,0,0,0,1,0,1,466,10
wpi6l1733792v298275,IC8.png,Right,0,0,0,0,0,4,2,46,6,0,2,222,513,17,2,0,0,0,0,0,2,1,4,2,0,1,0,0,5,1,0,814,16
wpi6l1733792v298275,IC9.png,Right,0,4,0,2,0,0,2,38,0,0,0,189,384,2,8,0,2,0,1,0,0,1,5,0,0,0,0,0,1,3,0,629,13
wpi6l1733792v298275,P1.png,Left,5,2,2,6,6,0,2,14,4,0,4,208,169,6,4,0,1,1,3,3,0,1,4,2,0,2,0,0,3,2,0,427,22
wpi6l1733792v298275,P10.png,Right,1,2,4,0,4,0,0,24,12,4,4,335,434,4,2,0,1,2,0,2,0,0,9,6,2,2,0,0,2,1,0,829,27
wpi6l1733792v298275,P11.png,Right,16,4,8,24,25,14,24,26,13,9,12,537,532,6,6,6,2,4,8,11,7,8,7,6,4,6,0,0,3,3,3,1246,72
wpi6l1733792v298275,P12.png,Right,1,0,5,2,4,0,2,30,14,14,6,553,570,0,0,6,0,2,1,1,0,1,5,7,4,2,0,0,0,0,3,1206,26
wpi6l1733792v298275,P2.png,Left,14,0,27,12,20,10,21,50,0,8,10,565,386,2,0,8,0,12,6,7,5,9,14,0,3,5,0,0,1,0,4,1119,66
wpi6l1733792v298275,P3.png,Left,7,0,10,2,14,8,2,2,0,2,2,259,338,0,0,6,0,5,1,4,2,1,1,0,1,1,0,0,0,0,3,645,19
wpi6l1733792v298275,P4.png,Left,2,7,6,2,2,0,5,21,2,0,2,210,213,6,0,0,1,2,1,1,0,2,5,1,0,1,0,0,3,0,0,476,17
wpi6l1733792v298275,P5.png,Left,22,34,18,36,8,25,17,37,32,20,16,646,511,9,18,6,12,8,14,4,10,6,12,12,8,6,0,0,4,8,3,1433,107
wpi6l1733792v298275,P6.png,Left,5,12,35,6,8,0,4,77,0,0,2,532,418,6,8,2,4,9,3,4,0,2,19,0,0,1,0,0,3,4,1,1110,50
wpi6l1733792v298275,P7.png,Right,6,4,12,10,6,0,6,43,6,10,2,303,292,8,6,7,2,5,4,3,0,3,10,2,5,1,0,0,4,3,3,715,45
wpi6l1733792v298275,P8.png,Right,0,12,0,0,0,0,0,2,0,0,0,139,342,0,0,2,3,0,0,0,0,0,1,0,0,0,0,0,0,0,1,497,5
wpi6l1733792v298275,P9.png,Right,0,2,0,0,0,2,2,21,6,10,0,287,375,2,6,0,1,0,0,0,1,1,5,2,4,0,0,0,1,3,0,713,18
wpi6174466v6711i514,CC1.png,Left,0,0,0,0,0,0,0,0,0,0,0,1173,0,0,0,0,0,0,0,0,0,0,0,0,0,0,0,0,0,0,0,1173,0
wpi6174466v6711i514,CC10.png,Right,0,0,0,0,0,0,0,0,0,0,0,312,0,0,0,0,0,0,0,0,0,0,0,0,0,0,0,0,0,0,0,312,0
wpi6174466v6711i514,CC11.png,Right,0,0,0,0,0,0,0,0,0,0,0,1479,0,0,0,0,0,0,0,0,0,0,0,0,0,0,0,0,0,0,0,1479,0
wpi6174466v6711i514,CC12.png,Right,0,0,0,0,0,0,0,0,0,0,0,424,0,0,0,0,0,0,0,0,0,0,0,0,0,0,0,0,0,0,0,424,0
wpi6174466v6711i514,CC2.png,Left,0,0,0,0,0,0,0,0,0,0,0,646,0,0,0,0,0,0,0,0,0,0,0,0,0,0,0,0,0,0,0,646,0
wpi6174466v6711i514,CC3.png,Left,0,0,0,0,0,0,0,0,0,0,0,912,0,0,0,0,0,0,0,0,0,0,0,0,0,0,0,0,0,0,0,912,0
wpi6174466v6711i514,CC4.png,Left,0,0,0,0,0,0,0,0,0,0,0,509,0,0,0,0,0,0,0,0,0,0,0,0,0,0,0,0,0,0,0,509,0
wpi6174466v6711i514,CC5.png,Left,0,0,0,0,0,0,0,0,0,0,0,1027,0,0,0,0,0,0,0,0,0,0,0,0,0,0,0,0,0,0,0,1027,0
wpi6174466v6711i514,CC6.png,Left,0,0,0,0,0,0,0,0,0,0,0,565,0,0,0,0,0,0,0,0,0,0,0,0,0,0,0,0,0,0,0,565,0
wpi6174466v6711i514,CC7.png,Right,0,0,0,0,0,0,0,0,0,0,0,436,0,0,0,0,0,0,0,0,0,0,0,0,0,0,0,0,0,0,0,436,0
wpi6174466v6711i514,CC8.png,Right,0,0,0,0,0,0,0,0,0,0,0,614,0,0,0,0,0,0,0,0,0,0,0,0,0,0,0,0,0,0,0,614,0
wpi6174466v6711i514,CC9.png,Right,0,0,0,0,0,0,0,0,0,0,0,1237,0,0,0,0,0,0,0,0,0,0,0,0,0,0,0,0,0,0,0,1237,0
wpi6174466v6711i514,P1.png,Left,0,0,0,0,0,0,0,0,0,0,0,591,0,0,0,0,0,0,0,0,0,0,0,0,0,0,0,0,0,0,0,591,0
wpi6174466v6711i514,P10.png,Right,0,0,0,0,0,0,0,0,0,0,0,1337,0,0,0,0,0,0,0,0,0,0,0,0,0,0,0,0,0,0,0,1337,0
wpi6174466v6711i514,P11.png,Right,0,0,0,0,0,0,0,0,0,0,0,1055,0,0,0,0,0,0,0,0,0,0,0,0,0,0,0,0,0,0,0,1055,0
wpi6174466v6711i514,P12.png,Right,0,0,0,0,0,0,0,0,0,0,0,2829,0,0,0,0,0,0,0,0,0,0,0,0,0,0,0,0,0,0,0,2829,0
wpi6174466v6711i514,P2.png,Left,0,0,0,0,0,0,0,0,0,0,0,838,0,0,0,0,0,0,0,0,0,0,0,0,0,0,0,0,0,0,0,838,0
wpi6174466v6711i514,P3.png,Left,0,0,0,0,0,0,0,0,0,0,0,1800,0,0,0,0,0,0,0,0,0,0,0,0,0,0,0,0,0,0,0,1800,0
wpi6174466v6711i514,P4.png,Left,0,0,0,0,0,0,0,0,0,0,0,674,0,0,0,0,0,0,0,0,0,0,0,0,0,0,0,0,0,0,0,674,0
wpi6174466v6711i514,P5.png,Left,0,0,0,0,0,0,0,0,0,0,0,1563,0,0,0,0,0,0,0,0,0,0,0,0,0,0,0,0,0,0,0,1563,0
wpi6174466v6711i514,P6.png,Left,0,0,0,0,0,0,0,0,0,0,0,1428,0,0,0,0,0,0,0,0,0,0,0,0,0,0,0,0,0,0,0,1428,0
wpi6174466v6711i514,P7.png,Right,0,0,0,0,0,0,0,0,0,0,0,1178,0,0,0,0,0,0,0,0,0,0,0,0,0,0,0,0,0,0,0,1178,0
wpi6174466v6711i514,P8.png,Right,0,0,0,0,0,0,0,0,0,0,0,830,0,0,0,0,0,0,0,0,0,0,0,0,0,0,0,0,0,0,0,830,0
wpi6174466v6711i514,P9.png,Right,0,0,0,0,0,0,0,0,0,0,0,1965,0,0,0,0,0,0,0,0,0,0,0,0,0,0,0,0,0,0,0,1965,0
wpi6c1741232235t549,CC1.png,Left,2,2,19,40,3,0,4,34,1,0,0,307,190,2,6,0,2,5,6,1,0,2,7,1,0,0,0,0,2,3,0,608,29
wpi6c1741232235t549,CC10.png,Right,0,6,1,0,0,0,0,77,29,2,4,284,259,7,20,0,3,1,0,0,0,0,13,7,2,2,0,0,4,6,0,689,38
wpi6c1741232235t549,CC11.png,Right,0,0,9,0,0,0,0,84,70,1,17,549,391,1,2,0,0,7,0,0,0,0,15,12,1,5,0,0,1,1,0,1124,42
wpi6c1741232235t549,CC12.png,Right,0,4,0,0,0,0,0,29,28,3,2,265,253,0,9,0,1,0,0,0,0,0,10,8,1,1,0,0,0,3,0,593,24
wpi6c1741232235t549,CC2.png,Left,16,0,89,121,19,20,20,196,8,0,24,1373,683,1,26,7,0,20,28,4,7,10,25,4,0,11,0,0,1,12,2,2587,124
wpi6c1741232235t549,CC3.png,Left,9,0,85,29,18,3,25,112,0,0,1,824,325,0,5,0,0,18,5,5,1,7,15,0,0,1,0,0,0,2,0,1427,54
wpi6c1741232235t549,CC4.png,Left,15,1,36,14,36,6,25,22,0,0,0,362,247,0,0,0,1,10,1,8,3,7,5,0,0,0,0,0,0,0,0,749,35
wpi6c1741232235t549,CC5.png,Left,8,1,72,52,2,8,19,21,0,0,6,467,312,0,0,0,1,10,12,1,3,9,8,0,0,2,0,0,0,0,0,960,46
wpi6c1741232235t549,CC6.png,Left,6,0,78,19,7,1,16,8,0,0,0,489,451,6,1,0,0,8,6,2,1,3,4,0,0,0,0,0,2,1,0,1076,27
wpi6c1741232235t549,CC7.png,Right,0,44,11,4,0,0,2,56,14,0,0,398,442,27,12,0,4,5,3,0,0,1,14,3,0,0,0,0,9,5,0,1010,44
wpi6c1741232235t549,CC8.png,Right,2,62,6,0,0,2,3,328,14,1,0,980,1276,33,20,0,5,3,0,0,1,1,26,5,1,0,0,0,9,13,0,2725,64
wpi6c1741232235t549,CC9.png,Right,0,20,9,5,0,0,0,151,25,0,2,776,772,65,44,0,8,3,1,0,0,0,33,6,0,1,0,0,17,19,0,1869,88
wpi6c1741232235t549,P1.png,Left,4,2,46,5,15,3,7,14,0,0,1,353,320,0,0,7,1,10,3,3,2,4,3,0,0,1,0,0,0,0,1,773,28
wpi6c1741232235t549,P10.png,Right,4,0,17,0,4,0,1,17,51,38,26,491,262,0,2,0,0,9,0,2,0,1,4,16,10,11,0,0,0,2,0,909,55
wpi6c1741232235t549,P11.png,Right,0,6,26,2,0,0,2,200,91,4,22,835,259,2,27,2,4,16,2,0,0,2,36,26,3,7,0,0,2,13,1,1478,112
wpi6c1741232235t549,P12.png,Right,13,0,127,1,38,0,12,96,410,76,146,1813,688,2,4,0,0,30,1,9,0,7,26,72,23,61,0,0,2,4,0,3413,235
wpi6c1741232235t549,P2.png,Left,22,1,71,28,17,16,21,42,0,0,3,577,219,1,6,4,1,18,9,8,6,10,7,0,0,2,0,0,1,3,2,1006,67
wpi6c1741232235t549,P3.png,Left,37,0,505,44,107,24,39,173,6,3,1,2435,708,0,12,1,0,40,12,17,6,12,15,1,2,1,0,0,0,6,1,4058,113
wpi6c1741232235t549,P4.png,Left,17,1,74,16,74,17,23,14,0,0,0,419,179,1,7,1,1,12,7,10,4,8,5,0,0,0,0,0,1,2,1,826,51
wpi6c1741232235t549,P5.png,Left,18,0,69,3,41,1,3,6,0,0,0,421,479,0,0,0,0,12,1,9,1,1,2,0,0,0,0,0,0,0,0,1023,26
wpi6c1741232235t549,P6.png,Left,44,2,180,83,88,25,124,42,25,0,2,1482,711,0,10,0,2,28,23,18,13,30,13,3,0,1,0,0,0,4,0,2774,135
wpi6c1741232235t549,P7.png,Right,6,0,11,2,14,1,3,11,127,26,59,607,226,0,1,0,0,7,1,6,1,2,3,14,9,19,0,0,0,1,0,1088,63
wpi6c1741232235t549,P8.png,Right,10,36,185,26,9,36,30,350,194,34,60,2164,387,19,87,0,7,39,8,4,1,7,61,37,8,13,0,0,10,36,0,3617,231
wpi6c1741232235t549,P9.png,Right,23,0,76,13,174,25,35,34,124,62,155,1334,396,0,8,15,0,19,2,36,11,12,7,25,14,43,0,0,0,2,2,2451,173
wpi617z40o880451621,CC1.png,Left,10,0,19,3,19,9,12,16,0,0,0,347,470,0,0,7,0,7,1,5,3,5,3,0,0,0,0,0,0,0,2,902,26
wpi617z40o880451621,CC10.png,Right,2,0,3,1,3,0,0,2,5,3,3,39,5,0,0,0,0,1,1,1,0,0,1,2,1,1,0,0,0,0,0,64,8
wpi617z40o880451621,CC11.png,Right,3,0,11,2,5,0,2,22,23,13,14,303,151,0,0,8,0,5,1,2,0,1,6,8,5,4,0,0,0,0,4,554,36
wpi617z40o880451621,CC12.png,Right,4,0,11,0,34,0,0,13,17,49,25,489,106,0,0,19,0,4,0,10,0,0,4,5,10,8,0,0,0,0,6,763,47
wpi617z40o880451621,CC2.png,Left,15,0,31,25,44,26,41,14,6,4,0,428,67,0,3,11,0,11,7,8,7,15,5,2,1,0,0,0,0,1,4,700,61
wpi617z40o880451621,CC3.png,Left,15,0,22,19,47,19,12,6,3,0,0,331,160,0,0,6,0,8,7,13,6,4,2,1,0,0,0,0,0,0,3,625,44
wpi617z40o880451621,CC4.png,Left,7,2,23,19,18,10,17,24,0,0,0,279,54,2,8,10,1,7,6,4,4,8,6,0,0,0,0,0,1,3,4,466,44
wpi617z40o880451621,CC5.png,Left,16,0,41,10,20,10,26,19,0,0,0,230,59,0,3,2,0,10,4,8,5,11,5,0,0,0,0,0,0,1,1,420,45
wpi617z40o880451621,CC6.png,Left,11,0,8,15,67,12,32,0,0,0,4,378,64,0,0,7,0,4,5,13,6,11,0,0,0,1,0,0,0,0,3,587,43
wpi617z40o880451621,CC7.png,Right,4,0,5,0,7,0,2,7,10,9,12,238,42,0,0,5,0,2,0,3,0,1,3,4,2,4,0,0,0,0,1,337,20
wpi617z40o880451621,CC8.png,Right,6,0,86,0,22,0,0,20,44,0,26,305,4,2,10,11,0,12,0,4,0,0,8,8,0,7,0,0,1,5,2,530,47
wpi617z40o880451621,CC9.png,Right,20,4,38,7,40,6,0,50,28,45,23,670,215,0,8,22,2,14,3,13,2,0,12,11,13,7,0,0,0,3,8,1156,88
wpi617z40o880451621,P1.png,Left,10,0,10,13,31,12,26,5,0,0,0,218,97,0,0,5,0,3,5,10,5,11,2,0,0,0,0,0,0,0,2,417,38
wpi617z40o880451621,P10.png,Right,7,0,13,0,16,3,0,2,4,36,8,273,71,3,10,19,0,4,0,5,1,0,1,2,8,4,0,0,1,3,5,458,34
wpi617z40o880451621,P11.png,Right,5,0,15,0,17,0,4,29,30,32,23,320,80,0,0,8,0,7,0,7,0,2,10,9,9,7,0,0,0,0,4,558,55
wpi617z40o880451621,P12.png,Right,20,0,28,0,53,9,28,19,21,71,37,756,206,0,3,55,0,12,0,22,4,13,5,7,17,14,0,0,0,1,18,1286,113
wpi617z40o880451621,P2.png,Left,21,0,73,33,23,14,21,16,6,7,13,492,94,0,2,12,0,12,11,8,6,9,7,1,3,6,0,0,0,1,4,806,68
wpi617z40o880451621,P3.png,Left,32,3,44,48,51,46,42,32,9,5,28,898,360,4,12,23,1,16,19,14,14,16,11,3,2,12,0,0,2,5,6,1605,121
wpi617z40o880451621,P4.png,Left,10,0,10,7,40,7,8,0,0,0,0,170,150,0,0,0,0,3,3,6,2,3,0,0,0,0,0,0,0,0,0,392,17
wpi617z40o880451621,P5.png,Left,14,0,19,15,46,12,11,21,0,0,3,483,320,0,2,8,0,6,4,12,2,5,6,0,0,1,0,0,0,1,3,940,40
wpi617z40o880451621,P6.png,Left,20,14,32,21,34,33,28,19,5,10,21,629,260,16,2,33,4,9,7,11,14,10,8,2,4,7,0,0,3,1,10,1157,90
wpi617z40o880451621,P7.png,Right,0,0,4,0,0,0,0,4,14,25,2,182,286,0,0,2,0,2,0,0,0,0,2,5,5,1,0,0,0,0,1,519,16
wpi617z40o880451621,P8.png,Right,2,10,33,3,4,0,9,30,57,61,17,585,509,2,11,5,4,10,1,1,0,3,9,17,14,7,0,0,1,5,2,1336,74
wpi617z40o880451621,P9.png,Right,7,8,12,10,22,3,6,30,48,39,20,637,381,2,0,16,2,6,2,6,1,3,7,14,12,9,0,0,1,0,6,1234,69
wpi617410292957qb07,CC1.png,Left,7,8,13,20,5,10,2,84,11,12,9,409,366,16,22,0,4,3,8,2,4,1,12,4,2,4,0,0,8,8,0,987,60
wpi617410292957qb07,CC10.png,Right,7,7,31,4,7,2,3,121,6,3,11,462,466,12,25,0,3,10,2,3,1,1,13,2,1,5,0,0,6,9,0,1160,56
wpi617410292957qb07,CC11.png,Right,5,20,28,18,23,2,21,29,6,6,13,425,263,6,8,5,5,8,5,6,1,7,9,2,2,3,0,0,3,3,1,873,55
wpi617410292957qb07,CC12.png,Right,29,15,22,57,33,45,32,34,2,0,4,762,473,12,20,17,3,10,17,9,15,12,9,1,0,2,0,0,5,8,7,1528,98
wpi617410292957qb07,CC2.png,Left,36,25,33,71,55,55,30,91,69,55,41,1441,2804,13,19,47,8,9,23,11,16,11,17,20,15,14,0,0,5,7,9,4849,165
wpi617410292957qb07,CC3.png,Left,12,18,12,28,13,7,12,100,16,19,13,725,538,15,12,8,8,3,10,6,3,4,20,5,5,5,0,0,7,5,2,1536,83
wpi617410292957qb07,CC4.png,Left,10,4,37,17,8,2,11,40,0,0,0,336,380,15,14,2,2,11,7,4,1,5,11,0,0,0,0,0,4,3,1,866,49
wpi617410292957qb07,CC5.png,Left,49,23,41,68,33,104,37,115,44,39,40,1487,1967,23,37,25,10,15,23,13,34,15,27,16,13,16,0,0,9,15,8,4083,214
wpi617410292957qb07,CC6.png,Left,23,37,10,45,7,47,14,105,33,45,36,1171,543,43,23,9,10,3,13,2,13,6,17,14,11,14,0,0,14,9,2,2168,128
wpi617410292957qb07,CC7.png,Right,14,23,24,40,15,15,17,2,0,2,0,528,487,9,19,2,6,7,8,4,6,4,1,0,1,0,0,0,4,5,1,1183,47
wpi617410292957qb07,CC8.png,Right,33,37,49,60,29,37,50,5,3,2,14,814,650,8,12,6,9,16,19,11,12,17,1,1,1,4,0,0,3,5,3,1776,102
wpi617410292957qb07,CC9.png,Right,9,8,14,37,18,16,16,15,13,5,18,514,1492,11,7,13,3,4,4,6,3,6,4,4,2,8,0,0,2,3,4,2197,53
wpi617410292957qb07,P1.png,Left,26,20,21,92,17,41,22,93,101,24,37,1188,174,31,37,16,5,6,24,5,15,9,20,19,8,15,0,0,14,14,4,1914,158
wpi617410292957qb07,P10.png,Right,27,32,28,73,23,69,33,3,4,10,6,1073,1047,12,29,6,9,11,23,8,14,14,1,2,3,3,0,0,3,9,3,2448,103
wpi617410292957qb07,P11.png,Right,14,4,12,16,7,32,9,41,4,2,10,515,443,7,0,0,2,5,4,3,8,4,7,2,1,4,0,0,1,0,0,1102,41
wpi617410292957qb07,P12.png,Right,39,34,92,60,42,77,75,166,28,8,35,1546,769,46,62,9,11,29,20,14,18,25,27,9,3,12,0,0,13,19,4,3049,204
wpi617410292957qb07,P2.png,Left,5,11,0,21,7,6,7,15,40,24,15,641,442,14,8,2,3,0,7,1,3,3,4,9,7,7,0,0,4,2,1,1253,51
wpi617410292957qb07,P3.png,Left,11,17,4,48,0,39,2,50,46,45,35,950,355,18,25,6,7,1,15,0,8,1,8,13,13,11,0,0,7,10,1,1640,95
wpi617410292957qb07,P4.png,Left,20,8,15,30,23,22,20,45,34,35,21,945,308,34,28,25,3,6,11,7,8,4,13,9,11,8,0,0,10,10,8,1593,108
wpi617410292957qb07,P5.png,Left,5,14,7,13,6,4,2,26,63,59,20,860,950,11,10,10,5,2,5,2,1,1,8,14,13,8,0,0,4,4,2,2055,69
wpi617410292957qb07,P6.png,Left,7,13,4,54,7,21,4,99,55,53,45,1053,874,44,58,20,4,1,18,2,9,2,23,15,14,16,0,0,13,18,6,2404,141
wpi617410292957qb07,P7.png,Right,22,53,37,55,2,45,40,35,16,15,13,945,525,38,28,8,14,11,12,1,15,15,12,6,3,5,0,0,11,12,2,1855,119
wpi617410292957qb07,P8.png,Right,16,5,71,25,14,16,33,125,41,20,45,814,217,27,31,0,1,24,5,5,4,14,24,16,5,14,0,0,7,12,0,1484,131
wpi617410292957qb07,P9.png,Right,45,108,180,82,59,52,59,190,45,30,63,2382,1482,92,82,4,24,48,23,16,17,20,48,17,9,26,0,0,28,28,2,4910,306
wpi6174rx6388216152,IC1.png,Left,1,9,0,22,0,13,2,5,44,4,2,432,298,1,6,8,5,0,3,0,4,2,3,11,2,2,0,0,1,4,5,846,42
wpi6174rx6388216152,IC10.png,Right,23,2,38,13,23,22,19,22,16,13,28,525,372,5,8,6,2,14,8,8,9,10,8,2,7,10,0,0,3,4,5,1112,90
wpi6174rx6388216152,IC11.png,Right,31,11,36,32,23,49,19,69,5,5,4,757,546,10,24,17,6,14,18,12,12,11,17,3,4,4,0,0,6,12,11,1607,130
wpi6174rx6388216152,IC12.png,Right,15,17,36,19,27,4,14,18,21,29,28,577,471,5,9,18,7,15,7,9,2,9,13,11,15,15,0,0,2,9,6,1293,120
wpi6174rx6388216152,IC2.png,Left,29,23,35,26,47,55,8,196,77,33,25,1497,820,46,43,10,13,14,17,12,18,5,37,25,13,13,0,0,22,24,4,2941,217
wpi6174rx6388216152,IC3.png,Left,13,43,38,49,14,19,23,70,52,17,31,1180,874,29,52,12,16,3,19,4,11,6,21,17,7,15,0,0,13,25,4,2503,161
wpi6174rx6388216152,IC4.png,Left,2,16,0,1,5,3,4,3,70,6,8,547,455,1,3,9,8,0,1,1,2,2,3,12,3,3,0,0,1,2,3,1131,41
wpi6174rx6388216152,IC5.png,Left,8,40,4,21,1,18,6,41,32,6,23,711,754,10,23,21,9,3,12,1,5,4,9,17,3,13,0,0,6,11,4,1711,97
wpi6174rx6388216152,IC6.png,Left,12,50,11,26,53,26,14,54,34,16,15,904,446,28,16,21,14,4,17,10,8,10,15,13,9,8,0,0,13,11,8,1714,140
wpi6174rx6388216152,IC7.png,Right,23,11,40,19,21,13,22,51,5,6,6,555,214,11,33,6,6,16,10,14,7,9,17,4,5,5,0,0,8,19,3,1013,123
wpi6174rx6388216152,IC8.png,Right,25,40,17,62,35,39,36,16,25,19,31,856,507,7,7,14,14,7,16,14,11,12,7,7,2,12,0,0,4,4,5,1711,115
wpi6174rx6388216152,IC9.png,Right,20,40,44,89,18,23,23,15,6,8,6,988,529,8,19,4,12,11,19,8,9,12,4,4,3,4,0,0,5,10,3,1820,104
wpi6174rx6388216152,P1.png,Left,14,19,10,20,6,28,17,8,32,47,30,859,596,4,6,12,9,3,8,5,14,7,3,17,15,16,0,0,3,5,4,1694,109
wpi6174rx6388216152,P10.png,Right,16,16,15,36,9,39,7,12,0,8,12,682,255,7,4,14,7,8,11,7,7,4,3,0,4,8,0,0,5,3,6,1116,73
wpi6174rx6388216152,P11.png,Right,17,46,28,6,34,5,4,171,20,35,32,1083,2687,53,45,3,17,16,4,9,4,3,45,14,11,13,0,0,27,22,1,4252,186
wpi6174rx6388216152,P12.png,Right,29,29,86,37,42,33,27,159,56,24,21,1228,941,17,41,14,14,25,13,12,11,12,33,19,8,12,0,0,11,21,7,2755,198
wpi6174rx6388216152,P2.png,Left,53,3,64,38,45,74,54,52,14,12,20,892,571,5,1,10,2,27,21,18,25,24,17,5,5,8,0,0,5,1,6,1855,164
wpi6174rx6388216152,P3.png,Left,17,24,6,51,5,44,9,25,35,50,37,952,600,9,11,62,10,1,20,3,17,5,9,20,17,19,0,0,6,7,12,1920,146
wpi6174rx6388216152,P4.png,Left,12,12,7,27,8,29,8,2,52,27,29,466,305,1,4,3,4,2,8,3,11,3,2,17,16,10,0,0,1,3,2,980,82
wpi6174rx6388216152,P5.png,Left,20,13,44,11,48,28,31,72,7,29,7,644,414,10,20,9,8,10,8,11,7,13,15,5,7,4,0,0,7,7,4,1387,106
wpi6174rx6388216152,P6.png,Left,16,17,7,15,5,16,7,124,9,9,5,485,634,24,6,1,8,4,9,3,8,6,19,4,2,5,0,0,14,5,1,1364,88
wpi6174rx6388216152,P7.png,Right,15,25,24,43,27,26,31,7,1,22,8,859,371,7,11,30,9,12,11,12,11,12,5,1,7,7,0,0,5,9,11,1492,112
wpi6174rx6388216152,P8.png,Right,18,18,29,4,16,5,15,25,75,36,22,723,366,6,6,19,9,17,3,14,3,7,12,22,12,17,0,0,5,4,8,1365,133
wpi6174rx6388216152,P9.png,Right,42,6,50,60,36,31,28,40,11,5,13,856,550,9,22,4,5,22,17,16,14,15,14,5,3,9,0,0,4,12,4,1721,140
wpi61746j501724o822,CC1.png,Left,18,0,35,85,14,18,26,160,0,26,2,784,1379,0,6,0,0,8,14,5,6,5,12,0,1,1,0,0,0,2,0,2535,54
wpi61746j501724o822,CC10.png,Right,0,0,0,0,0,0,0,0,0,0,0,11,1648,0,0,0,0,0,0,0,0,0,0,0,0,0,0,0,0,0,0,1659,0
wpi61746j501724o822,CC11.png,Right,10,22,15,26,31,11,29,70,43,48,20,1263,2941,30,17,19,7,5,7,7,4,12,18,12,12,6,0,0,9,7,6,4585,112
wpi61746j501724o822,CC12.png,Right,0,0,0,0,0,0,0,10,18,0,0,579,3807,0,0,0,0,0,0,0,0,0,1,1,0,0,0,0,0,0,0,4414,2
wpi61746j501724o822,CC2.png,Left,43,40,126,154,64,40,49,260,66,44,31,3113,9092,48,47,16,10,35,36,17,15,18,44,16,15,12,0,0,16,17,6,13190,257
wpi61746j501724o822,CC3.png,Left,33,52,91,63,94,47,44,213,35,58,21,2645,7780,28,28,19,11,23,13,23,12,16,33,13,15,6,0,0,10,8,7,11218,190
wpi61746j501724o822,CC4.png,Left,4,0,20,0,12,5,0,10,0,33,2,677,7433,0,0,13,0,3,0,3,2,0,1,0,3,1,0,0,0,0,3,8205,16
wpi61746j501724o822,CC5.png,Left,7,18,10,41,20,16,2,59,12,10,14,595,911,14,12,10,7,3,12,3,2,1,12,4,3,4,0,0,4,3,4,1744,62
wpi61746j501724o822,CC6.png,Left,10,0,21,14,24,8,8,22,0,0,0,539,3378,2,0,0,0,5,2,5,3,2,2,0,0,0,0,0,1,0,0,4016,20
wpi61746j501724o822,CC7.png,Right,2,0,9,2,2,0,0,26,39,12,2,531,4676,4,0,0,0,2,1,1,0,0,6,7,5,1,0,0,2,0,0,5303,25
wpi61746j501724o822,CC8.png,Right,21,20,221,49,60,6,45,183,340,93,124,3268,2845,12,47,2,6,37,14,17,2,13,28,49,18,35,0,0,5,9,1,7315,234
wpi61746j501724o822,CC9.png,Right,21,9,60,26,56,31,12,59,33,46,37,1337,2915,4,4,66,4,17,10,17,10,6,14,11,18,14,0,0,2,2,21,4695,146
wpi61746j501724o822,P1.png,Left,12,0,58,4,41,2,30,30,0,0,2,594,1555,2,2,0,0,10,2,8,1,7,7,0,0,1,0,0,1,1,0,2320,38
wpi61746j501724o822,P10.png,Right,10,145,31,2,23,18,6,203,36,15,12,1757,3460,67,40,4,10,9,1,7,4,3,23,6,4,6,0,0,14,13,2,5819,102
wpi61746j501724o822,P11.png,Right,10,24,29,14,18,9,14,110,64,56,24,1332,5008,18,27,10,10,10,7,9,3,5,29,15,12,11,0,0,7,11,5,6757,134
wpi61746j501724o822,P12.png,Right,46,21,53,60,54,61,42,118,47,57,42,2181,9265,15,25,38,8,20,24,20,17,15,23,12,19,14,0,0,7,9,11,12079,199
wpi61746j501724o822,P2.png,Left,73,42,228,205,196,152,117,270,52,76,40,3774,5862,24,56,96,11,47,39,43,39,39,38,16,13,9,0,0,9,16,16,11190,335
wpi61746j501724o822,P3.png,Left,10,0,43,44,6,24,61,14,2,0,6,351,130,0,0,0,0,8,3,3,4,5,3,1,0,1,0,0,0,0,0,681,28
wpi61746j501724o822,P4.png,Left,1,5,14,6,4,0,9,39,14,10,0,695,2667,11,10,0,2,5,3,1,0,2,9,3,1,0,0,0,4,2,0,3484,32
wpi61746j501724o822,P5.png,Left,20,6,46,83,4,61,35,183,26,103,102,1637,3823,25,19,8,3,12,24,1,17,9,22,8,21,27,0,0,9,7,3,6161,163
wpi61746j501724o822,P6.png,Left,3,2,44,24,13,13,13,15,0,0,13,228,44,2,0,0,1,1,7,1,3,3,4,0,0,3,0,0,1,0,0,411,24
wpi61746j501724o822,P7.png,Right,7,44,2,6,10,22,15,31,14,17,7,751,3885,15,16,6,8,1,3,4,5,6,8,3,3,3,0,0,6,5,3,4841,58
wpi61746j501724o822,P8.png,Right,19,6,88,7,62,9,8,274,127,126,110,2227,2448,4,19,26,2,23,2,20,3,4,29,34,29,30,0,0,2,5,9,5541,192
wpi61746j501724o822,P9.png,Right,2,10,19,2,2,2,0,226,61,5,20,1321,5046,27,31,0,3,4,1,1,1,0,23,11,2,7,0,0,8,6,0,6772,67
wpi6v17454312111y06,CC1.png,Left,8,0,16,15,13,4,7,8,0,0,0,124,22,0,6,0,0,5,6,5,1,3,2,0,0,0,0,0,0,2,0,215,24
wpi6v17454312111y06,CC10.png,Right,0,2,11,4,0,0,0,0,6,0,0,78,2,0,5,0,1,3,2,0,0,0,0,1,0,0,0,0,0,2,0,108,9
wpi6v17454312111y06,CC11.png,Right,3,0,2,6,4,2,14,15,11,0,0,97,10,2,2,0,0,1,2,2,1,4,3,2,0,0,0,0,1,1,0,165,17
wpi6v17454312111y06,CC12.png,Right,1,4,2,4,4,0,2,6,4,8,0,50,8,0,2,0,2,1,1,1,0,1,3,2,2,0,0,0,0,1,0,94,14
wpi6v17454312111y06,CC2.png,Left,1,0,0,4,5,2,6,0,6,3,7,56,15,0,2,0,0,0,1,2,1,1,0,2,2,2,0,0,0,1,0,106,12
wpi6v17454312111y06,CC3.png,Left,4,0,0,10,3,4,0,2,9,0,10,77,4,0,4,0,0,0,5,1,2,0,1,4,0,3,0,0,0,2,0,123,18
wpi6v17454312111y06,CC4.png,Left,5,0,2,14,2,6,0,6,5,2,2,104,12,0,0,2,0,1,4,1,2,0,3,2,1,1,0,0,0,0,1,157,16
wpi6v17454312111y06,CC5.png,Left,5,0,4,6,0,12,2,7,3,2,4,70,5,0,2,0,0,2,3,0,3,1,3,2,1,2,0,0,0,1,0,117,18
wpi6v17454312111y06,CC6.png,Left,12,0,9,22,6,12,4,13,12,6,10,216,146,4,0,4,0,4,9,3,5,2,4,5,3,4,0,0,2,0,2,464,43
wpi6v17454312111y06,CC7.png,Right,4,0,3,21,0,7,4,0,0,0,2,52,11,0,0,0,0,1,4,0,3,2,0,0,0,1,0,0,0,0,0,100,11
wpi6v17454312111y06,CC8.png,Right,4,0,2,9,2,8,10,0,0,2,0,59,42,0,0,0,0,1,3,1,3,3,0,0,1,0,0,0,0,0,0,134,12
wpi6v17454312111y06,CC9.png,Right,2,0,2,10,2,0,9,0,5,0,0,58,65,0,0,2,0,1,3,1,0,3,0,2,0,0,0,0,0,0,1,153,11
wpi6v17454312111y06,P1.png,Left,10,4,17,22,8,18,20,32,14,4,13,348,102,4,10,6,2,5,8,4,8,8,10,4,2,6,0,0,1,5,2,622,65
wpi6v17454312111y06,P10.png,Right,4,12,12,2,4,2,4,25,8,15,4,232,83,8,2,2,5,5,1,2,1,2,5,4,4,2,0,0,3,1,1,415,36
wpi6v17454312111y06,P11.png,Right,10,0,25,32,15,10,12,8,8,0,12,251,31,0,8,0,0,7,7,3,4,6,3,2,0,4,0,0,0,4,0,412,40
wpi6v17454312111y06,P12.png,Right,2,0,4,2,2,2,4,0,0,0,0,48,7,0,0,0,0,1,1,1,1,1,0,0,0,0,0,0,0,0,0,69,5
wpi6v17454312111y06,P2.png,Left,0,2,7,0,0,0,0,2,4,2,9,44,7,0,2,0,1,2,0,0,0,0,1,2,1,4,0,0,0,1,0,79,12
wpi6v17454312111y06,P3.png,Left,20,2,40,46,16,22,21,20,0,2,8,286,208,2,2,0,1,11,15,5,10,7,4,0,1,4,0,0,1,1,0,675,60
wpi6v17454312111y06,P4.png,Left,10,5,14,60,0,22,18,14,6,0,10,438,97,0,18,4,2,4,12,0,9,9,5,2,0,5,0,0,0,7,2,706,57
wpi6v17454312111y06,P5.png,Left,6,0,19,6,14,0,8,12,2,0,0,132,17,0,12,0,0,5,2,4,0,3,4,1,0,0,0,0,0,3,0,222,22
wpi6v17454312111y06,P6.png,Left,10,14,2,28,10,20,7,33,9,16,14,287,140,8,9,4,5,1,10,4,8,3,10,4,6,6,0,0,3,4,1,601,65
wpi6v17454312111y06,P7.png,Right,11,2,26,14,18,10,24,28,10,4,20,428,135,6,14,4,1,10,6,8,4,8,9,5,2,9,0,0,3,6,2,743,73
wpi6v17454312111y06,P8.png,Right,2,0,0,5,0,5,4,0,0,4,0,54,2,0,2,0,0,0,2,0,2,2,0,0,1,0,0,0,0,1,0,76,8
wpi6v17454312111y06,P9.png,Right,5,0,10,2,5,8,9,6,3,3,0,106,5,0,2,0,0,3,1,2,3,4,2,1,1,0,0,0,0,1,0,159,18
wpi61v733i955008467,IC1.png,Left,17,39,25,109,43,88,30,122,27,6,31,1254,302,18,46,10,7,5,16,8,10,6,12,5,1,7,0,0,5,11,1,2150,94
wpi61v733i955008467,IC10.png,Right,18,61,98,24,43,13,45,216,48,45,39,1226,520,57,120,0,9,21,2,12,4,9,28,8,8,8,0,0,11,20,0,2555,140
wpi61v733i955008467,IC11.png,Right,33,15,89,63,85,74,137,59,36,104,39,1842,674,11,4,37,3,15,13,14,14,25,9,8,5,7,0,0,2,1,4,3269,120
wpi61v733i955008467,IC12.png,Right,16,59,84,57,46,15,36,165,83,20,37,1613,655,40,23,18,9,17,7,10,2,8,17,13,4,7,0,0,6,5,3,2951,108
wpi61v733i955008467,IC2.png,Left,33,202,106,226,36,35,68,532,163,39,107,5042,3687,181,216,25,30,17,38,9,12,14,65,26,9,24,0,0,31,43,3,10665,321
wpi61v733i955008467,IC3.png,Left,11,17,6,35,11,55,51,49,53,35,16,1126,849,23,6,12,4,2,8,4,8,6,4,4,6,4,0,0,5,2,4,2344,61
wpi61v733i955008467,IC4.png,Left,13,95,12,72,19,48,18,262,31,25,8,1563,992,71,111,14,17,5,16,5,8,4,36,7,5,3,0,0,18,24,2,3341,150
wpi61v733i955008467,IC5.png,Left,13,85,51,144,30,27,36,157,78,28,43,1612,434,39,111,9,9,6,23,4,6,7,19,13,5,9,0,0,10,22,2,2884,135
wpi61v733i955008467,IC6.png,Left,13,124,32,45,16,44,3,92,14,11,9,1050,583,25,43,2,13,4,10,3,6,1,10,5,3,3,0,0,5,11,1,2093,75
wpi61v733i955008467,IC7.png,Right,13,62,78,28,33,10,45,78,58,27,51,1131,369,22,34,0,7,9,5,5,3,7,12,8,5,10,0,0,6,6,0,2026,83
wpi61v733i955008467,IC8.png,Right,44,187,259,204,75,48,76,444,99,88,113,4378,1304,69,91,15,25,41,36,16,8,19,42,15,12,22,0,0,16,20,4,7450,276
wpi61v733i955008467,IC9.png,Right,26,58,185,92,96,39,62,200,116,116,61,2911,609,72,69,30,12,22,11,12,6,14,23,15,13,14,0,0,15,17,5,4716,179
wpi61v733i955008467,P1.png,Left,10,26,18,51,36,33,10,29,63,72,73,1528,557,7,19,5,6,4,13,3,4,2,3,9,10,11,0,0,2,5,1,2527,73
wpi61v733i955008467,P10.png,Right,14,3,17,72,21,25,37,6,0,58,8,820,246,0,11,18,1,3,9,3,5,6,1,0,5,1,0,0,0,3,2,1342,39
wpi61v733i955008467,P11.png,Right,17,37,169,84,87,33,92,47,71,139,52,2425,358,20,46,32,4,28,7,13,5,14,7,12,12,14,0,0,4,10,8,3692,138
wpi61v733i955008467,P12.png,Right,16,47,44,24,50,81,34,248,48,110,46,2291,1446,48,54,24,8,10,5,11,11,5,19,9,11,12,0,0,10,12,4,4595,127
wpi61v733i955008467,P2.png,Left,27,4,23,196,13,74,35,79,130,94,88,2059,786,5,48,20,2,5,27,3,13,7,14,22,17,13,0,0,2,10,4,3654,139
wpi61v733i955008467,P3.png,Left,6,46,14,94,0,25,17,89,66,90,46,1678,697,66,17,0,7,3,14,0,3,3,15,10,12,11,0,0,9,5,0,2945,92
wpi61v733i955008467,P4.png,Left,14,0,39,45,106,54,25,37,4,20,13,1041,141,21,34,13,0,7,7,13,7,6,4,2,3,2,0,0,1,6,2,1593,60
wpi61v733i955008467,P5.png,Left,4,16,8,33,0,28,24,20,71,84,48,806,469,3,12,2,4,2,5,0,3,4,4,11,8,6,0,0,1,3,1,1624,52
wpi61v733i955008467,P6.png,Left,27,12,11,142,36,106,60,5,164,174,93,1685,217,0,12,18,2,3,21,5,19,7,1,23,20,21,0,0,0,3,3,2735,128
wpi61v733i955008467,P7.png,Right,35,9,177,83,59,105,93,29,55,104,141,1985,352,5,29,13,2,23,16,13,14,17,6,9,10,18,0,0,1,6,4,3239,139
wpi61v733i955008467,P8.png,Right,10,36,36,23,40,73,18,54,5,50,6,1464,507,8,55,16,6,7,5,6,5,4,8,2,6,2,0,0,2,8,3,2391,64
wpi61v733i955008467,P9.png,Right,30,6,136,44,100,89,84,52,81,181,73,2402,638,11,39,9,1,20,6,12,7,13,8,12,18,14,0,0,2,7,2,3945,122
wpi617gc32670874638,IC1.png,Left,16,11,31,90,4,36,18,36,30,20,54,789,555,8,14,4,3,9,22,1,9,6,16,8,7,13,0,0,4,6,2,1700,106
wpi617gc32670874638,IC10.png,Right,17,13,46,49,30,28,36,20,30,28,28,991,350,7,19,4,3,16,9,11,10,13,9,13,7,13,0,0,3,8,2,1679,117
wpi617gc32670874638,IC11.png,Right,14,6,38,13,4,12,6,18,8,4,8,487,586,0,0,8,2,9,5,2,6,2,7,4,2,3,0,0,0,0,3,1198,45
wpi617gc32670874638,IC12.png,Right,6,6,19,32,0,6,8,36,4,0,2,430,372,16,14,6,3,9,10,0,3,4,8,2,0,1,0,0,5,4,2,951,51
wpi617gc32670874638,IC2.png,Left,9,10,4,13,34,18,20,34,8,8,6,562,239,6,12,2,3,1,5,6,5,4,7,3,3,3,0,0,3,5,1,976,49
wpi617gc32670874638,IC3.png,Left,13,17,2,40,8,50,8,53,89,24,36,935,788,6,13,4,8,1,14,3,10,3,13,23,11,13,0,0,3,6,1,2073,109
wpi617gc32670874638,IC4.png,Left,27,30,38,96,0,46,22,80,39,26,67,1243,438,26,28,29,12,11,24,0,17,7,23,12,11,23,0,0,10,12,7,2208,169
wpi617gc32670874638,IC5.png,Left,7,7,20,20,0,12,4,24,20,17,21,504,201,8,6,2,3,3,5,0,5,2,6,7,6,8,0,0,1,3,1,866,50
wpi617gc32670874638,IC6.png,Left,3,41,4,22,6,6,4,32,18,18,6,574,598,4,14,0,7,1,7,2,2,2,9,7,4,3,0,0,2,7,0,1347,53
wpi617gc32670874638,IC7.png,Right,4,28,14,8,2,6,4,20,8,8,14,439,244,12,14,6,9,5,4,1,3,2,6,4,3,6,0,0,5,6,2,827,56
wpi617gc32670874638,IC8.png,Right,30,4,65,26,52,46,36,31,14,28,56,683,222,0,12,8,2,16,8,14,9,12,9,5,9,16,0,0,0,3,3,1283,106
wpi617gc32670874638,IC9.png,Right,22,42,38,38,30,18,23,61,38,22,34,1072,687,12,20,14,14,14,12,8,5,11,19,12,6,10,0,0,5,8,3,2149,127
wpi617gc32670874638,P1.png,Left,4,6,4,42,10,2,0,8,22,6,8,446,231,0,6,0,2,2,11,2,1,0,3,9,3,4,0,0,0,3,0,791,40
wpi617gc32670874638,P10.png,Right,15,0,26,24,28,12,16,16,14,26,14,550,287,0,2,6,0,9,7,8,4,6,5,6,6,4,0,0,0,1,3,1021,59
wpi617gc32670874638,P11.png,Right,17,6,84,46,12,20,19,83,50,18,44,885,443,11,10,2,3,23,12,4,7,7,16,15,4,13,0,0,5,5,1,1733,115
wpi617gc32670874638,P12.png,Right,24,50,67,41,30,37,32,111,40,20,35,1365,685,22,53,10,11,21,15,11,10,14,32,13,6,7,0,0,8,19,5,2598,172
wpi617gc32670874638,P2.png,Left,13,18,45,35,16,6,14,73,39,12,32,1102,540,22,10,6,5,13,14,6,3,7,18,13,4,10,0,0,8,5,1,1970,107
wpi617gc32670874638,P3.png,Left,19,6,32,46,26,42,28,45,17,18,8,828,452,2,10,6,2,10,14,7,11,12,10,6,5,4,0,0,1,4,3,1566,89
wpi617gc32670874638,P4.png,Left,24,10,25,18,17,44,10,27,14,8,10,683,326,5,16,4,3,9,5,6,13,4,9,6,2,4,0,0,2,5,2,1217,70
wpi617gc32670874638,P5.png,Left,20,4,23,28,18,48,28,74,28,14,12,834,559,18,10,12,1,9,10,7,14,10,16,9,5,6,0,0,8,3,4,1710,102
wpi617gc32670874638,P6.png,Left,10,35,34,53,12,2,18,122,40,0,10,965,323,28,22,2,11,13,17,4,1,6,25,11,0,5,0,0,11,9,1,1666,114
wpi617gc32670874638,P7.png,Right,20,54,42,38,40,7,28,90,102,88,90,1580,1396,14,23,14,13,18,10,10,2,9,19,25,21,24,0,0,7,10,3,3606,171
wpi617gc32670874638,P8.png,Right,19,4,38,12,33,40,26,76,52,14,26,878,507,15,16,26,2,11,4,11,10,10,18,14,4,9,0,0,6,7,7,1763,113
wpi617gc32670874638,P9.png,Right,8,26,23,29,9,6,14,28,28,12,20,901,489,12,12,4,7,7,9,3,3,6,9,10,4,6,0,0,5,5,2,1613,76
wpi61q7443c20405493,IC1.png,Left,41,120,122,271,61,179,91,676,167,37,147,5372,2400,104,210,80,10,20,40,11,22,14,51,19,6,20,0,0,16,24,13,10037,266
wpi61q7443c20405493,IC10.png,Right,24,87,301,432,138,21,68,247,104,119,137,4775,370,71,218,30,15,36,28,14,5,14,28,12,15,16,0,0,8,24,4,7118,219
wpi61q7443c20405493,IC11.png,Right,22,247,168,141,105,33,52,598,204,90,151,5204,3269,136,164,15,20,31,20,16,7,9,54,28,16,25,0,0,21,27,3,10577,277
wpi61q7443c20405493,IC12.png,Right,42,104,341,204,125,64,101,178,116,91,149,4162,2459,48,128,19,15,41,21,22,12,20,32,20,16,18,0,0,11,20,4,8289,252
wpi61q7443c20405493,IC2.png,Left,25,132,83,121,40,43,81,516,134,42,55,4622,6435,191,67,28,23,15,20,9,9,16,34,17,6,12,0,0,24,15,6,12590,206
wpi61q7443c20405493,IC3.png,Left,33,222,153,207,35,134,133,715,110,57,117,4909,4760,208,207,21,25,18,38,6,25,23,57,14,10,20,0,0,31,34,5,11988,306
wpi61q7443c20405493,IC4.png,Left,23,34,47,247,30,63,89,204,163,59,120,2985,352,24,47,16,5,6,34,5,11,15,21,24,9,20,0,0,4,12,1,4480,167
wpi61q7443c20405493,IC5.png,Left,30,237,65,308,66,145,123,396,194,39,89,4309,2022,217,248,0,23,13,37,8,19,14,47,23,7,17,0,0,28,39,0,8458,275
wpi61q7443c20405493,IC6.png,Left,22,99,77,89,56,38,44,124,142,31,44,2792,3848,26,36,3,10,12,17,8,8,8,18,17,4,8,0,0,6,10,1,7449,127
wpi61q7443c20405493,IC7.png,Right,37,78,292,152,137,64,157,234,102,34,106,3507,1021,33,116,51,12,40,13,20,9,21,24,10,8,21,0,0,8,16,4,6084,206
wpi61q7443c20405493,IC8.png,Right,28,160,161,72,135,48,65,796,316,107,169,4775,4645,106,147,19,14,29,11,20,9,11,57,40,21,24,0,0,19,22,4,11721,281
wpi61q7443c20405493,IC9.png,Right,52,136,207,295,106,322,98,288,75,85,102,4598,3682,114,67,49,20,24,30,13,26,17,26,10,10,17,0,0,21,12,7,10224,233
wpi61q7443c20405493,P1.png,Left,39,36,96,159,143,220,102,34,167,269,111,3809,913,4,45,28,7,9,32,14,28,19,7,27,26,24,0,0,2,7,8,6136,210
wpi61q7443c20405493,P10.png,Right,96,109,514,434,644,261,472,62,63,45,242,6173,996,97,79,46,16,48,41,53,31,47,8,10,9,28,0,0,11,10,4,10237,316
wpi61q7443c20405493,P11.png,Right,140,33,438,320,770,330,452,89,101,242,236,7333,1898,27,81,137,7,62,55,79,47,62,10,13,26,36,0,0,7,18,21,12487,443
wpi61q7443c20405493,P12.png,Right,60,56,225,273,246,250,181,186,199,299,246,4973,1433,8,52,38,7,32,34,36,19,22,16,22,30,34,0,0,3,12,7,8665,274
wpi61q7443c20405493,P2.png,Left,76,97,326,794,200,364,320,709,158,155,266,7169,2722,107,262,107,11,35,73,25,51,49,45,23,15,37,0,0,18,31,10,13756,423
wpi61q7443c20405493,P3.png,Left,82,47,140,373,197,1207,406,121,334,245,368,7511,1408,18,71,255,9,25,53,27,96,50,19,30,30,43,0,0,6,9,29,12701,426
wpi61q7443c20405493,P4.png,Left,60,38,37,420,167,605,264,135,229,239,430,5131,1138,33,122,67,7,3,49,18,63,28,13,27,34,54,0,0,7,17,13,9055,333
wpi61q7443c20405493,P5.png,Left,76,189,254,679,143,333,276,582,875,530,476,9372,3630,127,132,60,22,40,71,18,50,39,54,84,51,80,0,0,27,26,12,17658,574
wpi61q7443c20405493,P6.png,Left,101,130,123,537,183,489,274,455,461,308,387,8076,2046,165,278,30,17,17,70,18,69,43,38,56,36,71,0,0,18,29,8,13942,490
wpi61q7443c20405493,P7.png,Right,143,78,657,269,1152,237,596,193,195,419,440,10075,1875,60,84,218,5,85,30,113,29,79,23,21,35,50,0,0,11,16,35,16548,532
wpi61q7443c20405493,P8.png,Right,199,183,1004,494,1801,706,816,1233,444,859,731,18180,1503,274,320,498,23,119,67,166,68,104,59,54,69,107,0,0,36,39,54,29046,965
wpi61q7443c20405493,P9.png,Right,124,170,780,347,786,247,278,396,449,316,561,10502,2571,95,93,299,24,81,48,71,38,37,41,41,30,59,0,0,14,18,26,17890,528
wpi61x742405b300238,CC1.png,Left,0,0,0,0,0,0,0,0,0,0,0,0,3952,0,0,0,0,0,0,0,0,0,0,0,0,0,0,0,0,0,0,3952,0
wpi61x742405b300238,CC10.png,Right,55,227,191,201,97,89,99,304,120,57,88,5034,5033,65,99,14,40,41,35,27,25,28,57,25,16,25,0,0,20,27,6,11718,372
wpi61x742405b300238,CC11.png,Right,0,0,0,0,0,0,0,0,0,0,0,0,85,0,0,0,0,0,0,0,0,0,0,0,0,0,0,0,0,0,0,85,0
wpi61x742405b300238,CC12.png,Right,0,0,0,0,0,0,0,0,0,0,0,0,5156,0,0,0,0,0,0,0,0,0,0,0,0,0,0,0,0,0,0,5156,0
wpi61x742405b300238,CC2.png,Left,0,0,0,0,0,0,0,0,0,0,0,0,13755,0,0,0,0,0,0,0,0,0,0,0,0,0,0,0,0,0,0,13755,0
wpi61x742405b300238,CC3.png,Left,18,316,19,52,18,18,5,69,187,32,57,4350,10803,66,81,13,48,6,16,5,5,2,15,35,9,17,0,0,22,23,3,16086,206
wpi61x742405b300238,CC4.png,Left,0,0,0,0,0,0,0,0,0,0,0,0,84,0,0,0,0,0,0,0,0,0,0,0,0,0,0,0,0,0,0,84,0
wpi61x742405b300238,CC5.png,Left,4,41,6,19,3,14,2,41,12,0,6,636,5545,18,0,2,7,2,6,1,3,1,8,4,0,2,0,0,5,0,1,6345,40
wpi61x742405b300238,CC6.png,Left,0,0,0,0,0,0,0,0,0,0,0,0,98,0,0,0,0,0,0,0,0,0,0,0,0,0,0,0,0,0,0,98,0
wpi61x742405b300238,CC7.png,Right,0,0,0,0,0,0,0,0,0,0,0,0,89,0,0,0,0,0,0,0,0,0,0,0,0,0,0,0,0,0,0,89,0
wpi61x742405b300238,CC8.png,Right,0,0,0,0,0,0,0,0,0,0,0,0,115,0,0,0,0,0,0,0,0,0,0,0,0,0,0,0,0,0,0,115,0
wpi61x742405b300238,CC9.png,Right,0,0,0,0,0,0,0,0,0,0,0,0,87,0,0,0,0,0,0,0,0,0,0,0,0,0,0,0,0,0,0,87,0
wpi61x742405b300238,P1.png,Left,24,65,30,102,15,40,39,80,104,94,78,1868,1060,22,63,30,17,8,24,5,12,11,17,22,15,21,0,0,8,16,7,3690,183
wpi61x742405b300238,P10.png,Right,60,66,255,57,243,112,94,252,64,85,81,3122,1366,55,67,58,14,53,16,40,19,25,38,17,15,21,0,0,15,20,10,5977,303
wpi61x742405b300238,P11.png,Right,59,115,133,223,89,90,142,124,40,86,48,3249,2068,67,84,17,19,29,33,22,22,34,23,9,18,12,0,0,14,17,5,6575,257
wpi61x742405b300238,P12.png,Right,108,132,285,200,240,210,140,237,123,143,134,5588,3993,82,111,107,32,68,45,59,40,42,48,29,31,35,0,0,24,35,27,11725,515
wpi61x742405b300238,P2.png,Left,40,96,90,146,70,68,48,165,114,90,54,3304,3994,50,57,20,22,16,37,15,18,12,27,26,12,18,0,0,12,18,6,8366,239
wpi61x742405b300238,P3.png,Left,104,301,140,480,136,254,152,432,374,223,311,8030,4535,118,242,81,68,34,92,24,58,40,84,63,45,59,0,0,32,60,17,15809,676
wpi61x742405b300238,P4.png,Left,61,62,124,189,171,78,135,152,99,84,69,3398,1212,54,61,47,15,23,42,25,18,27,21,18,9,18,0,0,9,16,10,5935,251
wpi61x742405b300238,P5.png,Left,43,43,165,121,42,58,75,301,43,44,36,2813,3954,46,62,11,9,35,31,14,13,18,54,14,11,9,0,0,14,21,4,7814,247
wpi61x742405b300238,P6.png,Left,60,62,190,160,147,79,110,367,46,21,21,3771,5558,85,73,6,20,47,34,26,17,27,48,10,6,4,0,0,22,22,2,10696,285
wpi61x742405b300238,P7.png,Right,84,143,234,194,109,204,144,287,98,49,61,4986,6032,60,78,82,36,50,44,31,37,35,50,25,15,18,0,0,15,23,17,12761,396
wpi61x742405b300238,P8.png,Right,89,119,223,150,199,109,197,259,102,52,69,4809,3989,62,90,52,28,52,29,45,27,43,48,24,12,18,0,0,18,27,12,10481,383
wpi61x742405b300238,P9.png,Right,196,267,540,502,424,398,390,545,219,208,221,11978,12292,187,184,218,66,118,100,103,84,97,93,49,49,61,0,0,47,48,47,28573,962
wpi61s7297926890r26,CC1.png,Left,15,0,30,10,56,39,26,34,6,14,26,742,368,6,6,58,0,11,5,11,6,8,9,2,5,6,0,0,3,2,13,1421,81
wpi61s7297926890r26,CC10.png,Right,6,2,16,2,30,10,8,38,9,10,18,559,144,6,4,52,1,7,1,10,3,3,6,4,4,8,0,0,1,2,6,908,56
wpi61s7297926890r26,CC11.png,Right,12,2,48,10,16,14,12,28,14,14,26,529,151,2,10,14,1,10,4,5,4,6,7,6,4,7,0,0,1,4,4,890,63
wpi61s7297926890r26,CC12.png,Right,22,8,44,22,54,30,25,144,80,62,37,1297,288,12,14,53,3,14,6,17,6,8,26,16,14,11,0,0,5,6,11,2170,143
wpi61s7297926890r26,CC2.png,Left,51,10,14,103,28,156,58,57,52,62,79,1898,1664,24,22,62,3,6,27,7,41,22,13,21,22,24,0,0,8,8,20,4289,222
wpi61s7297926890r26,CC3.png,Left,25,10,14,72,30,64,70,45,4,26,25,713,227,0,14,14,2,6,19,12,14,20,8,2,5,8,0,0,0,5,3,1328,104
wpi61s7297926890r26,CC4.png,Left,14,2,22,18,12,20,14,36,22,6,21,432,97,14,10,2,1,4,9,5,7,4,10,5,2,7,0,0,5,3,1,728,63
wpi61s7297926890r26,CC5.png,Left,8,0,10,4,18,21,10,28,2,6,4,430,175,6,6,37,0,4,2,6,8,5,5,1,2,2,0,0,3,2,4,757,44
wpi61s7297926890r26,CC6.png,Left,12,0,34,20,25,42,16,54,6,2,22,677,116,2,10,28,0,10,7,7,9,5,6,2,1,5,0,0,1,2,4,1054,59
wpi61s7297926890r26,CC7.png,Right,4,6,2,4,25,10,12,69,2,18,2,490,218,8,0,28,3,1,1,9,2,4,9,1,8,1,0,0,3,0,9,894,51
wpi61s7297926890r26,CC8.png,Right,29,10,52,4,158,16,40,161,76,86,60,2067,882,18,32,146,3,16,2,32,7,17,23,19,16,18,0,0,7,9,22,3808,191
wpi61s7297926890r26,CC9.png,Right,14,0,30,10,70,14,17,190,36,19,38,1106,512,17,8,56,0,7,2,19,5,7,13,4,7,11,0,0,5,4,14,2123,98
wpi61s7297926890r26,P1.png,Left,14,2,40,24,14,20,11,66,6,14,8,515,99,10,12,10,1,11,11,5,5,5,10,1,3,4,0,0,4,3,4,851,67
wpi61s7297926890r26,P10.png,Right,6,0,2,8,26,18,8,72,4,22,16,556,241,10,8,34,0,1,2,8,5,4,7,2,6,4,0,0,2,3,7,1025,51
wpi61s7297926890r26,P11.png,Right,10,2,26,12,38,10,24,29,6,8,26,522,163,8,9,18,1,10,4,12,4,7,6,3,4,6,0,0,3,3,3,901,66
wpi61s7297926890r26,P12.png,Right,12,2,49,6,80,18,12,52,22,16,38,789,131,6,4,38,1,15,2,13,4,5,5,6,5,13,0,0,2,2,8,1263,81
wpi61s7297926890r26,P2.png,Left,18,0,18,46,34,106,44,94,4,30,12,1035,239,2,0,64,0,5,11,8,17,12,6,1,7,6,0,0,1,0,8,1728,82
wpi61s7297926890r26,P3.png,Left,19,4,52,46,56,122,52,154,8,20,18,1321,266,34,28,64,2,12,12,11,18,13,18,2,7,6,0,0,6,8,10,2245,125
wpi61s7297926890r26,P4.png,Left,15,0,18,20,12,68,30,66,0,2,6,480,150,4,2,30,0,5,7,5,11,6,10,0,1,2,0,0,2,1,3,888,53
wpi61s7297926890r26,P5.png,Left,11,0,16,27,62,30,56,106,0,14,11,753,386,6,10,36,0,6,7,10,6,7,11,0,4,3,0,0,2,2,9,1513,67
wpi61s7297926890r26,P6.png,Left,32,0,54,70,40,93,70,67,0,10,10,894,205,6,6,46,0,12,18,10,21,18,11,0,5,4,0,0,2,2,8,1571,111
wpi61s7297926890r26,P7.png,Right,23,2,56,12,60,14,19,34,20,38,27,757,188,2,6,21,1,14,4,17,5,8,5,5,7,9,0,0,1,2,4,1256,82
wpi61s7297926890r26,P8.png,Right,6,2,41,0,54,6,10,62,54,46,60,1101,272,6,6,26,1,10,0,12,1,2,6,10,8,15,0,0,2,2,7,1746,76
wpi61s7297926890r26,P9.png,Right,23,0,90,4,147,14,15,181,46,62,76,1518,317,6,22,70,0,17,2,27,4,5,17,13,13,21,0,0,2,8,12,2568,141
wpi6a174r6234632268,CC1.png,Left,4,6,2,12,2,4,0,21,8,8,4,200,148,4,6,0,2,1,4,1,2,0,6,4,4,2,0,0,1,3,0,425,30
wpi6a174r6234632268,CC10.png,Right,5,4,4,4,6,4,4,10,2,2,0,114,18,4,0,0,1,2,2,3,2,1,3,1,1,0,0,0,1,0,0,176,17
wpi6a174r6234632268,CC11.png,Right,2,0,0,7,0,7,0,36,5,0,0,164,120,0,5,0,0,0,1,0,2,0,5,2,0,0,0,0,0,1,0,344,11
wpi6a174r6234632268,CC12.png,Right,5,5,12,5,10,22,18,16,4,2,2,219,105,6,9,0,1,5,2,4,6,8,4,2,1,1,0,0,3,3,0,435,40
wpi6a174r6234632268,CC2.png,Left,9,2,2,18,11,20,2,24,2,6,10,261,266,20,6,10,1,1,6,4,7,1,7,1,2,5,0,0,5,3,4,660,47
wpi6a174r6234632268,CC3.png,Left,4,4,0,8,2,8,8,16,20,14,8,189,167,0,2,2,2,0,4,1,3,3,3,6,4,4,0,0,0,1,1,448,32
wpi6a174r6234632268,CC4.png,Left,2,10,2,17,0,2,2,33,11,2,5,261,81,2,6,0,3,1,5,0,1,1,11,5,1,2,0,0,1,2,0,434,33
wpi6a174r6234632268,CC5.png,Left,2,2,0,4,3,0,2,18,12,0,5,151,146,6,0,0,1,0,2,1,0,1,5,4,0,2,0,0,1,0,0,349,17
wpi6a174r6234632268,CC6.png,Left,2,0,0,7,4,9,4,12,6,8,4,121,127,0,0,6,0,0,2,2,2,2,2,2,2,2,0,0,0,0,2,308,18
wpi6a174r6234632268,CC7.png,Right,8,0,21,13,8,7,2,34,3,0,6,237,94,6,6,6,0,10,5,4,3,1,9,1,0,3,0,0,3,3,3,443,45
wpi6a174r6234632268,CC8.png,Right,2,0,3,10,4,12,4,20,4,10,2,197,170,0,2,4,0,1,4,2,4,2,5,2,3,1,0,0,0,1,2,442,27
wpi6a174r6234632268,CC9.png,Right,17,3,28,20,8,27,13,44,2,2,2,339,349,4,4,6,1,8,7,3,9,5,6,1,1,1,0,0,2,2,3,851,49
wpi6a174r6234632268,P1.png,Left,3,11,8,2,6,18,10,27,15,22,17,452,336,5,6,0,4,4,1,3,7,5,8,6,8,7,0,0,2,2,0,935,57
wpi6a174r6234632268,P10.png,Right,2,5,2,4,0,2,0,3,0,0,0,76,21,0,0,0,1,1,2,0,1,0,1,0,0,0,0,0,0,0,0,113,6
wpi6a174r6234632268,P11.png,Right,7,8,19,23,2,6,11,4,4,0,5,245,97,0,2,0,2,7,5,1,3,4,2,2,0,2,0,0,0,1,0,426,29
wpi6a174r6234632268,P12.png,Right,6,0,4,15,12,8,9,25,6,2,0,256,202,0,0,6,0,2,6,4,3,4,3,2,1,0,0,0,0,0,3,545,28
wpi6a174r6234632268,P2.png,Left,8,9,13,18,4,14,14,6,29,16,12,312,226,2,8,6,3,5,8,2,4,6,3,10,8,5,0,0,1,3,3,689,61
wpi6a174r6234632268,P3.png,Left,3,8,2,4,5,4,12,37,2,14,12,327,270,2,4,6,2,1,2,2,1,4,9,1,4,5,0,0,1,2,3,709,37
wpi6a174r6234632268,P4.png,Left,5,2,4,10,7,10,2,21,20,4,8,191,58,2,2,0,1,2,4,2,3,1,6,4,1,4,0,0,1,1,0,341,30
wpi6a174r6234632268,P5.png,Left,0,0,0,2,0,0,0,8,18,0,0,96,189,4,2,0,0,0,1,0,0,0,2,2,0,0,0,0,2,1,0,319,8
wpi6a174r6234632268,P6.png,Left,11,5,30,29,7,12,10,25,11,4,4,240,143,3,6,0,2,7,7,2,4,3,8,4,2,1,0,0,1,3,0,529,44
wpi6a174r6234632268,P7.png,Right,34,8,84,42,18,36,26,17,12,4,16,613,152,4,6,0,3,26,12,9,13,11,8,5,2,8,0,0,2,3,0,1038,102
wpi6a174r6234632268,P8.png,Right,6,2,5,6,2,10,10,6,0,0,2,167,197,4,0,0,1,1,3,1,5,2,1,0,0,1,0,0,2,0,0,411,17
wpi6a174r6234632268,P9.png,Right,17,2,29,21,12,18,28,15,8,0,14,384,190,6,4,0,1,9,7,4,6,12,6,3,0,5,0,0,1,2,0,731,56
wpi617321252q35c400,IC1.png,Left,74,3,86,111,60,63,98,228,6,34,40,1304,270,17,55,16,3,42,52,30,35,47,42,4,9,19,0,0,8,29,10,2391,330
wpi617321252q35c400,IC10.png,Right,32,8,101,15,64,7,46,243,21,18,39,1407,346,30,47,0,4,38,7,24,5,19,43,13,5,22,0,0,17,26,0,2392,223
wpi617321252q35c400,IC11.png,Right,36,7,104,35,44,4,24,78,13,9,24,747,103,10,43,2,2,35,15,21,3,16,18,9,5,18,0,0,7,18,1,1247,168
wpi617321252q35c400,IC12.png,Right,31,31,51,33,19,29,21,104,27,1,5,840,1063,31,39,4,15,21,19,12,12,11,31,11,1,4,0,0,13,21,2,2298,173
wpi617321252q35c400,IC2.png,Left,52,145,49,176,63,79,69,243,18,10,72,2383,1296,79,87,15,35,22,57,22,32,37,59,12,7,28,0,0,41,48,6,4784,406
wpi617321252q35c400,IC3.png,Left,34,6,29,58,60,78,61,56,5,3,15,761,346,8,16,14,4,12,25,17,24,28,20,4,2,8,0,0,7,10,6,1516,167
wpi617321252q35c400,IC4.png,Left,21,10,28,184,27,33,37,44,9,11,33,977,249,23,29,35,7,10,41,8,19,21,19,5,5,15,0,0,11,16,10,1729,187
wpi617321252q35c400,IC5.png,Left,8,4,21,21,2,23,3,73,8,7,13,469,1623,11,19,3,2,9,12,1,7,2,18,5,5,7,0,0,4,11,2,2300,85
wpi617321252q35c400,IC6.png,Left,48,9,41,154,46,68,43,364,26,34,39,1343,217,35,87,5,7,21,47,16,28,22,59,16,7,15,0,0,23,47,4,2511,312
wpi617321252q35c400,IC7.png,Right,22,6,79,8,53,1,19,29,20,8,22,430,184,16,19,10,3,19,4,11,1,6,9,4,4,9,0,0,7,8,4,904,89
wpi617321252q35c400,IC8.png,Right,29,7,72,14,43,3,36,235,43,13,54,1042,396,21,46,13,3,31,6,20,3,16,31,16,8,26,0,0,12,20,2,2038,194
wpi617321252q35c400,IC9.png,Right,0,1,2,0,0,0,0,45,20,9,2,344,978,0,0,0,1,1,0,0,0,0,9,7,2,2,0,0,0,0,0,1401,22
wpi617321252q35c400,P1.png,Left,47,3,89,45,72,33,62,72,8,4,12,934,62,9,7,16,2,25,18,33,11,28,15,3,3,8,0,0,7,2,6,1428,161
wpi617321252q35c400,P10.png,Right,2,14,6,0,3,0,0,240,25,3,8,844,1301,31,17,0,7,3,0,1,0,0,26,8,3,4,0,0,16,11,0,2492,79
wpi617321252q35c400,P11.png,Right,10,15,33,10,7,7,7,105,25,12,13,852,812,23,18,5,9,17,6,3,3,5,31,15,10,9,0,0,11,13,2,1944,134
wpi617321252q35c400,P12.png,Right,28,25,125,22,76,8,25,327,95,97,73,2046,337,71,110,15,12,43,9,30,3,12,63,32,34,39,0,0,29,52,6,3452,364
wpi617321252q35c400,P2.png,Left,70,11,77,234,57,82,74,229,84,26,84,2146,792,56,89,5,8,33,76,18,38,38,60,30,11,42,0,0,27,41,3,4046,425
wpi617321252q35c400,P3.png,Left,20,3,18,31,19,43,42,22,0,5,1,635,122,12,18,18,3,10,13,8,14,17,8,0,2,1,0,0,6,9,4,989,95
wpi617321252q35c400,P4.png,Left,22,11,41,108,15,16,77,55,4,0,40,695,98,41,38,0,3,17,29,7,9,20,25,1,0,10,0,0,17,21,0,1239,159
wpi617321252q35c400,P5.png,Left,46,4,95,40,58,39,87,83,13,20,26,1177,1030,11,19,23,2,34,23,22,17,29,21,7,7,12,0,0,8,11,9,2725,202
wpi617321252q35c400,P6.png,Left,22,7,6,26,12,9,12,6,2,8,12,248,620,1,14,4,4,5,13,7,7,8,5,2,4,6,0,0,1,6,2,987,70
wpi617321252q35c400,P7.png,Right,28,8,101,1,54,49,16,41,26,35,39,1230,716,26,16,36,8,31,1,22,11,9,16,14,11,17,0,0,13,11,12,2394,176
wpi617321252q35c400,P8.png,Right,24,7,101,7,36,3,26,72,56,14,71,1257,714,14,32,15,5,31,4,15,2,10,19,12,8,23,0,0,7,16,7,2425,159
wpi617321252q35c400,P9.png,Right,10,5,55,0,10,0,8,363,127,50,27,1596,965,6,11,0,2,23,0,6,0,2,42,40,17,17,0,0,3,7,0,3223,159
wpi6y173o3868476910,IC1.png,Left,0,20,0,0,0,0,0,8,6,2,0,135,1633,4,1,0,6,0,0,0,0,0,4,2,1,0,0,0,3,1,0,1809,17
wpi6y173o3868476910,IC10.png,Right,1,4,0,2,0,2,0,15,0,0,0,78,711,8,0,0,1,0,1,0,1,0,3,0,0,0,0,0,3,0,0,820,9
wpi6y173o3868476910,IC11.png,Right,0,18,10,4,0,0,0,16,0,0,0,106,1541,13,0,0,4,4,2,0,0,0,7,0,0,0,0,0,4,0,0,1708,21
wpi6y173o3868476910,IC12.png,Right,0,16,2,7,0,0,2,18,2,0,0,131,1907,2,4,0,3,1,3,0,0,1,6,1,0,0,0,0,1,1,0,2091,17
wpi6y173o3868476910,IC2.png,Left,0,5,2,1,0,0,0,9,0,0,0,129,4086,5,1,0,2,1,1,0,0,0,3,0,0,0,0,0,2,1,0,4238,10
wpi6y173o3868476910,IC3.png,Left,0,7,2,2,0,0,0,13,9,2,0,155,1483,6,9,0,4,1,1,0,0,0,6,5,1,0,0,0,2,4,0,1688,24
wpi6y173o3868476910,IC4.png,Left,0,5,0,4,0,0,0,2,4,0,2,79,941,1,1,0,3,0,2,0,0,0,1,2,0,1,0,0,1,1,0,1039,11
wpi6y173o3868476910,IC5.png,Left,0,0,0,0,0,0,0,0,0,0,0,24,966,3,0,0,0,0,0,0,0,0,0,0,0,0,0,0,1,0,0,993,1
wpi6y173o3868476910,IC6.png,Left,0,17,0,0,0,0,0,5,5,0,0,97,2293,2,4,0,3,0,0,0,0,0,2,2,0,0,0,0,1,2,0,2423,10
wpi6y173o3868476910,IC7.png,Right,2,12,4,6,3,0,4,30,0,0,4,221,1007,11,2,0,3,2,3,1,0,1,6,0,0,2,0,0,5,1,0,1304,24
wpi6y173o3868476910,IC8.png,Right,6,29,15,13,4,2,7,47,8,0,6,408,5127,10,21,0,12,6,6,2,1,4,15,3,0,3,0,0,6,11,0,5697,69
wpi6y173o3868476910,IC9.png,Right,2,14,5,2,2,2,1,7,4,0,8,266,2718,7,0,0,4,3,1,1,1,1,4,2,0,4,0,0,5,0,0,3036,26
wpi6y173o3868476910,P1.png,Left,0,2,0,0,0,0,0,6,2,4,0,79,802,3,6,0,1,0,0,0,0,0,2,1,1,0,0,0,2,2,0,904,9
wpi6y173o3868476910,P10.png,Right,2,24,0,17,0,2,1,2,0,0,0,259,848,0,0,0,6,0,4,0,1,1,1,0,0,0,0,0,0,0,0,1153,13
wpi6y173o3868476910,P11.png,Right,0,0,0,0,0,0,0,0,0,0,0,65,1700,4,0,0,0,0,0,0,0,0,0,0,0,0,0,0,1,0,0,1769,1
wpi6y173o3868476910,P12.png,Right,0,0,0,4,0,0,0,2,0,0,0,33,2102,2,2,0,0,0,2,0,0,0,1,0,0,0,0,0,1,1,0,2145,5
wpi6y173o3868476910,P2.png,Left,40,58,29,155,0,59,28,200,82,48,90,1958,3429,75,70,13,27,16,64,0,24,14,77,30,20,36,0,0,30,33,5,6294,376
wpi6y173o3868476910,P3.png,Left,0,48,2,3,0,0,2,36,37,8,7,1102,7744,26,11,0,17,1,2,0,0,1,11,10,4,3,0,0,10,6,0,9026,65
wpi6y173o3868476910,P4.png,Left,3,35,4,5,0,4,0,49,37,8,5,640,1044,18,17,0,11,2,3,0,2,0,18,12,4,3,0,0,9,9,0,1866,73
wpi6y173o3868476910,P5.png,Left,0,3,0,1,0,0,0,6,2,0,0,23,1290,4,2,0,2,0,1,0,0,0,2,1,0,0,0,0,1,1,0,1331,8
wpi6y173o3868476910,P6.png,Left,1,19,2,9,0,2,4,36,15,0,4,428,2372,14,3,0,9,1,5,0,1,2,13,5,0,2,0,0,6,2,0,2908,46
wpi6y173o3868476910,P7.png,Right,5,39,6,17,1,6,6,46,2,0,1,478,2989,26,6,0,14,4,7,1,3,3,15,1,0,1,0,0,9,2,0,3623,60
wpi6y173o3868476910,P8.png,Right,7,21,11,18,14,10,11,30,0,0,2,519,2090,17,15,0,7,6,9,3,4,5,9,0,0,1,0,0,7,9,0,2758,60
wpi6y173o3868476910,P9.png,Right,2,6,0,4,2,0,0,8,4,0,2,68,2856,4,0,2,3,0,2,1,0,0,3,2,0,1,0,0,2,0,1,2956,15
wpi617y4318c3570291,IC1.png,Left,0,0,0,0,0,0,0,0,0,0,0,5582,0,0,0,0,0,0,0,0,0,0,0,0,0,0,0,0,0,0,0,5582,0
wpi617y4318c3570291,IC10.png,Right,0,0,0,0,0,0,0,0,0,0,0,2183,0,0,0,0,0,0,0,0,0,0,0,0,0,0,0,0,0,0,0,2183,0
wpi617y4318c3570291,IC11.png,Right,0,0,0,0,0,0,0,0,0,0,0,13746,0,0,0,0,0,0,0,0,0,0,0,0,0,0,0,0,0,0,0,13746,0
wpi617y4318c3570291,IC12.png,Right,0,0,0,0,0,0,0,0,0,0,0,3673,0,0,0,0,0,0,0,0,0,0,0,0,0,0,0,0,0,0,0,3673,0
wpi617y4318c3570291,IC2.png,Left,0,0,0,0,0,0,0,0,0,0,0,6407,0,0,0,0,0,0,0,0,0,0,0,0,0,0,0,0,0,0,0,6407,0
wpi617y4318c3570291,IC3.png,Left,0,0,0,0,0,0,0,0,0,0,0,7655,0,0,0,0,0,0,0,0,0,0,0,0,0,0,0,0,0,0,0,7655,0
wpi617y4318c3570291,IC4.png,Left,0,0,0,0,0,0,0,0,0,0,0,1889,0,0,0,0,0,0,0,0,0,0,0,0,0,0,0,0,0,0,0,1889,0
wpi617y4318c3570291,IC5.png,Left,0,0,0,0,0,0,0,0,0,0,0,5328,0,0,0,0,0,0,0,0,0,0,0,0,0,0,0,0,0,0,0,5328,0
wpi617y4318c3570291,IC6.png,Left,0,0,0,0,0,0,0,0,0,0,0,3504,0,0,0,0,0,0,0,0,0,0,0,0,0,0,0,0,0,0,0,3504,0
wpi617y4318c3570291,IC7.png,Right,0,0,0,0,0,0,0,0,0,0,0,4574,0,0,0,0,0,0,0,0,0,0,0,0,0,0,0,0,0,0,0,4574,0
wpi617y4318c3570291,IC8.png,Right,0,0,0,0,0,0,0,0,0,0,0,8048,0,0,0,0,0,0,0,0,0,0,0,0,0,0,0,0,0,0,0,8048,0
wpi617y4318c3570291,IC9.png,Right,0,0,0,0,0,0,0,0,0,0,0,12103,0,0,0,0,0,0,0,0,0,0,0,0,0,0,0,0,0,0,0,12103,0
wpi617y4318c3570291,P1.png,Left,0,0,0,0,0,0,0,0,0,0,0,1729,0,0,0,0,0,0,0,0,0,0,0,0,0,0,0,0,0,0,0,1729,0
wpi617y4318c3570291,P10.png,Right,0,0,0,0,0,0,0,0,0,0,0,6046,0,0,0,0,0,0,0,0,0,0,0,0,0,0,0,0,0,0,0,6046,0
wpi617y4318c3570291,P11.png,Right,0,0,0,0,0,0,0,0,0,0,0,16373,0,0,0,0,0,0,0,0,0,0,0,0,0,0,0,0,0,0,0,16373,0
wpi617y4318c3570291,P12.png,Right,0,0,0,0,0,0,0,0,0,0,0,18216,0,0,0,0,0,0,0,0,0,0,0,0,0,0,0,0,0,0,0,18216,0
wpi617y4318c3570291,P2.png,Left,0,0,0,0,0,0,0,0,0,0,0,7990,0,0,0,0,0,0,0,0,0,0,0,0,0,0,0,0,0,0,0,7990,0
wpi617y4318c3570291,P3.png,Left,0,0,0,0,0,0,0,0,0,0,0,7074,0,0,0,0,0,0,0,0,0,0,0,0,0,0,0,0,0,0,0,7074,0
wpi617y4318c3570291,P4.png,Left,0,0,0,0,0,0,0,0,0,0,0,1550,0,0,0,0,0,0,0,0,0,0,0,0,0,0,0,0,0,0,0,1550,0
wpi617y4318c3570291,P5.png,Left,0,0,0,0,0,0,0,0,0,0,0,8550,0,0,0,0,0,0,0,0,0,0,0,0,0,0,0,0,0,0,0,8550,0
wpi617y4318c3570291,P6.png,Left,0,0,0,0,0,0,0,0,0,0,0,4221,0,0,0,0,0,0,0,0,0,0,0,0,0,0,0,0,0,0,0,4221,0
wpi617y4318c3570291,P7.png,Right,0,0,0,0,0,0,0,0,0,0,0,14950,0,0,0,0,0,0,0,0,0,0,0,0,0,0,0,0,0,0,0,14950,0
wpi617y4318c3570291,P8.png,Right,0,0,0,0,0,0,0,0,0,0,0,6225,0,0,0,0,0,0,0,0,0,0,0,0,0,0,0,0,0,0,0,6225,0
wpi617y4318c3570291,P9.png,Right,0,0,0,0,0,0,0,0,0,0,0,5917,0,0,0,0,0,0,0,0,0,0,0,0,0,0,0,0,0,0,0,5917,0
wpi6174k655x7734948,IC1.png,Left,9,82,73,74,17,6,31,376,48,7,11,1710,371,57,102,4,19,18,22,5,2,8,62,9,1,4,0,0,19,27,1,2969,197
wpi6174k655x7734948,IC10.png,Right,0,6,8,0,0,0,0,64,0,0,0,241,713,3,5,0,1,2,0,0,0,0,6,0,0,0,0,0,1,2,0,1040,12
wpi6174k655x7734948,IC11.png,Right,0,11,9,13,0,0,2,195,16,3,0,774,427,22,46,0,4,4,3,0,0,1,19,5,1,0,0,0,5,13,0,1518,55
wpi6174k655x7734948,IC12.png,Right,0,36,53,21,0,0,2,186,30,6,6,1147,756,36,40,15,12,12,5,0,0,1,29,8,2,2,0,0,10,14,3,2334,98
wpi6174k655x7734948,IC2.png,Left,23,38,87,79,32,13,23,694,34,5,26,2316,921,99,117,3,15,26,20,10,5,8,75,10,2,5,0,0,30,33,1,4487,240
wpi6174k655x7734948,IC3.png,Left,22,126,125,270,26,31,65,501,160,39,46,4369,1152,102,194,14,34,35,65,7,9,21,87,45,13,15,0,0,35,56,4,7220,426
wpi6174k655x7734948,IC4.png,Left,5,13,46,30,5,6,7,420,11,3,2,1111,1193,33,85,3,4,13,10,2,2,3,52,4,1,1,0,0,12,25,1,2968,130
wpi6174k655x7734948,IC5.png,Left,1,2,8,11,5,0,3,126,10,3,0,581,648,40,17,0,1,3,4,1,0,1,12,2,1,0,0,0,11,6,0,1454,42
wpi6174k655x7734948,IC6.png,Left,5,19,0,40,0,28,0,31,77,30,23,833,394,5,38,0,5,0,8,0,7,0,9,15,7,7,0,0,2,11,0,1518,71
wpi6174k655x7734948,IC7.png,Right,4,5,10,6,2,3,3,420,29,11,9,1233,850,84,62,0,2,4,2,1,1,1,42,11,3,3,0,0,24,17,0,2727,111
wpi6174k655x7734948,IC8.png,Right,5,15,44,21,6,13,21,985,63,5,11,2157,1272,52,60,0,4,11,4,1,3,4,55,18,2,3,0,0,18,21,0,4725,144
wpi6174k655x7734948,IC9.png,Right,22,107,225,47,44,13,28,965,144,23,44,3858,1851,166,184,21,26,53,15,13,4,10,104,38,9,17,0,0,47,48,4,7720,388
wpi6174k655x7734948,P1.png,Left,0,0,15,6,0,0,5,161,5,0,0,534,556,9,18,0,0,5,2,0,0,1,13,1,0,0,0,0,4,7,0,1309,33
wpi6174k655x7734948,P10.png,Right,3,4,16,3,11,0,0,239,84,5,22,907,592,46,5,0,1,4,1,3,0,0,29,15,2,6,0,0,12,2,0,1934,75
wpi6174k655x7734948,P11.png,Right,6,11,50,0,7,0,0,261,72,0,20,984,614,49,32,0,4,9,0,3,0,0,28,16,0,6,0,0,14,12,0,2100,92
wpi6174k655x7734948,P12.png,Right,0,7,3,0,0,0,0,133,12,3,0,410,1884,14,3,0,3,1,0,0,0,0,14,5,1,0,0,0,5,1,0,2469,30
wpi6174k655x7734948,P2.png,Left,33,273,87,179,40,23,64,617,114,14,33,4442,1241,248,329,6,64,20,50,12,8,19,108,29,5,13,0,0,65,76,1,7710,470
wpi6174k655x7734948,P3.png,Left,8,3,74,42,10,3,14,611,3,0,2,1784,1269,86,98,0,1,19,12,4,1,5,62,1,0,1,0,0,29,29,0,3999,164
wpi6174k655x7734948,P4.png,Left,12,10,31,71,23,19,29,50,43,11,21,765,229,23,54,3,4,9,19,4,6,9,13,9,4,7,0,0,6,13,1,1382,104
wpi6174k655x7734948,P5.png,Left,21,21,49,48,22,15,11,235,5,0,10,1008,421,49,33,2,5,10,12,8,4,4,27,2,0,4,0,0,15,9,1,1929,101
wpi6174k655x7734948,P6.png,Left,6,2,34,21,14,2,15,120,9,0,8,564,269,21,24,3,1,10,7,3,1,5,16,2,0,2,0,0,8,8,1,1106,64
wpi6174k655x7734948,P7.png,Right,66,234,280,218,96,46,94,841,119,58,58,6108,4825,180,233,37,54,64,53,27,16,31,104,34,11,21,0,0,49,65,13,13427,542
wpi6174k655x7734948,P8.png,Right,0,11,6,0,0,0,0,614,17,8,0,1333,1135,46,38,0,4,2,0,0,0,0,36,7,3,0,0,0,14,14,0,3208,80
wpi6174k655x7734948,P9.png,Right,8,22,95,5,11,3,0,1565,111,17,22,3532,1402,93,167,0,7,28,2,4,1,0,114,30,4,6,0,0,30,52,0,7045,278
wpi61y733962t796929,CC1.png,Left,14,18,30,54,14,22,46,106,2,4,8,691,659,40,18,4,7,10,16,5,6,15,20,1,2,4,0,0,14,8,2,1716,110
wpi61y733962t796929,CC10.png,Right,21,6,67,16,28,8,28,105,22,37,38,810,306,16,12,4,3,16,6,10,4,9,20,5,11,10,0,0,6,4,1,1503,105
wpi61y733962t796929,CC11.png,Right,16,3,42,8,60,4,18,141,40,16,23,625,272,18,24,24,2,15,3,12,2,7,24,11,4,7,0,0,8,10,7,1318,112
wpi61y733962t796929,CC12.png,Right,10,4,24,4,32,2,20,99,38,35,36,638,370,19,12,4,2,9,2,11,1,6,20,11,6,15,0,0,7,5,2,1337,97
wpi61y733962t796929,CC2.png,Left,16,18,20,32,8,18,26,91,10,14,12,1070,440,14,22,10,5,6,11,4,8,11,13,3,3,4,0,0,4,8,2,1805,82
wpi61y733962t796929,CC3.png,Left,22,36,28,82,12,18,22,177,13,2,21,1443,1610,40,52,14,12,9,24,5,7,8,30,5,1,7,0,0,15,20,4,3570,147
wpi61y733962t796929,CC4.png,Left,33,22,20,104,28,131,56,115,42,38,52,1510,1001,24,40,38,8,9,36,8,32,18,31,14,12,22,0,0,9,13,9,3221,221
wpi61y733962t796929,CC5.png,Left,32,20,11,133,26,64,46,92,26,44,53,1176,436,26,66,8,6,5,34,8,19,19,27,11,12,17,0,0,7,20,3,2227,188
wpi61y733962t796929,CC6.png,Left,12,24,6,38,4,24,10,100,40,4,24,904,1036,26,30,8,9,3,13,1,7,4,21,10,2,8,0,0,7,14,1,2278,100
wpi61y733962t796929,CC7.png,Right,12,6,34,11,12,7,12,103,22,14,4,902,1053,20,54,26,3,10,5,4,4,6,17,7,4,2,0,0,9,14,9,2280,94
wpi61y733962t796929,CC8.png,Right,20,12,83,26,16,22,34,74,22,2,30,759,252,20,30,0,4,23,6,7,7,11,21,5,1,10,0,0,7,11,0,1382,113
wpi61y733962t796929,CC9.png,Right,11,48,70,30,20,2,10,125,30,12,33,1625,689,20,44,8,12,21,10,6,1,5,25,9,3,12,0,0,6,18,2,2766,130
wpi61y733962t796929,P1.png,Left,20,10,30,75,20,131,62,107,8,168,26,1245,134,16,26,2,4,7,22,5,12,17,19,3,12,11,0,0,5,10,1,2060,128
wpi61y733962t796929,P10.png,Right,23,4,53,44,68,2,42,76,12,61,30,879,386,25,26,4,1,18,14,18,1,12,23,5,9,10,0,0,9,10,2,1712,132
wpi61y733962t796929,P11.png,Right,28,34,141,83,36,40,50,235,40,114,54,1856,1009,38,48,2,12,31,23,11,11,18,39,12,19,19,0,0,15,15,1,3780,226
wpi61y733962t796929,P12.png,Right,11,74,36,26,22,0,16,88,34,8,32,1467,655,38,61,8,13,16,10,9,0,5,22,13,3,12,0,0,14,16,4,2565,137
wpi61y733962t796929,P2.png,Left,20,61,14,290,8,22,39,117,34,16,52,2129,740,30,140,0,18,6,34,2,8,13,27,8,6,15,0,0,12,23,0,3692,172
wpi61y733962t796929,P3.png,Left,40,77,128,162,44,72,71,179,23,6,48,1972,2312,52,48,32,13,25,40,12,16,23,37,8,3,14,0,0,21,15,5,5226,232
wpi61y733962t796929,P4.png,Left,7,12,14,32,6,24,6,88,54,28,70,874,1098,26,22,4,5,4,12,2,9,2,19,15,10,20,0,0,10,9,2,2358,119
wpi61y733962t796929,P5.png,Left,28,8,22,104,10,52,50,75,10,22,29,916,1023,28,38,12,2,11,30,4,16,17,22,5,7,12,0,0,5,13,3,2399,147
wpi61y733962t796929,P6.png,Left,32,16,32,128,14,104,56,86,20,30,28,1062,644,44,54,2,5,15,34,6,18,23,25,7,9,11,0,0,10,19,1,2320,183
wpi61y733962t796929,P7.png,Right,27,85,90,60,44,35,28,124,16,8,41,1738,2798,24,40,2,10,24,16,15,9,13,26,6,2,9,0,0,9,15,1,5133,155
wpi61y733962t796929,P8.png,Right,20,5,36,20,32,16,10,51,28,30,18,917,1036,22,20,4,3,14,7,12,6,5,14,10,7,7,0,0,7,5,1,2245,98
wpi61y733962t796929,P9.png,Right,34,129,173,40,74,6,89,154,60,68,94,2295,876,64,36,3,24,47,15,22,3,29,38,20,15,27,0,0,17,15,2,4161,274
wpi6174w0i668552492,IC1.png,Left,31,84,41,190,42,36,54,207,58,20,51,2179,1748,34,67,12,17,10,27,11,10,12,30,14,7,13,0,0,12,18,2,4823,183
wpi6174w0i668552492,IC10.png,Right,4,52,32,6,14,10,10,62,37,0,29,1037,778,53,22,4,7,7,3,2,4,4,11,8,0,6,0,0,7,6,1,2146,66
wpi6174w0i668552492,IC11.png,Right,21,82,81,67,36,35,60,185,71,21,34,2259,1379,82,32,2,17,18,17,9,5,10,29,9,4,5,0,0,15,8,1,4426,147
wpi6174w0i668552492,IC12.png,Right,6,85,43,28,26,2,16,236,28,2,34,1908,1680,45,87,0,15,11,9,3,1,4,40,10,1,8,0,0,14,19,0,4220,135
wpi6174w0i668552492,IC2.png,Left,41,129,95,123,47,93,52,407,191,151,83,4925,6203,126,71,52,24,27,36,13,30,15,73,51,33,26,0,0,25,23,11,12748,387
wpi6174w0i668552492,IC3.png,Left,19,199,48,111,10,59,30,261,90,55,45,2823,3316,109,96,28,37,11,20,3,12,8,48,17,6,7,0,0,23,22,6,7280,220
wpi6174w0i668552492,IC4.png,Left,14,45,75,29,18,12,26,207,10,2,14,1330,2479,20,34,4,14,18,8,6,4,8,28,4,1,4,0,0,7,13,2,4305,117
wpi6174w0i668552492,IC5.png,Left,19,56,64,90,37,29,64,280,16,46,43,2198,2059,70,58,2,17,19,23,9,9,14,41,5,12,10,0,0,16,15,1,5112,191
wpi6174w0i668552492,IC6.png,Left,19,13,157,99,29,66,90,100,28,56,33,2012,796,28,58,11,5,18,21,5,11,19,16,7,10,9,0,0,8,11,4,3576,144
wpi6174w0i668552492,IC7.png,Right,8,86,44,52,19,4,0,97,63,8,16,1422,1192,45,48,0,14,10,10,4,1,0,16,11,1,3,0,0,14,14,0,3096,98
wpi6174w0i668552492,IC8.png,Right,82,57,151,88,209,127,99,376,227,99,131,4866,3650,68,83,72,20,48,30,53,34,30,64,50,27,38,0,0,20,21,23,10303,458
wpi6174w0i668552492,IC9.png,Right,12,58,84,44,11,27,27,157,50,4,19,1937,2290,67,79,18,12,16,12,4,4,6,28,11,2,5,0,0,18,18,1,4872,137
wpi6174w0i668552492,P1.png,Left,7,76,32,56,6,17,14,180,68,12,42,1768,1340,50,73,0,18,8,20,2,4,6,34,15,6,11,0,0,14,19,0,3734,157
wpi6174w0i668552492,P10.png,Right,53,65,200,49,141,55,92,313,102,77,110,3071,966,45,63,35,18,48,14,31,12,25,54,24,21,28,0,0,15,21,9,5384,320
wpi6174w0i668552492,P11.png,Right,21,77,112,65,55,25,22,357,165,66,79,3023,3290,52,64,16,22,26,16,16,8,9,58,38,14,19,0,0,13,18,5,7468,262
wpi6174w0i668552492,P12.png,Right,40,36,51,83,60,89,77,206,46,35,52,2281,2858,44,36,26,12,16,19,19,20,24,42,16,12,16,0,0,14,11,7,5980,228
wpi6174w0i668552492,P2.png,Left,64,54,126,137,89,131,70,245,92,108,69,3206,3328,44,45,58,14,36,39,21,34,22,46,28,27,21,0,0,10,11,12,7802,321
wpi6174w0i668552492,P3.png,Left,80,144,159,166,99,171,88,333,87,129,138,4583,4646,91,94,50,35,42,49,26,45,28,65,31,30,35,0,0,27,30,13,10978,456
wpi6174w0i668552492,P4.png,Left,16,18,44,57,19,45,21,145,32,16,56,1311,1151,24,32,14,7,11,15,4,14,9,23,9,6,14,0,0,6,12,4,2985,134
wpi6174w0i668552492,P5.png,Left,28,14,21,57,58,105,20,95,49,176,46,2726,2431,10,14,25,6,6,14,13,24,7,14,13,24,12,0,0,3,5,9,5847,150
wpi6174w0i668552492,P6.png,Left,56,64,115,144,80,199,98,108,148,351,157,4964,2100,35,58,163,9,24,34,16,45,23,19,35,51,38,0,0,5,15,26,8784,340
wpi6174w0i668552492,P7.png,Right,48,61,145,139,151,54,88,134,28,126,127,2744,1818,8,50,47,14,36,31,30,16,29,26,6,18,35,0,0,4,13,9,5720,267
wpi6174w0i668552492,P8.png,Right,11,39,54,23,6,10,19,164,15,31,24,1477,3024,14,37,6,8,17,6,3,4,6,27,7,7,8,0,0,5,10,1,4943,109
wpi6174w0i668552492,P9.png,Right,24,47,93,39,213,87,65,108,115,145,84,4488,2327,41,35,145,10,14,10,41,17,16,16,16,33,19,0,0,9,10,23,8032,234
wpi61738hs860820486,IC1.png,Left,12,20,21,28,8,36,21,90,22,18,12,781,513,36,44,6,9,6,12,3,9,8,17,8,7,4,0,0,12,17,3,1656,115
wpi61738hs860820486,IC10.png,Right,8,22,18,38,6,2,6,50,0,0,4,521,389,24,38,0,10,7,5,3,1,3,13,0,0,2,0,0,9,13,0,1118,66
wpi61738hs860820486,IC11.png,Right,7,20,18,16,6,8,10,56,6,2,2,310,188,16,12,2,6,5,7,3,4,4,15,2,1,1,0,0,7,6,1,672,62
wpi61738hs860820486,IC12.png,Right,12,12,37,18,20,4,10,355,26,4,14,1105,567,64,72,0,5,14,8,9,2,4,44,9,2,6,0,0,24,24,0,2308,151
wpi61738hs860820486,IC2.png,Left,10,4,3,13,5,13,7,50,10,2,20,256,68,8,12,2,2,2,5,2,4,2,8,5,1,6,0,0,4,6,1,473,48
wpi61738hs860820486,IC3.png,Left,4,4,6,18,2,12,8,32,14,0,14,417,138,14,26,0,1,3,7,1,1,3,7,2,0,3,0,0,2,5,0,705,35
wpi61738hs860820486,IC4.png,Left,4,18,4,20,0,14,6,11,40,2,12,604,406,12,16,4,6,2,6,0,3,3,6,6,1,5,0,0,5,5,1,1169,49
wpi61738hs860820486,IC5.png,Left,4,58,12,39,2,4,2,23,16,4,12,880,687,41,46,0,16,4,12,1,2,1,9,6,2,6,0,0,14,18,0,1826,91
wpi61738hs860820486,IC6.png,Left,8,68,20,60,12,5,10,64,53,27,17,992,512,26,24,2,12,5,11,4,2,5,10,14,8,7,0,0,8,10,1,1892,97
wpi61738hs860820486,IC7.png,Right,4,12,20,20,4,4,10,26,4,2,6,320,273,12,8,0,3,9,7,2,2,4,6,2,1,3,0,0,5,4,0,721,48
wpi61738hs860820486,IC8.png,Right,8,24,16,10,4,16,2,54,10,4,6,379,459,36,12,6,9,7,4,2,5,1,15,3,2,3,0,0,13,6,2,1038,72
wpi61738hs860820486,IC9.png,Right,14,43,95,34,24,10,30,72,10,10,26,1230,277,45,108,6,12,25,8,5,5,8,26,4,5,11,0,0,16,31,3,2020,159
wpi61738hs860820486,P1.png,Left,3,53,2,38,2,4,2,16,19,16,6,692,631,10,30,2,9,1,9,1,1,1,7,7,4,3,0,0,4,8,1,1523,56
wpi61738hs860820486,P10.png,Right,26,14,76,38,20,56,33,51,16,0,0,1177,840,24,14,13,6,21,16,8,11,11,12,7,0,0,0,0,10,7,4,2372,113
wpi61738hs860820486,P11.png,Right,2,15,19,4,2,4,4,184,30,18,8,925,1631,32,30,16,6,9,1,1,1,1,27,13,7,4,0,0,13,14,3,2922,100
wpi61738hs860820486,P12.png,Right,13,0,12,18,10,18,4,46,2,0,2,276,178,0,6,2,0,4,7,4,5,2,7,1,0,1,0,0,0,3,1,574,35
wpi61738hs860820486,P2.png,Left,7,20,16,16,4,8,2,60,2,2,2,326,705,22,8,0,7,6,7,2,3,1,16,1,1,1,0,0,11,4,0,1193,60
wpi61738hs860820486,P3.png,Left,5,54,6,23,2,23,14,18,8,0,0,518,341,8,18,11,7,2,8,1,6,5,6,3,0,0,0,0,3,6,4,1044,51
wpi61738hs860820486,P4.png,Left,18,21,15,46,8,47,28,40,67,108,54,1223,586,6,40,20,9,6,13,3,18,11,10,20,18,21,0,0,3,13,7,2309,152
wpi61738hs860820486,P5.png,Left,18,2,8,36,4,24,7,41,14,18,6,328,219,2,6,4,1,4,12,2,9,2,9,4,4,3,0,0,1,3,2,719,56
wpi61738hs860820486,P6.png,Left,6,4,14,35,2,12,2,30,2,2,0,360,153,6,26,0,2,5,6,1,3,1,6,1,1,0,0,0,2,7,0,648,35
wpi61738hs860820486,P7.png,Right,21,76,112,46,48,14,35,165,17,4,12,1506,1080,74,108,4,20,35,16,16,6,14,31,7,2,5,0,0,27,39,2,3301,220
wpi61738hs860820486,P8.png,Right,40,52,82,99,36,66,58,130,32,4,10,1862,488,38,60,14,18,26,36,12,18,23,31,9,2,4,0,0,16,25,4,3031,224
wpi61738hs860820486,P9.png,Right,18,18,42,34,16,12,33,59,20,14,24,844,145,16,50,4,8,17,14,7,3,12,16,7,7,7,0,0,6,14,2,1331,120
wpi617338x618132w85,IC1.png,Left,26,8,12,55,22,30,18,40,27,42,42,938,898,8,8,12,4,5,17,9,13,7,12,10,13,13,0,0,4,4,5,2160,116
wpi617338x618132w85,IC10.png,Right,41,24,80,36,46,43,26,60,77,42,42,1044,526,12,20,10,9,28,12,20,15,13,21,22,14,13,0,0,5,9,5,2088,186
wpi617338x618132w85,IC11.png,Right,28,18,24,16,52,28,29,30,10,58,18,774,506,4,12,20,5,10,8,15,12,13,10,3,14,9,0,0,2,5,7,1599,113
wpi617338x618132w85,IC12.png,Right,19,30,30,31,18,12,10,36,8,4,12,505,567,12,4,6,11,11,13,8,6,5,12,4,2,3,0,0,4,2,3,1285,84
wpi617338x618132w85,IC2.png,Left,17,14,16,14,10,28,6,20,10,26,2,572,660,10,4,12,5,7,6,5,11,3,7,5,4,1,0,0,5,2,5,1404,66
wpi617338x618132w85,IC3.png,Left,8,16,4,18,12,16,8,20,18,18,25,610,549,4,4,16,7,1,9,5,7,3,10,7,6,11,0,0,2,2,5,1338,75
wpi617338x618132w85,IC4.png,Left,13,40,8,36,16,16,2,45,24,18,8,652,841,24,10,8,14,4,11,6,7,1,15,9,7,3,0,0,9,4,3,1748,93
wpi617338x618132w85,IC5.png,Left,6,28,10,12,8,10,10,49,48,14,16,749,393,16,18,2,9,4,6,3,4,4,16,13,7,7,0,0,5,6,1,1383,85
wpi617338x618132w85,IC6.png,Left,17,35,6,40,6,20,4,20,43,16,18,788,806,32,12,4,11,3,13,3,7,2,6,11,6,6,0,0,10,6,2,1850,86
wpi617338x618132w85,IC7.png,Right,20,24,20,20,18,28,16,28,8,12,18,576,914,10,8,14,9,10,7,8,12,6,9,3,6,7,0,0,4,3,6,1714,90
wpi617338x618132w85,IC8.png,Right,18,8,20,36,22,12,20,14,12,12,18,571,709,6,2,22,4,6,12,9,6,9,5,4,4,6,0,0,3,1,10,1484,79
wpi617338x618132w85,IC9.png,Right,15,12,18,26,22,36,34,22,16,10,8,744,725,2,14,24,5,8,7,8,15,11,11,7,5,4,0,0,1,6,9,1713,97
wpi617338x618132w85,P1.png,Left,21,16,12,52,12,24,26,32,42,28,30,751,561,20,8,20,6,6,16,4,10,10,10,12,12,11,0,0,7,4,7,1634,115
wpi617338x618132w85,P10.png,Right,19,24,30,24,66,20,16,64,18,10,10,619,462,24,14,0,6,10,8,11,7,7,14,5,4,4,0,0,7,4,0,1401,87
wpi617338x618132w85,P11.png,Right,29,36,66,41,34,34,47,114,36,13,12,1173,1103,16,30,6,11,25,14,15,9,18,27,9,6,6,0,0,7,12,3,2761,162
wpi617338x618132w85,P12.png,Right,29,28,26,52,34,34,22,42,4,6,4,818,954,12,32,8,8,8,18,11,13,8,18,2,3,2,0,0,5,9,4,2076,109
wpi617338x618132w85,P2.png,Left,82,89,92,148,82,118,94,266,179,136,102,3891,4432,86,64,36,30,36,53,31,44,36,76,51,42,37,0,0,31,20,13,9815,500
wpi617338x618132w85,P3.png,Left,34,56,50,68,28,46,18,212,47,20,40,1700,1847,40,40,12,19,21,23,12,10,5,46,18,8,17,0,0,15,19,5,4224,218
wpi617338x618132w85,P4.png,Left,25,10,30,43,10,38,26,98,22,18,6,912,1632,22,20,14,4,10,14,5,13,8,22,7,7,3,0,0,11,9,5,2901,118
wpi617338x618132w85,P5.png,Left,17,8,14,42,14,26,26,66,34,22,14,867,721,10,22,16,4,5,13,6,10,7,20,9,8,7,0,0,4,8,6,1902,107
wpi617338x618132w85,P6.png,Left,35,62,40,104,20,72,34,150,58,36,26,1829,2753,50,34,26,21,13,34,9,24,14,45,25,14,12,0,0,20,15,8,5294,254
wpi617338x618132w85,P7.png,Right,15,16,22,32,28,24,18,66,12,14,20,920,1266,6,14,2,7,6,11,8,7,7,19,6,6,9,0,0,3,5,1,2460,95
wpi617338x618132w85,P8.png,Right,5,26,8,18,8,10,6,6,0,6,0,362,1199,10,6,0,5,4,4,3,3,3,2,0,3,0,0,0,3,3,0,1665,33
wpi617338x618132w85,P9.png,Right,24,22,52,18,22,12,12,52,30,44,40,1167,1099,16,18,6,8,21,8,10,5,5,20,13,16,14,0,0,7,7,2,2610,136
wpi61i7z33955583506,CC1.png,Left,0,0,0,386,0,0,0,0,0,0,0,0,0,0,0,0,0,0,1,0,0,0,0,0,0,0,0,0,0,0,0,386,1
wpi61i7z33955583506,CC10.png,Right,0,0,484,0,0,0,0,0,0,0,0,0,0,0,0,0,0,1,0,0,0,0,0,0,0,0,0,0,0,0,0,484,1
wpi61i7z33955583506,CC11.png,Right,0,0,215,0,0,0,0,0,0,0,0,0,0,0,0,0,0,1,0,0,0,0,0,0,0,0,0,0,0,0,0,215,1
wpi61i7z33955583506,CC12.png,Right,0,0,210,0,0,0,0,0,0,0,0,0,0,0,0,0,0,1,0,0,0,0,0,0,0,0,0,0,0,0,0,210,1
wpi61i7z33955583506,CC2.png,Left,0,0,0,266,0,0,0,0,0,0,0,0,0,0,0,0,0,0,1,0,0,0,0,0,0,0,0,0,0,0,0,266,1
wpi61i7z33955583506,CC3.png,Left,0,0,0,579,0,0,0,0,0,0,0,0,0,0,0,0,0,0,1,0,0,0,0,0,0,0,0,0,0,0,0,579,1
wpi61i7z33955583506,CC4.png,Left,0,0,0,184,0,0,0,0,0,0,0,0,0,0,0,0,0,0,1,0,0,0,0,0,0,0,0,0,0,0,0,184,1
wpi61i7z33955583506,CC5.png,Left,0,0,0,590,0,0,0,0,0,0,0,0,0,0,0,0,0,0,1,0,0,0,0,0,0,0,0,0,0,0,0,590,1
wpi61i7z33955583506,CC6.png,Left,0,0,0,206,0,0,0,0,0,0,0,0,0,0,0,0,0,0,1,0,0,0,0,0,0,0,0,0,0,0,0,206,1
wpi61i7z33955583506,CC7.png,Right,0,0,728,0,0,0,0,0,0,0,0,0,0,0,0,0,0,1,0,0,0,0,0,0,0,0,0,0,0,0,0,728,1
wpi61i7z33955583506,CC8.png,Right,0,0,161,0,0,0,0,0,0,0,0,0,0,0,0,0,0,1,0,0,0,0,0,0,0,0,0,0,0,0,0,161,1
wpi61i7z33955583506,CC9.png,Right,0,0,211,0,0,0,0,0,0,0,0,0,0,0,0,0,0,1,0,0,0,0,0,0,0,0,0,0,0,0,0,211,1
wpi61i7z33955583506,P1.png,Left,0,0,0,1567,0,0,0,0,0,0,0,0,0,0,0,0,0,0,1,0,0,0,0,0,0,0,0,0,0,0,0,1567,1
wpi61i7z33955583506,P10.png,Right,0,0,79,0,0,0,0,0,0,0,0,0,0,0,0,0,0,1,0,0,0,0,0,0,0,0,0,0,0,0,0,79,1
wpi61i7z33955583506,P11.png,Right,0,0,59,0,0,0,0,0,0,0,0,0,0,0,0,0,0,1,0,0,0,0,0,0,0,0,0,0,0,0,0,59,1
wpi61i7z33955583506,P12.png,Right,0,0,267,0,0,0,0,0,0,0,0,0,0,0,0,0,0,1,0,0,0,0,0,0,0,0,0,0,0,0,0,267,1
wpi61i7z33955583506,P2.png,Left,0,0,0,57,0,0,0,0,0,0,0,0,0,0,0,0,0,0,1,0,0,0,0,0,0,0,0,0,0,0,0,57,1
wpi61i7z33955583506,P3.png,Left,0,0,0,7989,0,0,0,0,0,0,0,0,0,0,0,0,0,0,1,0,0,0,0,0,0,0,0,0,0,0,0,7989,1
wpi61i7z33955583506,P4.png,Left,0,0,0,2418,0,0,0,0,0,0,0,0,0,0,0,0,0,0,1,0,0,0,0,0,0,0,0,0,0,0,0,2418,1
wpi61i7z33955583506,P5.png,Left,0,0,0,60,0,0,0,0,0,0,0,0,0,0,0,0,0,0,1,0,0,0,0,0,0,0,0,0,0,0,0,60,1
wpi61i7z33955583506,P6.png,Left,0,0,0,4618,0,0,0,0,0,0,0,0,0,0,0,0,0,0,1,0,0,0,0,0,0,0,0,0,0,0,0,4618,1
wpi61i7z33955583506,P7.png,Right,0,0,3730,0,0,0,0,0,0,0,0,0,0,0,0,0,0,1,0,0,0,0,0,0,0,0,0,0,0,0,0,3730,1
wpi61i7z33955583506,P8.png,Right,0,0,91,0,0,0,0,0,0,0,0,0,0,0,0,0,0,1,0,0,0,0,0,0,0,0,0,0,0,0,0,91,1
wpi61i7z33955583506,P9.png,Right,0,0,2815,0,0,0,0,0,0,0,0,0,0,0,0,0,0,1,0,0,0,0,0,0,0,0,0,0,0,0,0,2815,1
wpi6j174x6042488777,CC1.png,Left,20,72,73,154,36,8,43,350,18,4,16,1924,722,55,128,2,19,14,37,9,2,14,45,5,1,5,0,0,20,38,1,3605,210
wpi6j174x6042488777,CC10.png,Right,29,22,76,34,62,18,58,287,67,22,55,1440,386,37,36,8,8,23,11,17,8,16,32,18,7,13,0,0,12,11,3,2608,179
wpi6j174x6042488777,CC11.png,Right,12,37,59,2,25,5,16,293,147,101,92,2174,2308,29,45,2,10,18,1,5,1,5,34,31,25,25,0,0,12,18,1,5335,186
wpi6j174x6042488777,CC12.png,Right,7,36,39,2,13,0,4,287,42,7,10,1046,1509,70,61,5,11,12,1,5,0,2,44,14,2,4,0,0,24,22,2,3131,143
wpi6j174x6042488777,CC2.png,Left,73,125,145,155,90,70,104,1014,35,44,46,4127,4292,201,193,17,36,42,48,27,22,36,129,10,11,14,0,0,66,61,6,10658,508
wpi6j174x6042488777,CC3.png,Left,50,161,167,281,73,28,86,1100,74,24,46,5116,3279,207,317,18,51,47,80,20,10,28,154,16,8,16,0,0,67,96,8,10977,601
wpi6j174x6042488777,CC4.png,Left,19,10,62,34,18,12,28,318,15,0,7,1111,713,38,39,2,5,19,10,7,4,10,37,4,0,2,0,0,12,15,1,2407,126
wpi6j174x6042488777,CC5.png,Left,20,129,59,104,28,30,39,342,12,2,4,1912,1567,99,100,3,28,16,24,8,10,14,62,3,1,2,0,0,30,34,1,4430,233
wpi6j174x6042488777,CC6.png,Left,42,75,70,122,30,119,64,296,135,82,88,3275,1559,44,127,40,20,15,35,10,34,24,48,28,18,23,0,0,13,35,15,6126,318
wpi6j174x6042488777,CC7.png,Right,30,170,104,38,45,26,22,603,117,71,49,3313,2589,99,179,23,38,26,16,14,7,8,86,32,18,18,0,0,35,62,7,7448,367
wpi6j174x6042488777,CC8.png,Right,10,61,137,16,8,11,10,524,159,34,52,2248,1922,79,97,5,15,26,5,4,4,5,60,38,10,18,0,0,21,32,2,5363,240
wpi6j174x6042488777,CC9.png,Right,4,60,27,0,3,2,4,217,51,28,16,1030,1211,86,48,9,14,7,0,1,1,1,27,8,6,6,0,0,22,16,2,2792,111
wpi6j174x6042488777,P1.png,Left,30,51,88,100,52,23,63,268,45,2,19,1852,816,53,62,2,13,18,29,12,8,20,43,8,1,7,0,0,18,23,1,3496,201
wpi6j174x6042488777,P10.png,Right,38,26,107,147,79,29,52,144,44,10,42,1996,376,41,35,49,5,26,16,19,9,16,22,12,4,9,0,0,10,12,5,3177,165
wpi6j174x6042488777,P11.png,Right,34,72,175,14,102,9,52,689,215,65,77,3328,1963,77,108,8,18,47,6,24,3,14,88,49,17,27,0,0,29,35,4,6954,361
wpi6j174x6042488777,P12.png,Right,92,87,254,140,261,78,170,691,155,137,117,4961,2582,89,146,31,27,71,37,59,18,52,89,41,25,39,0,0,34,46,8,9899,546
wpi6j174x6042488777,P2.png,Left,35,74,117,116,46,55,60,325,46,15,27,2106,2375,82,85,7,16,24,29,10,16,19,51,12,5,10,0,0,26,29,3,5536,250
wpi6j174x6042488777,P3.png,Left,40,98,39,128,26,54,39,206,51,33,47,1993,1156,70,99,14,22,16,32,8,20,14,39,11,10,14,0,0,23,26,6,4053,241
wpi6j174x6042488777,P4.png,Left,12,7,35,37,12,10,23,155,3,2,4,687,433,31,29,2,3,9,12,5,4,8,25,1,1,2,0,0,10,11,1,1470,92
wpi6j174x6042488777,P5.png,Left,31,120,134,130,74,57,64,630,50,34,22,3434,3098,185,141,21,38,36,39,17,12,20,98,12,8,7,0,0,53,44,6,8194,390
wpi6j174x6042488777,P6.png,Left,40,159,180,168,84,33,59,554,64,5,41,3484,3108,136,151,15,31,40,46,13,12,22,77,13,1,18,0,0,39,49,6,8241,367
wpi6j174x6042488777,P7.png,Right,8,91,60,26,17,0,18,188,32,10,18,1289,480,10,72,0,11,15,6,5,0,6,18,7,4,5,0,0,5,20,0,2311,102
wpi6j174x6042488777,P8.png,Right,25,52,89,94,62,21,50,187,62,17,41,1574,432,44,63,8,15,28,14,14,9,17,32,16,5,15,0,0,16,19,4,2796,204
wpi6j174x6042488777,P9.png,Right,86,81,214,178,140,167,138,268,101,51,85,4422,2807,18,80,92,21,52,40,35,34,41,41,19,13,26,0,0,8,24,20,8842,374
wpi617d4c3710767579,CC1.png,Left,19,0,12,26,8,68,12,10,22,42,26,854,218,0,2,56,0,6,10,3,21,5,4,7,13,11,0,0,0,1,16,1356,97
wpi617d4c3710767579,CC10.png,Right,17,0,20,10,27,24,26,12,10,0,14,383,78,2,4,8,0,9,5,12,8,12,4,4,0,5,0,0,1,2,4,618,66
wpi617d4c3710767579,CC11.png,Right,29,0,40,15,66,48,40,20,10,4,12,488,140,2,0,24,0,15,4,23,13,14,5,5,2,6,0,0,1,0,9,909,97
wpi617d4c3710767579,CC12.png,Right,16,0,16,14,26,20,20,10,6,4,16,368,61,2,4,26,0,7,5,9,9,9,3,2,2,6,0,0,1,1,7,593,61
wpi617d4c3710767579,CC2.png,Left,24,4,14,70,21,57,36,49,35,37,53,728,170,2,22,7,2,6,24,5,19,15,14,13,10,20,0,0,1,10,3,1305,142
wpi617d4c3710767579,CC3.png,Left,31,4,19,27,14,76,32,26,20,51,44,845,126,0,0,34,1,9,12,7,27,15,6,9,16,20,0,0,0,0,8,1318,130
wpi617d4c3710767579,CC4.png,Left,7,0,2,20,17,27,7,2,10,35,24,318,118,0,0,28,0,1,5,5,8,3,1,4,8,9,0,0,0,0,4,608,48
wpi617d4c3710767579,CC5.png,Left,10,0,16,12,6,38,8,20,16,12,22,470,81,0,0,12,0,5,6,2,11,4,4,7,5,10,0,0,0,0,5,713,59
wpi617d4c3710767579,CC6.png,Left,8,0,4,14,2,34,19,10,6,16,12,390,174,0,2,18,0,2,4,1,13,6,2,1,6,5,0,0,0,1,7,701,48
wpi617d4c3710767579,CC7.png,Right,15,0,14,12,20,29,26,32,16,8,12,408,48,0,4,10,0,5,6,9,8,11,8,6,4,4,0,0,0,2,3,639,66
wpi617d4c3710767579,CC8.png,Right,16,4,18,19,55,28,31,18,4,16,2,518,180,0,2,53,1,7,5,20,9,15,4,2,5,1,0,0,0,1,10,948,80
wpi617d4c3710767579,CC9.png,Right,27,0,53,30,60,56,85,19,26,4,8,835,206,4,6,18,0,16,10,23,14,29,6,8,2,4,0,0,2,3,7,1410,124
wpi617d4c3710767579,P1.png,Left,9,2,6,20,18,45,12,10,4,8,34,414,42,2,12,26,1,1,9,6,16,6,3,1,3,11,0,0,1,6,9,655,73
wpi617d4c3710767579,P10.png,Right,20,8,68,30,18,28,32,94,26,12,4,689,111,0,28,2,2,20,13,8,9,11,16,10,4,2,0,0,0,9,1,1150,105
wpi617d4c3710767579,P11.png,Right,20,6,51,26,26,26,40,23,20,32,12,662,291,2,0,2,1,14,9,10,8,16,5,7,6,6,0,0,1,0,1,1219,84
wpi617d4c3710767579,P12.png,Right,32,0,62,34,80,76,62,86,46,8,4,1068,262,26,32,26,0,20,12,24,17,25,19,11,2,2,0,0,9,13,6,1872,160
wpi617d4c3710767579,P2.png,Left,32,8,36,125,14,72,36,54,44,66,92,1338,245,14,28,34,4,12,42,6,26,15,16,18,23,39,0,0,6,13,10,2206,230
wpi617d4c3710767579,P3.png,Left,14,19,10,22,12,12,8,14,17,30,20,550,93,2,8,20,5,3,9,3,6,4,3,7,8,5,0,0,1,3,9,837,66
wpi617d4c3710767579,P4.png,Left,18,16,12,44,16,22,24,36,29,8,16,514,100,2,10,0,4,6,16,4,8,7,9,10,3,5,0,0,1,5,0,849,78
wpi617d4c3710767579,P5.png,Left,26,11,28,96,10,54,12,72,38,34,68,1086,171,18,41,8,5,10,31,5,18,6,20,19,9,27,0,0,8,18,3,1747,179
wpi617d4c3710767579,P6.png,Left,28,10,16,36,20,52,26,23,16,38,42,869,295,4,15,12,5,8,14,8,21,10,8,4,14,18,0,0,2,4,6,1474,122
wpi617d4c3710767579,P7.png,Right,14,10,30,11,38,8,22,43,14,22,16,725,479,6,23,20,3,11,5,13,4,8,9,6,5,4,0,0,3,9,6,1467,86
wpi617d4c3710767579,P8.png,Right,40,0,51,23,72,52,62,46,14,4,18,771,105,0,16,8,0,17,10,23,19,22,6,5,2,8,0,0,0,5,4,1242,121
wpi617d4c3710767579,P9.png,Right,41,0,81,36,120,60,89,36,20,8,18,1107,248,7,15,23,0,27,12,34,21,27,10,9,4,9,0,0,2,7,8,1868,170
wpi6173y3b374550702,CC1.png,Left,50,79,388,370,73,117,258,707,33,3,39,4702,1111,91,137,0,14,47,53,14,22,33,68,7,1,8,0,0,19,25,0,8108,311
wpi6173y3b374550702,CC10.png,Right,6,16,27,26,14,2,11,85,51,35,40,666,176,19,30,0,3,7,5,2,1,3,12,5,2,6,0,0,3,7,0,1198,56
wpi6173y3b374550702,CC11.png,Right,8,36,136,104,20,3,42,529,116,7,32,2804,983,33,94,0,6,25,13,3,1,7,43,21,1,8,0,0,8,19,0,4939,155
wpi6173y3b374550702,CC12.png,Right,20,55,336,105,76,5,93,852,405,91,222,5662,1342,101,258,7,11,58,23,15,1,16,100,54,10,38,0,0,23,55,3,9610,407
wpi6173y3b374550702,CC2.png,Left,17,64,208,221,18,53,75,507,41,14,32,3088,437,78,125,0,13,22,30,3,8,14,50,7,3,7,0,0,15,27,0,4961,199
wpi6173y3b374550702,CC3.png,Left,11,36,163,111,13,6,26,483,105,6,15,2850,416,40,133,0,9,19,13,4,2,7,31,11,2,3,0,0,10,25,0,4403,136
wpi6173y3b374550702,CC4.png,Left,16,63,40,75,8,80,61,123,70,9,47,1305,52,30,45,15,9,5,17,2,9,8,11,9,2,9,0,0,4,8,3,2023,96
wpi6173y3b374550702,CC5.png,Left,4,36,83,450,0,7,21,303,17,5,35,2509,169,75,173,0,8,14,23,0,2,5,27,6,2,5,0,0,10,26,0,3883,128
wpi6173y3b374550702,CC6.png,Left,14,14,38,225,3,71,47,171,94,3,159,1616,101,23,83,3,3,6,19,1,10,8,21,11,1,15,0,0,4,14,1,2651,114
wpi6173y3b374550702,CC7.png,Right,4,53,59,17,6,6,14,168,62,11,22,828,140,28,44,0,3,11,3,2,1,4,17,6,2,6,0,0,6,10,0,1458,71
wpi6173y3b374550702,CC8.png,Right,28,9,147,52,123,43,74,147,80,37,33,1636,400,14,42,0,3,16,8,14,7,13,13,11,6,6,0,0,3,9,0,2837,109
wpi6173y3b374550702,CC9.png,Right,18,37,423,20,48,8,53,753,313,85,267,4891,797,47,171,0,8,54,5,11,2,11,76,37,11,33,0,0,12,41,0,7913,301
wpi6173y3b374550702,P1.png,Left,7,56,71,84,10,6,19,626,36,3,21,2004,170,59,202,0,9,14,16,2,2,6,49,10,1,4,0,0,15,36,0,3367,164
wpi6173y3b374550702,P10.png,Right,4,24,45,106,0,9,32,198,57,9,10,972,350,55,44,0,5,7,7,0,2,4,18,8,2,3,0,0,6,7,0,1911,69
wpi6173y3b374550702,P11.png,Right,6,3,58,46,15,3,17,238,63,8,20,1079,282,37,36,3,1,12,8,3,1,4,24,7,1,4,0,0,6,10,1,1908,82
wpi6173y3b374550702,P12.png,Right,14,53,281,51,30,30,30,379,285,138,69,3307,958,20,91,0,12,39,11,7,2,7,40,28,10,14,0,0,5,23,0,5722,198
wpi6173y3b374550702,P2.png,Left,12,46,116,272,21,13,40,469,87,0,33,2652,220,87,125,0,9,20,28,4,3,8,42,11,0,6,0,0,14,27,0,4181,172
wpi6173y3b374550702,P3.png,Left,31,113,289,330,58,128,116,793,138,46,162,4773,451,170,256,14,17,35,48,10,14,24,60,20,8,23,0,0,29,44,4,7837,336
wpi6173y3b374550702,P4.png,Left,8,32,201,114,3,29,48,365,49,0,52,1859,225,29,88,7,6,19,20,1,6,11,30,8,0,8,0,0,8,16,3,3101,136
wpi6173y3b374550702,P5.png,Left,10,39,135,279,14,5,22,542,126,0,39,3003,458,95,158,3,10,24,44,4,1,5,57,17,0,10,0,0,16,32,1,4918,221
wpi6173y3b374550702,P6.png,Left,10,38,232,175,6,16,27,472,55,6,13,2923,306,44,143,0,10,26,29,1,4,7,40,13,1,3,0,0,8,28,0,4456,170
wpi6173y3b374550702,P7.png,Right,4,15,68,14,5,0,8,112,151,3,35,1249,404,9,47,0,4,13,3,2,0,2,19,19,1,7,0,0,3,10,0,2120,83
wpi6173y3b374550702,P8.png,Right,4,13,242,58,7,0,36,373,168,34,101,2156,491,14,123,0,3,39,12,2,0,7,32,17,5,19,0,0,6,24,0,3816,166
wpi6173y3b374550702,P9.png,Right,29,18,191,28,85,46,33,560,273,97,31,3018,851,51,65,43,6,32,6,14,8,10,46,27,8,8,0,0,14,15,3,5390,197
wpi6173o073186z1469,IC1.png,Left,0,0,0,0,0,0,0,0,0,0,0,573,0,0,0,0,0,0,0,0,0,0,0,0,0,0,0,0,0,0,0,573,0
wpi6173o073186z1469,IC10.png,Right,0,0,0,0,0,0,0,0,0,0,0,271,0,0,0,0,0,0,0,0,0,0,0,0,0,0,0,0,0,0,0,271,0
wpi6173o073186z1469,IC11.png,Right,0,0,0,0,0,0,0,0,0,0,0,604,0,0,0,0,0,0,0,0,0,0,0,0,0,0,0,0,0,0,0,604,0
wpi6173o073186z1469,IC12.png,Right,0,0,0,0,0,0,0,0,0,0,0,725,0,0,0,0,0,0,0,0,0,0,0,0,0,0,0,0,0,0,0,725,0
wpi6173o073186z1469,IC2.png,Left,0,0,0,0,0,0,0,0,0,0,0,707,0,0,0,0,0,0,0,0,0,0,0,0,0,0,0,0,0,0,0,707,0
wpi6173o073186z1469,IC3.png,Left,0,0,0,0,0,0,0,0,0,0,0,723,0,0,0,0,0,0,0,0,0,0,0,0,0,0,0,0,0,0,0,723,0
wpi6173o073186z1469,IC4.png,Left,0,0,0,0,0,0,0,0,0,0,0,383,0,0,0,0,0,0,0,0,0,0,0,0,0,0,0,0,0,0,0,383,0
wpi6173o073186z1469,IC5.png,Left,0,0,0,0,0,0,0,0,0,0,0,476,0,0,0,0,0,0,0,0,0,0,0,0,0,0,0,0,0,0,0,476,0
wpi6173o073186z1469,IC6.png,Left,0,0,0,0,0,0,0,0,0,0,0,465,0,0,0,0,0,0,0,0,0,0,0,0,0,0,0,0,0,0,0,465,0
wpi6173o073186z1469,IC7.png,Right,0,0,0,0,0,0,0,0,0,0,0,286,0,0,0,0,0,0,0,0,0,0,0,0,0,0,0,0,0,0,0,286,0
wpi6173o073186z1469,IC8.png,Right,0,0,0,0,0,0,0,0,0,0,0,356,0,0,0,0,0,0,0,0,0,0,0,0,0,0,0,0,0,0,0,356,0
wpi6173o073186z1469,IC9.png,Right,0,0,0,0,0,0,0,0,0,0,0,428,0,0,0,0,0,0,0,0,0,0,0,0,0,0,0,0,0,0,0,428,0
wpi6173o073186z1469,P1.png,Left,0,0,0,0,0,0,0,0,0,0,0,652,0,0,0,0,0,0,0,0,0,0,0,0,0,0,0,0,0,0,0,652,0
wpi6173o073186z1469,P10.png,Right,0,0,0,0,0,0,0,0,0,0,0,300,0,0,0,0,0,0,0,0,0,0,0,0,0,0,0,0,0,0,0,300,0
wpi6173o073186z1469,P11.png,Right,0,0,0,0,0,0,0,0,0,0,0,793,0,0,0,0,0,0,0,0,0,0,0,0,0,0,0,0,0,0,0,793,0
wpi6173o073186z1469,P12.png,Right,0,0,0,0,0,0,0,0,0,0,0,1186,0,0,0,0,0,0,0,0,0,0,0,0,0,0,0,0,0,0,0,1186,0
wpi6173o073186z1469,P2.png,Left,0,0,0,0,0,0,0,0,0,0,0,721,0,0,0,0,0,0,0,0,0,0,0,0,0,0,0,0,0,0,0,721,0
wpi6173o073186z1469,P3.png,Left,0,0,0,0,0,0,0,0,0,0,0,608,0,0,0,0,0,0,0,0,0,0,0,0,0,0,0,0,0,0,0,608,0
wpi6173o073186z1469,P4.png,Left,0,0,0,0,0,0,0,0,0,0,0,586,0,0,0,0,0,0,0,0,0,0,0,0,0,0,0,0,0,0,0,586,0
wpi6173o073186z1469,P5.png,Left,0,0,0,0,0,0,0,0,0,0,0,918,0,0,0,0,0,0,0,0,0,0,0,0,0,0,0,0,0,0,0,918,0
wpi6173o073186z1469,P6.png,Left,0,0,0,0,0,0,0,0,0,0,0,804,0,0,0,0,0,0,0,0,0,0,0,0,0,0,0,0,0,0,0,804,0
wpi6173o073186z1469,P7.png,Right,0,0,0,0,0,0,0,0,0,0,0,726,0,0,0,0,0,0,0,0,0,0,0,0,0,0,0,0,0,0,0,726,0
wpi6173o073186z1469,P8.png,Right,0,0,0,0,0,0,0,0,0,0,0,590,0,0,0,0,0,0,0,0,0,0,0,0,0,0,0,0,0,0,0,590,0
wpi6173o073186z1469,P9.png,Right,0,0,0,0,0,0,0,0,0,0,0,1151,0,0,0,0,0,0,0,0,0,0,0,0,0,0,0,0,0,0,0,1151,0
wpi6r17446q67212312,CC1.png,Left,5,12,7,6,0,10,6,16,8,16,6,163,32,4,4,2,3,3,3,0,5,2,6,4,4,2,0,0,2,2,1,292,37
wpi6r17446q67212312,CC10.png,Right,3,2,10,4,4,4,6,8,2,0,9,113,16,2,7,0,1,3,2,2,2,2,2,1,0,4,0,0,1,3,0,187,23
wpi6r17446q67212312,CC11.png,Right,7,2,12,4,12,8,6,6,5,2,6,150,90,0,0,2,1,5,1,6,3,3,2,1,1,3,0,0,0,0,1,305,27
wpi6r17446q67212312,CC12.png,Right,7,2,4,13,12,8,16,14,6,0,6,172,26,0,4,0,1,2,5,4,3,5,3,3,0,3,0,0,0,2,0,283,31
wpi6r17446q67212312,CC2.png,Left,11,4,6,30,0,14,12,8,42,18,26,384,70,4,4,4,2,2,10,0,6,4,3,14,6,11,0,0,1,2,2,626,63
wpi6r17446q67212312,CC3.png,Left,3,8,4,25,2,4,10,30,24,16,4,247,63,9,6,0,2,2,11,1,2,4,7,8,6,2,0,0,4,2,0,452,51
wpi6r17446q67212312,CC4.png,Left,5,11,0,10,4,12,2,2,11,10,8,174,14,2,0,0,3,0,4,2,3,1,1,5,4,3,0,0,1,0,0,260,27
wpi6r17446q67212312,CC5.png,Left,15,0,0,28,2,22,4,12,22,10,20,228,48,2,4,0,0,0,11,1,8,2,2,11,3,7,0,0,1,2,0,402,48
wpi6r17446q67212312,CC6.png,Left,1,4,0,4,0,2,0,6,38,6,19,169,47,6,2,0,2,0,2,0,1,0,2,10,2,7,0,0,3,1,0,303,30
wpi6r17446q67212312,CC7.png,Right,6,4,16,8,4,4,8,10,6,10,0,127,17,0,2,0,2,6,3,2,1,4,3,3,4,0,0,0,0,1,0,216,29
wpi6r17446q67212312,CC8.png,Right,8,2,8,21,12,12,4,17,4,2,7,130,26,0,0,2,1,4,3,4,3,2,3,2,1,3,0,0,0,0,1,247,27
wpi6r17446q67212312,CC9.png,Right,27,4,27,46,22,26,12,10,24,12,32,620,117,6,8,4,2,12,14,9,9,6,4,7,6,13,0,0,2,4,2,970,90
wpi6r17446q67212312,P1.png,Left,18,17,6,38,12,28,10,20,16,16,4,419,60,2,6,4,2,3,13,6,8,5,7,7,8,2,0,0,1,3,2,658,67
wpi6r17446q67212312,P10.png,Right,10,2,19,2,10,16,19,6,2,2,4,173,30,4,5,2,1,7,1,4,8,7,2,1,1,2,0,0,2,2,1,296,39
wpi6r17446q67212312,P11.png,Right,5,2,12,28,4,6,18,14,8,4,8,276,75,2,6,6,1,5,7,2,2,5,4,4,2,3,0,0,1,3,3,469,42
wpi6r17446q67212312,P12.png,Right,14,4,33,32,14,6,28,27,27,6,14,384,107,8,8,4,2,13,10,7,2,10,13,7,3,5,0,0,3,4,1,702,80
wpi6r17446q67212312,P2.png,Left,3,7,0,10,0,8,6,10,8,8,8,173,6,0,4,0,2,0,3,0,4,3,3,3,3,4,0,0,0,2,0,248,27
wpi6r17446q67212312,P3.png,Left,24,4,22,61,2,28,18,22,66,43,50,653,74,6,4,2,2,7,23,1,13,8,8,23,13,18,0,0,3,2,1,1055,122
wpi6r17446q67212312,P4.png,Left,6,0,2,16,2,8,0,20,11,4,4,107,35,6,4,0,0,1,6,1,4,0,4,5,2,2,0,0,3,2,0,219,30
wpi6r17446q67212312,P5.png,Left,2,0,14,8,0,2,12,26,20,4,24,224,89,0,11,0,0,6,4,0,1,5,7,6,2,4,0,0,0,5,0,434,40
wpi6r17446q67212312,P6.png,Left,2,4,0,14,0,2,4,6,16,4,6,210,29,10,8,12,2,0,6,0,1,2,3,5,2,3,0,0,2,2,1,325,29
wpi6r17446q67212312,P7.png,Right,12,0,14,59,6,10,10,32,6,2,6,370,173,2,8,0,0,5,10,3,5,5,10,2,1,3,0,0,1,4,0,698,49
wpi6r17446q67212312,P8.png,Right,9,5,18,18,4,10,12,21,4,4,0,209,40,10,8,2,2,9,5,2,4,5,9,1,1,0,0,0,4,4,1,365,47
wpi6r17446q67212312,P9.png,Right,9,2,8,12,4,6,6,42,4,0,2,169,106,14,9,0,1,4,5,2,3,3,8,2,0,1,0,0,6,3,0,384,38
wpi617460iz56592744,CC1.png,Left,11,10,11,2,5,1,3,6,21,4,1,296,112,2,3,0,6,7,2,5,1,3,2,8,3,1,0,0,2,3,0,477,43
wpi617460iz56592744,CC10.png,Right,0,24,1,21,0,0,2,2,0,0,0,424,255,8,3,0,12,1,9,0,0,2,1,0,0,0,0,0,4,3,0,740,32
wpi617460iz56592744,CC11.png,Right,11,26,5,30,0,7,10,4,0,0,0,504,189,3,7,0,13,5,17,0,6,9,3,0,0,0,0,0,3,6,0,785,62
wpi617460iz56592744,CC12.png,Right,2,20,0,15,0,3,4,0,0,0,0,256,145,2,1,1,8,0,8,0,2,2,0,0,0,0,0,0,2,1,1,447,24
wpi617460iz56592744,CC2.png,Left,0,22,0,6,0,0,1,2,30,9,4,420,246,6,2,0,9,0,3,0,0,1,1,17,6,4,0,0,6,2,0,748,49
wpi617460iz56592744,CC3.png,Left,0,17,0,2,0,0,0,4,31,5,4,400,364,2,2,0,8,0,2,0,0,0,4,13,5,4,0,0,2,2,0,831,40
wpi617460iz56592744,CC4.png,Left,1,12,0,3,0,2,1,5,12,2,4,182,85,7,4,0,8,0,3,0,1,1,5,6,2,4,0,0,6,3,0,319,39
wpi617460iz56592744,CC5.png,Left,1,9,0,3,0,1,2,11,43,7,9,417,312,5,7,1,4,0,2,0,1,2,4,10,5,5,0,0,4,6,1,827,44
wpi617460iz56592744,CC6.png,Left,0,6,0,6,0,0,0,3,24,9,6,257,93,2,3,0,4,0,5,0,0,0,3,11,8,5,0,0,2,2,0,409,40
wpi617460iz56592744,CC7.png,Right,4,11,0,21,2,3,1,3,0,0,0,299,201,0,3,0,6,0,8,1,2,1,3,0,0,0,0,0,0,2,0,544,23
wpi617460iz56592744,CC8.png,Right,6,15,3,17,0,3,2,1,0,0,0,281,165,5,2,0,6,1,7,0,3,2,1,0,0,0,0,0,4,2,0,494,26
wpi617460iz56592744,CC9.png,Right,24,31,21,22,10,9,17,3,3,0,2,491,471,6,15,2,15,15,14,7,9,13,1,1,0,1,0,0,5,11,1,1103,93
wpi617460iz56592744,P1.png,Left,9,1,2,22,15,21,18,32,13,4,10,448,240,7,13,17,1,2,14,6,13,16,15,8,4,9,0,0,4,13,11,863,116
wpi617460iz56592744,P10.png,Right,8,0,10,2,9,8,2,7,5,6,12,255,181,1,1,20,0,7,1,7,6,2,3,4,6,10,0,0,1,1,8,519,56
wpi617460iz56592744,P11.png,Right,26,28,60,18,40,1,11,140,32,31,35,848,177,43,27,5,15,42,10,20,1,9,36,25,20,25,0,0,20,19,5,1496,247
wpi617460iz56592744,P12.png,Right,28,0,45,10,26,4,12,36,40,44,47,552,127,3,8,1,0,27,6,17,3,12,14,25,17,32,0,0,3,8,1,955,165
wpi617460iz56592744,P2.png,Left,54,4,46,17,87,46,54,18,4,1,9,613,76,5,5,11,3,31,13,34,36,42,13,4,1,8,0,0,3,4,8,996,200
wpi617460iz56592744,P3.png,Left,16,11,8,91,1,13,9,24,72,35,39,941,234,9,18,15,7,6,28,1,10,5,12,31,22,27,0,0,8,12,6,1520,175
wpi617460iz56592744,P4.png,Left,22,1,27,14,25,17,28,36,17,15,21,368,33,2,13,0,1,18,7,12,10,19,13,8,9,14,0,0,2,10,0,617,123
wpi617460iz56592744,P5.png,Left,46,0,32,28,53,51,24,23,7,5,5,655,238,0,9,34,0,18,18,24,32,18,15,6,4,5,0,0,0,9,20,1164,169
wpi617460iz56592744,P6.png,Left,34,2,31,42,28,23,40,46,14,12,26,456,38,9,6,1,2,15,26,12,14,23,11,11,6,16,0,0,5,6,1,774,148
wpi617460iz56592744,P7.png,Right,46,1,80,23,35,19,32,87,17,10,19,707,76,10,19,4,1,41,14,22,11,26,28,8,6,16,0,0,7,13,4,1139,197
wpi617460iz56592744,P8.png,Right,16,0,17,3,19,8,9,6,5,11,10,425,212,4,0,30,0,7,3,13,4,8,4,2,7,9,0,0,2,0,13,759,72
wpi617460iz56592744,P9.png,Right,13,11,30,31,1,6,24,52,16,5,7,467,37,13,19,0,4,20,16,1,6,15,19,5,4,7,0,0,9,14,0,719,120
wpi6n174639a7009255,IC1.png,Left,46,27,54,54,19,58,30,153,22,32,45,1238,449,25,29,25,11,26,28,9,25,17,40,14,17,23,0,0,14,16,14,2260,254
wpi6n174639a7009255,IC10.png,Right,43,11,55,27,61,42,51,114,22,19,30,1173,731,16,28,30,6,37,18,31,22,29,41,10,12,18,0,0,11,18,10,2410,263
wpi6n174639a7009255,IC11.png,Right,83,10,94,61,94,46,64,150,73,51,56,1939,649,8,25,52,8,57,34,41,27,38,55,37,31,30,0,0,7,21,20,3372,406
wpi6n174639a7009255,IC12.png,Right,33,4,53,7,44,15,14,114,42,14,28,811,501,15,16,2,2,26,4,20,8,9,36,23,12,16,0,0,10,10,2,1680,178
wpi6n174639a7009255,IC2.png,Left,56,8,45,55,29,35,27,68,35,29,16,1215,1151,7,20,25,7,27,30,20,24,19,28,21,15,15,0,0,5,12,14,2765,237
wpi6n174639a7009255,IC3.png,Left,58,9,40,94,27,41,52,110,37,70,52,1298,1171,10,36,25,8,17,49,17,20,28,44,22,28,25,0,0,6,21,11,3072,296
wpi6n174639a7009255,IC4.png,Left,13,14,6,23,3,10,3,31,15,6,13,342,489,13,20,8,4,4,12,2,8,3,13,8,5,5,0,0,7,9,6,996,86
wpi6n174639a7009255,IC5.png,Left,53,10,68,68,32,55,34,165,16,37,30,1274,798,24,33,22,6,28,37,17,28,21,53,10,17,19,0,0,13,22,11,2666,282
wpi6n174639a7009255,IC6.png,Left,5,0,20,12,2,7,5,25,7,11,2,301,1274,1,4,1,0,7,7,2,5,4,8,4,5,2,0,0,1,2,1,1672,48
wpi6n174639a7009255,IC7.png,Right,16,0,30,7,19,10,8,134,22,10,18,488,62,8,13,0,0,13,5,12,3,6,23,9,4,10,0,0,5,11,0,829,101
wpi6n174639a7009255,IC8.png,Right,19,11,25,8,15,7,14,69,14,5,15,542,1311,13,19,12,4,15,5,9,6,9,24,5,3,8,0,0,6,12,5,2080,111
wpi6n174639a7009255,IC9.png,Right,27,11,29,7,16,10,12,60,47,46,24,819,1051,5,5,16,7,22,6,14,8,11,28,25,19,15,0,0,4,3,12,2158,174
wpi6n174639a7009255,P1.png,Left,18,1,13,50,4,22,8,61,16,18,14,479,281,6,11,7,1,6,17,3,10,6,14,8,6,8,0,0,4,6,6,991,95
wpi6n174639a7009255,P10.png,Right,48,11,104,48,67,16,65,121,45,46,47,1132,325,22,27,15,7,38,14,25,10,25,34,18,14,23,0,0,12,15,5,2091,240
wpi6n174639a7009255,P11.png,Right,34,7,66,9,35,8,10,165,38,14,31,846,371,18,23,4,5,28,3,19,6,5,43,16,9,16,0,0,12,13,3,1645,178
wpi6n174639a7009255,P12.png,Right,32,2,51,9,47,26,24,76,41,30,27,949,571,8,7,32,1,24,6,23,15,16,23,19,16,18,0,0,5,5,10,1900,181
wpi6n174639a7009255,P2.png,Left,62,3,63,52,60,34,36,130,19,17,13,1213,1775,9,8,16,3,36,28,25,23,26,42,14,12,10,0,0,6,6,10,3448,241
wpi6n174639a7009255,P3.png,Left,50,4,41,54,32,56,32,79,25,44,20,1237,2384,7,11,24,3,24,27,18,30,22,33,13,17,15,0,0,4,7,13,4050,226
wpi6n174639a7009255,P4.png,Left,26,2,19,54,13,27,22,91,8,14,20,702,469,13,11,13,2,12,26,6,16,12,24,8,10,9,0,0,8,5,6,1478,144
wpi6n174639a7009255,P5.png,Left,24,2,24,36,8,36,19,77,16,35,16,828,2200,8,8,28,2,14,21,3,14,12,15,11,14,12,0,0,5,7,12,3341,142
wpi6n174639a7009255,P6.png,Left,54,3,61,87,26,75,82,79,27,40,29,1167,530,5,7,9,2,23,43,14,31,35,34,14,13,21,0,0,3,4,5,2227,242
wpi6n174639a7009255,P7.png,Right,43,14,89,29,53,11,32,196,56,55,68,1578,879,22,47,30,6,44,13,28,6,23,58,26,22,37,0,0,14,26,12,3159,315
wpi6n174639a7009255,P8.png,Right,38,6,79,45,46,41,21,75,23,30,28,1074,438,10,25,14,4,34,17,20,16,11,26,13,13,18,0,0,4,15,8,1955,199
wpi6n174639a7009255,P9.png,Right,67,28,106,52,115,87,85,149,37,17,44,2302,848,8,26,108,9,41,19,43,29,42,40,22,9,21,0,0,6,16,34,4012,331
wpi617h37i859872534,CC1.png,Left,11,0,16,9,26,18,17,14,5,17,10,632,466,2,4,22,0,3,3,7,5,4,6,1,4,4,0,0,1,2,6,1258,46
wpi617h37i859872534,CC10.png,Right,5,2,7,6,30,8,6,8,6,39,0,346,181,4,0,0,1,2,2,6,2,2,2,2,6,0,0,0,1,0,0,643,26
wpi617h37i859872534,CC11.png,Right,7,4,4,12,25,3,0,15,41,20,23,537,299,5,0,28,1,1,4,7,1,0,4,9,4,5,0,0,1,0,5,1016,42
wpi617h37i859872534,CC12.png,Right,10,6,24,30,12,14,22,22,21,51,4,640,230,9,20,12,2,6,8,3,4,5,5,5,8,1,0,0,2,4,2,1117,55
wpi617h37i859872534,CC2.png,Left,16,26,34,36,20,27,22,78,24,24,22,1292,1300,9,25,12,10,9,11,6,7,7,19,10,8,5,0,0,3,8,6,2951,109
wpi617h37i859872534,CC3.png,Left,21,14,43,39,48,94,37,30,24,38,22,1010,605,8,16,38,5,9,9,9,21,10,9,6,9,5,0,0,2,4,8,2066,106
wpi617h37i859872534,CC4.png,Left,23,9,18,29,30,38,36,11,4,0,12,651,390,7,14,12,3,6,9,6,10,10,2,1,0,4,0,0,2,4,3,1261,60
wpi617h37i859872534,CC5.png,Left,14,4,18,16,41,36,37,20,6,8,14,553,373,8,2,26,1,7,6,9,7,10,7,2,4,4,0,0,3,1,7,1162,68
wpi617h37i859872534,CC6.png,Left,26,13,41,90,33,47,29,61,16,18,33,1190,737,15,10,27,5,11,19,9,12,6,18,6,7,11,0,0,5,5,6,2360,120
wpi617h37i859872534,CC7.png,Right,3,6,2,2,2,10,4,20,12,2,16,387,571,11,6,15,2,1,1,1,4,2,9,3,1,6,0,0,3,3,5,1066,41
wpi617h37i859872534,CC8.png,Right,10,4,28,15,32,16,18,12,55,47,22,734,369,2,2,14,1,8,4,9,4,4,4,11,9,6,0,0,1,1,3,1370,65
wpi617h37i859872534,CC9.png,Right,23,6,41,14,51,25,25,47,44,12,22,923,626,12,8,35,2,14,3,16,8,8,13,13,6,6,0,0,4,4,9,1891,106
wpi617h37i859872534,P1.png,Left,9,6,19,14,24,14,0,46,16,35,2,632,756,12,4,2,2,5,4,4,5,0,13,6,7,1,0,0,5,1,1,1582,54
wpi617h37i859872534,P10.png,Right,9,26,18,12,25,13,0,41,10,26,22,536,442,14,11,21,9,7,4,7,4,0,16,4,5,7,0,0,7,4,4,1217,78
wpi617h37i859872534,P11.png,Right,10,6,19,19,15,14,4,37,20,14,14,386,334,0,6,29,2,5,6,6,4,2,9,7,6,6,0,0,0,2,10,917,65
wpi617h37i859872534,P12.png,Right,12,2,15,17,23,8,6,47,15,30,16,619,694,4,2,4,1,5,6,7,3,3,12,3,5,5,0,0,2,1,1,1502,54
wpi617h37i859872534,P2.png,Left,12,9,7,29,10,22,2,24,18,16,4,605,614,7,9,2,3,2,11,5,5,1,10,8,6,2,0,0,3,3,1,1378,60
wpi617h37i859872534,P3.png,Left,8,0,16,14,24,11,16,22,6,0,4,376,672,11,4,2,0,3,4,3,3,6,8,3,0,2,0,0,5,2,1,1178,40
wpi617h37i859872534,P4.png,Left,8,4,8,6,26,56,8,13,0,10,0,416,321,2,4,12,2,3,2,7,11,2,4,0,4,0,0,0,1,1,3,886,40
wpi617h37i859872534,P5.png,Left,8,16,9,19,14,9,8,61,15,12,4,494,654,8,8,4,6,4,8,5,4,4,16,6,6,2,0,0,4,3,2,1335,70
wpi617h37i859872534,P6.png,Left,12,10,21,21,21,9,8,44,30,14,4,685,511,12,12,4,4,6,6,6,4,3,12,9,3,2,0,0,5,4,1,1406,65
wpi617h37i859872534,P7.png,Right,15,2,15,20,11,13,10,34,2,18,12,427,579,4,2,13,1,6,9,5,6,5,12,1,7,5,0,0,1,1,4,1162,63
wpi617h37i859872534,P8.png,Right,9,8,15,10,8,8,15,24,10,10,8,505,713,10,13,6,3,6,4,3,4,6,8,5,3,2,0,0,5,6,1,1363,56
wpi617h37i859872534,P9.png,Right,11,13,31,13,9,16,18,76,12,10,16,678,758,12,23,9,4,11,6,3,7,5,21,6,4,7,0,0,6,7,2,1694,89
wpi6j1745784410d658,CC1.png,Left,0,16,0,0,0,2,0,6,28,8,0,270,1060,0,0,0,4,0,0,0,1,0,1,5,1,0,0,0,0,0,0,1390,12
wpi6j1745784410d658,CC10.png,Right,4,6,16,46,2,2,10,2,0,0,0,473,774,6,6,0,3,6,8,1,1,3,1,0,0,0,0,0,2,3,0,1343,28
wpi6j1745784410d658,CC11.png,Right,2,6,4,6,0,2,0,6,2,0,2,274,1690,6,0,0,3,2,2,0,1,0,3,1,0,1,0,0,3,0,0,1998,16
wpi6j1745784410d658,CC12.png,Right,11,10,22,52,12,20,22,12,6,6,2,884,1383,14,8,2,4,8,10,3,8,8,5,2,2,1,0,0,4,4,1,2455,60
wpi6j1745784410d658,CC2.png,Left,9,68,6,58,8,12,4,58,82,46,34,1718,1886,30,26,18,13,2,16,3,4,2,10,23,16,13,0,0,11,10,3,4054,126
wpi6j1745784410d658,CC3.png,Left,10,38,12,80,26,10,20,20,110,42,66,1214,663,10,12,0,6,3,18,5,5,10,8,20,9,17,0,0,3,3,0,2323,107
wpi6j1745784410d658,CC4.png,Left,0,18,0,6,0,0,0,4,36,2,6,384,774,4,8,0,4,0,3,0,0,0,2,5,1,3,0,0,2,3,0,1242,23
wpi6j1745784410d658,CC5.png,Left,4,38,12,8,2,2,4,30,56,10,8,895,793,14,14,0,11,2,3,1,1,2,9,14,4,4,0,0,6,7,0,1886,64
wpi6j1745784410d658,CC6.png,Left,0,8,0,2,0,0,0,0,28,6,4,250,1003,2,2,0,4,0,1,0,0,0,0,6,3,2,0,0,1,1,0,1305,18
wpi6j1745784410d658,CC7.png,Right,1,12,0,6,0,2,0,2,0,0,0,164,1016,2,2,0,3,0,1,0,1,0,1,0,0,0,0,0,1,1,0,1206,8
wpi6j1745784410d658,CC8.png,Right,3,30,0,34,4,8,2,12,0,0,0,502,1283,6,8,0,6,0,7,2,3,1,5,0,0,0,0,0,3,4,0,1889,31
wpi6j1745784410d658,CC9.png,Right,21,24,20,44,38,68,40,20,8,2,4,1078,1518,10,12,14,6,9,14,15,13,10,6,4,1,2,0,0,4,5,3,2900,92
wpi6j1745784410d658,P1.png,Left,12,18,12,42,4,40,30,30,36,22,40,664,253,10,4,2,5,5,12,2,11,12,7,10,7,12,0,0,3,2,1,1207,89
wpi6j1745784410d658,P10.png,Right,59,36,110,92,64,76,60,100,54,36,40,1886,1012,26,36,6,12,34,30,22,22,25,32,23,11,17,0,0,10,14,3,3634,255
wpi6j1745784410d658,P11.png,Right,24,30,62,58,26,56,48,66,22,6,28,1272,962,20,48,10,13,23,21,10,13,19,22,9,3,11,0,0,7,16,3,2714,170
wpi6j1745784410d658,P12.png,Right,9,42,34,58,18,10,20,32,24,6,18,889,224,8,30,4,7,13,12,7,3,7,9,7,1,8,0,0,4,11,1,1417,90
wpi6j1745784410d658,P2.png,Left,18,36,8,54,0,38,4,36,68,34,46,1092,1172,24,24,8,9,3,19,0,13,2,10,21,11,16,0,0,10,12,3,2644,129
wpi6j1745784410d658,P3.png,Left,32,40,58,206,20,48,64,36,133,44,72,2179,1460,18,44,8,9,20,57,7,18,25,15,35,14,29,0,0,9,20,4,4430,262
wpi6j1745784410d658,P4.png,Left,5,26,4,30,0,8,6,52,24,24,27,536,297,14,40,0,11,2,8,0,3,2,13,9,6,10,0,0,6,14,0,1088,84
wpi6j1745784410d658,P5.png,Left,186,136,130,500,44,376,214,348,632,613,553,8851,5295,72,138,66,45,45,169,20,134,79,73,180,154,194,0,0,29,58,27,17968,1207
wpi6j1745784410d658,P6.png,Left,47,34,42,158,20,84,28,82,94,52,106,1774,828,26,46,24,9,17,45,9,29,13,26,28,16,33,0,0,8,18,8,3398,259
wpi6j1745784410d658,P7.png,Right,18,8,48,24,28,28,25,12,4,0,4,590,758,4,6,6,4,14,8,7,7,10,3,2,0,2,0,0,2,3,1,1545,63
wpi6j1745784410d658,P8.png,Right,13,30,6,29,2,20,12,30,4,2,8,570,561,18,6,0,9,3,11,1,7,6,8,2,1,3,0,0,7,3,0,1298,61
wpi6j1745784410d658,P9.png,Right,38,52,68,59,48,28,34,160,34,26,34,1590,837,52,56,16,18,24,19,16,8,14,29,10,6,11,0,0,14,20,6,3094,195
wpi6e1733y347534582,CC1.png,Left,10,20,13,32,8,9,10,47,4,0,6,337,1161,6,9,6,3,5,8,1,4,3,9,2,0,1,0,0,1,3,1,1668,41
wpi6e1733y347534582,CC10.png,Right,3,10,10,2,19,0,8,33,7,6,4,215,944,3,11,2,1,2,1,5,0,2,6,2,2,1,0,0,1,2,1,1274,26
wpi6e1733y347534582,CC11.png,Right,0,16,13,2,0,0,0,45,11,0,2,206,915,7,6,0,2,3,1,0,0,0,6,3,0,1,0,0,2,2,0,1223,20
wpi6e1733y347534582,CC12.png,Right,6,3,25,0,2,5,20,48,11,2,4,288,1170,19,8,0,2,7,0,1,2,5,3,3,1,1,0,0,5,3,0,1605,33
wpi6e1733y347534582,CC2.png,Left,2,0,8,0,17,2,20,27,0,4,2,225,1080,11,8,4,0,2,0,3,1,3,8,0,1,1,0,0,3,3,1,1408,26
wpi6e1733y347534582,CC3.png,Left,4,26,24,0,6,3,6,69,0,3,2,282,1325,13,12,0,1,7,0,3,1,1,7,0,1,1,0,0,4,3,0,1771,29
wpi6e1733y347534582,CC4.png,Left,3,10,22,0,2,7,0,42,9,0,14,245,802,18,8,0,3,4,0,1,2,0,7,3,0,2,0,0,6,2,0,1179,30
wpi6e1733y347534582,CC5.png,Left,5,2,7,6,12,6,12,56,5,7,6,237,876,0,17,0,1,2,3,2,2,3,7,1,2,2,0,0,0,4,0,1249,29
wpi6e1733y347534582,CC6.png,Left,2,2,11,0,2,0,7,39,0,0,0,238,1002,8,20,0,1,2,0,1,0,2,3,0,0,0,0,0,2,4,0,1329,15
wpi6e1733y347534582,CC7.png,Right,0,6,11,2,0,0,0,41,31,5,4,323,1020,23,16,0,1,3,1,0,0,0,8,5,1,2,0,0,4,2,0,1482,27
wpi6e1733y347534582,CC8.png,Right,2,0,8,0,16,0,8,76,9,14,21,310,1318,16,4,2,0,2,0,4,0,2,11,3,3,5,0,0,4,1,1,1802,36
wpi6e1733y347534582,CC9.png,Right,3,6,23,14,8,0,7,112,24,2,28,510,1048,11,23,0,1,5,3,3,0,2,16,5,1,7,0,0,3,5,0,1816,51
wpi6e1733y347534582,P1.png,Left,9,8,12,10,8,95,42,46,2,24,29,715,194,6,17,14,2,3,4,2,13,10,8,1,3,4,0,0,3,3,3,1222,59
wpi6e1733y347534582,P10.png,Right,7,10,14,0,30,0,4,111,13,24,24,538,847,16,11,10,3,6,0,5,0,1,12,2,6,7,0,0,4,5,2,1652,53
wpi6e1733y347534582,P11.png,Right,13,2,59,26,32,16,42,144,26,44,40,880,229,10,22,10,1,16,5,7,2,8,18,6,6,10,0,0,5,6,3,1582,93
wpi6e1733y347534582,P12.png,Right,13,13,21,53,55,41,15,47,19,37,17,818,1053,5,10,49,3,5,9,14,8,4,7,5,6,5,0,0,1,3,7,2253,77
wpi6e1733y347534582,P2.png,Left,3,14,14,2,4,7,5,96,0,0,7,495,1024,39,10,4,3,3,1,1,1,1,15,0,0,1,0,0,11,2,1,1721,40
wpi6e1733y347534582,P3.png,Left,4,7,25,23,3,2,7,46,0,4,12,468,1031,15,21,4,2,4,6,1,1,2,6,0,1,3,0,0,4,4,1,1668,35
wpi6e1733y347534582,P4.png,Left,5,6,23,9,0,6,4,49,8,0,3,381,1051,36,5,0,2,4,2,0,3,2,7,2,0,1,0,0,6,1,0,1581,30
wpi6e1733y347534582,P5.png,Left,3,8,6,8,10,21,0,67,0,0,5,448,745,2,8,0,3,2,3,3,3,0,11,0,0,2,0,0,1,3,0,1328,31
wpi6e1733y347534582,P6.png,Left,31,4,94,130,23,80,73,81,31,12,61,1774,3620,9,19,4,2,20,26,6,17,20,16,7,3,13,0,0,3,7,1,6015,141
wpi6e1733y347534582,P7.png,Right,4,14,6,17,10,2,18,39,11,14,28,484,906,6,2,6,2,2,2,2,1,6,7,2,5,6,0,0,1,1,2,1563,39
wpi6e1733y347534582,P8.png,Right,52,21,171,42,174,84,113,211,165,102,159,2399,673,12,38,17,3,32,12,33,11,25,27,26,21,30,0,0,5,10,4,4381,239
wpi6e1733y347534582,P9.png,Right,9,22,26,2,13,4,22,125,45,6,16,794,1144,32,41,5,5,8,1,5,1,4,18,6,3,6,0,0,8,10,1,2297,76
wpi6q1r733262180904,IC1.png,Left,19,16,18,22,16,25,22,24,20,8,12,503,503,10,13,14,5,6,11,7,10,8,8,9,3,5,0,0,5,6,4,1226,87
wpi6q1r733262180904,IC10.png,Right,6,12,10,16,6,6,4,20,9,6,4,207,207,6,10,0,5,4,6,2,3,2,4,4,2,2,0,0,3,4,0,523,41
wpi6q1r733262180904,IC11.png,Right,3,8,4,6,7,2,0,23,2,0,6,183,220,8,0,0,3,1,3,2,1,0,6,1,0,2,0,0,4,0,0,469,23
wpi6q1r733262180904,IC12.png,Right,10,12,6,14,4,12,10,19,6,6,4,318,225,6,8,8,4,3,7,2,4,3,5,3,3,2,0,0,3,4,4,658,47
wpi6q1r733262180904,IC2.png,Left,11,6,14,16,11,11,7,13,21,6,4,288,486,8,5,2,3,3,6,5,4,3,6,7,3,2,0,0,3,2,1,898,48
wpi6q1r733262180904,IC3.png,Left,2,6,2,16,0,3,4,10,5,6,8,135,187,18,2,0,3,1,5,0,1,2,4,2,1,4,0,0,6,1,0,402,30
wpi6q1r733262180904,IC4.png,Left,10,23,21,12,10,14,5,23,6,3,9,332,435,8,4,2,7,6,4,5,7,2,7,3,1,3,0,0,3,1,1,907,50
wpi6q1r733262180904,IC5.png,Left,0,6,2,9,0,0,2,21,10,4,10,188,146,8,7,2,3,1,4,0,0,1,6,4,1,4,0,0,4,3,1,415,32
wpi6q1r733262180904,IC6.png,Left,4,20,0,20,0,4,0,22,14,2,2,363,260,12,4,2,6,0,7,0,2,0,7,6,1,1,0,0,4,2,1,725,37
wpi6q1r733262180904,IC7.png,Right,8,10,15,12,8,4,4,8,6,15,4,327,232,11,3,4,5,7,5,4,2,2,4,2,4,2,0,0,3,1,1,663,42
wpi6q1r733262180904,IC8.png,Right,6,10,12,13,6,4,8,24,8,5,6,348,514,8,5,2,4,6,5,3,1,3,6,3,2,3,0,0,3,2,1,973,42
wpi6q1r733262180904,IC9.png,Right,12,46,24,20,19,2,12,22,10,10,17,356,657,14,12,2,16,11,7,8,1,4,10,5,3,6,0,0,6,6,1,1223,84
wpi6q1r733262180904,P1.png,Left,18,26,18,20,16,26,8,32,24,18,8,504,871,11,6,8,10,6,10,8,11,4,12,11,6,3,0,0,5,3,4,1596,93
wpi6q1r733262180904,P10.png,Right,12,10,14,10,18,18,5,12,0,0,2,320,126,5,10,10,5,6,5,7,8,2,4,0,0,1,0,0,3,3,2,560,46
wpi6q1r733262180904,P11.png,Right,4,4,14,4,6,0,18,2,2,0,2,222,141,8,0,4,2,7,2,2,0,5,1,1,0,1,0,0,4,0,2,427,27
wpi6q1r733262180904,P12.png,Right,16,22,40,39,14,11,20,10,9,6,10,490,339,0,16,6,7,13,13,6,4,8,4,3,2,4,0,0,0,6,3,1032,73
wpi6q1r733262180904,P2.png,Left,4,21,8,4,5,2,2,8,14,0,10,350,618,4,5,0,7,4,2,1,1,1,3,4,0,5,0,0,2,1,0,1051,31
wpi6q1r733262180904,P3.png,Left,19,25,8,26,6,26,14,28,16,8,10,502,331,16,13,0,9,4,12,3,10,4,10,6,3,5,0,0,7,5,0,1029,78
wpi6q1r733262180904,P4.png,Left,9,26,8,22,6,4,8,34,8,4,6,437,472,16,14,6,6,3,7,3,2,4,10,4,1,2,0,0,6,5,3,1071,56
wpi6q1r733262180904,P5.png,Left,2,14,2,8,2,0,0,8,18,12,2,266,380,4,11,7,5,1,4,1,0,0,3,7,5,1,0,0,2,4,2,734,35
wpi6q1r733262180904,P6.png,Left,16,16,30,67,8,30,28,73,30,30,22,756,282,16,16,4,8,11,23,4,10,12,22,14,11,9,0,0,6,6,1,1408,137
wpi6q1r733262180904,P7.png,Right,44,43,61,53,43,38,28,103,22,30,20,1345,1729,22,30,12,17,28,18,17,15,12,27,10,11,10,0,0,9,15,6,3579,195
wpi6q1r733262180904,P8.png,Right,17,15,26,22,32,10,8,50,21,12,12,642,756,10,10,8,7,12,8,10,4,4,11,7,5,6,0,0,4,5,4,1634,87
wpi6q1r733262180904,P9.png,Right,7,22,18,27,8,2,20,43,11,17,8,646,592,18,21,2,9,8,7,4,1,8,14,4,5,4,0,0,5,8,1,1455,78
wpi6l17455810913y40,IC1.png,Left,4,0,6,0,18,6,13,0,0,9,2,232,201,0,0,2,0,2,0,3,2,4,0,0,2,1,0,0,0,0,1,489,15
wpi6l17455810913y40,IC10.png,Right,0,0,0,0,2,10,3,0,0,0,0,106,305,0,0,2,0,0,0,1,2,1,0,0,0,0,0,0,0,0,1,428,5
wpi6l17455810913y40,IC11.png,Right,0,0,0,0,3,11,0,8,3,6,3,322,614,0,4,23,0,0,0,1,2,0,3,1,2,1,0,0,0,2,3,997,15
wpi6l17455810913y40,IC12.png,Right,4,0,8,0,17,12,3,0,3,11,7,267,240,0,0,21,0,2,0,6,4,1,0,1,2,3,0,0,0,0,5,589,24
wpi6l17455810913y40,IC2.png,Left,0,0,0,0,9,2,0,0,3,12,0,378,730,0,0,20,0,0,0,1,1,0,0,1,4,0,0,0,0,0,4,1154,11
wpi6l17455810913y40,IC3.png,Left,0,0,0,0,5,9,3,0,3,13,3,200,378,0,0,4,0,0,0,2,2,1,0,1,3,1,0,0,0,0,2,618,12
wpi6l17455810913y40,IC4.png,Left,0,0,0,0,2,5,0,11,2,7,6,158,306,0,0,2,0,0,0,1,2,0,2,1,2,2,0,0,0,0,1,499,11
wpi6l17455810913y40,IC5.png,Left,1,3,0,3,7,11,6,3,11,13,2,277,456,0,0,17,1,0,1,1,3,2,1,2,4,1,0,0,0,0,2,809,18
wpi6l17455810913y40,IC6.png,Left,2,0,2,2,2,22,18,0,15,39,10,516,670,0,3,22,0,1,1,1,7,3,0,2,7,4,0,0,0,1,6,1321,33
wpi6l17455810913y40,IC7.png,Right,3,0,10,19,0,6,3,0,0,5,5,170,148,0,0,3,0,2,2,0,2,1,0,0,2,2,0,0,0,0,1,369,12
wpi6l17455810913y40,IC8.png,Right,3,0,3,8,18,10,3,0,0,11,0,166,202,5,0,5,0,1,2,3,2,1,0,0,3,0,0,0,1,0,2,431,15
wpi6l17455810913y40,IC9.png,Right,3,3,0,8,39,28,6,0,0,33,12,516,296,0,0,24,1,0,3,9,7,3,0,0,7,3,0,0,0,0,5,965,38
wpi6l17455810913y40,P1.png,Left,0,0,0,0,2,16,2,0,0,19,9,252,315,0,0,8,0,0,0,1,4,1,0,0,4,2,0,0,0,0,1,623,13
wpi6l17455810913y40,P10.png,Right,8,0,0,48,0,19,13,0,0,0,0,362,359,0,0,18,0,0,7,0,6,4,0,0,0,0,0,0,0,0,2,819,19
wpi6l17455810913y40,P11.png,Right,6,5,24,14,13,3,8,125,18,60,42,532,128,21,24,2,2,6,2,5,1,2,10,2,8,7,0,0,6,9,1,1019,61
wpi6l17455810913y40,P12.png,Right,5,22,36,5,16,5,3,164,19,4,0,647,10,18,66,0,5,7,1,5,1,1,22,4,2,0,0,0,6,13,0,1015,67
wpi6l17455810913y40,P2.png,Left,12,2,9,25,6,29,12,36,2,3,6,339,125,4,3,12,1,4,8,2,7,5,8,1,1,3,0,0,1,1,4,613,46
wpi6l17455810913y40,P3.png,Left,6,0,8,5,10,51,17,2,2,2,4,422,369,0,0,16,0,2,2,3,7,5,1,1,1,2,0,0,0,0,4,908,28
wpi6l17455810913y40,P4.png,Left,2,0,0,2,5,16,0,0,2,15,12,275,201,0,0,12,0,0,1,1,3,0,0,1,4,4,0,0,0,0,3,540,17
wpi6l17455810913y40,P5.png,Left,11,3,9,42,8,30,8,5,17,27,13,487,225,0,2,16,1,2,10,1,7,2,2,4,6,4,0,0,0,1,2,892,42
wpi6l17455810913y40,P6.png,Left,8,0,4,22,8,8,2,5,16,42,25,417,143,0,3,7,0,2,5,2,3,1,2,5,4,6,0,0,0,1,2,702,33
wpi6l17455810913y40,P7.png,Right,2,0,3,0,7,4,0,0,0,3,0,205,226,0,0,12,0,1,0,2,1,0,0,0,1,0,0,0,0,0,3,460,8
wpi6l17455810913y40,P8.png,Right,11,3,76,47,10,15,40,68,7,0,18,596,29,5,12,0,1,11,7,3,3,11,6,3,0,5,0,0,2,4,0,926,56
wpi6l17455810913y40,P9.png,Right,3,6,30,3,11,0,19,71,23,23,36,543,8,6,26,0,2,6,1,3,0,5,10,5,4,6,0,0,3,7,0,805,52
wpi61733110vd258966,IC1.png,Left,32,28,45,98,44,109,40,119,77,82,61,2130,528,11,26,61,5,9,30,9,29,13,15,18,22,16,0,0,4,8,14,3459,192
wpi61733110vd258966,IC10.png,Right,48,59,178,173,117,48,126,82,41,7,59,2202,213,7,74,20,17,47,40,29,12,33,13,11,3,19,0,0,2,21,5,3406,252
wpi61733110vd258966,IC11.png,Right,69,52,408,97,166,21,100,279,261,123,178,3912,324,57,122,14,17,94,26,44,7,32,59,69,33,50,0,0,23,39,3,6114,496
wpi61733110vd258966,IC12.png,Right,90,13,249,98,269,55,128,238,127,156,146,3556,519,47,92,68,6,72,28,63,17,35,42,37,42,51,0,0,15,31,20,5761,459
wpi61733110vd258966,IC2.png,Left,122,26,210,744,103,305,303,492,131,38,176,5279,800,41,188,25,6,59,152,28,68,89,64,30,12,49,0,0,14,55,10,8861,636
wpi61733110vd258966,IC3.png,Left,81,52,151,350,93,206,137,570,204,145,159,4945,683,106,124,35,16,41,91,21,52,41,76,50,33,52,0,0,30,43,11,7960,557
wpi61733110vd258966,IC4.png,Left,18,6,32,59,29,41,20,95,39,10,16,828,371,12,7,4,1,9,15,8,10,7,11,10,4,6,0,0,5,2,2,1569,90
wpi61733110vd258966,IC5.png,Left,138,214,179,587,81,471,715,170,921,294,433,10137,6215,52,121,59,39,38,131,18,87,79,38,123,66,114,0,0,19,46,11,20649,809
wpi61733110vd258966,IC6.png,Left,54,8,75,149,40,112,92,61,177,71,129,2304,96,11,44,6,3,19,45,10,31,24,12,42,20,37,0,0,3,13,2,3375,261
wpi61733110vd258966,IC7.png,Right,16,8,88,19,29,8,20,266,85,43,43,1421,108,32,36,0,2,23,7,8,3,5,25,27,13,16,0,0,9,9,0,2206,147
wpi61733110vd258966,IC8.png,Right,36,43,152,69,71,42,31,337,143,52,84,2314,636,67,81,16,10,36,14,18,7,8,56,35,13,24,0,0,20,25,4,4138,270
wpi61733110vd258966,IC9.png,Right,112,85,332,251,297,139,237,165,200,325,179,5894,843,26,140,53,21,96,48,78,37,63,34,47,52,60,0,0,8,38,15,9166,597
wpi61733110vd258966,P1.png,Left,35,9,107,120,33,46,49,123,56,18,41,1527,257,21,26,8,4,26,29,10,12,16,22,15,5,10,0,0,5,10,3,2441,167
wpi61733110vd258966,P10.png,Right,100,71,365,49,377,20,110,223,198,286,363,4381,1131,34,83,57,13,88,17,90,9,37,41,52,57,98,0,0,13,23,12,7748,550
wpi61733110vd258966,P11.png,Right,34,33,239,33,97,4,78,528,455,163,232,4677,2061,86,92,12,8,67,8,21,2,20,100,94,49,67,0,0,23,30,5,8790,494
wpi61733110vd258966,P12.png,Right,39,41,102,76,183,37,140,202,133,176,108,2974,1455,36,37,44,11,28,19,34,10,36,30,29,27,35,0,0,13,14,6,5744,292
wpi61733110vd258966,P2.png,Left,237,15,444,595,245,499,455,525,130,90,290,6711,718,32,118,99,6,107,154,68,127,127,87,43,29,82,0,0,11,39,25,10966,905
wpi61733110vd258966,P3.png,Left,67,9,78,229,47,182,70,107,143,182,120,2882,907,20,38,52,3,15,55,12,44,22,17,32,28,36,0,0,7,11,14,5066,296
wpi61733110vd258966,P4.png,Left,29,4,110,80,35,27,74,255,109,43,63,1597,127,27,29,29,1,27,23,10,10,18,32,21,12,19,0,0,9,12,3,2609,197
wpi61733110vd258966,P5.png,Left,5,0,6,24,2,22,18,19,6,15,20,749,2067,0,0,10,0,2,5,1,5,5,2,1,5,9,0,0,0,0,3,2958,38
wpi61733110vd258966,P6.png,Left,136,49,203,644,110,316,174,428,284,126,358,5290,723,51,177,48,16,50,154,22,89,51,74,64,33,102,0,0,15,58,13,8981,741
wpi61733110vd258966,P7.png,Right,37,0,175,33,91,10,50,137,221,96,123,2050,440,4,15,31,0,40,9,25,2,14,23,44,20,38,0,0,2,4,5,3476,226
wpi61733110vd258966,P8.png,Right,61,6,180,126,242,61,142,202,54,120,122,2896,515,20,30,109,2,47,28,43,16,34,21,16,24,38,0,0,6,11,19,4825,305
wpi61733110vd258966,P9.png,Right,65,22,130,66,245,133,196,91,26,21,63,2733,3297,21,27,107,7,38,20,41,29,47,16,8,7,17,0,0,7,10,7,7178,254
wpi6174l640257f2344,IC1.png,Left,0,0,0,3,0,0,0,3,11,0,5,120,483,0,2,0,0,0,1,0,0,0,1,2,0,1,0,0,0,1,0,627,6
wpi6174l640257f2344,IC10.png,Right,0,0,0,0,3,0,0,0,0,0,0,34,389,0,0,0,0,0,0,1,0,0,0,0,0,0,0,0,0,0,0,426,1
wpi6174l640257f2344,IC11.png,Right,0,0,0,0,0,2,0,0,0,0,0,56,499,0,0,0,0,0,0,0,1,0,0,0,0,0,0,0,0,0,0,557,1
wpi6174l640257f2344,IC12.png,Right,1,0,0,3,0,3,0,0,0,0,0,131,456,0,0,0,0,0,1,0,1,0,0,0,0,0,0,0,0,0,0,593,2
wpi6174l640257f2344,IC2.png,Left,0,2,0,0,0,8,3,0,13,0,0,207,1081,0,0,11,1,0,0,0,2,1,0,1,0,0,0,0,0,0,3,1325,8
wpi6174l640257f2344,IC3.png,Left,0,0,0,0,0,0,0,0,2,0,3,55,492,0,3,0,0,0,0,0,0,0,0,1,0,1,0,0,0,1,0,555,3
wpi6174l640257f2344,IC4.png,Left,0,0,0,0,0,0,0,0,0,0,0,50,361,0,0,0,0,0,0,0,0,0,0,0,0,0,0,0,0,0,0,411,0
wpi6174l640257f2344,IC5.png,Left,0,0,0,0,0,0,0,0,0,0,0,34,413,0,0,0,0,0,0,0,0,0,0,0,0,0,0,0,0,0,0,447,0
wpi6174l640257f2344,IC6.png,Left,0,0,0,0,0,0,0,0,0,0,0,72,632,0,0,0,0,0,0,0,0,0,0,0,0,0,0,0,0,0,0,704,0
wpi6174l640257f2344,IC7.png,Right,0,6,2,3,0,0,0,0,0,0,0,160,650,0,2,0,1,1,1,0,0,0,0,0,0,0,0,0,0,1,0,823,4
wpi6174l640257f2344,IC8.png,Right,1,0,0,3,0,5,3,0,0,0,0,201,1001,0,3,0,0,0,1,0,1,1,0,0,0,0,0,0,0,1,0,1216,4
wpi6174l640257f2344,IC9.png,Right,3,6,0,4,0,8,0,0,0,0,0,175,670,0,2,9,2,0,2,0,3,0,0,0,0,0,0,0,0,1,2,874,10
wpi6174l640257f2344,P1.png,Left,3,14,0,24,3,6,2,19,25,0,5,390,62,2,10,2,5,0,6,1,2,1,5,8,0,2,0,0,1,4,1,564,36
wpi6174l640257f2344,P10.png,Right,0,16,7,0,0,0,0,37,8,5,2,213,490,10,4,2,5,3,0,0,0,0,7,2,1,1,0,0,3,2,1,794,25
wpi6174l640257f2344,P11.png,Right,17,13,7,55,24,24,22,21,6,9,11,665,92,0,15,13,5,3,13,6,7,5,6,2,3,3,0,0,0,5,5,977,63
wpi6174l640257f2344,P12.png,Right,0,32,10,0,0,0,0,8,0,0,0,165,555,10,5,0,7,3,0,0,0,0,3,0,0,0,0,0,4,2,0,785,19
wpi6174l640257f2344,P2.png,Left,2,44,3,2,10,3,2,3,20,5,0,533,308,5,7,5,6,1,1,2,1,1,1,5,2,0,0,0,2,3,1,950,26
wpi6174l640257f2344,P3.png,Left,1,59,0,3,2,2,0,46,0,6,6,513,682,51,24,0,14,0,1,1,1,0,12,0,2,2,0,0,14,9,0,1394,56
wpi6174l640257f2344,P4.png,Left,3,39,6,3,5,0,2,13,7,4,0,425,414,11,4,0,12,2,1,2,0,1,6,3,2,0,0,0,4,2,0,933,35
wpi6174l640257f2344,P5.png,Left,0,22,0,0,0,0,0,10,3,0,0,171,310,6,7,0,5,0,0,0,0,0,3,1,0,0,0,0,1,3,0,529,13
wpi6174l640257f2344,P6.png,Left,9,54,4,17,7,12,6,14,37,6,8,675,155,7,15,0,13,2,7,2,6,2,4,12,3,3,0,0,3,5,0,1017,62
wpi6174l640257f2344,P7.png,Right,8,49,25,43,11,2,11,17,6,5,3,706,212,21,25,0,12,8,15,3,1,4,7,2,2,1,0,0,7,8,0,1136,70
wpi6174l640257f2344,P8.png,Right,18,61,40,67,19,22,23,41,9,8,15,894,317,8,15,3,13,14,18,6,5,6,15,4,3,6,0,0,2,5,1,1542,98
wpi6174l640257f2344,P9.png,Right,0,50,8,11,0,0,5,21,0,0,3,458,731,21,2,0,12,2,4,0,0,1,8,0,0,1,0,0,8,1,0,1310,37
wpi61746372932l8p20,IC1.png,Left,0,0,2,0,0,0,0,13,0,0,0,42,72,0,2,0,0,1,0,0,0,0,2,0,0,0,0,0,0,1,0,131,4
wpi61746372932l8p20,IC10.png,Right,17,13,15,12,21,16,22,31,4,0,10,317,148,21,4,9,5,6,4,7,6,7,10,2,0,5,0,0,6,1,3,643,62
wpi61746372932l8p20,IC11.png,Right,4,3,17,2,4,5,5,40,11,13,17,285,38,0,4,3,1,6,1,1,2,2,11,4,6,5,0,0,0,2,1,447,42
wpi61746372932l8p20,IC12.png,Right,0,13,12,28,0,0,0,29,2,0,0,588,127,0,9,0,5,3,5,0,0,0,5,1,0,0,0,0,0,4,0,808,23
wpi61746372932l8p20,IC2.png,Left,2,5,4,6,3,2,4,17,0,0,0,86,111,5,4,0,2,2,2,1,1,2,5,0,0,0,0,0,2,1,0,247,18
wpi61746372932l8p20,IC3.png,Left,6,0,0,15,0,18,2,0,22,10,22,221,120,0,0,12,0,0,3,0,9,1,0,6,4,8,0,0,0,0,4,442,35
wpi61746372932l8p20,IC4.png,Left,3,42,4,11,0,5,8,55,52,4,7,787,295,25,6,0,10,2,4,0,2,1,12,7,2,2,0,0,9,3,0,1301,54
wpi61746372932l8p20,IC5.png,Left,3,8,19,11,0,9,4,37,9,5,0,441,190,8,15,2,3,6,4,0,3,2,12,3,2,0,0,0,4,6,1,758,46
wpi61746372932l8p20,IC6.png,Left,4,42,4,13,3,2,9,28,15,4,0,400,178,23,10,0,8,2,6,1,1,4,8,4,2,0,0,0,7,4,0,731,47
wpi61746372932l8p20,IC7.png,Right,0,17,8,0,0,0,0,85,18,2,5,307,284,7,4,0,4,2,0,0,0,0,12,8,1,2,0,0,3,2,0,737,34
wpi61746372932l8p20,IC8.png,Right,1,12,5,12,0,2,11,33,4,4,2,237,180,4,5,0,3,2,4,0,1,4,6,2,2,1,0,0,2,2,0,511,29
wpi61746372932l8p20,IC9.png,Right,22,16,30,36,24,12,14,28,24,26,25,592,34,6,2,6,4,13,11,10,4,6,6,7,7,10,0,0,3,1,3,875,85
wpi61746372932l8p20,P1.png,Left,4,22,2,52,2,2,21,78,15,0,2,369,159,23,28,0,7,1,13,1,1,7,14,6,0,1,0,0,8,12,0,775,71
wpi61746372932l8p20,P10.png,Right,5,10,8,0,10,0,2,6,0,0,4,130,89,4,4,2,4,3,0,3,0,1,3,0,0,2,0,0,1,2,1,269,20
wpi61746372932l8p20,P11.png,Right,0,15,0,0,0,0,0,37,0,0,0,84,39,25,8,0,3,0,0,0,0,0,7,0,0,0,0,0,6,4,0,208,20
wpi61746372932l8p20,P12.png,Right,6,8,8,2,15,0,2,16,0,0,3,215,92,11,19,5,3,4,1,6,0,1,7,0,0,1,0,0,4,4,2,396,33
wpi61746372932l8p20,P2.png,Left,10,10,10,32,4,11,9,68,10,11,6,431,189,23,31,0,4,2,11,2,4,3,15,2,1,3,0,0,8,11,0,845,66
wpi61746372932l8p20,P3.png,Left,0,18,0,2,0,0,2,19,8,4,0,131,12,0,7,0,2,0,1,0,0,1,4,2,1,0,0,0,0,1,0,203,12
wpi61746372932l8p20,P4.png,Left,0,10,0,0,0,0,0,72,0,0,0,266,168,33,17,0,5,0,0,0,0,0,16,0,0,0,0,0,11,7,0,566,39
wpi61746372932l8p20,P5.png,Left,3,11,2,20,4,4,12,11,2,5,4,238,54,8,6,0,4,1,5,2,2,3,4,1,2,2,0,0,2,2,0,381,30
wpi61746372932l8p20,P6.png,Left,2,31,4,12,2,0,0,50,4,4,2,243,58,16,21,0,7,1,6,1,0,0,9,2,2,1,0,0,7,8,0,447,44
wpi61746372932l8p20,P7.png,Right,2,6,2,4,10,2,2,37,2,0,6,222,81,16,8,0,3,1,2,3,1,1,9,1,0,3,0,0,7,4,0,398,35
wpi61746372932l8p20,P8.png,Right,2,15,20,30,2,2,4,26,13,7,0,473,94,14,26,0,6,6,3,1,1,2,6,5,3,0,0,0,7,11,0,726,51
wpi61746372932l8p20,P9.png,Right,3,10,8,6,10,2,2,68,11,0,4,279,88,22,16,0,3,4,2,3,1,1,10,3,0,2,0,0,6,7,0,526,42
wpi61w7462g13741808,CC1.png,Left,6,0,8,2,12,11,8,0,0,0,0,250,487,0,0,18,0,3,1,5,3,4,0,0,0,0,0,0,0,0,5,796,21
wpi61w7462g13741808,CC10.png,Right,2,0,2,0,8,2,2,0,6,18,0,223,156,0,0,12,0,1,0,2,1,1,0,2,5,0,0,0,0,0,3,429,15
wpi61w7462g13741808,CC11.png,Right,2,0,2,0,31,4,4,0,0,22,16,334,1155,0,0,23,0,1,0,6,2,1,0,0,8,5,0,0,0,0,5,1591,28
wpi61w7462g13741808,CC12.png,Right,2,0,2,0,9,0,0,0,8,16,8,187,438,0,0,5,0,1,0,4,0,0,0,2,5,2,0,0,0,0,1,673,15
wpi61w7462g13741808,CC2.png,Left,8,0,8,8,37,14,16,26,0,2,2,403,718,0,4,8,0,3,4,7,6,6,6,0,1,1,0,0,0,2,4,1246,40
wpi61w7462g13741808,CC3.png,Left,2,0,0,6,4,6,0,4,0,2,2,189,944,0,0,2,0,0,1,2,2,0,1,0,1,1,0,0,0,0,1,1159,9
wpi61w7462g13741808,CC4.png,Left,0,0,0,0,0,2,2,0,0,0,0,58,298,0,0,4,0,0,0,0,1,1,0,0,0,0,0,0,0,0,1,364,3
wpi61w7462g13741808,CC5.png,Left,3,0,7,0,12,15,8,0,0,0,0,272,262,0,2,17,0,2,0,5,5,3,0,0,0,0,0,0,0,1,5,595,21
wpi61w7462g13741808,CC6.png,Left,6,0,5,8,25,14,6,3,4,0,0,208,366,0,0,8,0,2,1,7,3,3,1,1,0,0,0,0,0,0,2,647,20
wpi61w7462g13741808,CC7.png,Right,3,0,6,0,16,0,4,4,16,19,9,241,261,0,2,2,0,3,0,4,0,2,2,4,7,3,0,0,0,1,1,580,27
wpi61w7462g13741808,CC8.png,Right,0,0,0,0,8,0,0,0,2,4,4,169,722,0,0,19,0,0,0,1,0,0,0,1,2,2,0,0,0,0,3,928,9
wpi61w7462g13741808,CC9.png,Right,2,0,0,2,11,2,0,0,10,39,6,479,2694,0,0,12,0,0,1,3,1,0,0,4,9,3,0,0,0,0,3,3255,24
wpi61w7462g13741808,P1.png,Left,12,2,9,16,6,24,14,2,2,2,2,341,84,9,15,6,1,3,4,3,7,5,1,1,1,1,0,0,2,4,3,534,36
wpi61w7462g13741808,P10.png,Right,8,0,34,0,17,2,8,12,17,10,20,234,113,2,6,0,0,7,0,5,1,2,4,5,4,7,0,0,1,3,0,475,39
wpi61w7462g13741808,P11.png,Right,2,0,8,0,4,0,2,6,21,22,10,319,135,2,0,4,0,3,0,2,0,1,2,8,8,4,0,0,1,0,2,533,31
wpi61w7462g13741808,P12.png,Right,15,0,57,2,32,0,4,19,69,52,84,976,728,0,11,8,0,14,1,9,0,2,5,20,18,22,0,0,0,4,3,2042,98
wpi61w7462g13741808,P2.png,Left,27,0,36,20,52,60,22,11,4,2,6,625,331,0,6,31,0,9,8,19,19,9,4,2,1,3,0,0,0,3,9,1206,86
wpi61w7462g13741808,P3.png,Left,14,0,21,7,24,14,0,15,0,0,0,294,418,0,2,0,0,7,2,6,4,0,4,0,0,0,0,0,0,1,0,795,24
wpi61w7462g13741808,P4.png,Left,9,0,8,8,18,6,4,16,0,0,2,208,233,0,0,4,0,4,2,6,3,1,3,0,0,1,0,0,0,0,1,507,21
wpi61w7462g13741808,P5.png,Left,10,0,6,14,42,22,16,12,4,0,9,435,410,4,4,4,0,2,5,12,9,7,5,2,0,3,0,0,2,2,2,982,51
wpi61w7462g13741808,P6.png,Left,10,0,8,24,14,7,10,3,4,0,8,199,89,0,7,0,0,2,4,5,3,5,1,1,0,2,0,0,0,3,0,373,26
wpi61w7462g13741808,P7.png,Right,4,0,6,0,8,0,0,21,31,32,16,367,145,0,2,4,0,3,0,2,0,0,6,9,9,5,0,0,0,1,1,632,36
wpi61w7462g13741808,P8.png,Right,4,0,16,0,34,0,2,7,29,34,16,527,351,2,0,8,0,6,0,8,0,1,2,10,10,8,0,0,1,0,4,1026,50
wpi61w7462g13741808,P9.png,Right,4,4,16,0,10,0,0,50,58,127,24,767,227,6,6,7,1,5,0,4,0,0,11,16,19,10,0,0,2,3,3,1302,74
wpi61741113l62g4959,CC1.png,Left,12,0,25,32,16,4,11,57,14,4,10,363,452,2,8,4,0,12,14,6,2,4,17,4,2,4,0,0,1,3,2,1002,71
wpi61741113l62g4959,CC10.png,Right,6,5,6,9,6,2,2,45,2,0,0,196,178,4,2,6,2,2,2,2,1,1,5,1,0,0,0,0,2,1,1,463,20
wpi61741113l62g4959,CC11.png,Right,7,0,16,2,20,2,4,44,37,7,13,271,340,2,4,8,0,4,1,7,1,2,9,10,3,5,0,0,1,2,3,770,48
wpi61741113l62g4959,CC12.png,Right,0,0,0,0,2,0,0,10,4,10,0,105,455,5,3,0,0,0,0,1,0,0,3,1,3,0,0,0,2,1,0,594,11
wpi61741113l62g4959,CC2.png,Left,6,0,8,0,4,8,0,17,0,0,0,95,250,0,0,0,0,4,0,2,2,0,4,0,0,0,0,0,0,0,0,382,12
wpi61741113l62g4959,CC3.png,Left,14,2,13,23,38,25,18,14,0,12,4,454,1331,2,4,12,1,4,7,11,7,6,5,0,6,2,0,0,1,2,4,1952,56
wpi61741113l62g4959,CC4.png,Left,2,0,24,10,0,2,6,43,0,0,0,218,236,0,2,0,0,5,4,0,1,3,5,0,0,0,0,0,0,1,0,541,19
wpi61741113l62g4959,CC5.png,Left,3,0,14,2,0,10,4,23,0,0,0,168,257,2,0,0,0,5,1,0,2,2,5,0,0,0,0,0,1,0,0,480,16
wpi61741113l62g4959,CC6.png,Left,5,0,11,18,8,7,4,23,4,3,5,224,368,0,0,2,0,3,6,3,2,1,6,2,1,2,0,0,0,0,1,677,27
wpi61741113l62g4959,CC7.png,Right,0,0,0,0,0,0,0,0,0,13,3,84,442,0,0,0,0,0,0,0,0,0,0,0,2,1,0,0,0,0,0,542,3
wpi61741113l62g4959,CC8.png,Right,10,4,13,4,18,27,14,12,8,10,12,591,668,4,11,24,2,6,2,9,8,6,4,3,4,6,0,0,2,4,6,1420,62
wpi61741113l62g4959,CC9.png,Right,21,12,19,18,40,57,17,10,16,11,17,814,1190,2,4,28,3,9,9,15,17,7,5,7,5,7,0,0,1,2,9,2255,96
wpi61741113l62g4959,P1.png,Left,5,4,17,12,9,6,4,24,6,2,7,270,154,2,2,3,2,6,3,3,3,2,6,2,1,3,0,0,1,1,1,522,34
wpi61741113l62g4959,P10.png,Right,9,0,18,3,17,5,11,5,4,0,4,285,324,2,0,16,0,4,2,7,1,4,2,2,0,1,0,0,1,0,3,694,27
wpi61741113l62g4959,P11.png,Right,4,2,0,6,13,28,6,0,4,7,6,306,262,0,0,39,1,0,2,4,5,3,0,1,3,2,0,0,0,0,9,679,30
wpi61741113l62g4959,P12.png,Right,1,2,14,2,2,0,0,69,8,2,0,138,170,2,2,0,1,5,1,1,0,0,8,3,1,0,0,0,1,1,0,411,22
wpi61741113l62g4959,P2.png,Left,16,18,17,28,4,13,10,16,19,10,18,496,558,15,16,0,7,7,11,2,6,5,8,8,4,7,0,0,6,6,0,1238,77
wpi61741113l62g4959,P3.png,Left,23,10,27,46,12,48,26,40,43,61,34,1013,769,13,13,43,4,11,16,6,15,12,13,17,20,15,0,0,5,6,12,2198,152
wpi61741113l62g4959,P4.png,Left,9,2,6,19,12,16,17,16,0,6,4,284,217,2,0,8,1,2,7,5,5,6,6,0,1,2,0,0,1,0,3,609,39
wpi61741113l62g4959,P5.png,Left,6,0,0,11,2,21,6,0,10,17,8,285,154,0,2,23,0,0,4,1,10,2,0,5,7,3,0,0,0,1,8,539,41
wpi61741113l62g4959,P6.png,Left,18,15,39,30,4,22,13,89,9,12,13,458,223,8,22,6,4,14,13,2,8,6,26,4,2,5,0,0,4,8,2,963,98
wpi61741113l62g4959,P7.png,Right,28,12,71,26,47,12,35,51,36,33,43,958,450,7,12,20,4,23,7,16,6,12,15,14,11,16,0,0,3,6,10,1813,143
wpi61741113l62g4959,P8.png,Right,19,7,48,10,38,15,12,41,18,10,20,546,201,6,20,4,3,14,4,12,5,4,11,6,5,9,0,0,3,8,1,996,85
wpi61741113l62g4959,P9.png,Right,15,12,66,13,23,4,8,55,45,13,47,616,293,12,14,9,6,23,6,8,2,4,16,17,5,14,0,0,6,6,3,1230,116
wpi61737e74876m2689,IC1.png,Left,16,14,21,43,4,13,6,32,49,23,27,807,323,10,19,4,3,10,16,2,6,3,12,16,6,10,0,0,5,8,1,1395,98
wpi61737e74876m2689,IC10.png,Right,60,42,50,67,80,70,37,92,39,18,14,2192,1210,43,32,24,16,24,24,27,26,15,34,16,9,6,0,0,15,15,9,4010,236
wpi61737e74876m2689,IC11.png,Right,38,22,42,63,45,28,38,87,49,37,17,1600,683,14,26,14,7,17,19,18,13,14,27,14,11,8,0,0,6,10,4,2765,168
wpi61737e74876m2689,IC12.png,Right,31,9,46,38,37,41,40,48,7,57,24,1261,720,0,8,41,4,17,13,17,16,16,14,3,15,10,0,0,0,4,16,2377,145
wpi61737e74876m2689,IC2.png,Left,36,19,67,57,48,31,35,124,18,8,14,1247,1584,15,26,16,7,26,23,13,12,14,35,8,4,6,0,0,7,12,6,3309,173
wpi61737e74876m2689,IC3.png,Left,23,36,71,37,23,25,26,91,36,17,30,1331,1101,24,26,10,13,22,15,10,10,9,30,14,7,14,0,0,10,10,5,2884,169
wpi61737e74876m2689,IC4.png,Left,14,0,27,29,9,18,12,62,10,8,15,527,140,4,12,2,0,10,10,4,7,6,16,4,3,6,0,0,2,6,1,875,75
wpi61737e74876m2689,IC5.png,Left,15,5,18,18,15,22,28,49,2,5,2,505,511,0,4,0,2,7,9,6,8,10,14,1,2,1,0,0,0,2,0,1184,62
wpi61737e74876m2689,IC6.png,Left,9,17,27,15,4,18,2,53,2,0,6,487,517,8,10,2,5,7,6,2,6,1,14,1,0,3,0,0,4,5,1,1168,55
wpi61737e74876m2689,IC7.png,Right,52,25,82,69,50,47,41,83,18,18,25,1133,249,17,29,20,8,29,24,19,15,17,30,6,7,9,0,0,7,10,8,1906,189
wpi61737e74876m2689,IC8.png,Right,40,12,41,47,41,48,24,44,16,11,13,1204,797,2,9,11,4,17,18,16,19,10,11,5,5,6,0,0,1,4,4,2320,120
wpi61737e74876m2689,IC9.png,Right,27,0,32,26,22,39,31,49,16,20,16,676,441,16,8,12,0,14,7,8,14,12,14,7,7,8,0,0,6,4,6,1404,107
wpi61737e74876m2689,P1.png,Left,21,4,21,36,14,16,2,40,17,14,10,600,381,10,9,9,2,9,15,6,8,1,12,7,6,5,0,0,4,4,3,1183,82
wpi61737e74876m2689,P10.png,Right,36,8,73,42,46,33,44,51,10,8,27,975,201,10,38,10,4,24,14,21,14,17,21,5,4,8,0,0,3,16,5,1576,156
wpi61737e74876m2689,P11.png,Right,22,14,39,28,19,18,32,52,17,19,20,787,416,8,6,15,5,17,10,8,8,12,11,7,8,8,0,0,4,3,6,1490,107
wpi61737e74876m2689,P12.png,Right,102,112,222,187,77,128,143,158,45,17,30,3133,381,46,129,19,39,78,63,28,46,49,41,16,7,11,0,0,21,49,7,4827,455
wpi61737e74876m2689,P2.png,Left,6,9,28,15,4,8,14,92,11,2,6,618,596,11,18,4,4,10,6,2,4,5,19,3,1,3,0,0,5,7,2,1436,71
wpi61737e74876m2689,P3.png,Left,31,42,32,65,17,42,20,107,53,47,28,1410,869,20,30,17,16,13,22,7,16,9,28,20,19,12,0,0,8,13,7,2799,190
wpi61737e74876m2689,P4.png,Left,26,2,31,59,26,31,16,73,22,19,30,1023,690,4,16,15,1,13,23,11,11,7,18,9,8,13,0,0,2,7,7,2057,130
wpi61737e74876m2689,P5.png,Left,38,43,39,89,57,43,36,123,64,29,34,1523,774,54,54,17,15,17,29,16,15,17,33,19,12,16,0,0,16,23,7,2979,235
wpi61737e74876m2689,P6.png,Left,63,19,105,86,88,85,72,154,59,50,40,2450,2805,13,30,38,9,39,38,32,28,26,49,24,19,18,0,0,6,13,16,6094,317
wpi61737e74876m2689,P7.png,Right,34,23,36,64,34,47,26,72,13,8,12,1187,496,25,25,16,9,16,24,15,19,11,24,5,4,6,0,0,11,10,7,2084,161
wpi61737e74876m2689,P8.png,Right,10,3,27,12,11,6,6,24,24,23,13,648,396,7,6,2,1,8,5,4,3,2,10,9,9,6,0,0,3,3,1,1208,64
wpi61737e74876m2689,P9.png,Right,30,23,58,51,40,29,34,83,24,14,19,1033,719,16,14,15,7,19,14,16,11,15,22,9,7,8,0,0,7,7,5,2172,147
wpi6174086804h9n285,CC1.png,Left,111,64,133,160,82,123,97,152,101,54,101,2968,527,26,46,25,22,45,62,33,44,39,51,33,21,34,0,0,11,18,12,4659,425
wpi6174086804h9n285,CC10.png,Right,22,24,42,31,20,26,31,36,19,4,14,904,283,12,21,6,9,18,15,8,9,12,14,9,2,7,0,0,6,9,3,1473,121
wpi6174086804h9n285,CC11.png,Right,38,26,64,57,29,26,50,80,20,13,33,992,143,21,31,8,10,26,20,13,10,19,25,6,3,15,0,0,8,12,4,1593,171
wpi6174086804h9n285,CC12.png,Right,168,131,397,176,199,105,147,746,335,176,200,7203,6945,137,178,81,49,145,67,81,43,63,196,123,72,80,0,0,58,74,30,17156,1081
wpi6174086804h9n285,CC2.png,Left,50,48,31,94,32,58,58,63,120,58,53,2057,422,18,37,36,18,14,41,12,22,22,18,38,22,21,0,0,8,15,14,3185,265
wpi6174086804h9n285,CC3.png,Left,87,39,99,178,86,80,86,218,81,60,78,2821,1322,55,69,49,17,43,69,36,29,36,70,30,22,33,0,0,23,30,19,5321,457
wpi6174086804h9n285,CC4.png,Left,18,22,10,33,15,21,17,54,31,15,15,695,397,15,19,12,8,5,14,7,6,7,18,11,6,7,0,0,6,8,4,1371,107
wpi6174086804h9n285,CC5.png,Left,26,6,14,27,15,50,15,44,23,16,18,787,198,11,12,9,2,7,12,7,20,7,13,9,8,9,0,0,5,6,4,1245,109
wpi6174086804h9n285,CC6.png,Left,24,36,10,92,8,24,22,80,74,27,40,1002,108,27,46,9,14,4,34,4,11,10,29,22,10,15,0,0,11,20,4,1605,188
wpi6174086804h9n285,CC7.png,Right,10,20,68,14,10,4,9,132,31,6,16,794,228,28,39,4,8,23,6,5,1,4,26,8,2,8,0,0,11,18,2,1403,122
wpi6174086804h9n285,CC8.png,Right,68,113,41,136,40,75,50,71,6,4,16,2362,1167,29,46,16,38,17,42,17,25,21,19,3,2,6,0,0,11,19,8,4172,228
wpi6174086804h9n285,CC9.png,Right,43,27,84,70,48,22,37,167,51,44,31,1653,999,17,44,14,12,34,24,20,10,12,54,23,18,13,0,0,8,17,5,3308,250
wpi6174086804h9n285,P1.png,Left,35,16,62,93,30,30,49,175,10,8,27,1202,588,26,37,4,6,24,29,10,12,20,43,5,4,10,0,0,10,17,2,2357,192
wpi6174086804h9n285,P10.png,Right,46,65,105,61,60,59,76,289,61,22,33,2400,410,63,110,35,24,46,25,23,22,30,65,24,10,15,0,0,27,43,14,3849,368
wpi6174086804h9n285,P11.png,Right,28,20,59,28,36,10,29,63,20,20,20,974,359,33,27,11,9,19,13,14,5,10,25,9,9,8,0,0,13,11,4,1709,149
wpi6174086804h9n285,P12.png,Right,34,23,45,21,62,32,23,107,44,42,18,1139,567,23,28,29,11,16,9,24,12,10,37,16,19,9,0,0,10,12,11,2203,196
wpi6174086804h9n285,P2.png,Left,52,17,45,135,23,79,43,216,35,42,92,1915,558,48,60,37,8,18,46,11,29,19,46,14,15,32,0,0,20,27,15,3345,300
wpi6174086804h9n285,P3.png,Left,122,35,162,213,155,138,158,365,36,19,37,3073,615,43,105,26,15,60,83,54,53,66,94,13,9,17,0,0,17,45,11,5180,537
wpi6174086804h9n285,P4.png,Left,50,24,43,59,62,42,47,150,42,16,18,1556,955,27,41,14,11,19,24,23,20,20,47,18,5,8,0,0,11,16,6,3096,228
wpi6174086804h9n285,P5.png,Left,48,10,93,32,72,31,34,157,11,7,10,1377,1048,11,29,11,5,35,14,29,12,16,37,5,3,5,0,0,4,13,5,2933,183
wpi6174086804h9n285,P6.png,Left,38,16,54,99,47,31,48,115,36,16,17,1285,222,25,54,13,7,20,33,15,14,17,35,13,7,8,0,0,12,20,6,2078,207
wpi6174086804h9n285,P7.png,Right,123,58,232,139,138,192,124,301,57,45,81,3969,1401,76,98,56,24,84,47,55,54,50,76,25,19,31,0,0,33,42,23,6967,563
wpi6174086804h9n285,P8.png,Right,29,14,53,18,64,9,22,28,30,25,30,1000,340,16,20,25,6,20,8,21,4,6,11,10,9,14,0,0,6,8,11,1694,134
wpi6174086804h9n285,P9.png,Right,50,25,79,31,61,70,42,142,61,30,30,1772,541,28,21,14,10,31,15,23,17,15,38,23,12,14,0,0,12,8,6,2947,224
wpi6173g35w09397341,CC1.png,Left,0,2,0,2,0,0,0,0,12,4,4,306,783,0,0,0,1,0,1,0,0,0,0,3,2,2,0,0,0,0,0,1113,9
wpi6173g35w09397341,CC10.png,Right,32,19,34,76,27,40,34,26,23,18,24,796,577,2,4,6,6,16,22,13,12,16,7,9,8,9,0,0,1,1,3,1706,123
wpi6173g35w09397341,CC11.png,Right,16,6,10,63,4,22,18,10,2,0,0,689,779,0,2,2,2,4,14,2,7,7,2,1,0,0,0,0,0,1,1,1607,41
wpi6173g35w09397341,CC12.png,Right,1,5,0,10,0,8,4,0,0,0,0,283,548,0,0,0,2,0,1,0,2,2,0,0,0,0,0,0,0,0,0,858,7
wpi6173g35w09397341,CC2.png,Left,10,56,8,40,6,16,4,36,128,22,29,1816,2707,16,19,0,18,3,17,3,8,2,14,35,10,12,0,0,6,9,0,4903,137
wpi6173g35w09397341,CC3.png,Left,20,25,16,51,21,45,15,14,96,61,36,1021,212,0,6,4,5,4,14,7,17,6,3,23,21,15,0,0,0,3,2,1623,120
wpi6173g35w09397341,CC4.png,Left,10,21,20,46,2,16,12,6,78,28,50,757,349,0,6,8,4,6,14,1,8,6,3,21,12,16,0,0,0,3,4,1399,98
wpi6173g35w09397341,CC5.png,Left,3,10,0,18,2,10,5,4,32,13,17,364,417,0,0,2,3,0,5,1,4,2,2,9,4,5,0,0,0,0,1,894,36
wpi6173g35w09397341,CC6.png,Left,3,8,5,2,2,6,11,2,32,20,10,610,1242,0,2,0,3,2,1,1,3,5,1,8,6,4,0,0,0,1,0,1952,35
wpi6173g35w09397341,CC7.png,Right,4,0,8,28,0,4,2,2,2,2,0,264,331,0,2,0,0,2,7,0,2,1,1,1,1,0,0,0,0,1,0,645,16
wpi6173g35w09397341,CC8.png,Right,94,36,173,257,83,126,146,23,24,26,64,2561,1097,12,25,16,9,60,57,32,39,56,8,10,11,27,0,0,5,7,7,4669,328
wpi6173g35w09397341,CC9.png,Right,22,12,26,54,22,22,37,23,6,12,8,1044,901,0,6,10,6,10,12,9,8,16,9,3,5,4,0,0,0,3,3,2183,88
wpi6173g35w09397341,P1.png,Left,27,4,25,51,45,56,20,37,36,32,24,905,317,10,10,11,2,10,18,15,22,9,11,13,12,8,0,0,4,5,5,1583,134
wpi6173g35w09397341,P10.png,Right,30,0,53,67,54,100,82,29,14,21,22,1193,506,12,12,4,0,19,22,19,26,28,7,6,7,7,0,0,4,6,2,2169,153
wpi6173g35w09397341,P11.png,Right,56,24,149,71,218,28,116,54,53,120,67,2503,431,21,39,81,6,48,29,65,13,44,17,23,36,29,0,0,4,14,29,3975,357
wpi6173g35w09397341,P12.png,Right,30,2,68,34,71,10,38,46,24,26,29,1002,312,8,19,6,1,26,12,23,5,17,15,9,7,13,0,0,4,8,3,1695,143
wpi6173g35w09397341,P2.png,Left,44,10,12,106,27,167,43,22,114,180,107,1809,183,2,9,89,5,6,35,12,54,15,6,43,43,41,0,0,1,4,22,2880,287
wpi6173g35w09397341,P3.png,Left,78,25,47,149,63,161,86,65,145,137,147,2493,690,8,23,37,8,19,54,25,62,36,17,55,43,60,0,0,3,10,13,4276,405
wpi6173g35w09397341,P4.png,Left,22,0,10,41,21,22,32,8,16,14,26,429,82,2,7,4,0,5,15,9,9,11,2,7,6,10,0,0,1,3,1,714,79
wpi6173g35w09397341,P5.png,Left,17,0,39,43,8,41,37,36,13,20,48,653,74,0,0,4,0,14,14,3,14,15,4,6,8,17,0,0,0,0,2,1016,97
wpi6173g35w09397341,P6.png,Left,53,27,28,116,26,185,48,9,111,64,93,1880,272,4,15,37,8,12,43,12,51,20,3,36,24,36,0,0,2,6,15,2915,268
wpi6173g35w09397341,P7.png,Right,28,12,29,84,32,53,65,23,2,8,23,799,241,6,9,2,5,13,22,11,18,22,6,1,3,11,0,0,2,4,1,1388,119
wpi6173g35w09397341,P8.png,Right,67,14,101,141,89,98,87,37,50,38,60,2186,1058,2,10,31,5,35,34,32,31,32,11,18,13,22,0,0,1,4,12,4002,250
wpi6173g35w09397341,P9.png,Right,64,8,143,146,116,72,115,11,33,6,36,1492,132,12,18,0,4,46,42,38,27,45,5,11,3,16,0,0,2,6,0,2340,245
wpi617338709n4643h7,IC1.png,Left,11,6,7,38,7,13,16,14,18,12,8,342,238,4,11,0,3,3,12,3,5,6,6,6,3,2,0,0,2,4,0,734,55
wpi617338709n4643h7,IC10.png,Right,2,0,0,3,0,10,0,0,0,0,0,28,284,0,0,0,0,0,1,0,2,0,0,0,0,0,0,0,0,0,0,325,3
wpi617338709n4643h7,IC11.png,Right,1,0,0,2,7,2,0,0,0,0,0,77,456,0,0,0,0,0,1,1,1,0,0,0,0,0,0,0,0,0,0,544,3
wpi617338709n4643h7,IC12.png,Right,8,31,5,22,2,8,8,28,0,0,0,442,247,10,17,0,9,2,8,1,4,3,8,0,0,0,0,0,4,6,0,820,45
wpi617338709n4643h7,IC2.png,Left,4,15,6,7,8,3,0,63,3,0,6,554,544,8,6,8,4,3,3,1,1,0,10,1,0,2,0,0,4,3,3,1231,35
wpi617338709n4643h7,IC3.png,Left,2,2,0,5,0,2,0,0,0,8,0,110,1007,0,2,2,1,0,2,0,1,0,0,0,3,0,0,0,0,1,1,1138,9
wpi617338709n4643h7,IC4.png,Left,0,16,2,4,0,0,0,13,2,2,2,120,299,2,6,0,3,1,2,0,0,0,3,1,1,1,0,0,1,3,0,468,16
wpi617338709n4643h7,IC5.png,Left,0,4,0,2,0,0,0,20,0,0,2,133,411,10,5,2,2,0,1,0,0,0,3,0,0,1,0,0,2,2,1,589,12
wpi617338709n4643h7,IC6.png,Left,1,14,2,10,0,3,0,26,8,8,2,386,79,6,8,0,5,1,5,0,1,0,8,2,1,1,0,0,2,3,0,552,29
wpi617338709n4643h7,IC7.png,Right,0,0,0,0,0,2,0,0,0,0,0,21,370,0,0,0,0,0,0,0,1,0,0,0,0,0,0,0,0,0,0,393,1
wpi617338709n4643h7,IC8.png,Right,7,18,10,14,4,6,2,4,16,5,2,238,729,8,8,0,4,4,4,2,3,1,2,4,2,1,0,0,4,4,0,1064,35
wpi617338709n4643h7,IC9.png,Right,6,0,0,10,0,12,0,4,0,0,0,79,523,0,0,2,0,0,3,0,4,0,1,0,0,0,0,0,0,0,1,630,9
wpi617338709n4643h7,P1.png,Left,0,0,0,0,0,2,0,0,0,0,0,12,689,0,0,0,0,0,0,0,1,0,0,0,0,0,0,0,0,0,0,703,1
wpi617338709n4643h7,P10.png,Right,1,2,0,3,2,2,0,6,0,2,0,102,580,2,2,6,1,0,1,1,1,0,2,0,1,0,0,0,1,1,2,709,11
wpi617338709n4643h7,P11.png,Right,13,6,38,8,27,10,32,75,30,14,25,731,162,17,11,14,3,18,4,11,3,13,17,11,7,11,0,0,7,4,4,1200,113
wpi617338709n4643h7,P12.png,Right,15,2,34,12,18,13,8,62,12,4,4,479,735,6,10,6,1,13,3,7,6,4,14,5,2,2,0,0,2,4,3,1405,66
wpi617338709n4643h7,P2.png,Left,0,0,0,0,0,2,0,0,0,0,0,57,1081,0,0,2,0,0,0,0,1,0,0,0,0,0,0,0,0,0,1,1142,2
wpi617338709n4643h7,P3.png,Left,0,28,2,10,0,0,0,12,18,8,12,414,1101,12,12,0,8,1,3,0,0,0,3,6,3,5,0,0,3,5,0,1629,37
wpi617338709n4643h7,P4.png,Left,0,6,14,2,0,0,4,58,2,0,0,262,355,9,14,0,2,4,1,0,0,2,11,1,0,0,0,0,4,7,0,726,32
wpi617338709n4643h7,P5.png,Left,1,11,2,0,0,3,0,33,5,2,0,227,220,14,6,0,3,1,0,0,1,0,6,2,1,0,0,0,6,2,0,523,22
wpi617338709n4643h7,P6.png,Left,9,22,18,33,6,11,6,65,26,10,6,664,857,26,20,8,8,6,10,3,5,3,17,11,5,3,0,0,11,9,2,1778,93
wpi617338709n4643h7,P7.png,Right,12,8,22,9,16,9,10,18,8,6,4,318,130,0,12,10,3,9,3,7,3,4,4,4,3,2,0,0,0,4,3,580,49
wpi617338709n4643h7,P8.png,Right,4,23,2,13,0,4,2,7,0,0,0,298,219,4,6,0,6,1,4,0,2,1,3,0,0,0,0,0,2,1,0,578,20
wpi617338709n4643h7,P9.png,Right,4,20,10,8,8,0,0,102,23,3,11,513,245,12,27,0,3,5,4,3,0,0,21,6,1,4,0,0,6,11,0,982,64
wpi6174042qp8665997,CC1.png,Left,10,118,8,54,4,13,16,87,67,16,15,1575,1228,25,31,2,18,4,17,2,4,6,17,22,6,7,0,0,10,11,1,3259,125
wpi6174042qp8665997,CC10.png,Right,100,111,216,303,149,163,179,207,51,31,60,4082,1842,75,59,18,26,60,62,41,39,62,37,17,13,20,0,0,24,20,7,7546,428
wpi6174042qp8665997,CC11.png,Right,10,9,2,27,0,17,3,0,0,0,0,498,1819,0,0,0,3,1,6,0,5,1,0,0,0,0,0,0,0,0,0,2375,16
wpi6174042qp8665997,CC12.png,Right,40,6,124,68,73,111,73,53,13,10,13,1650,1451,10,50,10,3,33,24,20,22,22,8,5,3,5,0,0,4,15,4,3715,168
wpi6174042qp8665997,CC2.png,Left,10,127,14,52,6,21,11,179,162,79,35,2599,3160,57,64,2,23,5,16,3,6,4,27,31,21,11,0,0,17,22,1,6568,187
wpi6174042qp8665997,CC3.png,Left,12,12,12,72,10,58,28,14,52,35,40,1201,168,2,30,4,2,3,18,3,14,10,4,17,10,13,0,0,1,8,2,1738,105
wpi6174042qp8665997,CC4.png,Left,4,112,6,10,0,4,6,24,26,15,16,990,1807,41,21,0,17,2,4,0,2,3,7,10,4,6,0,0,12,8,0,3078,75
wpi6174042qp8665997,CC5.png,Left,7,58,0,57,2,8,0,66,168,54,60,1834,1358,25,36,9,17,0,17,1,4,0,13,29,16,16,0,0,7,6,3,3735,129
wpi6174042qp8665997,CC6.png,Left,6,52,4,38,0,13,6,34,81,36,24,1038,2012,24,21,6,14,1,7,0,6,1,9,15,8,7,0,0,8,7,2,3389,85
wpi6174042qp8665997,CC7.png,Right,2,0,0,22,0,4,0,0,0,0,0,231,197,0,0,0,0,0,2,0,1,0,0,0,0,0,0,0,0,0,0,454,3
wpi6174042qp8665997,CC8.png,Right,21,45,135,69,27,51,32,119,9,6,19,1467,1005,30,84,10,8,29,15,9,14,11,25,4,1,8,0,0,11,23,2,3108,160
wpi6174042qp8665997,CC9.png,Right,15,3,69,56,35,28,27,80,13,19,22,1088,487,7,50,5,1,19,12,8,7,10,10,4,3,9,0,0,3,13,2,1989,101
wpi6174042qp8665997,P1.png,Left,30,34,19,130,9,104,16,58,150,56,52,2329,734,9,35,56,8,5,29,3,26,5,15,31,13,17,0,0,3,14,10,3791,179
wpi6174042qp8665997,P10.png,Right,11,178,50,80,6,10,28,119,7,0,3,2269,1305,80,48,0,27,16,23,3,4,9,24,3,0,1,0,0,23,16,0,4183,149
wpi6174042qp8665997,P11.png,Right,19,99,56,68,18,28,33,78,2,3,21,1312,547,45,31,4,13,15,16,6,7,10,11,1,1,6,0,0,12,9,1,2345,108
wpi6174042qp8665997,P12.png,Right,52,183,145,200,107,92,139,108,28,10,23,3801,4631,89,26,42,28,35,43,22,20,32,27,6,3,10,0,0,22,12,9,9624,269
wpi6174042qp8665997,P2.png,Left,43,122,52,241,19,127,97,209,215,78,164,3294,2070,77,96,2,37,12,52,7,36,28,41,48,19,44,0,0,21,29,1,6863,375
wpi6174042qp8665997,P3.png,Left,76,85,47,321,91,276,89,448,415,141,275,5656,1422,58,87,178,23,13,79,20,79,24,49,74,39,83,0,0,19,32,28,9589,562
wpi6174042qp8665997,P4.png,Left,12,123,27,71,3,58,21,43,135,68,66,2754,2340,15,21,10,23,5,21,1,9,7,8,30,12,23,0,0,6,7,3,5755,155
wpi6174042qp8665997,P5.png,Left,22,80,18,69,7,36,23,58,155,73,70,2041,1115,21,46,2,18,5,20,3,13,7,13,40,21,20,0,0,9,14,1,3814,184
wpi6174042qp8665997,P6.png,Left,15,131,26,63,2,28,12,206,84,15,41,1765,599,48,57,0,23,6,16,1,9,5,31,24,6,12,0,0,18,20,0,3077,171
wpi6174042qp8665997,P7.png,Right,62,125,144,210,88,176,110,416,98,24,47,3354,1147,109,153,37,31,42,50,22,32,37,66,20,6,15,0,0,40,50,12,6238,423
wpi6174042qp8665997,P8.png,Right,22,41,155,111,35,17,85,100,28,15,24,1576,200,42,87,8,12,36,31,11,6,25,22,9,4,8,0,0,13,26,2,2524,205
wpi6174042qp8665997,P9.png,Right,65,153,170,287,50,94,92,100,16,12,30,3819,2570,72,76,19,39,47,64,18,27,27,30,6,3,9,0,0,25,26,8,7560,329
wpi617331100hb17783,IC1.png,Left,0,0,0,0,0,0,0,0,3,0,0,61,43,0,0,0,0,0,0,0,0,0,0,1,0,0,0,0,0,0,0,107,1
wpi617331100hb17783,IC10.png,Right,3,8,2,4,2,2,0,6,0,0,0,70,0,0,0,0,2,1,1,1,1,0,1,0,0,0,0,0,0,0,0,94,7
wpi617331100hb17783,IC11.png,Right,0,0,4,0,0,0,2,4,0,0,0,82,19,2,2,0,0,1,0,0,0,1,1,0,0,0,0,0,1,1,0,115,5
wpi617331100hb17783,IC12.png,Right,25,0,57,54,81,6,44,16,21,2,16,613,48,4,3,11,0,15,6,17,3,15,4,6,1,6,0,0,2,1,4,976,80
wpi617331100hb17783,IC2.png,Left,0,18,0,5,0,0,0,4,0,0,0,110,4,13,4,0,2,0,2,0,0,0,2,0,0,0,0,0,2,2,0,158,10
wpi617331100hb17783,IC3.png,Left,17,10,28,109,11,59,30,79,50,54,53,1139,46,5,36,4,1,4,25,3,14,9,13,12,14,18,0,0,1,7,2,1713,123
wpi617331100hb17783,IC4.png,Left,0,3,0,5,0,0,0,0,2,0,0,130,2,2,0,0,1,0,2,0,0,0,0,1,0,0,0,0,1,0,0,144,5
wpi617331100hb17783,IC5.png,Left,1,0,0,21,0,2,0,0,0,5,8,107,0,0,4,0,0,0,3,0,1,0,0,0,1,3,0,0,0,1,0,147,9
wpi617331100hb17783,IC6.png,Left,3,8,4,27,0,10,0,2,21,34,13,305,70,0,8,4,3,1,5,0,5,0,1,6,7,2,0,0,0,2,2,506,34
wpi617331100hb17783,IC7.png,Right,0,13,0,0,0,0,0,0,0,0,0,89,16,0,0,0,1,0,0,0,0,0,0,0,0,0,0,0,0,0,0,118,1
wpi617331100hb17783,IC8.png,Right,0,2,0,0,0,0,0,0,0,0,0,107,0,0,9,0,1,0,0,0,0,0,0,0,0,0,0,0,0,1,0,118,2
wpi617331100hb17783,IC9.png,Right,0,0,0,3,0,0,0,0,0,0,0,46,59,0,0,0,0,0,1,0,0,0,0,0,0,0,0,0,0,0,0,108,1
wpi617331100hb17783,P1.png,Left,21,0,18,54,15,51,26,18,8,49,36,620,55,0,2,13,0,7,14,5,14,8,6,3,5,11,0,0,0,1,3,965,77
wpi617331100hb17783,P10.png,Right,14,11,17,30,21,19,16,49,11,8,20,701,326,12,18,23,4,6,10,8,7,6,8,4,4,6,0,0,3,5,6,1282,77
wpi617331100hb17783,P11.png,Right,0,0,0,0,0,0,0,4,0,0,0,26,9,17,12,0,0,0,0,0,0,0,2,0,0,0,0,0,4,2,0,68,8
wpi617331100hb17783,P12.png,Right,0,4,14,2,0,0,0,23,10,0,10,130,24,15,16,0,1,2,1,0,0,0,4,4,0,2,0,0,3,4,0,248,21
wpi617331100hb17783,P2.png,Left,20,28,30,69,75,66,64,58,44,29,40,1007,145,14,46,19,4,9,17,16,15,18,8,11,5,11,0,0,3,11,6,1734,134
wpi617331100hb17783,P3.png,Left,23,11,10,73,25,75,28,49,46,50,41,996,161,2,13,21,4,3,16,6,17,9,12,10,12,13,0,0,1,6,7,1601,116
wpi617331100hb17783,P4.png,Left,7,17,14,33,8,12,6,30,30,4,13,400,33,4,14,0,3,5,9,2,3,3,7,6,2,4,0,0,2,3,0,618,49
wpi617331100hb17783,P5.png,Left,7,0,7,11,8,26,6,0,21,25,35,345,15,0,0,6,0,1,4,2,5,2,0,5,6,7,0,0,0,0,1,505,33
wpi617331100hb17783,P6.png,Left,18,22,31,80,50,39,18,88,34,24,23,1504,849,6,21,13,6,11,15,9,12,8,15,13,7,7,0,0,2,6,3,2802,114
wpi617331100hb17783,P7.png,Right,19,24,70,34,35,67,53,106,38,17,13,1283,363,7,17,13,6,18,7,10,15,15,14,6,4,5,0,0,3,7,4,2140,114
wpi617331100hb17783,P8.png,Right,26,6,61,60,43,52,59,23,6,9,8,816,133,4,19,7,2,16,13,12,11,17,4,2,3,3,0,0,2,5,3,1306,93
wpi617331100hb17783,P9.png,Right,0,4,0,0,0,0,0,10,0,0,0,47,21,5,0,0,2,0,0,0,0,0,2,0,0,0,0,0,2,0,0,87,6
wpi61732n2e95074607,IC1.png,Left,11,0,20,13,4,12,19,2,0,0,8,179,48,0,0,0,0,5,5,2,6,6,1,0,0,4,0,0,0,0,0,305,29
wpi61732n2e95074607,IC10.png,Right,0,2,0,0,10,0,0,9,4,23,13,116,41,0,0,0,1,0,0,3,0,0,2,1,3,4,0,0,0,0,0,218,14
wpi61732n2e95074607,IC11.png,Right,5,2,6,2,14,0,0,23,19,16,2,179,144,5,9,3,1,3,1,4,0,0,3,4,6,1,0,0,2,4,1,424,30
wpi61732n2e95074607,IC12.png,Right,6,0,16,4,7,11,2,4,10,22,12,199,95,0,5,5,0,5,2,3,4,1,2,3,4,4,0,0,0,2,3,392,33
wpi61732n2e95074607,IC2.png,Left,12,2,17,10,12,10,8,50,14,4,8,306,173,6,10,4,1,8,4,5,2,4,9,4,2,4,0,0,3,4,1,634,51
wpi61732n2e95074607,IC3.png,Left,12,6,17,17,8,17,27,21,4,4,8,256,112,0,7,2,2,5,6,4,7,9,5,2,2,4,0,0,0,3,1,506,50
wpi61732n2e95074607,IC4.png,Left,4,4,14,12,4,2,0,4,0,0,2,128,43,0,4,4,1,3,5,1,1,0,2,0,0,1,0,0,0,2,2,221,18
wpi61732n2e95074607,IC5.png,Left,2,0,28,7,0,2,4,24,6,0,2,165,90,2,2,0,0,6,3,0,1,2,8,2,0,1,0,0,1,1,0,332,25
wpi61732n2e95074607,IC6.png,Left,14,2,16,23,29,10,21,46,10,2,6,276,60,8,6,0,1,7,7,8,3,7,5,2,1,1,0,0,4,3,0,515,49
wpi61732n2e95074607,IC7.png,Right,4,2,4,8,2,2,2,13,19,12,2,157,51,8,4,0,1,2,2,1,1,1,2,3,3,1,0,0,3,2,0,286,22
wpi61732n2e95074607,IC8.png,Right,2,0,6,0,2,0,2,6,35,22,13,237,125,0,0,0,0,3,0,1,0,1,1,7,5,4,0,0,0,0,0,448,22
wpi61732n2e95074607,IC9.png,Right,11,4,22,10,16,4,9,50,22,34,21,306,242,8,19,2,2,10,5,6,2,3,10,5,10,10,0,0,4,6,1,769,74
wpi61732n2e95074607,P1.png,Left,10,13,11,16,20,5,12,6,12,2,6,257,78,4,2,4,2,5,7,6,1,6,3,3,1,1,0,0,2,1,2,448,40
wpi61732n2e95074607,P10.png,Right,0,5,0,0,0,0,0,56,2,8,2,117,78,2,0,0,1,0,0,0,0,0,5,1,1,1,0,0,1,0,0,270,10
wpi61732n2e95074607,P11.png,Right,10,0,25,0,16,2,6,16,14,16,14,271,57,0,2,0,0,8,0,5,1,3,4,5,4,7,0,0,0,1,0,439,38
wpi61732n2e95074607,P12.png,Right,3,0,12,0,4,0,2,21,13,12,18,253,114,2,2,0,0,4,0,2,0,1,4,3,3,6,0,0,1,1,0,453,25
wpi61732n2e95074607,P2.png,Left,9,0,23,13,21,8,10,15,0,2,0,272,91,0,2,0,0,5,5,3,3,5,4,0,1,0,0,0,0,1,0,457,27
wpi61732n2e95074607,P3.png,Left,20,4,10,19,28,20,16,38,10,4,2,421,197,17,4,6,2,5,8,11,7,8,8,5,2,1,0,0,5,2,3,796,67
wpi61732n2e95074607,P4.png,Left,3,2,11,2,0,4,6,26,0,4,6,117,18,8,8,0,1,4,1,0,2,2,8,0,2,3,0,0,3,3,0,212,29
wpi61732n2e95074607,P5.png,Left,9,2,6,21,4,18,6,4,4,5,8,184,186,2,0,0,1,2,7,2,5,2,2,1,1,2,0,0,1,0,0,450,26
wpi61732n2e95074607,P6.png,Left,10,0,12,26,23,12,23,11,15,2,9,223,82,2,6,2,0,4,9,3,5,11,3,5,1,3,0,0,1,2,1,448,48
wpi61732n2e95074607,P7.png,Right,4,0,10,0,8,0,0,8,8,8,14,198,119,0,8,0,0,4,0,4,0,0,3,4,3,4,0,0,0,1,0,381,23
wpi61732n2e95074607,P8.png,Right,3,2,15,0,10,0,2,6,30,18,20,295,65,2,2,10,1,5,0,4,0,1,2,8,7,7,0,0,1,1,4,477,41
wpi61732n2e95074607,P9.png,Right,3,4,8,0,6,0,4,58,25,32,6,373,260,4,2,2,1,4,0,3,0,2,7,9,8,3,0,0,2,1,1,784,41
wpi6174649405r19a06,CC1.png,Left,0,0,0,0,0,0,0,0,0,0,0,611,0,0,0,0,0,0,0,0,0,0,0,0,0,0,0,0,0,0,0,611,0
wpi6174649405r19a06,CC10.png,Right,0,0,0,0,0,0,0,0,0,0,0,446,0,0,0,0,0,0,0,0,0,0,0,0,0,0,0,0,0,0,0,446,0
wpi6174649405r19a06,CC11.png,Right,0,0,0,0,0,0,0,0,0,0,0,660,0,0,0,0,0,0,0,0,0,0,0,0,0,0,0,0,0,0,0,660,0
wpi6174649405r19a06,CC12.png,Right,0,0,0,0,0,0,0,0,0,0,0,607,0,0,0,0,0,0,0,0,0,0,0,0,0,0,0,0,0,0,0,607,0
wpi6174649405r19a06,CC2.png,Left,0,0,0,0,0,0,0,0,0,0,0,1597,0,0,0,0,0,0,0,0,0,0,0,0,0,0,0,0,0,0,0,1597,0
wpi6174649405r19a06,CC3.png,Left,0,0,0,0,0,0,0,0,0,0,0,1374,0,0,0,0,0,0,0,0,0,0,0,0,0,0,0,0,0,0,0,1374,0
wpi6174649405r19a06,CC4.png,Left,0,0,0,0,0,0,0,0,0,0,0,326,0,0,0,0,0,0,0,0,0,0,0,0,0,0,0,0,0,0,0,326,0
wpi6174649405r19a06,CC5.png,Left,0,0,0,0,0,0,0,0,0,0,0,1049,0,0,0,0,0,0,0,0,0,0,0,0,0,0,0,0,0,0,0,1049,0
wpi6174649405r19a06,CC6.png,Left,0,0,0,0,0,0,0,0,0,0,0,934,0,0,0,0,0,0,0,0,0,0,0,0,0,0,0,0,0,0,0,934,0
wpi6174649405r19a06,CC7.png,Right,0,0,0,0,0,0,0,0,0,0,0,423,0,0,0,0,0,0,0,0,0,0,0,0,0,0,0,0,0,0,0,423,0
wpi6174649405r19a06,CC8.png,Right,0,0,0,0,0,0,0,0,0,0,0,1230,0,0,0,0,0,0,0,0,0,0,0,0,0,0,0,0,0,0,0,1230,0
wpi6174649405r19a06,CC9.png,Right,0,0,0,0,0,0,0,0,0,0,0,1336,0,0,0,0,0,0,0,0,0,0,0,0,0,0,0,0,0,0,0,1336,0
wpi6174649405r19a06,P1.png,Left,0,0,0,0,0,0,0,0,0,0,0,785,0,0,0,0,0,0,0,0,0,0,0,0,0,0,0,0,0,0,0,785,0
wpi6174649405r19a06,P10.png,Right,0,0,0,0,0,0,0,0,0,0,0,1625,0,0,0,0,0,0,0,0,0,0,0,0,0,0,0,0,0,0,0,1625,0
wpi6174649405r19a06,P11.png,Right,0,0,0,0,0,0,0,0,0,0,0,802,0,0,0,0,0,0,0,0,0,0,0,0,0,0,0,0,0,0,0,802,0
wpi6174649405r19a06,P12.png,Right,0,0,0,0,0,0,0,0,0,0,0,1098,0,0,0,0,0,0,0,0,0,0,0,0,0,0,0,0,0,0,0,1098,0
wpi6174649405r19a06,P2.png,Left,0,0,0,0,0,0,0,0,0,0,0,882,0,0,0,0,0,0,0,0,0,0,0,0,0,0,0,0,0,0,0,882,0
wpi6174649405r19a06,P3.png,Left,0,0,0,0,0,0,0,0,0,0,0,629,0,0,0,0,0,0,0,0,0,0,0,0,0,0,0,0,0,0,0,629,0
wpi6174649405r19a06,P4.png,Left,0,0,0,0,0,0,0,0,0,0,0,432,0,0,0,0,0,0,0,0,0,0,0,0,0,0,0,0,0,0,0,432,0
wpi6174649405r19a06,P5.png,Left,0,0,0,0,0,0,0,0,0,0,0,580,0,0,0,0,0,0,0,0,0,0,0,0,0,0,0,0,0,0,0,580,0
wpi6174649405r19a06,P6.png,Left,0,0,0,0,0,0,0,0,0,0,0,2228,0,0,0,0,0,0,0,0,0,0,0,0,0,0,0,0,0,0,0,2228,0
wpi6174649405r19a06,P7.png,Right,0,0,0,0,0,0,0,0,0,0,0,1012,0,0,0,0,0,0,0,0,0,0,0,0,0,0,0,0,0,0,0,1012,0
wpi6174649405r19a06,P8.png,Right,0,0,0,0,0,0,0,0,0,0,0,1880,0,0,0,0,0,0,0,0,0,0,0,0,0,0,0,0,0,0,0,1880,0
wpi6174649405r19a06,P9.png,Right,0,0,0,0,0,0,0,0,0,0,0,922,0,0,0,0,0,0,0,0,0,0,0,0,0,0,0,0,0,0,0,922,0
wpi617w4543e2142467,CC1.png,Left,0,0,0,0,2001,0,0,0,0,0,0,2060,0,0,0,0,0,0,0,1,0,0,0,0,0,0,0,0,0,0,0,4061,1
wpi617w4543e2142467,CC10.png,Right,0,0,0,0,0,0,0,0,0,971,0,948,0,0,0,0,0,0,0,0,0,0,0,0,1,0,0,0,0,0,0,1919,1
wpi617w4543e2142467,CC11.png,Right,0,0,0,0,0,0,0,0,0,1109,0,1100,0,0,0,0,0,0,0,0,0,0,0,0,1,0,0,0,0,0,0,2209,1
wpi617w4543e2142467,CC12.png,Right,0,0,0,0,0,0,0,0,0,1394,0,1423,0,0,0,0,0,0,0,0,0,0,0,0,1,0,0,0,0,0,0,2817,1
wpi617w4543e2142467,CC2.png,Left,0,0,0,0,927,0,0,0,0,0,0,942,0,0,0,0,0,0,0,1,0,0,0,0,0,0,0,0,0,0,0,1869,1
wpi617w4543e2142467,CC3.png,Left,0,0,0,0,1679,0,0,0,0,0,0,1710,0,0,0,0,0,0,0,1,0,0,0,0,0,0,0,0,0,0,0,3389,1
wpi617w4543e2142467,CC4.png,Left,0,0,0,0,1436,0,0,0,0,0,0,1443,0,0,0,0,0,0,0,1,0,0,0,0,0,0,0,0,0,0,0,2879,1
wpi617w4543e2142467,CC5.png,Left,0,0,0,0,1508,0,0,0,0,0,0,1489,0,0,0,0,0,0,0,1,0,0,0,0,0,0,0,0,0,0,0,2997,1
wpi617w4543e2142467,CC6.png,Left,0,0,0,0,2124,0,0,0,0,0,0,2154,0,0,0,0,0,0,0,1,0,0,0,0,0,0,0,0,0,0,0,4278,1
wpi617w4543e2142467,CC7.png,Right,0,0,0,0,0,0,0,0,0,1802,0,1806,0,0,0,0,0,0,0,0,0,0,0,0,1,0,0,0,0,0,0,3608,1
wpi617w4543e2142467,CC8.png,Right,0,0,0,0,0,0,0,0,0,5722,0,5668,0,0,0,0,0,0,0,0,0,0,0,0,1,0,0,0,0,0,0,11390,1
wpi617w4543e2142467,CC9.png,Right,0,0,0,0,0,0,0,0,0,2130,0,2106,0,0,0,0,0,0,0,0,0,0,0,0,1,0,0,0,0,0,0,4236,1
wpi617w4543e2142467,P1.png,Left,0,0,0,0,1281,0,0,0,0,0,0,1302,0,0,0,0,0,0,0,1,0,0,0,0,0,0,0,0,0,0,0,2583,1
wpi617w4543e2142467,P10.png,Right,0,0,0,0,0,0,0,0,0,1141,0,1121,0,0,0,0,0,0,0,0,0,0,0,0,1,0,0,0,0,0,0,2262,1
wpi617w4543e2142467,P11.png,Right,0,0,0,0,0,0,0,0,0,1274,0,1294,0,0,0,0,0,0,0,0,0,0,0,0,1,0,0,0,0,0,0,2568,1
wpi617w4543e2142467,P12.png,Right,0,0,0,0,0,0,0,0,0,1567,0,1588,0,0,0,0,0,0,0,0,0,0,0,0,1,0,0,0,0,0,0,3155,1
wpi617w4543e2142467,P2.png,Left,0,0,0,0,4466,0,0,0,0,0,0,4464,0,0,0,0,0,0,0,1,0,0,0,0,0,0,0,0,0,0,0,8930,1
wpi617w4543e2142467,P3.png,Left,0,0,0,0,7045,0,0,0,0,0,0,7046,0,0,0,0,0,0,0,1,0,0,0,0,0,0,0,0,0,0,0,14091,1
wpi617w4543e2142467,P4.png,Left,0,0,0,0,961,0,0,0,0,0,0,952,0,0,0,0,0,0,0,1,0,0,0,0,0,0,0,0,0,0,0,1913,1
wpi617w4543e2142467,P5.png,Left,0,0,0,0,2062,0,0,0,0,0,0,2070,0,0,0,0,0,0,0,1,0,0,0,0,0,0,0,0,0,0,0,4132,1
wpi617w4543e2142467,P6.png,Left,0,0,0,0,1703,0,0,0,0,0,0,1760,0,0,0,0,0,0,0,1,0,0,0,0,0,0,0,0,0,0,0,3463,1
wpi617w4543e2142467,P7.png,Right,0,0,0,0,0,0,0,0,0,2977,0,3035,0,0,0,0,0,0,0,0,0,0,0,0,1,0,0,0,0,0,0,6012,1
wpi617w4543e2142467,P8.png,Right,0,0,0,0,0,0,0,0,0,1640,0,1635,0,0,0,0,0,0,0,0,0,0,0,0,1,0,0,0,0,0,0,3275,1
wpi617w4543e2142467,P9.png,Right,0,0,0,0,0,0,0,0,0,3884,0,3847,0,0,0,0,0,0,0,0,0,0,0,0,1,0,0,0,0,0,0,7731,1
wpi6173152o923x6087,IC1.png,Left,5,25,4,18,0,8,2,69,6,2,3,320,271,36,16,4,8,2,8,0,4,1,22,2,1,1,0,0,15,8,2,784,74
wpi6173152o923x6087,IC10.png,Right,2,7,7,0,4,2,2,79,16,0,4,238,191,12,8,0,3,2,0,1,1,1,13,4,0,2,0,0,5,3,0,570,35
wpi6173152o923x6087,IC11.png,Right,0,27,16,8,0,0,2,87,2,0,0,376,326,41,24,0,10,8,2,0,0,1,17,1,0,0,0,0,16,10,0,909,65
wpi6173152o923x6087,IC12.png,Right,1,10,23,2,2,0,0,116,16,2,0,449,190,24,35,0,5,9,1,1,0,0,28,3,1,0,0,0,8,12,0,869,68
wpi6173152o923x6087,IC2.png,Left,0,2,4,2,0,0,0,76,0,0,0,180,766,12,14,0,1,2,1,0,0,0,9,0,0,0,0,0,5,5,0,1056,23
wpi6173152o923x6087,IC3.png,Left,0,28,2,2,0,0,0,56,6,0,2,311,694,59,18,0,11,1,1,0,0,0,20,3,0,1,0,0,21,6,0,1178,64
wpi6173152o923x6087,IC4.png,Left,6,11,12,12,0,8,0,90,6,2,0,316,224,24,27,0,3,4,6,0,3,0,21,3,1,0,0,0,9,13,0,732,63
wpi6173152o923x6087,IC5.png,Left,0,20,10,8,0,0,8,63,0,0,2,244,366,10,16,0,7,5,4,0,0,3,15,0,0,1,0,0,5,8,0,747,48
wpi6173152o923x6087,IC6.png,Left,0,26,4,14,0,0,0,58,2,0,4,359,402,31,26,0,11,2,7,0,0,0,19,1,0,2,0,0,12,12,0,926,66
wpi6173152o923x6087,IC7.png,Right,1,6,6,0,2,0,0,63,6,0,0,240,550,14,22,0,3,3,0,1,0,0,14,3,0,0,0,0,7,8,0,909,39
wpi6173152o923x6087,IC8.png,Right,2,10,8,0,2,0,0,68,8,2,0,281,431,14,18,0,4,3,0,1,0,0,13,3,1,0,0,0,6,8,0,842,39
wpi6173152o923x6087,IC9.png,Right,2,12,6,6,2,0,4,141,12,4,2,431,418,18,16,0,6,3,3,1,0,2,28,6,2,1,0,0,9,8,0,1072,69
wpi6173152o923x6087,P1.png,Left,0,4,0,2,0,0,0,21,0,0,0,61,990,6,4,0,2,0,1,0,0,0,4,0,0,0,0,0,3,2,0,1088,12
wpi6173152o923x6087,P10.png,Right,51,18,98,42,76,40,72,160,18,2,24,1108,228,44,43,4,8,40,17,27,17,27,36,8,1,12,0,0,17,19,2,1977,231
wpi6173152o923x6087,P11.png,Right,58,70,159,52,48,44,78,195,46,20,38,1764,1303,70,90,8,26,53,24,23,17,35,61,18,7,19,0,0,28,39,4,3985,354
wpi6173152o923x6087,P12.png,Right,0,2,6,0,0,0,2,29,4,0,0,163,574,8,0,0,1,3,0,0,0,1,6,2,0,0,0,0,2,0,0,788,15
wpi6173152o923x6087,P2.png,Left,38,110,60,184,20,44,32,540,34,8,26,2827,882,160,251,10,47,24,69,9,16,16,135,16,4,12,0,0,67,98,4,5188,517
wpi6173152o923x6087,P3.png,Left,38,30,86,92,26,46,52,295,6,6,18,1426,806,46,70,2,14,32,39,10,19,21,63,3,1,9,0,0,20,29,1,3007,261
wpi6173152o923x6087,P4.png,Left,61,40,56,158,32,78,46,189,20,14,30,1574,361,46,62,20,18,23,59,14,32,21,54,10,7,12,0,0,20,27,10,2726,307
wpi6173152o923x6087,P5.png,Left,0,4,4,10,0,0,0,40,2,0,2,185,851,10,8,0,2,2,4,0,0,0,11,1,0,1,0,0,5,4,0,1116,30
wpi6173152o923x6087,P6.png,Left,25,30,20,110,0,36,32,172,28,8,18,1081,155,38,56,2,12,10,45,0,15,13,45,11,4,9,0,0,18,25,1,1786,208
wpi6173152o923x6087,P7.png,Right,0,12,4,0,0,0,4,60,2,0,0,208,1123,8,14,0,5,2,0,0,0,1,6,1,0,0,0,0,3,6,0,1435,24
wpi6173152o923x6087,P8.png,Right,3,2,12,2,2,2,2,50,4,0,0,190,727,14,8,0,1,4,1,1,1,1,10,2,0,0,0,0,7,4,0,1015,32
wpi6173152o923x6087,P9.png,Right,0,6,0,0,0,0,0,14,0,0,0,58,1025,12,2,0,2,0,0,0,0,0,5,0,0,0,0,0,3,1,0,1117,11
wpi617371297c74k795,IC1.png,Left,4,0,9,2,12,8,6,4,0,4,2,233,442,0,0,8,0,3,1,5,3,3,1,0,1,1,0,0,0,0,3,730,21
wpi617371297c74k795,IC10.png,Right,0,0,0,0,0,0,0,0,0,4,2,77,144,0,0,4,0,0,0,0,0,0,0,0,2,1,0,0,0,0,2,231,5
wpi617371297c74k795,IC11.png,Right,6,0,6,0,8,18,2,2,4,24,2,218,175,0,0,4,0,3,0,4,2,1,1,2,5,1,0,0,0,0,2,463,21
wpi617371297c74k795,IC12.png,Right,0,0,0,0,0,0,0,0,0,2,0,26,144,0,0,0,0,0,0,0,0,0,0,0,1,0,0,0,0,0,0,172,1
wpi617371297c74k795,IC2.png,Left,5,2,14,6,8,12,8,8,6,6,4,353,795,2,2,4,1,3,3,4,5,4,3,2,3,2,0,0,1,1,2,1230,34
wpi617371297c74k795,IC3.png,Left,6,0,17,8,24,8,12,2,10,8,0,257,254,0,0,18,0,4,4,7,3,3,1,2,2,0,0,0,0,0,5,618,31
wpi617371297c74k795,IC4.png,Left,3,0,2,2,6,6,0,2,6,8,0,206,461,0,0,0,0,1,1,2,1,0,1,1,2,0,0,0,0,0,0,699,9
wpi617371297c74k795,IC5.png,Left,3,0,2,10,10,2,17,0,10,8,2,215,376,0,0,10,0,1,3,3,1,2,0,3,4,1,0,0,0,0,2,662,20
wpi617371297c74k795,IC6.png,Left,5,0,6,9,0,14,6,2,0,5,2,163,423,0,0,8,0,1,4,0,4,3,1,0,1,1,0,0,0,0,1,638,16
wpi617371297c74k795,IC7.png,Right,0,0,0,0,8,2,0,0,0,8,4,115,112,0,0,4,0,0,0,3,1,0,0,0,3,2,0,0,0,0,2,253,11
wpi617371297c74k795,IC8.png,Right,3,2,10,6,4,2,0,38,27,14,2,333,1045,0,2,12,1,3,2,2,1,0,7,8,6,1,0,0,0,1,2,1497,34
wpi617371297c74k795,IC9.png,Right,4,0,8,6,12,18,10,14,12,39,2,426,1017,0,0,22,0,2,2,4,3,2,2,5,9,1,0,0,0,0,7,1586,37
wpi617371297c74k795,P1.png,Left,10,0,8,10,30,24,10,26,4,6,6,584,229,2,18,18,0,4,5,9,9,5,10,2,3,3,0,0,1,6,7,975,64
wpi617371297c74k795,P10.png,Right,2,0,0,2,8,2,0,0,6,2,4,83,199,2,0,6,0,0,1,4,1,0,0,3,1,2,0,0,1,0,1,314,14
wpi617371297c74k795,P11.png,Right,11,6,26,26,38,2,20,32,18,73,26,1321,3615,10,8,46,3,9,6,13,1,9,6,7,19,10,0,0,3,4,12,5267,102
wpi617371297c74k795,P12.png,Right,0,0,0,0,4,2,0,0,6,20,6,197,602,0,0,0,0,0,0,2,1,0,0,2,4,3,0,0,0,0,0,837,12
wpi617371297c74k795,P2.png,Left,16,0,12,6,48,67,16,2,0,6,2,725,1805,0,0,98,0,6,3,11,11,7,1,0,2,1,0,0,0,0,14,2787,56
wpi617371297c74k795,P3.png,Left,4,0,2,2,62,6,12,0,0,2,0,265,800,0,0,12,0,1,1,6,3,3,0,0,1,0,0,0,0,0,4,1163,19
wpi617371297c74k795,P4.png,Left,9,0,6,27,22,14,8,0,2,2,6,405,747,0,0,18,0,3,6,3,5,4,0,1,1,2,0,0,0,0,5,1257,30
wpi617371297c74k795,P5.png,Left,4,14,20,6,2,6,2,51,4,8,4,385,657,4,4,4,4,8,2,1,3,1,12,2,3,2,0,0,2,2,2,1171,44
wpi617371297c74k795,P6.png,Left,5,0,10,9,13,2,19,0,0,0,0,189,587,0,0,4,0,4,3,3,1,5,0,0,0,0,0,0,0,0,1,833,17
wpi617371297c74k795,P7.png,Right,22,8,18,29,33,6,10,49,23,75,22,953,3329,4,10,12,4,9,11,13,3,5,16,10,13,8,0,0,2,5,4,4581,103
wpi617371297c74k795,P8.png,Right,14,0,20,4,50,19,6,60,52,85,14,1010,2634,0,4,12,0,7,2,14,6,3,7,12,17,7,0,0,0,2,5,3970,82
wpi617371297c74k795,P9.png,Right,1,0,0,2,4,0,0,8,2,0,2,72,158,0,0,0,0,0,1,1,0,0,2,1,0,1,0,0,0,0,0,248,6
wpi6174k6489827s320,IC1.png,Left,1,1,0,4,0,1,0,1,13,8,2,173,181,2,0,0,1,0,2,0,1,0,1,5,2,2,0,0,1,0,0,386,15
wpi6174k6489827s320,IC10.png,Right,3,10,2,6,3,4,0,0,0,2,0,120,212,0,2,0,2,1,3,2,2,0,0,0,1,0,0,0,0,1,0,361,12
wpi6174k6489827s320,IC11.png,Right,5,24,18,15,5,5,0,21,7,3,3,618,212,4,35,0,7,5,4,3,2,0,7,2,1,2,0,0,2,13,0,970,48
wpi6174k6489827s320,IC12.png,Right,11,0,4,29,3,33,5,0,4,0,0,456,212,2,0,0,0,2,7,1,8,3,0,1,0,0,0,0,1,0,0,748,23
wpi6174k6489827s320,IC2.png,Left,4,12,3,9,0,3,0,2,12,3,0,350,434,0,8,0,2,1,4,0,2,0,1,5,1,0,0,0,0,3,0,836,19
wpi6174k6489827s320,IC3.png,Left,5,4,4,23,3,8,4,17,33,10,8,534,256,6,6,0,2,1,7,1,4,1,4,9,4,5,0,0,2,3,0,916,43
wpi6174k6489827s320,IC4.png,Left,0,7,0,0,0,0,0,0,10,1,4,164,126,0,2,0,2,0,0,0,0,0,0,2,1,2,0,0,0,1,0,314,8
wpi6174k6489827s320,IC5.png,Left,3,23,4,4,27,14,4,21,10,24,8,491,1012,10,12,2,9,2,2,6,5,1,8,6,6,3,0,0,4,6,1,1666,59
wpi6174k6489827s320,IC6.png,Left,5,9,6,10,3,8,4,6,10,8,10,339,688,4,4,4,3,2,3,2,3,1,3,4,4,3,0,0,2,2,2,1113,34
wpi6174k6489827s320,IC7.png,Right,1,2,0,3,2,0,1,0,2,0,2,169,179,0,0,0,1,0,1,1,0,1,0,1,0,1,0,0,0,0,0,360,6
wpi6174k6489827s320,IC8.png,Right,17,5,16,41,5,22,10,18,9,2,2,415,78,2,9,0,3,9,13,4,6,5,7,3,1,1,0,0,1,6,0,634,59
wpi6174k6489827s320,IC9.png,Right,4,5,2,43,0,8,4,7,5,2,2,461,145,2,2,0,2,1,7,0,2,3,3,2,1,1,0,0,1,1,0,688,24
wpi6174k6489827s320,P1.png,Left,1,0,0,2,0,2,0,0,40,12,20,211,100,0,0,0,0,0,1,0,1,0,0,9,6,6,0,0,0,0,0,387,23
wpi6174k6489827s320,P10.png,Right,18,5,20,25,28,12,12,2,0,0,3,601,286,2,2,3,2,7,11,8,5,6,1,0,0,2,0,0,1,1,1,1001,45
wpi6174k6489827s320,P11.png,Right,13,34,25,47,8,10,1,54,10,0,10,620,325,15,27,2,15,9,13,4,4,1,16,5,0,4,0,0,9,12,1,1188,93
wpi6174k6489827s320,P12.png,Right,18,30,33,19,30,45,10,59,9,28,18,938,568,14,22,10,11,17,9,14,5,6,19,5,11,9,0,0,6,13,5,1833,130
wpi6174k6489827s320,P2.png,Left,16,7,9,21,2,46,12,17,51,63,27,762,824,6,2,6,2,4,12,1,19,7,6,22,16,14,0,0,3,1,3,1855,110
wpi6174k6489827s320,P3.png,Left,13,4,8,21,1,17,14,19,57,43,23,720,935,0,8,6,2,3,12,1,10,7,7,17,18,11,0,0,0,4,3,1876,95
wpi6174k6489827s320,P4.png,Left,0,6,0,0,0,0,2,2,10,0,0,101,199,2,4,0,3,0,0,0,0,1,1,3,0,0,0,0,1,2,0,326,11
wpi6174k6489827s320,P5.png,Left,10,7,7,24,6,26,14,18,36,14,18,603,352,10,14,4,3,3,11,3,11,8,8,11,6,9,0,0,4,8,2,1153,87
wpi6174k6489827s320,P6.png,Left,14,25,14,31,19,14,17,62,61,10,30,971,1122,28,8,8,11,5,15,9,6,8,15,21,6,14,0,0,10,4,4,2420,128
wpi6174k6489827s320,P7.png,Right,10,6,24,12,10,32,7,2,0,2,2,351,191,3,4,2,2,5,5,5,7,5,2,0,1,1,0,0,2,2,1,648,38
wpi6174k6489827s320,P8.png,Right,8,33,26,31,2,25,0,10,0,0,0,603,179,0,4,0,7,6,6,1,3,0,3,0,0,0,0,0,0,3,0,913,29
wpi6174k6489827s320,P9.png,Right,54,0,86,52,69,58,107,2,0,3,8,1000,881,4,20,2,0,31,23,22,14,28,1,0,2,5,0,0,1,9,1,2292,137
wpi6173084465wg9125,CC1.png,Left,14,14,5,47,29,25,43,10,44,18,34,726,95,4,14,5,4,2,10,6,9,9,4,11,5,12,0,0,2,4,2,1113,80
wpi6173084465wg9125,CC10.png,Right,11,12,26,6,27,7,25,0,0,4,2,268,9,2,0,18,2,8,2,6,3,7,0,0,1,1,0,0,1,0,4,406,35
wpi6173084465wg9125,CC11.png,Right,3,0,22,18,16,12,22,6,0,8,23,378,37,0,6,15,0,4,5,5,2,9,1,0,4,6,0,0,0,1,7,563,44
wpi6173084465wg9125,CC12.png,Right,10,16,34,8,37,9,16,9,12,44,31,630,15,11,6,12,3,9,2,13,4,3,3,3,5,9,0,0,3,3,2,890,62
wpi6173084465wg9125,CC2.png,Left,16,24,31,85,6,63,21,26,56,32,87,1009,9,4,28,5,7,8,20,3,17,6,5,13,9,25,0,0,2,8,2,1486,125
wpi6173084465wg9125,CC3.png,Left,14,10,4,37,0,66,6,32,111,69,53,942,80,5,2,10,4,2,13,0,11,3,5,22,17,19,0,0,2,1,3,1427,102
wpi6173084465wg9125,CC4.png,Left,3,14,2,15,2,10,0,27,26,20,25,537,86,6,16,2,4,1,5,1,5,0,4,8,4,9,0,0,3,6,1,788,51
wpi6173084465wg9125,CC5.png,Left,3,25,4,39,0,31,8,2,37,21,44,600,28,2,9,6,4,1,12,0,6,4,1,9,7,16,0,0,1,4,3,856,68
wpi6173084465wg9125,CC6.png,Left,11,19,2,16,4,26,11,0,54,23,36,605,45,2,6,0,5,1,6,1,8,4,0,13,7,8,0,0,1,3,0,849,57
wpi6173084465wg9125,CC7.png,Right,23,12,72,92,25,31,57,21,13,4,23,880,110,11,28,4,4,20,18,9,11,23,6,4,1,8,0,0,4,8,2,1383,118
wpi6173084465wg9125,CC8.png,Right,26,28,112,60,31,36,56,33,6,12,34,907,49,9,31,12,5,25,12,11,8,20,7,2,5,8,0,0,4,7,5,1416,119
wpi6173084465wg9125,CC9.png,Right,20,7,55,34,37,2,27,8,6,29,37,777,127,2,14,11,2,14,9,11,1,10,2,3,6,10,0,0,1,3,1,1173,73
wpi6173084465wg9125,P1.png,Left,12,2,6,39,4,56,28,6,8,16,31,388,22,12,17,4,1,2,12,1,11,7,2,4,6,11,0,0,3,5,2,639,67
wpi6173084465wg9125,P10.png,Right,24,12,48,22,56,50,36,67,29,28,43,813,36,8,8,20,2,13,9,13,12,13,6,6,9,11,0,0,3,2,6,1276,105
wpi6173084465wg9125,P11.png,Right,23,0,36,62,18,46,46,58,0,0,4,612,61,8,10,0,0,12,10,8,9,15,6,0,0,2,0,0,3,5,0,961,70
wpi6173084465wg9125,P12.png,Right,24,0,50,30,24,31,45,58,44,8,21,540,69,0,20,6,0,14,9,8,9,13,10,6,4,8,0,0,0,6,3,946,90
wpi6173084465wg9125,P2.png,Left,31,34,34,111,33,89,37,121,57,50,65,1345,86,6,32,10,4,5,25,6,22,11,6,14,13,23,0,0,3,9,3,2110,144
wpi6173084465wg9125,P3.png,Left,25,4,66,48,56,59,48,40,24,84,38,1065,369,64,14,10,2,13,10,14,17,15,11,7,13,15,0,0,7,6,3,1989,133
wpi6173084465wg9125,P4.png,Left,1,0,0,9,0,10,0,0,18,12,8,276,57,3,0,0,0,0,3,0,3,0,0,6,4,3,0,0,1,0,0,393,20
wpi6173084465wg9125,P5.png,Left,8,4,6,19,12,36,20,8,32,64,26,490,38,0,6,4,2,3,6,3,11,8,2,9,8,11,0,0,0,1,1,765,65
wpi6173084465wg9125,P6.png,Left,7,13,0,12,0,26,2,2,77,34,20,504,312,0,4,6,1,0,4,0,8,1,1,13,11,7,0,0,0,1,3,1012,50
wpi6173084465wg9125,P7.png,Right,5,0,19,24,41,10,12,50,13,0,8,489,99,22,16,10,0,5,5,5,2,5,9,1,0,3,0,0,5,7,3,813,50
wpi6173084465wg9125,P8.png,Right,28,10,94,26,61,52,32,19,4,2,16,620,80,6,10,14,2,15,9,19,10,12,4,2,1,6,0,0,1,2,5,1046,88
wpi6173084465wg9125,P9.png,Right,41,26,72,77,83,53,92,53,0,16,22,1272,80,8,25,18,6,22,19,19,17,25,9,0,3,11,0,0,3,9,7,1897,150
wpi6173102fk4950044,IC1.png,Left,18,22,22,48,16,22,42,110,8,0,14,600,309,18,22,8,9,9,16,6,9,16,21,3,0,6,0,0,5,11,3,1261,114
wpi6173102fk4950044,IC10.png,Right,14,10,39,20,23,4,15,61,21,10,24,536,94,6,49,2,5,16,8,8,2,8,15,8,4,9,0,0,3,17,1,914,104
wpi6173102fk4950044,IC11.png,Right,40,20,148,33,58,0,60,129,47,72,84,1538,363,9,36,4,6,48,14,26,0,21,28,20,21,33,0,0,5,15,2,2601,239
wpi6173102fk4950044,IC12.png,Right,11,10,40,30,22,0,8,104,26,10,36,636,198,16,38,0,5,20,10,7,0,3,22,9,5,13,0,0,6,16,0,1174,116
wpi6173102fk4950044,IC2.png,Left,18,25,41,88,16,23,19,156,16,4,12,814,497,42,41,4,10,18,26,6,8,10,37,5,2,6,0,0,16,18,2,1798,164
wpi6173102fk4950044,IC3.png,Left,13,8,34,49,2,17,24,142,10,0,0,695,603,46,28,0,4,11,17,1,8,10,24,4,0,0,0,0,19,13,0,1658,111
wpi6173102fk4950044,IC4.png,Left,35,14,14,73,8,91,23,61,26,12,72,1006,99,8,42,2,4,7,24,3,29,9,14,11,5,25,0,0,4,14,1,1551,150
wpi6173102fk4950044,IC5.png,Left,23,12,27,96,31,27,39,86,6,2,11,592,243,6,26,2,5,8,28,12,9,15,18,3,1,6,0,0,3,9,1,1206,118
wpi6173102fk4950044,IC6.png,Left,42,0,43,114,24,70,51,86,12,0,33,733,141,4,32,12,0,15,36,8,21,20,13,3,0,13,0,0,1,12,5,1355,147
wpi6173102fk4950044,IC7.png,Right,0,2,4,0,0,0,0,110,40,16,7,462,564,10,8,0,1,2,0,0,0,0,19,10,6,4,0,0,5,4,0,1223,51
wpi6173102fk4950044,IC8.png,Right,47,15,156,26,94,20,64,140,25,14,45,1176,318,8,51,10,6,39,11,25,8,24,25,10,7,16,0,0,3,16,4,2162,194
wpi6173102fk4950044,IC9.png,Right,7,17,38,8,19,2,4,171,24,8,28,703,261,12,20,0,6,15,3,7,1,2,25,11,4,11,0,0,4,9,0,1315,98
wpi6173102fk4950044,P1.png,Left,24,28,27,58,6,30,36,38,18,4,7,649,392,20,14,8,7,10,18,3,13,15,13,7,1,4,0,0,7,5,3,1335,106
wpi6173102fk4950044,P10.png,Right,27,12,61,28,65,11,23,38,20,7,32,836,863,24,19,4,4,22,11,16,6,11,16,7,3,13,0,0,8,9,2,2043,128
wpi6173102fk4950044,P11.png,Right,49,40,157,74,98,29,50,222,147,40,87,2315,770,24,49,8,19,59,27,36,11,25,51,58,14,38,0,0,11,21,4,4110,374
wpi6173102fk4950044,P12.png,Right,28,2,119,2,69,2,22,39,45,24,66,738,231,2,26,3,1,24,1,22,1,11,12,18,9,24,0,0,1,11,2,1390,137
wpi6173102fk4950044,P2.png,Left,27,20,22,63,11,61,38,45,8,2,16,510,277,14,32,8,10,11,21,3,21,18,18,3,1,5,0,0,5,13,4,1127,133
wpi6173102fk4950044,P3.png,Left,31,16,24,102,14,49,79,60,53,14,26,1163,211,26,59,4,6,11,35,7,17,21,21,16,6,10,0,0,9,21,2,1900,182
wpi6173102fk4950044,P4.png,Left,26,30,29,77,20,48,53,123,22,2,24,947,320,17,34,0,9,12,24,6,15,18,27,10,1,11,0,0,6,15,0,1746,154
wpi6173102fk4950044,P5.png,Left,143,50,166,388,126,506,202,340,100,105,260,4292,524,56,123,79,10,47,121,39,124,72,62,27,36,87,0,0,23,44,30,7317,722
wpi6173102fk4950044,P6.png,Left,8,16,17,46,12,10,0,89,22,0,9,693,363,9,18,0,8,9,13,3,3,0,19,6,0,5,0,0,5,7,0,1304,78
wpi6173102fk4950044,P7.png,Right,23,37,104,8,42,6,18,193,79,28,62,1377,1076,38,39,6,10,34,4,16,2,8,40,33,10,25,0,0,15,18,2,3113,217
wpi6173102fk4950044,P8.png,Right,16,17,80,15,34,4,20,48,6,12,23,693,678,8,15,2,8,19,7,10,2,10,12,3,6,11,0,0,3,8,1,1655,100
wpi6173102fk4950044,P9.png,Right,5,18,24,12,18,8,20,97,24,4,14,664,1213,14,4,2,6,10,4,6,4,7,19,9,2,4,0,0,7,2,1,2136,81
wpi6g174242653912y4,CC1.png,Left,0,6,0,3,0,0,2,7,1,1,2,67,77,1,3,2,4,0,3,0,0,1,4,1,1,2,0,0,1,3,1,172,21
wpi6g174242653912y4,CC10.png,Right,1,2,1,0,2,0,0,9,2,0,0,41,113,2,1,0,2,1,0,1,0,0,4,2,0,0,0,0,2,1,0,173,13
wpi6g174242653912y4,CC11.png,Right,0,0,0,0,0,0,0,0,0,0,0,3,147,0,0,0,0,0,0,0,0,0,0,0,0,0,0,0,0,0,0,150,0
wpi6g174242653912y4,CC12.png,Right,7,3,6,6,6,2,2,6,0,0,1,88,41,3,5,4,3,5,3,4,2,2,4,0,0,1,0,0,3,4,1,173,32
wpi6g174242653912y4,CC2.png,Left,0,3,0,0,0,1,0,3,0,0,0,27,52,3,2,0,3,0,0,0,1,0,2,0,0,0,0,0,3,1,0,91,10
wpi6g174242653912y4,CC3.png,Left,2,1,3,2,1,0,0,2,2,0,0,21,67,0,0,0,1,3,2,1,0,0,1,1,0,0,0,0,0,0,0,99,9
wpi6g174242653912y4,CC4.png,Left,0,0,0,0,0,0,0,3,0,0,0,13,131,0,2,0,0,0,0,0,0,0,1,0,0,0,0,0,0,1,0,149,2
wpi6g174242653912y4,CC5.png,Left,0,2,0,0,0,0,0,3,0,1,0,32,156,2,0,0,2,0,0,0,0,0,2,0,1,0,0,0,1,0,0,196,6
wpi6g174242653912y4,CC6.png,Left,0,0,0,0,0,1,0,1,0,1,0,9,117,0,2,1,0,0,0,0,1,0,1,0,1,0,0,0,0,1,1,132,5
wpi6g174242653912y4,CC7.png,Right,0,2,0,0,1,0,2,3,0,0,1,40,98,2,2,0,1,0,0,1,0,1,2,0,0,1,0,0,2,1,0,151,9
wpi6g174242653912y4,CC8.png,Right,2,1,2,1,1,0,0,1,2,0,0,34,88,2,1,0,1,2,1,1,0,0,1,1,0,0,0,0,1,1,0,133,9
wpi6g174242653912y4,CC9.png,Right,0,0,0,0,0,0,0,2,0,1,0,25,81,0,0,0,0,0,0,0,0,0,1,0,1,0,0,0,0,0,0,109,2
wpi6g174242653912y4,P1.png,Left,3,5,2,1,1,3,1,6,0,1,1,98,32,4,4,1,2,2,1,1,3,1,2,0,1,1,0,0,4,2,1,160,21
wpi6g174242653912y4,P10.png,Right,6,8,3,6,2,3,1,3,1,4,0,102,39,5,4,0,5,2,3,2,3,1,3,1,2,0,0,0,4,4,0,181,30
wpi6g174242653912y4,P11.png,Right,4,10,17,8,1,1,4,17,4,4,10,206,52,9,2,1,5,9,5,1,1,4,9,3,4,5,0,0,6,2,1,346,55
wpi6g174242653912y4,P12.png,Right,3,6,3,4,2,0,0,16,3,3,4,114,94,10,6,0,3,3,3,2,0,0,11,3,2,3,0,0,7,6,0,265,43
wpi6g174242653912y4,P2.png,Left,9,8,6,13,3,8,4,35,14,5,10,265,103,12,12,1,6,3,8,3,7,4,14,9,5,7,0,0,9,8,1,499,84
wpi6g174242653912y4,P3.png,Left,11,8,2,12,3,5,4,15,6,2,8,247,82,4,5,4,5,2,8,2,5,4,9,3,2,5,0,0,3,4,2,407,54
wpi6g174242653912y4,P4.png,Left,2,8,1,4,0,3,0,4,2,0,0,61,61,6,3,0,4,1,2,0,1,0,3,1,0,0,0,0,3,3,0,153,18
wpi6g174242653912y4,P5.png,Left,3,2,2,4,0,3,2,1,0,0,2,66,31,3,3,0,2,1,4,0,2,2,1,0,0,2,0,0,1,3,0,119,18
wpi6g174242653912y4,P6.png,Left,2,5,0,11,0,1,2,2,3,3,2,83,57,5,6,2,2,0,5,0,1,1,2,3,2,2,0,0,5,5,2,182,30
wpi6g174242653912y4,P7.png,Right,6,7,6,5,2,5,1,7,1,3,1,115,68,7,10,1,6,6,4,2,3,1,4,1,2,1,0,0,4,7,1,239,42
wpi6g174242653912y4,P8.png,Right,5,3,2,1,2,4,0,15,5,1,0,60,36,4,3,0,3,2,1,1,2,0,6,1,1,0,0,0,2,3,0,136,22
wpi6g174242653912y4,P9.png,Right,4,7,2,10,0,2,1,10,3,2,0,88,38,10,1,0,6,2,7,0,2,1,5,2,2,0,0,0,7,1,0,174,35
wpi61746o30516n7434,CC1.png,Left,14,8,23,95,68,86,27,148,43,30,70,1594,406,34,45,11,2,2,15,4,16,5,11,13,8,16,0,0,8,9,5,2688,114
wpi61746o30516n7434,CC10.png,Right,31,54,143,80,35,53,76,154,39,24,71,2075,281,35,54,20,8,28,13,11,14,21,16,8,4,14,0,0,11,15,5,3194,168
wpi61746o30516n7434,CC11.png,Right,21,17,78,80,20,43,65,68,54,16,23,1442,482,31,26,19,5,11,12,7,7,16,13,8,2,6,0,0,9,7,4,2464,107
wpi61746o30516n7434,CC12.png,Right,31,26,91,121,38,78,46,219,31,2,23,2222,1342,62,70,9,9,21,20,11,14,12,25,5,1,6,0,0,15,16,3,4380,158
wpi61746o30516n7434,CC2.png,Left,28,87,51,141,88,48,71,218,240,124,68,2867,749,73,97,7,10,13,26,9,12,15,36,30,22,25,0,0,19,23,2,4929,242
wpi61746o30516n7434,CC3.png,Left,27,28,38,111,57,27,31,151,94,14,21,1564,342,13,39,9,6,14,16,12,9,10,18,10,2,5,0,0,3,13,3,2539,121
wpi61746o30516n7434,CC4.png,Left,17,21,22,58,10,63,43,67,24,6,41,1032,139,35,49,4,5,5,15,3,15,10,12,7,1,9,0,0,8,13,2,1614,105
wpi61746o30516n7434,CC5.png,Left,16,18,62,201,2,36,49,189,174,86,114,2076,258,53,101,10,6,6,35,1,10,14,29,17,8,24,0,0,12,28,2,3429,192
wpi61746o30516n7434,CC6.png,Left,21,50,69,104,30,127,57,239,166,36,115,2673,3267,75,45,27,5,12,15,7,16,14,25,21,12,24,0,0,14,10,2,7080,177
wpi61746o30516n7434,CC7.png,Right,31,26,119,72,109,46,70,146,52,13,34,2118,653,34,50,21,8,27,11,19,6,23,22,12,3,11,0,0,11,9,8,3563,170
wpi61746o30516n7434,CC8.png,Right,18,167,81,60,54,31,39,54,46,28,47,1703,807,45,37,11,14,14,12,14,5,11,12,9,7,13,0,0,12,8,4,3210,135
wpi61746o30516n7434,CC9.png,Right,28,86,44,103,60,81,42,14,9,3,12,1775,617,16,42,10,8,12,16,10,17,12,3,2,1,3,0,0,3,10,3,2914,100
wpi61746o30516n7434,P1.png,Left,89,23,120,277,125,173,177,437,35,16,88,3094,594,61,55,10,4,28,51,24,35,39,30,8,6,23,0,0,5,14,3,5285,270
wpi61746o30516n7434,P10.png,Right,42,24,128,188,107,154,67,163,47,27,34,3118,1282,29,51,33,6,24,24,17,16,21,16,12,8,11,0,0,10,13,5,5452,183
wpi61746o30516n7434,P11.png,Right,65,7,392,144,239,50,178,259,288,125,151,3592,744,43,51,68,2,69,17,41,13,39,41,35,19,39,0,0,14,18,13,6331,360
wpi61746o30516n7434,P12.png,Right,63,99,165,214,89,144,194,437,145,24,93,4470,1197,101,93,12,13,40,28,25,29,44,37,27,7,22,0,0,26,29,2,7477,329
wpi61746o30516n7434,P2.png,Left,25,86,45,116,82,47,74,171,78,53,70,2298,872,44,43,4,13,10,29,11,14,18,24,15,6,17,0,0,13,14,1,4083,185
wpi61746o30516n7434,P3.png,Left,27,17,65,96,8,83,18,136,70,77,116,1906,500,24,75,48,5,10,25,2,16,7,17,9,17,23,0,0,9,18,9,3239,167
wpi61746o30516n7434,P4.png,Left,12,22,8,64,12,36,27,30,27,9,10,753,216,24,19,4,7,4,15,2,8,7,8,7,3,2,0,0,7,6,1,1261,77
wpi61746o30516n7434,P5.png,Left,29,59,33,144,31,58,62,351,110,53,39,2293,1520,74,148,29,8,6,27,6,13,17,32,16,9,13,0,0,18,28,6,5004,199
wpi61746o30516n7434,P6.png,Left,20,27,49,100,59,19,51,155,115,21,23,2110,1814,37,36,7,5,13,16,8,4,10,15,12,6,8,0,0,6,8,1,4623,112
wpi61746o30516n7434,P7.png,Right,12,10,33,62,26,23,4,77,39,4,23,729,306,6,7,0,3,5,6,3,5,1,5,5,2,5,0,0,2,3,0,1349,45
wpi61746o30516n7434,P8.png,Right,44,108,106,95,75,79,65,93,14,6,32,2155,1265,29,63,39,16,26,21,22,14,21,12,3,1,9,0,0,9,17,7,4224,178
wpi61746o30516n7434,P9.png,Right,86,31,260,244,104,127,208,200,161,20,144,3744,909,11,86,9,7,56,39,33,26,50,23,26,6,31,0,0,3,20,3,6258,323
wpi617337j6800257n0,IC1.png,Left,48,0,38,76,74,402,98,134,0,8,41,3445,2412,0,3,302,0,8,22,25,69,24,9,0,3,13,0,0,0,1,48,7033,222
wpi617337j6800257n0,IC10.png,Right,24,4,36,47,60,64,37,55,21,32,6,946,250,12,20,25,1,13,7,10,6,8,8,2,3,2,0,0,2,7,6,1615,75
wpi617337j6800257n0,IC11.png,Right,8,16,26,4,26,36,38,11,0,2,27,592,156,10,14,16,3,8,2,5,4,6,4,0,1,7,0,0,3,5,3,974,51
wpi617337j6800257n0,IC12.png,Right,67,13,75,148,202,404,253,68,22,64,29,3893,1157,29,33,55,4,21,28,27,40,49,16,5,6,8,0,0,7,8,8,6445,227
wpi617337j6800257n0,IC2.png,Left,83,0,38,228,82,585,104,80,19,84,149,4023,2361,2,22,259,0,11,52,20,110,32,13,5,21,43,0,0,1,8,50,8036,366
wpi617337j6800257n0,IC3.png,Left,24,122,28,175,42,203,46,33,220,108,128,3140,1128,38,78,95,14,7,33,3,20,14,11,28,17,33,0,0,11,16,6,5584,213
wpi617337j6800257n0,IC4.png,Left,3,8,0,8,0,28,2,55,27,21,23,681,184,0,0,15,2,0,3,0,4,1,4,5,4,7,0,0,0,0,3,1052,33
wpi617337j6800257n0,IC5.png,Left,23,31,6,136,0,114,50,80,46,90,57,1994,625,37,38,123,9,3,23,0,19,8,16,12,8,14,0,0,11,11,16,3427,150
wpi617337j6800257n0,IC6.png,Left,58,16,35,239,23,270,36,125,72,41,121,3077,1355,19,39,143,4,15,40,10,54,14,13,11,13,28,0,0,5,11,28,5611,246
wpi617337j6800257n0,IC7.png,Right,29,12,34,440,4,47,34,22,3,6,10,2808,606,9,23,0,5,11,24,2,14,9,5,1,2,4,0,0,4,6,0,4058,87
wpi617337j6800257n0,IC8.png,Right,44,35,86,232,86,198,130,50,30,43,36,2629,1147,20,21,2,8,20,28,14,23,27,12,5,4,7,0,0,5,7,1,4745,161
wpi617337j6800257n0,IC9.png,Right,30,10,85,79,171,62,94,103,28,20,18,2036,1029,18,30,63,2,20,15,21,11,21,21,6,6,6,0,0,6,6,14,3846,155
wpi617337j6800257n0,P1.png,Left,10,0,8,56,17,87,40,41,0,20,7,1117,383,2,52,70,0,3,13,5,15,7,6,0,2,3,0,0,1,8,9,1900,72
wpi617337j6800257n0,P10.png,Right,62,0,231,37,175,165,78,49,7,13,50,1956,162,3,19,49,0,35,13,31,19,21,9,3,4,13,0,0,1,6,13,2994,168
wpi617337j6800257n0,P11.png,Right,55,10,159,25,232,154,99,286,25,37,50,2821,664,12,46,193,3,29,9,45,20,24,17,9,11,14,0,0,5,12,22,4813,220
wpi617337j6800257n0,P12.png,Right,113,9,545,30,775,60,228,245,102,156,222,5806,3699,35,158,318,3,101,10,123,15,64,39,29,29,58,0,0,10,30,59,12388,570
wpi617337j6800257n0,P2.png,Left,80,63,62,296,100,233,111,62,107,48,163,3684,595,31,46,94,9,15,62,19,54,33,18,23,16,45,0,0,11,17,17,5695,339
wpi617337j6800257n0,P3.png,Left,288,3,75,921,90,3014,593,137,62,203,412,12569,3078,9,83,1233,1,25,201,30,437,158,35,18,34,128,0,0,2,16,216,22482,1301
wpi617337j6800257n0,P4.png,Left,17,25,8,75,24,162,30,17,0,14,60,914,71,0,2,9,2,3,12,3,26,10,3,0,5,16,0,0,0,1,3,1411,84
wpi617337j6800257n0,P5.png,Left,100,0,14,420,3,617,97,155,52,470,288,4136,424,22,45,79,0,6,86,1,98,32,28,16,37,86,0,0,7,15,18,6822,430
wpi617337j6800257n0,P6.png,Left,30,21,6,87,7,300,15,56,168,90,193,2548,332,15,35,121,6,2,31,3,62,5,13,24,17,51,0,0,7,8,19,3994,248
wpi617337j6800257n0,P7.png,Right,15,7,80,4,221,77,35,42,20,25,23,1693,191,9,74,82,3,17,2,42,5,12,12,4,7,9,0,0,4,16,20,2583,153
wpi617337j6800257n0,P8.png,Right,17,4,40,5,263,61,15,56,45,38,69,2887,1267,9,15,252,2,10,2,54,12,7,10,14,10,18,0,0,4,2,45,5026,190
wpi617337j6800257n0,P9.png,Right,64,2,219,10,479,62,119,102,40,89,99,3117,1027,8,60,192,1,43,4,85,17,34,17,14,14,26,0,0,3,15,39,5625,312
wpi61l736995524u302,CC1.png,Left,13,14,10,32,7,9,17,77,3,0,2,589,547,11,3,0,7,8,9,4,4,7,20,2,0,1,0,0,8,3,0,1321,73
wpi61l736995524u302,CC10.png,Right,2,14,1,10,0,4,4,2,2,1,0,275,543,2,2,4,4,1,5,0,3,3,1,1,1,0,0,0,1,1,2,864,23
wpi61l736995524u302,CC11.png,Right,23,8,47,16,34,12,25,76,43,9,25,958,283,5,23,10,3,19,8,15,6,12,25,19,5,13,0,0,4,15,2,1574,146
wpi61l736995524u302,CC12.png,Right,9,6,4,8,8,6,3,13,6,6,2,298,1803,4,7,10,4,3,4,6,2,1,6,4,3,2,0,0,2,6,4,2184,47
wpi61l736995524u302,CC2.png,Left,12,11,13,9,1,11,6,51,8,13,4,377,3070,8,15,3,6,7,7,1,6,5,14,4,6,3,0,0,4,10,2,3600,75
wpi61l736995524u302,CC3.png,Left,7,8,11,22,0,6,7,28,25,16,32,711,2285,6,10,3,5,5,8,0,5,3,11,14,11,18,0,0,2,7,2,3170,91
wpi61l736995524u302,CC4.png,Left,20,6,38,62,5,19,21,21,45,22,21,777,228,7,9,8,3,17,31,4,9,9,12,13,6,12,0,0,3,8,4,1289,131
wpi61l736995524u302,CC5.png,Left,2,5,2,3,0,1,1,20,0,0,0,189,2348,4,2,1,3,2,3,0,1,1,5,0,0,0,0,0,2,1,1,2576,19
wpi61l736995524u302,CC6.png,Left,7,10,2,9,1,7,2,17,24,10,2,441,572,6,1,1,5,1,6,1,4,1,4,11,7,2,0,0,3,1,1,1105,47
wpi61l736995524u302,CC7.png,Right,25,0,32,4,65,27,15,8,15,33,31,590,156,1,3,13,0,18,3,29,12,13,4,10,16,19,0,0,1,2,7,993,134
wpi61l736995524u302,CC8.png,Right,0,7,0,2,0,0,0,17,0,0,0,104,1560,7,5,0,4,0,1,0,0,0,7,0,0,0,0,0,3,4,0,1702,19
wpi61l736995524u302,CC9.png,Right,21,13,30,31,48,21,23,29,14,25,29,1172,1593,10,7,19,8,17,14,19,13,18,12,12,12,19,0,0,6,6,12,3064,168
wpi61l736995524u302,P1.png,Left,8,6,8,3,8,1,7,65,4,3,2,353,849,6,3,0,4,6,3,3,1,1,12,1,2,1,0,0,5,2,0,1318,41
wpi61l736995524u302,P10.png,Right,15,10,11,9,19,31,7,20,11,7,7,585,2238,7,6,10,8,7,5,11,12,5,11,2,6,7,0,0,5,5,6,2978,90
wpi61l736995524u302,P11.png,Right,1,13,2,0,1,0,0,33,12,24,9,277,3604,6,1,2,3,1,0,1,0,0,14,6,5,3,0,0,6,1,1,3984,41
wpi61l736995524u302,P12.png,Right,65,12,80,84,46,63,57,57,41,42,44,1843,6323,27,17,13,7,37,34,19,32,27,25,22,16,21,0,0,14,11,6,8749,271
wpi61l736995524u302,P2.png,Left,14,15,6,14,5,18,14,62,47,17,8,903,7013,16,20,3,10,5,10,3,12,8,20,10,6,5,0,0,9,12,3,8161,113
wpi61l736995524u302,P3.png,Left,61,8,24,82,55,57,38,7,53,52,44,1269,360,1,4,27,5,15,35,15,34,18,4,23,26,25,0,0,1,3,12,2081,216
wpi61l736995524u302,P4.png,Left,14,3,8,7,7,2,3,12,3,2,0,215,1834,4,1,10,2,5,7,6,2,2,5,3,2,0,0,0,3,1,4,2111,42
wpi61l736995524u302,P5.png,Left,5,7,13,5,3,2,6,30,31,22,9,690,1468,13,7,1,3,7,5,2,2,5,13,14,6,6,0,0,4,6,1,2307,74
wpi61l736995524u302,P6.png,Left,6,13,21,18,8,2,4,74,5,2,2,456,1813,8,8,1,9,10,11,1,2,3,19,4,2,2,0,0,5,5,1,2435,74
wpi61l736995524u302,P7.png,Right,22,31,17,16,12,22,17,97,25,14,20,992,3874,21,19,2,17,10,9,10,10,9,33,9,8,15,0,0,14,12,2,5179,158
wpi61l736995524u302,P8.png,Right,6,2,16,5,3,2,1,7,5,2,3,245,1620,0,1,2,2,7,4,3,2,1,3,5,1,3,0,0,0,1,1,1914,33
wpi61l736995524u302,P9.png,Right,8,8,37,7,9,8,1,80,27,5,8,682,4464,10,21,5,5,14,3,5,1,1,23,11,3,1,0,0,5,7,3,5372,82
wpi6172z971436g3640,CC1.png,Left,3,17,1,16,4,6,5,6,6,5,5,251,158,2,7,2,5,1,11,2,3,4,5,6,4,5,0,0,2,6,1,491,55
wpi6172z971436g3640,CC10.png,Right,2,2,1,2,1,0,1,5,0,0,0,51,332,2,2,0,1,1,1,1,0,1,2,0,0,0,0,0,2,1,0,399,10
wpi6172z971436g3640,CC11.png,Right,4,2,7,1,3,0,0,29,6,5,2,161,263,2,1,0,2,6,1,2,0,0,12,6,5,2,0,0,2,1,0,482,39
wpi6172z971436g3640,CC12.png,Right,0,0,0,0,0,0,0,1,0,0,0,4,498,0,0,0,0,0,0,0,0,0,1,0,0,0,0,0,0,0,0,503,1
wpi6172z971436g3640,CC2.png,Left,0,0,2,0,0,0,0,32,0,0,0,99,240,0,3,0,0,1,0,0,0,0,5,0,0,0,0,0,0,3,0,376,9
wpi6172z971436g3640,CC3.png,Left,9,5,4,4,3,6,4,14,3,9,1,180,220,2,5,5,3,3,4,3,5,3,6,3,6,1,0,0,2,5,3,465,47
wpi6172z971436g3640,CC4.png,Left,0,0,0,0,0,0,0,32,0,0,0,107,288,0,1,0,0,0,0,0,0,0,2,0,0,0,0,0,0,1,0,428,3
wpi6172z971436g3640,CC5.png,Left,6,29,5,12,1,7,1,50,24,3,7,373,230,22,13,7,14,3,10,1,5,1,18,9,3,5,0,0,13,9,4,784,95
wpi6172z971436g3640,CC6.png,Left,0,1,3,0,0,0,0,66,0,0,0,155,391,4,1,0,1,3,0,0,0,0,8,0,0,0,0,0,2,1,0,621,15
wpi6172z971436g3640,CC7.png,Right,22,8,5,17,3,29,9,3,0,0,1,441,408,0,5,8,4,4,11,3,16,7,3,0,0,1,0,0,0,4,6,937,59
wpi6172z971436g3640,CC8.png,Right,4,4,0,4,0,2,2,25,0,0,0,142,583,1,1,0,2,0,4,0,2,2,2,0,0,0,0,0,1,1,0,764,14
wpi6172z971436g3640,CC9.png,Right,2,6,0,5,3,2,1,0,0,0,3,92,250,0,2,2,4,0,3,1,2,1,0,0,0,3,0,0,0,2,2,366,18
wpi6172z971436g3640,P1.png,Left,4,2,9,11,2,1,3,27,2,1,2,209,278,2,2,2,1,7,7,2,1,3,8,2,1,2,0,0,2,2,2,553,40
wpi6172z971436g3640,P10.png,Right,5,0,6,0,2,2,0,15,10,5,5,106,184,1,1,0,0,5,0,2,1,0,7,6,4,5,0,0,1,1,0,337,32
wpi6172z971436g3640,P11.png,Right,15,0,11,9,15,12,11,32,14,5,11,340,383,3,4,5,0,10,8,11,10,9,12,7,5,7,0,0,3,3,3,855,88
wpi6172z971436g3640,P12.png,Right,10,0,18,6,9,15,12,17,5,4,6,289,388,0,4,4,0,10,4,7,7,10,5,3,4,5,0,0,0,3,2,777,60
wpi6172z971436g3640,P2.png,Left,14,0,20,17,20,20,11,40,4,10,13,494,540,7,10,9,0,13,13,5,10,9,18,3,7,7,0,0,5,8,3,1215,101
wpi6172z971436g3640,P3.png,Left,4,4,5,3,2,3,1,10,1,1,0,84,317,0,1,1,3,5,2,1,2,1,4,1,1,0,0,0,0,1,1,433,22
wpi6172z971436g3640,P4.png,Left,2,12,3,5,0,2,3,16,6,0,0,131,283,3,2,1,6,3,5,0,1,2,11,5,0,0,0,0,3,2,1,467,39
wpi6172z971436g3640,P5.png,Left,1,0,0,1,1,4,0,0,1,4,2,108,430,0,1,1,0,0,1,1,3,0,0,1,2,2,0,0,0,1,1,553,12
wpi6172z971436g3640,P6.png,Left,7,0,26,16,2,7,10,22,5,17,7,277,211,3,4,0,0,15,12,2,4,10,13,4,6,7,0,0,3,4,0,607,80
wpi6172z971436g3640,P7.png,Right,10,12,9,9,7,4,4,48,23,14,8,361,389,15,11,2,8,7,5,6,3,3,25,14,10,7,0,0,12,11,2,916,113
wpi6172z971436g3640,P8.png,Right,0,3,10,4,0,0,1,35,23,2,3,187,391,7,3,0,2,8,3,0,0,1,13,12,1,3,0,0,5,3,0,669,51
wpi6172z971436g3640,P9.png,Right,21,0,20,17,15,43,12,7,4,4,4,343,228,0,1,13,0,10,9,10,21,12,1,3,3,3,0,0,0,1,6,711,79
wpi61743350pn510653,CC1.png,Left,9,4,6,14,10,38,10,2,66,48,26,773,847,0,2,4,1,2,4,5,14,5,1,13,14,10,0,0,0,1,2,1850,72
wpi61743350pn510653,CC10.png,Right,4,0,0,10,4,18,4,0,0,0,0,158,665,0,0,2,0,0,2,1,5,2,0,0,0,0,0,0,0,0,1,861,11
wpi61743350pn510653,CC11.png,Right,31,12,38,40,52,48,26,2,0,0,20,780,685,2,2,8,3,12,14,15,16,11,1,0,0,8,0,0,1,1,4,1715,86
wpi61743350pn510653,CC12.png,Right,14,14,10,62,4,24,18,2,0,0,0,804,2060,0,2,0,4,4,14,2,6,5,1,0,0,0,0,0,0,1,0,3000,37
wpi61743350pn510653,CC2.png,Left,9,8,16,22,20,20,10,12,46,48,22,737,2397,8,6,8,1,7,8,4,9,4,4,18,15,11,0,0,4,3,3,3380,91
wpi61743350pn510653,CC3.png,Left,4,12,0,10,2,4,6,0,101,94,22,952,979,0,0,2,5,0,4,1,2,2,0,23,21,9,0,0,0,0,1,2184,68
wpi61743350pn510653,CC4.png,Left,10,2,10,10,12,8,14,6,20,20,6,340,456,2,8,2,1,5,4,3,4,5,3,6,5,3,0,0,1,3,1,916,44
wpi61743350pn510653,CC5.png,Left,3,8,0,12,0,18,0,0,66,92,18,1008,694,6,9,6,3,0,4,0,6,0,0,15,22,7,0,0,2,3,3,1937,65
wpi61743350pn510653,CC6.png,Left,1,8,0,4,0,10,0,0,51,84,10,713,632,2,0,6,4,0,1,0,2,0,0,13,14,5,0,0,1,0,3,1520,43
wpi61743350pn510653,CC7.png,Right,16,12,6,32,8,36,16,0,0,0,0,447,568,2,4,2,3,2,11,3,10,6,0,0,0,0,0,0,1,2,1,1133,39
wpi61743350pn510653,CC8.png,Right,22,2,4,60,18,56,18,2,0,0,0,656,1014,0,2,2,1,2,14,6,12,9,1,0,0,0,0,0,0,1,1,1834,47
wpi61743350pn510653,CC9.png,Right,5,2,0,34,2,14,4,0,0,0,0,295,1817,0,0,6,1,0,4,1,5,2,0,0,0,0,0,0,0,0,3,2174,16
wpi61743350pn510653,P1.png,Left,1,6,0,8,0,12,0,4,58,46,12,564,622,6,0,2,3,0,4,0,1,0,2,14,9,4,0,0,3,0,1,1340,41
wpi61743350pn510653,P10.png,Right,49,11,14,80,64,106,38,2,4,8,16,1228,829,4,8,12,5,4,28,17,24,16,1,1,3,5,0,0,2,3,5,2424,114
wpi61743350pn510653,P11.png,Right,30,6,12,119,40,54,42,0,0,0,8,1194,845,2,4,8,3,5,24,11,15,13,0,0,0,4,0,0,1,2,3,2334,81
wpi61743350pn510653,P12.png,Right,40,56,30,118,22,78,54,2,6,4,8,1567,1871,8,8,2,9,12,28,10,23,23,1,3,2,2,0,0,3,4,1,3834,121
wpi61743350pn510653,P2.png,Left,1,6,2,2,0,2,0,6,22,24,2,332,2455,0,0,0,3,1,1,0,1,0,2,7,6,1,0,0,0,0,0,2853,22
wpi61743350pn510653,P3.png,Left,5,24,0,22,0,10,2,10,96,34,34,958,905,12,20,4,10,0,7,0,4,1,5,19,12,12,0,0,5,6,2,2131,83
wpi61743350pn510653,P4.png,Left,8,4,2,10,0,14,0,4,52,46,50,520,153,2,2,0,1,1,5,0,5,0,2,12,12,12,0,0,1,1,0,859,52
wpi61743350pn510653,P5.png,Left,2,6,6,4,2,0,4,2,6,10,8,240,1339,0,4,2,2,2,1,1,0,1,1,3,3,3,0,0,0,2,1,1633,20
wpi61743350pn510653,P6.png,Left,3,12,4,4,2,6,4,2,86,62,30,882,1222,0,4,4,4,2,2,1,3,1,1,16,20,12,0,0,0,2,1,2324,65
wpi61743350pn510653,P7.png,Right,20,26,6,52,10,42,12,0,8,4,8,656,888,2,4,4,7,2,13,3,12,5,0,2,2,1,0,0,1,2,2,1722,52
wpi61743350pn510653,P8.png,Right,26,12,10,64,10,102,14,6,16,6,4,1052,1091,0,4,0,6,4,15,3,17,5,1,5,3,1,0,0,0,2,0,2391,62
wpi61743350pn510653,P9.png,Right,18,10,0,70,4,74,24,0,0,0,0,722,1311,0,0,2,2,0,15,2,12,7,0,0,0,0,0,0,0,0,1,2217,39
wpi61c73t3962767618,IC1.png,Left,49,0,80,72,97,63,106,12,14,14,36,1018,72,0,14,10,0,26,20,20,20,31,4,4,2,12,0,0,0,3,5,1608,147
wpi61c73t3962767618,IC10.png,Right,37,0,34,87,52,96,88,0,0,2,2,718,14,0,0,14,0,8,19,12,21,27,0,0,1,1,0,0,0,0,3,1107,92
wpi61c73t3962767618,IC11.png,Right,32,20,59,100,42,47,58,0,4,14,37,1277,421,4,10,2,6,17,24,14,10,19,0,2,4,13,0,0,2,5,1,2095,117
wpi61c73t3962767618,IC12.png,Right,30,0,116,22,287,58,107,0,0,20,49,1266,12,0,2,18,0,15,6,34,14,23,0,0,5,10,0,0,0,1,6,1957,114
wpi61c73t3962767618,IC2.png,Left,129,182,68,417,88,328,146,84,325,196,250,5885,2186,60,82,104,33,26,121,30,95,57,30,100,49,91,0,0,22,32,31,10401,717
wpi61c73t3962767618,IC3.png,Left,78,12,20,325,82,285,170,10,78,26,95,2219,152,0,6,34,5,8,52,23,59,48,4,15,8,29,0,0,0,3,11,3514,265
wpi61c73t3962767618,IC4.png,Left,21,0,36,82,2,128,34,8,56,82,116,834,20,0,6,16,0,6,20,1,26,13,3,17,18,33,0,0,0,3,3,1420,143
wpi61c73t3962767618,IC5.png,Left,27,22,32,72,18,112,20,6,30,64,43,1303,272,10,14,46,2,6,19,6,21,9,3,8,10,17,0,0,3,4,9,2064,117
wpi61c73t3962767618,IC6.png,Left,29,2,22,88,28,126,38,18,72,153,92,1434,188,0,8,34,1,10,27,8,26,16,3,21,23,31,0,0,0,3,10,2303,179
wpi61c73t3962767618,IC7.png,Right,53,54,138,214,88,80,70,10,43,8,54,1607,4,2,58,18,10,28,29,24,18,27,3,7,3,16,0,0,1,15,3,2448,184
wpi61c73t3962767618,IC8.png,Right,26,72,112,36,46,10,26,696,132,40,69,3085,1984,164,154,2,17,34,8,13,4,10,85,39,17,19,0,0,49,46,1,6628,342
wpi61c73t3962767618,IC9.png,Right,50,6,84,38,194,54,90,20,14,18,73,1350,138,2,26,40,3,24,14,48,18,29,6,5,6,24,0,0,1,8,11,2147,197
wpi61c73t3962767618,P1.png,Left,32,2,6,154,72,140,58,2,26,24,58,1140,6,0,4,10,1,3,24,15,30,20,1,8,6,19,0,0,0,2,1,1702,130
wpi61c73t3962767618,P10.png,Right,24,30,52,10,54,4,14,44,38,42,38,1120,1929,10,10,10,9,18,4,19,2,5,11,15,14,14,0,0,4,5,4,3405,124
wpi61c73t3962767618,P11.png,Right,22,8,125,4,88,2,16,137,367,154,138,2031,234,2,54,8,2,32,2,19,1,3,24,52,27,43,0,0,1,13,4,3368,223
wpi61c73t3962767618,P12.png,Right,32,26,82,122,50,46,127,36,31,46,30,1734,511,22,30,16,8,23,22,19,11,29,7,6,15,12,0,0,8,13,4,2909,177
wpi61c73t3962767618,P2.png,Left,57,30,34,113,96,140,41,28,59,46,48,1832,984,14,23,59,9,9,36,34,41,17,9,21,18,20,0,0,5,10,22,3547,251
wpi61c73t3962767618,P3.png,Left,73,100,104,258,38,128,66,452,76,140,96,4611,1815,158,166,108,25,30,61,16,44,23,71,24,41,37,0,0,52,58,28,8316,510
wpi61c73t3962767618,P4.png,Left,14,0,6,70,8,75,10,8,30,23,80,849,114,0,6,44,0,2,11,3,18,5,1,11,7,19,0,0,0,3,11,1323,91
wpi61c73t3962767618,P5.png,Left,84,8,12,306,44,403,114,6,326,96,344,3533,98,0,12,94,4,4,80,14,91,38,3,61,27,98,0,0,0,5,24,5396,449
wpi61c73t3962767618,P6.png,Left,42,2,26,68,72,183,46,8,21,24,66,1280,429,2,0,44,1,10,24,19,37,18,4,10,10,25,0,0,1,0,9,2271,168
wpi61c73t3962767618,P7.png,Right,48,0,120,72,196,89,90,0,8,61,108,1666,180,0,0,88,0,27,20,48,14,32,0,4,16,29,0,0,0,0,18,2678,208
wpi61c73t3962767618,P8.png,Right,97,28,204,82,324,83,134,20,56,152,144,3246,390,2,48,128,7,67,30,78,26,43,7,22,44,46,0,0,1,15,30,5041,416
wpi61c73t3962767618,P9.png,Right,88,0,266,102,332,59,176,71,62,84,104,2190,90,0,24,52,0,63,17,77,10,51,14,14,12,35,0,0,0,8,13,3612,314
wpi6174231530i78e83,IC1.png,Left,10,42,16,42,12,5,17,48,79,12,32,1377,461,8,27,6,17,5,17,5,2,9,15,25,5,15,0,0,4,12,2,2184,133
wpi6174231530i78e83,IC10.png,Right,15,9,9,17,18,16,10,2,0,4,13,299,154,0,6,1,4,4,8,6,7,4,1,0,2,4,0,0,0,3,1,558,44
wpi6174231530i78e83,IC11.png,Right,17,4,19,24,9,21,11,2,8,5,4,366,128,0,0,0,2,7,8,4,6,4,1,3,3,2,0,0,0,0,0,601,40
wpi6174231530i78e83,IC12.png,Right,9,3,6,13,15,16,5,2,6,6,14,229,147,2,10,6,1,3,5,7,6,3,1,3,3,5,0,0,1,5,3,480,46
wpi6174231530i78e83,IC2.png,Left,5,2,4,6,2,10,8,14,21,15,6,249,156,4,6,0,1,2,4,1,4,3,4,9,6,3,0,0,2,3,0,503,42
wpi6174231530i78e83,IC3.png,Left,7,2,11,11,10,16,10,4,22,29,17,367,126,0,4,5,1,4,6,4,6,5,2,11,10,9,0,0,0,2,3,634,63
wpi6174231530i78e83,IC4.png,Left,4,2,0,12,3,2,0,0,15,11,8,272,214,1,0,2,1,0,5,1,1,0,0,4,5,3,0,0,1,0,1,542,22
wpi6174231530i78e83,IC5.png,Left,0,0,0,0,0,0,0,0,10,6,0,174,497,0,0,0,0,0,0,0,0,0,0,3,2,0,0,0,0,0,0,687,5
wpi6174231530i78e83,IC6.png,Left,3,8,2,12,0,6,2,4,27,10,8,257,136,1,4,0,3,1,4,0,2,1,2,7,5,4,0,0,1,2,0,477,32
wpi6174231530i78e83,IC7.png,Right,2,0,4,5,0,6,0,0,0,0,0,133,302,0,1,0,0,1,3,0,1,0,0,0,0,0,0,0,0,1,0,451,6
wpi6174231530i78e83,IC8.png,Right,5,15,20,32,0,9,6,20,5,0,4,403,127,6,10,0,7,9,9,0,3,3,6,3,0,2,0,0,3,4,0,657,49
wpi6174231530i78e83,IC9.png,Right,17,5,20,11,8,21,20,6,2,4,6,355,132,0,2,4,3,9,4,5,8,7,2,1,2,4,0,0,0,1,2,596,48
wpi6174231530i78e83,P1.png,Left,2,2,2,24,0,2,2,1,45,28,2,566,239,0,8,2,1,1,5,0,1,1,1,9,6,1,0,0,0,2,1,923,29
wpi6174231530i78e83,P10.png,Right,54,9,18,107,11,168,43,0,0,2,0,1631,578,0,4,4,5,5,31,4,34,18,0,0,1,0,0,0,0,2,2,2575,102
wpi6174231530i78e83,P11.png,Right,21,24,19,48,9,29,20,2,0,2,1,683,211,2,8,2,4,9,15,5,11,10,1,0,1,1,0,0,1,3,1,1060,62
wpi6174231530i78e83,P12.png,Right,30,67,46,97,16,30,31,20,8,2,11,1261,141,16,37,0,18,16,27,8,11,13,8,4,1,6,0,0,7,13,0,1783,132
wpi6174231530i78e83,P2.png,Left,16,47,5,34,10,16,4,43,47,23,19,968,62,25,29,2,12,3,17,5,6,2,13,13,7,8,0,0,9,13,1,1334,109
wpi6174231530i78e83,P3.png,Left,30,39,5,110,7,68,24,71,55,38,76,1579,32,16,69,13,17,3,41,3,29,11,18,18,15,37,0,0,7,26,5,2202,230
wpi6174231530i78e83,P4.png,Left,0,16,0,11,0,0,0,8,32,6,4,562,212,4,14,2,4,0,3,0,0,0,3,3,2,2,0,0,2,6,1,871,26
wpi6174231530i78e83,P5.png,Left,3,40,2,16,6,2,2,10,211,44,23,1614,206,4,10,0,12,1,9,1,1,1,4,33,14,11,0,0,2,5,0,2190,94
wpi6174231530i78e83,P6.png,Left,2,0,0,4,0,6,0,2,8,25,0,492,726,0,0,4,0,0,2,0,2,0,1,4,5,0,0,0,0,0,1,1267,15
wpi6174231530i78e83,P7.png,Right,26,122,72,130,28,25,44,22,18,14,15,2011,49,30,54,6,30,26,31,12,6,16,10,8,5,7,0,0,15,25,2,2640,193
wpi6174231530i78e83,P8.png,Right,81,59,116,336,33,118,96,36,14,2,7,3555,489,23,53,2,26,49,81,16,36,41,14,7,1,4,0,0,10,22,1,4939,308
wpi6174231530i78e83,P9.png,Right,62,128,74,260,61,114,109,25,4,1,25,3454,435,12,32,10,24,33,58,21,31,42,12,3,1,7,0,0,5,14,4,4744,255
wpi61731yu427650316,IC1.png,Left,15,8,7,17,7,28,23,3,11,15,10,630,324,0,1,11,4,5,7,6,12,10,1,6,5,4,0,0,0,1,4,1095,65
wpi61731yu427650316,IC10.png,Right,8,24,8,14,9,23,13,4,0,4,2,494,230,0,0,2,1,3,1,4,4,4,2,0,2,1,0,0,0,0,1,827,23
wpi61731yu427650316,IC11.png,Right,8,11,21,6,7,23,4,9,8,8,7,397,510,3,9,9,3,6,3,3,3,2,5,2,4,3,0,0,2,3,4,1032,43
wpi61731yu427650316,IC12.png,Right,13,1,10,9,19,18,14,10,5,4,5,568,512,4,0,6,1,5,4,6,6,6,4,2,3,4,0,0,2,0,2,1185,45
wpi61731yu427650316,IC2.png,Left,39,8,41,34,77,35,60,59,22,25,32,1382,1942,9,12,6,6,17,16,18,17,24,10,8,6,13,0,0,5,7,3,3744,150
wpi61731yu427650316,IC3.png,Left,19,6,4,22,14,40,24,12,6,13,9,450,839,0,2,17,3,3,11,7,16,8,6,2,4,5,0,0,0,2,6,1458,73
wpi61731yu427650316,IC4.png,Left,6,1,29,12,5,8,13,1,7,25,10,432,289,0,0,7,1,5,4,3,3,6,1,4,8,4,0,0,0,0,2,839,41
wpi61731yu427650316,IC5.png,Left,23,5,4,16,5,25,11,4,40,25,35,869,152,3,2,23,2,3,10,3,12,5,2,11,5,11,0,0,1,1,6,1219,72
wpi61731yu427650316,IC6.png,Left,8,1,3,11,11,13,7,1,22,16,19,826,319,1,3,7,1,2,3,4,7,5,1,6,4,7,0,0,1,1,2,1260,44
wpi61731yu427650316,IC7.png,Right,11,6,14,11,21,13,10,3,7,7,12,682,210,0,2,11,1,8,3,8,5,6,2,3,5,7,0,0,0,1,5,1009,54
wpi61731yu427650316,IC8.png,Right,14,120,22,7,32,3,5,3,2,1,0,904,378,3,5,3,7,8,3,8,2,3,2,1,1,0,0,0,3,3,2,1488,43
wpi61731yu427650316,IC9.png,Right,19,7,15,21,13,15,12,5,9,14,15,878,837,1,0,6,3,8,8,7,6,7,3,6,6,6,0,0,1,0,4,1848,65
wpi61731yu427650316,P1.png,Left,8,9,8,9,5,13,7,11,10,4,5,352,479,0,1,13,1,5,5,3,5,3,4,5,3,4,0,0,0,1,5,926,44
wpi61731yu427650316,P10.png,Right,7,3,26,6,11,15,28,6,18,7,5,402,429,3,4,7,1,7,3,3,4,8,4,5,4,3,0,0,1,2,4,970,49
wpi61731yu427650316,P11.png,Right,26,11,36,21,64,28,24,45,25,34,67,953,2603,18,10,22,5,15,9,25,13,11,9,6,8,19,0,0,7,4,10,3961,141
wpi61731yu427650316,P12.png,Right,24,0,48,79,35,52,50,74,25,3,17,1043,280,1,23,20,0,21,14,14,16,20,18,10,2,8,0,0,1,11,6,1750,141
wpi61731yu427650316,P2.png,Left,31,5,40,116,4,102,37,66,33,80,74,1226,57,3,23,14,1,15,31,1,30,17,16,12,15,27,0,0,2,9,6,1880,182
wpi61731yu427650316,P3.png,Left,3,113,6,47,0,8,2,20,28,13,18,1004,399,22,8,7,12,4,13,0,5,1,9,10,7,9,0,0,5,5,5,1695,85
wpi61731yu427650316,P4.png,Left,10,3,11,20,6,8,5,7,23,9,7,332,329,0,1,16,1,7,9,2,4,4,4,4,4,4,0,0,0,1,4,777,48
wpi61731yu427650316,P5.png,Left,6,72,9,22,4,6,5,3,30,10,17,1140,475,1,8,10,8,5,5,3,3,3,2,9,5,5,0,0,1,3,2,1812,54
wpi61731yu427650316,P6.png,Left,12,2,13,24,9,22,16,2,33,14,39,416,976,0,1,5,1,6,9,3,6,7,2,11,8,12,0,0,0,1,2,1572,68
wpi61731yu427650316,P7.png,Right,7,2,36,7,15,4,18,20,5,2,11,562,866,0,19,8,1,15,5,6,3,9,9,3,2,4,0,0,0,7,3,1575,67
wpi61731yu427650316,P8.png,Right,4,2,24,9,2,9,11,11,6,9,11,357,766,2,0,19,1,6,5,1,2,5,3,3,5,5,0,0,1,0,5,1238,42
wpi61731yu427650316,P9.png,Right,21,3,29,15,31,41,30,16,11,5,12,736,872,5,10,11,2,15,7,11,6,11,8,5,2,8,0,0,4,5,5,1827,89
wpi6174k4125s614559,CC1.png,Left,0,0,0,0,0,0,0,0,0,0,0,1380,0,0,0,0,0,0,0,0,0,0,0,0,0,0,0,0,0,0,0,1380,0
wpi6174k4125s614559,CC10.png,Right,0,0,0,0,0,0,0,0,0,0,0,658,0,0,0,0,0,0,0,0,0,0,0,0,0,0,0,0,0,0,0,658,0
wpi6174k4125s614559,CC11.png,Right,0,0,0,0,0,0,0,0,0,0,0,951,0,0,0,0,0,0,0,0,0,0,0,0,0,0,0,0,0,0,0,951,0
wpi6174k4125s614559,CC12.png,Right,0,0,0,0,0,0,0,0,0,0,0,698,0,0,0,0,0,0,0,0,0,0,0,0,0,0,0,0,0,0,0,698,0
wpi6174k4125s614559,CC2.png,Left,0,0,0,0,0,0,0,0,0,0,0,2485,0,0,0,0,0,0,0,0,0,0,0,0,0,0,0,0,0,0,0,2485,0
wpi6174k4125s614559,CC3.png,Left,0,0,0,0,0,0,0,0,0,0,0,1122,0,0,0,0,0,0,0,0,0,0,0,0,0,0,0,0,0,0,0,1122,0
wpi6174k4125s614559,CC4.png,Left,0,0,0,0,0,0,0,0,0,0,0,622,0,0,0,0,0,0,0,0,0,0,0,0,0,0,0,0,0,0,0,622,0
wpi6174k4125s614559,CC5.png,Left,0,0,0,0,0,0,0,0,0,0,0,625,0,0,0,0,0,0,0,0,0,0,0,0,0,0,0,0,0,0,0,625,0
wpi6174k4125s614559,CC6.png,Left,0,0,0,0,0,0,0,0,0,0,0,1879,0,0,0,0,0,0,0,0,0,0,0,0,0,0,0,0,0,0,0,1879,0
wpi6174k4125s614559,CC7.png,Right,0,0,0,0,0,0,0,0,0,0,0,814,0,0,0,0,0,0,0,0,0,0,0,0,0,0,0,0,0,0,0,814,0
wpi6174k4125s614559,CC8.png,Right,0,0,0,0,0,0,0,0,0,0,0,1283,0,0,0,0,0,0,0,0,0,0,0,0,0,0,0,0,0,0,0,1283,0
wpi6174k4125s614559,CC9.png,Right,0,0,0,0,0,0,0,0,0,0,0,2058,0,0,0,0,0,0,0,0,0,0,0,0,0,0,0,0,0,0,0,2058,0
wpi6174k4125s614559,P1.png,Left,0,0,0,0,0,0,0,0,0,0,0,770,0,0,0,0,0,0,0,0,0,0,0,0,0,0,0,0,0,0,0,770,0
wpi6174k4125s614559,P10.png,Right,0,0,0,0,0,0,0,0,0,0,0,2392,0,0,0,0,0,0,0,0,0,0,0,0,0,0,0,0,0,0,0,2392,0
wpi6174k4125s614559,P11.png,Right,0,0,0,0,0,0,0,0,0,0,0,1276,0,0,0,0,0,0,0,0,0,0,0,0,0,0,0,0,0,0,0,1276,0
wpi6174k4125s614559,P12.png,Right,0,0,0,0,0,0,0,0,0,0,0,936,0,0,0,0,0,0,0,0,0,0,0,0,0,0,0,0,0,0,0,936,0
wpi6174k4125s614559,P2.png,Left,0,0,0,0,0,0,0,0,0,0,0,1443,0,0,0,0,0,0,0,0,0,0,0,0,0,0,0,0,0,0,0,1443,0
wpi6174k4125s614559,P3.png,Left,0,0,0,0,0,0,0,0,0,0,0,2380,0,0,0,0,0,0,0,0,0,0,0,0,0,0,0,0,0,0,0,2380,0
wpi6174k4125s614559,P4.png,Left,0,0,0,0,0,0,0,0,0,0,0,697,0,0,0,0,0,0,0,0,0,0,0,0,0,0,0,0,0,0,0,697,0
wpi6174k4125s614559,P5.png,Left,0,0,0,0,0,0,0,0,0,0,0,752,0,0,0,0,0,0,0,0,0,0,0,0,0,0,0,0,0,0,0,752,0
wpi6174k4125s614559,P6.png,Left,0,0,0,0,0,0,0,0,0,0,0,1574,0,0,0,0,0,0,0,0,0,0,0,0,0,0,0,0,0,0,0,1574,0
wpi6174k4125s614559,P7.png,Right,0,0,0,0,0,0,0,0,0,0,0,1280,0,0,0,0,0,0,0,0,0,0,0,0,0,0,0,0,0,0,0,1280,0
wpi6174k4125s614559,P8.png,Right,0,0,0,0,0,0,0,0,0,0,0,901,0,0,0,0,0,0,0,0,0,0,0,0,0,0,0,0,0,0,0,901,0
wpi6174k4125s614559,P9.png,Right,0,0,0,0,0,0,0,0,0,0,0,2113,0,0,0,0,0,0,0,0,0,0,0,0,0,0,0,0,0,0,0,2113,0
wpi61733770t03c8588,CC1.png,Left,28,0,47,26,50,24,20,18,6,32,16,626,244,0,0,20,0,12,10,14,11,9,6,3,6,7,0,0,0,0,7,1129,85
wpi61733770t03c8588,CC10.png,Right,24,0,30,6,47,24,20,8,10,35,28,515,232,0,4,10,0,11,3,18,5,7,2,4,12,10,0,0,0,2,4,969,78
wpi61733770t03c8588,CC11.png,Right,9,0,16,4,24,4,2,6,12,54,8,388,392,0,2,19,0,5,2,10,1,1,3,5,12,4,0,0,0,1,6,931,50
wpi61733770t03c8588,CC12.png,Right,13,2,13,14,16,16,28,72,70,19,10,801,221,12,2,10,1,5,7,5,6,10,14,15,5,5,0,0,6,1,4,1306,84
wpi61733770t03c8588,CC2.png,Left,15,6,100,43,22,28,28,146,18,54,30,1108,175,20,44,0,3,24,16,5,8,10,34,7,13,11,0,0,9,18,0,1822,158
wpi61733770t03c8588,CC3.png,Left,20,2,26,60,18,48,36,38,18,40,28,582,144,4,10,6,1,9,18,7,19,14,15,7,8,12,0,0,1,4,3,1060,118
wpi61733770t03c8588,CC4.png,Left,18,0,16,32,42,36,22,10,2,0,2,437,44,0,2,8,0,7,8,11,9,9,3,1,0,1,0,0,0,1,4,653,54
wpi61733770t03c8588,CC5.png,Left,1,0,6,4,10,2,2,16,0,0,2,199,635,6,6,0,0,2,2,3,1,1,6,0,0,1,0,0,2,3,0,888,21
wpi61733770t03c8588,CC6.png,Left,10,2,14,12,2,16,6,36,8,10,4,413,303,4,6,2,1,7,6,1,8,3,12,3,4,2,0,0,2,3,1,838,53
wpi61733770t03c8588,CC7.png,Right,4,6,26,4,8,4,4,60,38,14,10,414,185,0,12,2,2,9,1,4,1,1,9,9,4,5,0,0,0,4,1,787,50
wpi61733770t03c8588,CC8.png,Right,2,0,2,0,12,2,4,0,6,16,10,386,904,0,0,10,0,1,0,2,1,2,0,2,6,4,0,0,0,0,2,1352,20
wpi61733770t03c8588,CC9.png,Right,33,2,86,34,52,26,30,74,86,55,44,1365,909,10,4,4,1,23,9,15,8,10,17,26,17,16,0,0,5,2,2,2781,151
wpi61733770t03c8588,P1.png,Left,4,42,0,34,0,18,0,2,80,28,18,674,231,8,6,4,8,0,9,0,5,0,1,17,7,6,0,0,3,3,2,1145,61
wpi61733770t03c8588,P10.png,Right,25,22,21,60,18,33,26,16,0,0,0,702,806,14,8,2,5,7,18,6,12,11,6,0,0,0,0,0,5,3,1,1728,74
wpi61733770t03c8588,P11.png,Right,11,0,8,26,2,38,4,0,0,0,2,341,779,0,2,2,0,3,9,1,6,2,0,0,0,1,0,0,0,1,1,1204,24
wpi61733770t03c8588,P12.png,Right,4,2,12,4,2,10,0,6,14,2,12,245,1663,0,10,4,1,4,2,1,2,0,2,4,1,4,0,0,0,4,2,1986,27
wpi61733770t03c8588,P2.png,Left,20,16,12,54,10,36,22,16,44,80,22,2396,1165,8,12,32,7,5,18,5,12,7,7,10,14,9,0,0,4,5,10,3925,113
wpi61733770t03c8588,P3.png,Left,11,6,6,16,4,20,2,4,22,50,26,867,1945,2,12,10,3,2,6,1,8,1,2,9,9,10,0,0,1,5,3,2992,60
wpi61733770t03c8588,P4.png,Left,0,4,0,0,0,24,4,0,8,32,10,572,897,0,0,18,1,0,0,0,6,2,0,3,6,3,0,0,0,0,6,1569,27
wpi61733770t03c8588,P5.png,Left,5,16,0,10,2,30,2,10,66,104,35,1109,821,14,11,6,7,0,3,1,9,1,4,21,25,15,0,0,7,5,3,2236,101
wpi61733770t03c8588,P6.png,Left,0,10,0,6,0,0,2,2,67,22,8,635,1253,6,2,0,5,0,3,0,0,1,1,12,7,4,0,0,3,1,0,2013,37
wpi61733770t03c8588,P7.png,Right,2,8,4,23,0,10,10,0,0,0,0,300,2115,0,2,0,3,2,5,0,2,3,0,0,0,0,0,0,0,1,0,2472,16
wpi61733770t03c8588,P8.png,Right,0,4,2,16,0,0,0,2,0,0,0,120,693,2,4,0,2,1,3,0,0,0,1,0,0,0,0,0,1,2,0,843,10
wpi61733770t03c8588,P9.png,Right,18,16,2,54,2,74,14,4,0,0,0,857,1936,4,8,0,5,1,14,1,12,5,2,0,0,0,0,0,2,2,0,2971,44
wpi6p17b29773735995,IC1.png,Left,0,0,0,0,0,1303,0,0,0,0,0,0,0,0,0,0,0,0,0,0,1,0,0,0,0,0,0,0,0,0,0,1303,1
wpi6p17b29773735995,IC10.png,Right,0,0,0,0,991,0,0,0,0,0,0,0,0,0,0,0,0,0,0,1,0,0,0,0,0,0,0,0,0,0,0,991,1
wpi6p17b29773735995,IC11.png,Right,0,0,0,0,1157,0,0,0,0,0,0,0,0,0,0,0,0,0,0,1,0,0,0,0,0,0,0,0,0,0,0,1157,1
wpi6p17b29773735995,IC12.png,Right,0,0,0,0,2075,0,0,0,0,0,0,0,0,0,0,0,0,0,0,1,0,0,0,0,0,0,0,0,0,0,0,2075,1
wpi6p17b29773735995,IC2.png,Left,0,0,0,0,0,1880,0,0,0,0,0,0,0,0,0,0,0,0,0,0,1,0,0,0,0,0,0,0,0,0,0,1880,1
wpi6p17b29773735995,IC3.png,Left,0,0,0,0,0,1832,0,0,0,0,0,0,0,0,0,0,0,0,0,0,1,0,0,0,0,0,0,0,0,0,0,1832,1
wpi6p17b29773735995,IC4.png,Left,0,0,0,0,0,1279,0,0,0,0,0,0,0,0,0,0,0,0,0,0,1,0,0,0,0,0,0,0,0,0,0,1279,1
wpi6p17b29773735995,IC5.png,Left,0,0,0,0,0,1535,0,0,0,0,0,0,0,0,0,0,0,0,0,0,1,0,0,0,0,0,0,0,0,0,0,1535,1
wpi6p17b29773735995,IC6.png,Left,0,0,0,0,0,1473,0,0,0,0,0,0,0,0,0,0,0,0,0,0,1,0,0,0,0,0,0,0,0,0,0,1473,1
wpi6p17b29773735995,IC7.png,Right,0,0,0,0,1578,0,0,0,0,0,0,0,0,0,0,0,0,0,0,1,0,0,0,0,0,0,0,0,0,0,0,1578,1
wpi6p17b29773735995,IC8.png,Right,0,0,0,0,2812,0,0,0,0,0,0,0,0,0,0,0,0,0,0,1,0,0,0,0,0,0,0,0,0,0,0,2812,1
wpi6p17b29773735995,IC9.png,Right,0,0,0,0,3136,0,0,0,0,0,0,0,0,0,0,0,0,0,0,1,0,0,0,0,0,0,0,0,0,0,0,3136,1
wpi6p17b29773735995,P1.png,Left,0,0,0,0,0,1176,0,0,0,0,0,0,0,0,0,0,0,0,0,0,1,0,0,0,0,0,0,0,0,0,0,1176,1
wpi6p17b29773735995,P10.png,Right,0,0,0,0,1802,0,0,0,0,0,0,0,0,0,0,0,0,0,0,1,0,0,0,0,0,0,0,0,0,0,0,1802,1
wpi6p17b29773735995,P11.png,Right,0,0,0,0,3732,0,0,0,0,0,0,0,0,0,0,0,0,0,0,1,0,0,0,0,0,0,0,0,0,0,0,3732,1
wpi6p17b29773735995,P12.png,Right,0,0,0,0,7995,0,0,0,0,0,0,0,0,0,0,0,0,0,0,1,0,0,0,0,0,0,0,0,0,0,0,7995,1
wpi6p17b29773735995,P2.png,Left,0,0,0,0,0,4395,0,0,0,0,0,0,0,0,0,0,0,0,0,0,1,0,0,0,0,0,0,0,0,0,0,4395,1
wpi6p17b29773735995,P3.png,Left,0,0,0,0,0,2787,0,0,0,0,0,0,0,0,0,0,0,0,0,0,1,0,0,0,0,0,0,0,0,0,0,2787,1
wpi6p17b29773735995,P4.png,Left,0,0,0,0,0,1343,0,0,0,0,0,0,0,0,0,0,0,0,0,0,1,0,0,0,0,0,0,0,0,0,0,1343,1
wpi6p17b29773735995,P5.png,Left,0,0,0,0,0,2227,0,0,0,0,0,0,0,0,0,0,0,0,0,0,1,0,0,0,0,0,0,0,0,0,0,2227,1
wpi6p17b29773735995,P6.png,Left,0,0,0,0,0,1737,0,0,0,0,0,0,0,0,0,0,0,0,0,0,1,0,0,0,0,0,0,0,0,0,0,1737,1
wpi6p17b29773735995,P7.png,Right,0,0,0,0,1266,0,0,0,0,0,0,0,0,0,0,0,0,0,0,1,0,0,0,0,0,0,0,0,0,0,0,1266,1
wpi6p17b29773735995,P8.png,Right,0,0,0,0,2906,0,0,0,0,0,0,0,0,0,0,0,0,0,0,1,0,0,0,0,0,0,0,0,0,0,0,2906,1
wpi6p17b29773735995,P9.png,Right,0,0,0,0,4969,0,0,0,0,0,0,0,0,0,0,0,0,0,0,1,0,0,0,0,0,0,0,0,0,0,0,4969,1
wpi617321k3341129z9,CC1.png,Left,30,4,71,73,71,79,51,115,8,41,31,1427,1185,13,35,16,1,19,20,15,22,11,20,4,8,11,0,0,5,11,5,3220,152
wpi617321k3341129z9,CC10.png,Right,18,0,37,26,68,36,40,11,8,27,12,618,192,0,4,22,0,11,6,12,5,12,2,2,5,6,0,0,0,1,6,1101,68
wpi617321k3341129z9,CC11.png,Right,28,2,55,23,105,69,41,129,55,66,88,2196,3004,12,42,29,1,15,9,26,14,13,20,14,18,25,0,0,5,9,8,5916,177
wpi617321k3341129z9,CC12.png,Right,17,6,55,10,58,14,11,59,82,60,53,1311,1875,2,9,27,3,17,4,12,4,2,9,12,11,12,0,0,1,3,7,3632,97
wpi617321k3341129z9,CC2.png,Left,40,44,148,101,93,88,49,191,61,48,62,3144,2969,9,39,26,9,35,29,21,21,17,30,11,13,16,0,0,4,14,7,7072,227
wpi617321k3341129z9,CC3.png,Left,20,4,49,46,47,69,14,39,41,73,30,1463,1872,0,4,53,2,9,12,11,21,7,7,11,15,13,0,0,0,2,11,3804,121
wpi617321k3341129z9,CC4.png,Left,22,2,60,59,52,48,54,92,12,8,29,1295,797,4,14,20,1,13,13,14,16,15,9,4,3,8,0,0,1,5,7,2546,109
wpi617321k3341129z9,CC5.png,Left,9,8,50,88,16,20,20,99,27,6,13,1059,1243,25,18,2,3,10,14,5,6,5,16,3,3,5,0,0,5,5,1,2694,81
wpi617321k3341129z9,CC6.png,Left,29,2,109,47,27,49,34,141,14,9,22,1256,2176,0,13,10,1,23,17,7,14,11,24,2,3,7,0,0,0,3,5,3909,117
wpi617321k3341129z9,CC7.png,Right,11,4,50,15,43,16,27,39,74,46,48,939,432,8,11,27,2,10,4,12,4,9,9,15,13,14,0,0,1,4,3,1779,100
wpi617321k3341129z9,CC8.png,Right,12,0,108,18,37,10,27,96,133,68,79,1421,1044,6,22,11,0,19,5,12,2,9,15,29,15,25,0,0,2,8,4,3080,145
wpi617321k3341129z9,CC9.png,Right,28,0,102,26,61,15,27,100,146,117,51,2894,4148,9,21,67,0,27,6,21,6,6,21,32,21,15,0,0,1,6,12,7784,174
wpi617321k3341129z9,P1.png,Left,6,0,6,9,32,32,22,80,2,10,6,758,344,6,20,26,0,3,3,6,11,5,9,1,2,2,0,0,2,6,4,1353,54
wpi617321k3341129z9,P10.png,Right,10,0,31,0,57,32,14,92,50,31,30,1284,1152,0,6,26,0,10,0,20,7,5,9,9,7,7,0,0,0,2,8,2805,84
wpi617321k3341129z9,P11.png,Right,29,8,94,46,154,30,98,176,177,261,94,3397,3208,38,39,66,2,21,9,33,10,23,19,25,31,24,0,0,9,10,16,7886,232
wpi617321k3341129z9,P12.png,Right,24,0,51,18,94,54,52,44,71,167,78,1838,3223,0,8,48,0,12,5,22,14,17,10,17,32,18,0,0,0,2,11,5746,160
wpi617321k3341129z9,P2.png,Left,39,0,104,72,111,106,45,99,30,50,75,2225,2122,10,14,108,0,23,27,22,28,16,20,13,15,22,0,0,3,6,17,5171,212
wpi617321k3341129z9,P3.png,Left,49,6,111,34,198,119,45,113,39,26,52,2496,1819,4,8,32,3,29,10,28,26,14,11,7,8,12,0,0,1,3,12,5102,164
wpi617321k3341129z9,P4.png,Left,35,0,64,44,71,76,43,14,6,57,34,1108,935,0,4,27,0,15,9,15,21,13,3,1,9,13,0,0,0,2,7,2483,108
wpi617321k3341129z9,P5.png,Left,18,0,46,22,46,14,32,35,11,36,17,1181,1197,0,2,10,0,11,9,5,5,8,8,5,4,6,0,0,0,1,3,2649,65
wpi617321k3341129z9,P6.png,Left,23,0,28,67,120,119,74,16,10,59,39,1870,1176,0,6,65,0,9,18,16,27,15,5,5,13,15,0,0,0,2,8,3649,133
wpi617321k3341129z9,P7.png,Right,10,16,18,12,37,38,25,44,81,101,20,1520,2923,12,22,31,4,4,3,11,7,9,11,19,19,7,0,0,3,6,9,4900,112
wpi617321k3341129z9,P8.png,Right,33,8,93,23,83,28,55,174,203,85,92,1945,746,20,24,6,2,24,5,24,7,14,29,35,21,28,0,0,7,8,3,3585,207
wpi617321k3341129z9,P9.png,Right,11,3,25,22,42,26,22,133,80,56,35,1354,1979,2,18,48,1,9,4,13,6,9,16,15,12,11,0,0,1,6,12,3845,115
wpi617412160o5u7416,CC1.png,Left,53,16,46,53,94,80,58,42,16,41,36,1635,738,4,10,62,5,21,25,33,34,26,16,6,19,14,0,0,2,5,23,2931,229
wpi617412160o5u7416,CC10.png,Right,8,0,14,2,18,8,6,20,29,17,26,439,418,0,2,19,0,6,1,4,4,3,7,12,7,9,0,0,0,1,7,1018,61
wpi617412160o5u7416,CC11.png,Right,21,12,42,21,44,20,7,55,14,18,18,1009,829,8,0,28,4,17,9,18,8,3,15,5,7,8,0,0,4,0,11,2125,109
wpi617412160o5u7416,CC12.png,Right,2,10,10,6,4,4,8,38,13,16,10,358,200,8,16,2,4,4,3,2,2,3,10,4,6,4,0,0,3,7,1,703,53
wpi617412160o5u7416,CC2.png,Left,26,8,44,36,34,20,14,25,4,3,20,420,388,0,8,0,3,20,14,13,8,6,9,2,1,9,0,0,0,3,0,1024,88
wpi617412160o5u7416,CC3.png,Left,31,4,63,33,54,45,58,74,8,12,23,1216,727,8,20,28,2,24,12,22,15,19,21,4,5,9,0,0,3,10,8,2373,154
wpi617412160o5u7416,CC4.png,Left,20,4,27,24,24,38,29,15,2,2,6,369,100,6,6,16,2,11,9,10,13,13,7,1,1,3,0,0,3,3,4,668,80
wpi617412160o5u7416,CC5.png,Left,6,0,9,14,4,14,8,4,8,6,2,261,110,2,4,10,0,5,6,2,5,4,2,4,3,1,0,0,1,2,3,456,38
wpi617412160o5u7416,CC6.png,Left,15,4,28,16,42,28,36,18,0,8,10,775,467,2,7,22,2,10,7,12,13,15,8,0,4,5,0,0,1,3,8,1463,88
wpi617412160o5u7416,CC7.png,Right,8,0,16,0,45,18,12,4,10,28,14,498,201,0,2,22,0,6,0,10,7,6,2,3,8,4,0,0,0,1,7,870,54
wpi617412160o5u7416,CC8.png,Right,16,9,34,16,45,10,12,55,53,62,43,1037,512,14,16,6,4,14,7,18,5,6,16,17,20,17,0,0,6,8,2,1924,140
wpi617412160o5u7416,CC9.png,Right,9,6,2,14,17,4,6,7,13,11,6,314,170,0,4,30,3,1,5,7,2,3,3,4,4,3,0,0,0,2,6,604,43
wpi617412160o5u7416,P1.png,Left,11,2,19,11,24,41,28,11,12,14,22,563,212,4,2,6,1,8,4,9,15,11,5,4,6,10,0,0,2,1,2,971,78
wpi617412160o5u7416,P10.png,Right,12,0,19,8,22,8,4,4,6,28,20,754,1000,0,0,50,0,8,4,10,3,2,2,3,9,10,0,0,0,0,13,1923,64
wpi617412160o5u7416,P11.png,Right,81,4,128,58,156,131,93,28,48,80,66,2065,424,7,17,62,2,41,21,55,39,36,13,18,30,29,0,0,2,7,21,3367,314
wpi617412160o5u7416,P12.png,Right,14,16,28,12,14,2,12,46,50,33,12,726,727,22,17,0,7,10,5,6,1,5,14,14,8,6,0,0,8,8,0,1717,92
wpi617412160o5u7416,P2.png,Left,32,8,24,49,63,64,38,36,23,24,42,1155,502,8,8,30,3,11,18,21,21,17,10,10,12,17,0,0,3,4,11,2074,158
wpi617412160o5u7416,P3.png,Left,17,10,16,22,26,22,17,24,14,2,18,496,238,4,8,8,3,7,8,10,10,8,9,7,1,9,0,0,2,3,4,925,81
wpi617412160o5u7416,P4.png,Left,10,0,6,12,51,29,9,2,6,16,6,643,409,2,5,38,0,3,6,14,11,4,1,3,7,2,0,0,1,2,13,1234,67
wpi617412160o5u7416,P5.png,Left,15,7,6,22,14,16,6,14,2,8,7,600,418,4,11,28,3,3,10,5,8,3,5,1,3,3,0,0,1,5,10,1163,60
wpi617412160o5u7416,P6.png,Left,14,2,10,8,30,14,8,4,4,2,10,436,606,6,0,26,1,5,4,8,7,4,2,2,1,3,0,0,3,0,8,1166,48
wpi617412160o5u7416,P7.png,Right,34,14,46,20,73,39,16,32,48,43,30,1391,784,8,4,66,5,16,9,23,12,8,11,20,12,14,0,0,4,2,18,2614,154
wpi617412160o5u7416,P8.png,Right,14,3,27,12,58,27,14,8,18,20,12,703,343,2,4,28,1,7,5,17,9,7,4,8,8,5,0,0,1,2,13,1279,87
wpi617412160o5u7416,P9.png,Right,34,15,40,21,87,50,29,47,35,69,41,1415,909,6,12,64,4,17,9,29,18,14,16,15,22,19,0,0,3,4,23,2840,193
wpi6174629zj8408259,CC1.png,Left,25,70,35,28,25,5,5,92,8,4,6,889,3072,55,26,2,28,20,18,14,5,5,46,6,4,6,0,0,34,19,2,4322,207
wpi6174629zj8408259,CC10.png,Right,3,1,4,0,10,1,1,40,12,16,6,332,1337,0,3,5,1,3,0,6,1,1,9,9,8,6,0,0,0,2,3,1768,49
wpi6174629zj8408259,CC11.png,Right,22,4,27,14,19,7,13,34,18,21,12,484,648,9,9,11,3,18,4,16,5,12,15,15,13,10,0,0,3,6,8,1330,128
wpi6174629zj8408259,CC12.png,Right,19,46,40,22,14,10,14,114,54,28,26,888,178,88,91,4,15,23,15,7,6,11,48,11,12,14,0,0,54,52,2,1617,270
wpi6174629zj8408259,CC2.png,Left,16,91,11,6,16,6,0,95,5,5,5,647,2298,53,29,1,26,11,6,10,4,0,35,4,4,3,0,0,28,24,1,3268,156
wpi6174629zj8408259,CC3.png,Left,26,14,33,23,38,17,22,138,13,1,2,725,723,37,28,3,8,15,14,14,12,16,34,6,1,2,0,0,21,20,3,1817,166
wpi6174629zj8408259,CC4.png,Left,11,12,15,17,5,14,1,52,13,3,6,336,1090,17,14,3,9,8,9,2,8,1,12,9,3,5,0,0,8,9,2,1598,85
wpi6174629zj8408259,CC5.png,Left,16,1,23,2,15,5,4,9,1,2,3,246,916,1,5,3,1,9,2,7,4,4,5,1,1,3,0,0,1,4,3,1236,45
wpi6174629zj8408259,CC6.png,Left,34,43,33,29,25,28,22,80,11,6,8,739,1139,40,19,6,16,18,20,13,11,13,30,5,4,5,0,0,16,14,4,2228,169
wpi6174629zj8408259,CC7.png,Right,13,6,16,6,19,3,4,57,52,27,19,591,1500,2,7,7,5,11,4,13,3,3,21,21,14,11,0,0,2,4,4,2316,116
wpi6174629zj8408259,CC8.png,Right,10,98,26,19,8,1,4,49,28,14,5,912,1311,95,40,6,31,15,6,6,1,4,29,11,8,5,0,0,38,26,3,2616,183
wpi6174629zj8408259,CC9.png,Right,16,48,14,8,32,9,7,36,3,6,3,608,706,34,9,28,16,9,4,14,2,5,17,3,5,2,0,0,16,9,9,1551,111
wpi6174629zj8408259,P1.png,Left,20,35,20,31,13,14,16,58,15,3,6,622,719,41,26,2,15,14,17,7,6,11,29,7,1,4,0,0,18,16,1,1621,146
wpi6174629zj8408259,P10.png,Right,10,22,13,7,3,3,4,105,4,2,4,526,831,44,16,4,11,8,4,3,2,2,25,3,2,2,0,0,21,11,2,1588,96
wpi6174629zj8408259,P11.png,Right,11,60,21,13,7,4,4,68,3,7,4,453,837,81,42,6,13,12,4,6,3,3,25,3,3,4,0,0,24,17,3,1610,120
wpi6174629zj8408259,P12.png,Right,19,78,31,19,21,13,11,225,30,24,7,1179,1145,48,39,6,21,20,10,12,8,8,40,21,10,6,0,0,23,29,5,2876,213
wpi6174629zj8408259,P2.png,Left,70,38,82,142,63,51,27,548,24,8,19,2683,2060,99,101,10,19,41,67,27,31,22,96,8,5,12,0,0,38,52,6,5955,424
wpi6174629zj8408259,P3.png,Left,14,60,8,20,10,8,1,89,10,6,10,589,1339,57,23,2,27,6,12,7,7,1,41,8,3,6,0,0,33,17,2,2232,170
wpi6174629zj8408259,P4.png,Left,12,63,3,38,7,17,7,121,14,7,7,830,794,93,33,7,23,2,19,4,12,7,43,9,3,6,0,0,45,21,5,2041,199
wpi6174629zj8408259,P5.png,Left,9,54,1,21,0,7,3,53,9,2,5,565,665,42,43,0,33,1,13,0,7,3,24,8,2,5,0,0,27,27,0,1470,150
wpi6174629zj8408259,P6.png,Left,11,31,13,34,4,11,4,383,7,4,11,889,291,84,89,2,15,11,22,3,6,4,74,5,2,7,0,0,49,57,2,1857,257
wpi6174629zj8408259,P7.png,Right,4,51,28,17,1,6,5,153,11,2,9,643,1003,96,29,0,17,16,6,1,3,3,44,6,2,6,0,0,28,18,0,2054,150
wpi6174629zj8408259,P8.png,Right,4,20,18,10,6,0,3,77,11,5,4,437,1015,13,19,6,18,11,4,5,0,3,28,6,3,4,0,0,11,16,3,1644,112
wpi6174629zj8408259,P9.png,Right,12,96,15,17,5,5,5,85,9,7,5,771,1025,41,29,4,21,14,7,3,3,4,19,6,4,4,0,0,19,19,2,2119,125
wpi617s4648133m0525,CC1.png,Left,61,75,151,224,64,164,97,699,69,69,54,3647,873,161,212,14,18,35,51,14,28,19,91,18,13,20,0,0,38,57,3,6573,405
wpi617s4648133m0525,CC10.png,Right,6,24,36,4,8,0,4,199,45,2,14,831,802,37,50,0,7,9,1,3,0,2,23,11,1,4,0,0,11,13,0,2056,85
wpi617s4648133m0525,CC11.png,Right,4,46,44,14,6,2,8,329,24,2,14,1141,1286,45,48,0,11,13,6,1,1,2,35,4,1,5,0,0,15,18,0,3009,112
wpi617s4648133m0525,CC12.png,Right,37,6,78,36,67,38,50,97,70,52,44,1365,765,10,10,34,3,24,11,20,13,14,21,20,13,18,0,0,3,5,7,2722,172
wpi617s4648133m0525,CC2.png,Left,14,83,113,84,5,14,20,751,26,12,16,3092,1876,196,110,0,15,20,21,2,5,6,78,10,3,7,0,0,43,26,0,6398,236
wpi617s4648133m0525,CC3.png,Left,68,81,114,175,54,141,59,441,134,123,152,3908,2455,51,85,36,25,33,51,17,40,23,69,38,30,46,0,0,21,25,11,8009,429
wpi617s4648133m0525,CC4.png,Left,5,42,35,34,5,2,7,253,10,2,4,1025,649,70,34,0,13,5,12,2,1,2,28,5,1,2,0,0,19,11,0,2172,101
wpi617s4648133m0525,CC5.png,Left,77,18,346,87,155,58,147,303,16,10,13,2396,793,27,37,8,6,62,26,35,14,32,42,6,4,6,0,0,7,12,3,4414,255
wpi617s4648133m0525,CC6.png,Left,42,41,75,137,20,81,90,172,92,91,69,2302,621,32,44,10,13,23,44,9,28,29,37,31,22,19,0,0,10,19,3,3877,287
wpi617s4648133m0525,CC7.png,Right,22,30,48,49,22,24,36,83,4,20,9,962,811,46,22,2,6,13,13,9,8,12,19,2,4,4,0,0,12,6,1,2168,109
wpi617s4648133m0525,CC8.png,Right,36,81,158,54,87,21,55,655,168,148,112,3591,2306,88,46,46,19,39,17,25,6,17,72,36,33,34,0,0,25,20,9,7616,352
wpi617s4648133m0525,CC9.png,Right,106,77,201,286,95,192,147,122,32,31,34,4809,4789,53,75,18,23,54,68,32,48,42,34,15,12,13,0,0,20,25,6,10961,392
wpi617s4648133m0525,P1.png,Left,9,2,14,23,5,16,6,25,12,18,15,502,1214,6,10,4,1,3,9,2,5,3,8,6,8,6,0,0,3,5,2,1872,61
wpi617s4648133m0525,P10.png,Right,35,6,45,27,70,47,33,35,22,19,14,1029,1772,4,5,28,3,15,9,17,13,14,9,7,7,6,0,0,1,2,7,3156,110
wpi617s4648133m0525,P11.png,Right,72,77,158,187,108,120,98,233,82,60,99,3526,2168,60,38,30,21,48,40,33,29,31,40,28,11,26,0,0,20,17,8,7044,352
wpi617s4648133m0525,P12.png,Right,25,25,145,44,45,16,25,322,55,32,69,1760,322,40,127,4,7,36,11,16,5,9,61,21,11,22,0,0,14,36,2,3031,251
wpi617s4648133m0525,P2.png,Left,214,84,430,356,450,761,468,393,149,189,258,10404,4311,63,96,247,14,94,108,92,160,122,56,44,51,81,0,0,21,34,63,18659,940
wpi617s4648133m0525,P3.png,Left,100,18,235,246,164,220,176,327,104,90,106,4977,2297,29,36,132,5,58,65,37,57,54,60,28,26,35,0,0,9,13,28,9157,475
wpi617s4648133m0525,P4.png,Left,17,0,6,34,4,42,6,10,16,88,28,769,1082,2,4,37,0,1,13,2,16,3,2,7,20,11,0,0,1,2,13,2128,91
wpi617s4648133m0525,P5.png,Left,17,0,31,6,70,114,29,16,7,104,34,2420,4385,0,0,153,0,9,3,16,23,9,2,3,28,11,0,0,0,0,27,7369,131
wpi617s4648133m0525,P6.png,Left,78,14,90,154,207,353,129,45,68,205,118,4255,4970,2,37,183,6,28,45,48,91,42,12,20,41,43,0,0,1,12,42,10830,431
wpi617s4648133m0525,P7.png,Right,69,24,154,81,103,77,83,200,74,39,76,2369,1664,26,25,15,9,51,19,32,25,33,42,24,15,28,0,0,11,12,6,5010,307
wpi617s4648133m0525,P8.png,Right,49,8,61,60,120,88,73,30,46,60,40,2122,2255,22,16,34,3,17,13,32,22,21,9,11,16,14,0,0,7,6,15,5035,186
wpi617s4648133m0525,P9.png,Right,103,10,194,114,261,255,146,123,124,87,91,4169,3391,14,48,113,4,55,30,66,49,44,31,31,19,31,0,0,5,16,29,9140,410
wpi617411788rg24870,IC1.png,Left,19,51,27,43,8,29,21,52,14,5,21,623,1090,21,19,17,16,6,17,3,15,10,17,9,3,11,0,0,9,9,6,2041,131
wpi617411788rg24870,IC10.png,Right,4,0,10,0,8,2,10,25,4,2,2,86,71,0,6,0,0,3,0,4,1,5,2,2,1,1,0,0,0,3,0,226,22
wpi617411788rg24870,IC11.png,Right,6,3,13,0,11,5,4,15,17,13,14,216,221,0,1,5,1,7,0,4,2,2,6,7,6,8,0,0,0,1,2,538,46
wpi617411788rg24870,IC12.png,Right,3,0,9,2,2,2,2,10,1,2,2,82,231,4,2,0,0,3,1,1,1,1,3,1,1,1,0,0,1,1,0,351,15
wpi617411788rg24870,IC2.png,Left,15,0,4,27,3,23,17,40,0,4,4,241,182,10,5,8,0,2,9,2,8,5,9,0,1,2,0,0,4,3,3,568,48
wpi617411788rg24870,IC3.png,Left,2,4,0,4,0,8,0,0,6,22,2,93,521,2,8,4,2,0,2,0,3,0,0,3,4,1,0,0,1,3,2,674,21
wpi617411788rg24870,IC4.png,Left,8,10,12,13,11,7,13,18,7,2,3,199,110,1,8,0,2,5,3,4,2,6,6,2,1,2,0,0,1,4,0,414,38
wpi617411788rg24870,IC5.png,Left,7,0,12,4,4,8,16,24,2,4,2,102,112,0,4,0,0,2,2,2,3,4,5,1,2,1,0,0,0,2,0,294,24
wpi617411788rg24870,IC6.png,Left,5,2,16,2,12,2,0,16,0,2,2,64,146,0,2,0,1,6,1,3,1,0,5,0,1,1,0,0,0,1,0,266,20
wpi617411788rg24870,IC7.png,Right,2,0,6,0,8,0,6,11,8,6,4,103,164,0,0,4,0,3,0,2,0,2,3,3,2,1,0,0,0,0,2,320,18
wpi617411788rg24870,IC8.png,Right,7,0,17,4,14,0,10,13,10,2,5,137,284,7,1,0,0,6,2,6,0,4,3,3,1,3,0,0,2,1,0,504,31
wpi617411788rg24870,IC9.png,Right,3,4,15,10,3,0,13,47,11,3,8,198,179,9,8,4,3,6,2,2,0,2,11,3,2,4,0,0,5,4,1,512,45
wpi617411788rg24870,P1.png,Left,20,0,19,31,20,15,10,75,5,14,20,368,1410,7,25,7,0,10,12,9,7,4,19,2,5,6,0,0,3,9,4,2026,90
wpi617411788rg24870,P10.png,Right,9,0,5,3,9,12,15,46,18,9,9,234,729,6,5,2,0,3,2,6,3,4,8,4,5,5,0,0,3,3,1,1102,47
wpi617411788rg24870,P11.png,Right,2,0,3,0,2,0,0,19,13,6,3,37,484,2,0,0,0,2,0,1,0,0,8,6,2,2,0,0,1,0,0,569,22
wpi617411788rg24870,P12.png,Right,10,2,29,2,25,6,14,3,2,4,12,284,175,0,12,23,1,8,1,7,2,3,2,1,2,5,0,0,0,5,5,593,42
wpi617411788rg24870,P2.png,Left,4,0,10,4,6,0,2,15,0,0,4,67,622,0,0,0,0,3,1,2,0,1,5,0,0,1,0,0,0,0,0,730,13
wpi617411788rg24870,P3.png,Left,31,4,22,86,6,34,48,69,43,9,39,649,379,5,18,8,2,9,32,3,15,20,18,16,4,16,0,0,3,10,4,1419,152
wpi617411788rg24870,P4.png,Left,10,8,8,27,10,20,9,31,17,34,10,293,421,4,5,7,3,2,11,2,6,3,10,3,7,4,0,0,2,3,3,904,59
wpi617411788rg24870,P5.png,Left,2,0,2,0,4,0,2,5,0,0,0,12,357,0,0,0,0,1,0,2,0,1,1,0,0,0,0,0,0,0,0,382,5
wpi617411788rg24870,P6.png,Left,7,8,5,8,4,6,4,32,0,0,3,97,331,4,4,3,2,2,3,1,3,2,7,0,0,2,0,0,2,2,1,509,27
wpi617411788rg24870,P7.png,Right,26,10,48,18,65,35,18,154,51,39,36,1217,3126,25,32,24,4,18,6,23,12,8,37,21,14,15,0,0,11,15,12,4898,196
wpi617411788rg24870,P8.png,Right,2,2,1,4,4,8,2,22,4,6,9,173,222,2,0,12,1,1,2,1,2,1,5,1,3,4,0,0,1,0,2,471,24
wpi617411788rg24870,P9.png,Right,5,2,4,12,7,2,2,21,2,4,7,222,176,14,13,7,1,2,3,4,1,1,8,1,2,4,0,0,3,4,2,495,36
wpi6173v344849k3973,CC1.png,Left,14,2,20,38,6,18,26,36,26,12,20,483,79,0,8,8,1,9,15,3,9,11,12,11,5,7,0,0,0,3,4,782,90
wpi6173v344849k3973,CC10.png,Right,22,2,33,16,38,10,16,53,18,20,8,559,48,4,10,13,1,12,6,14,4,7,10,9,9,4,0,0,2,3,6,848,87
wpi6173v344849k3973,CC11.png,Right,18,0,26,8,16,16,14,13,8,30,6,324,14,0,2,4,0,11,4,7,8,7,4,4,11,3,0,0,0,1,2,481,62
wpi6173v344849k3973,CC12.png,Right,32,4,40,24,42,46,21,20,24,12,28,739,135,2,8,22,1,17,12,19,16,10,8,11,6,12,0,0,1,4,10,1167,127
wpi6173v344849k3973,CC2.png,Left,35,6,20,46,42,68,20,50,18,28,24,746,53,0,22,22,2,8,21,20,24,10,11,7,13,11,0,0,0,9,11,1165,147
wpi6173v344849k3973,CC3.png,Left,13,0,20,34,14,8,12,43,12,6,18,355,15,2,14,4,0,8,12,5,3,4,11,5,3,8,0,0,1,6,2,557,68
wpi6173v344849k3973,CC4.png,Left,30,0,10,47,22,56,30,18,32,40,34,695,68,2,8,14,0,5,19,8,19,14,4,13,16,16,0,0,1,3,6,1076,124
wpi6173v344849k3973,CC5.png,Left,9,0,13,17,0,14,2,29,6,2,8,254,10,0,12,2,0,4,7,0,6,1,7,3,1,4,0,0,0,6,1,369,40
wpi6173v344849k3973,CC6.png,Left,21,0,6,42,17,24,28,31,12,18,20,417,38,0,0,0,0,3,17,7,10,12,7,5,8,9,0,0,0,0,0,653,78
wpi6173v344849k3973,CC7.png,Right,11,2,18,14,12,4,14,58,17,14,4,350,34,0,10,2,1,7,6,5,2,6,7,6,5,2,0,0,0,5,1,553,53
wpi6173v344849k3973,CC8.png,Right,42,4,30,44,70,32,47,30,22,44,36,940,136,2,4,16,2,14,20,25,13,16,7,9,18,15,0,0,1,2,7,1457,149
wpi6173v344849k3973,CC9.png,Right,11,2,18,20,22,12,26,58,24,22,22,541,42,4,14,8,1,6,7,9,6,10,11,10,11,7,0,0,2,7,3,835,90
wpi6173v344849k3973,P1.png,Left,20,8,24,18,20,24,22,52,18,6,18,526,123,6,12,0,2,10,8,9,9,10,12,8,3,7,0,0,2,5,0,877,85
wpi6173v344849k3973,P10.png,Right,14,0,26,10,24,0,20,37,24,12,20,465,31,0,8,8,0,12,4,8,0,8,8,9,4,10,0,0,0,4,4,685,71
wpi6173v344849k3973,P11.png,Right,13,2,26,12,10,16,6,56,24,18,16,391,73,0,8,4,1,11,5,5,6,3,7,8,6,6,0,0,0,4,2,662,64
wpi6173v344849k3973,P12.png,Right,28,6,74,28,74,12,30,93,69,43,64,1031,86,6,8,16,2,28,12,25,5,12,14,27,20,26,0,0,2,4,5,1640,182
wpi6173v344849k3973,P2.png,Left,21,0,40,44,30,28,26,52,42,18,14,650,56,0,3,8,0,15,14,12,14,12,13,16,8,6,0,0,0,1,3,1011,114
wpi6173v344849k3973,P3.png,Left,43,6,35,41,24,62,28,33,38,22,36,919,92,4,10,12,3,12,15,11,24,12,10,13,10,11,0,0,2,5,6,1362,134
wpi6173v344849k3973,P4.png,Left,6,0,12,10,4,4,10,31,0,6,0,240,73,0,6,0,0,5,4,2,1,4,6,0,3,0,0,0,0,3,0,396,28
wpi6173v344849k3973,P5.png,Left,32,4,37,20,20,36,26,52,24,12,20,667,146,3,12,2,1,15,9,8,16,11,8,12,5,9,0,0,1,6,1,1081,102
wpi6173v344849k3973,P6.png,Left,23,2,24,38,24,28,22,25,10,8,20,447,141,2,8,2,1,8,16,9,13,10,8,5,3,7,0,0,1,4,1,801,86
wpi6173v344849k3973,P7.png,Right,53,4,80,42,90,50,62,29,27,16,53,1018,117,0,10,20,2,29,17,35,16,28,8,11,8,23,0,0,0,4,9,1618,190
wpi6173v344849k3973,P8.png,Right,2,0,4,2,6,4,8,34,26,12,12,336,65,6,7,2,0,2,1,2,2,3,8,10,4,5,0,0,3,3,1,524,44
wpi6173v344849k3973,P9.png,Right,10,0,30,12,20,6,12,64,40,15,32,499,30,0,8,4,0,11,4,9,1,6,11,16,7,9,0,0,0,4,2,772,80
wpi61w7f46406191343,CC1.png,Left,8,138,4,154,0,24,35,256,112,17,26,2219,1035,127,102,0,29,2,36,0,4,8,38,24,4,8,0,0,27,27,0,4249,207
wpi61w7f46406191343,CC10.png,Right,14,80,75,29,29,26,24,127,7,0,9,1093,1069,80,65,9,14,16,8,5,4,6,20,2,0,2,0,0,24,14,1,2722,116
wpi61w7f46406191343,CC11.png,Right,18,168,82,44,56,21,43,227,27,2,21,2077,1273,123,122,6,33,23,9,9,4,11,40,5,1,6,0,0,30,33,3,4292,207
wpi61w7f46406191343,CC12.png,Right,12,145,66,28,13,51,35,331,37,3,26,2168,2328,154,102,3,27,18,8,3,9,9,43,9,1,8,0,0,34,23,1,5490,193
wpi61w7f46406191343,CC2.png,Left,24,225,65,299,3,59,61,547,138,31,94,4317,1826,175,298,0,41,16,62,1,14,17,80,29,7,22,0,0,47,71,0,8138,407
wpi61w7f46406191343,CC3.png,Left,12,364,54,176,9,15,30,365,112,54,40,3709,4002,249,168,0,53,12,34,2,4,7,59,20,8,12,0,0,55,42,0,9347,308
wpi61w7f46406191343,CC4.png,Left,0,124,0,27,0,0,2,93,28,47,35,1263,972,77,49,0,21,0,8,0,0,1,17,10,8,9,0,0,21,13,0,2717,108
wpi61w7f46406191343,CC5.png,Left,22,125,6,99,17,45,29,148,135,65,90,2438,509,131,130,13,22,1,26,3,12,7,27,19,13,19,0,0,27,28,3,3980,207
wpi61w7f46406191343,CC6.png,Left,15,384,25,151,3,45,21,542,133,68,90,4470,3821,290,213,9,55,5,37,1,13,7,77,24,15,22,0,0,63,51,3,10265,373
wpi61w7f46406191343,CC7.png,Right,8,164,71,18,26,2,14,293,6,11,16,1481,1059,127,86,2,27,19,5,4,1,4,36,2,1,6,0,0,27,19,1,3376,152
wpi61w7f46406191343,CC8.png,Right,22,110,214,47,34,12,62,320,17,6,16,2512,1269,244,200,2,19,35,9,9,3,15,46,4,2,4,0,0,39,41,1,5065,227
wpi61w7f46406191343,CC9.png,Right,37,267,202,88,54,40,74,310,34,11,35,3164,3217,275,218,2,42,37,15,16,9,15,53,9,4,11,0,0,54,45,1,7991,311
wpi61w7f46406191343,P1.png,Left,14,172,12,129,7,60,39,178,91,50,41,2233,1306,135,131,2,30,3,27,2,10,10,37,22,10,12,0,0,26,31,1,4586,221
wpi61w7f46406191343,P10.png,Right,28,138,209,78,71,81,59,903,110,5,41,3669,1928,180,169,27,27,45,13,13,12,13,76,16,1,11,0,0,45,45,7,7668,324
wpi61w7f46406191343,P11.png,Right,72,148,387,148,178,138,145,447,53,51,95,4608,2366,209,292,30,34,68,33,41,30,37,72,15,10,26,0,0,43,56,8,9295,473
wpi61w7f46406191343,P12.png,Right,32,140,172,95,57,67,108,503,88,21,49,3517,2253,226,218,18,34,40,23,13,13,27,75,18,7,15,0,0,54,56,5,7532,380
wpi61w7f46406191343,P2.png,Left,30,225,51,278,11,47,29,510,182,66,96,4436,2710,280,301,20,52,12,59,2,15,9,84,43,21,26,0,0,64,64,6,9242,457
wpi61w7f46406191343,P3.png,Left,28,153,49,211,12,61,25,492,103,55,76,3311,1870,306,218,8,38,12,51,3,14,7,77,29,15,23,0,0,67,50,1,6950,387
wpi61w7f46406191343,P4.png,Left,26,173,59,228,21,58,91,259,79,51,78,3172,1359,126,131,10,27,14,41,5,12,17,59,21,14,21,0,0,32,36,3,5895,302
wpi61w7f46406191343,P5.png,Left,30,111,5,235,9,66,46,296,130,92,85,3112,3875,170,138,34,21,2,46,3,18,16,49,26,19,27,0,0,41,34,7,8404,309
wpi61w7f46406191343,P6.png,Left,42,263,59,237,21,133,79,521,261,119,204,5369,4958,341,249,30,53,13,49,4,28,19,87,49,25,38,0,0,66,56,8,12844,495
wpi61w7f46406191343,P7.png,Right,90,84,76,469,130,617,538,0,0,0,2,5644,154,5,28,19,10,18,54,22,63,82,0,0,0,1,0,0,1,6,4,7766,261
wpi61w7f46406191343,P8.png,Right,171,40,406,693,341,1065,489,181,27,8,88,9573,575,45,131,108,8,72,87,69,77,96,25,5,3,20,0,0,11,30,21,13770,524
wpi61w7f46406191343,P9.png,Right,100,110,539,263,308,225,252,379,226,152,225,6629,1259,166,217,96,20,82,42,60,36,65,49,32,28,51,0,0,26,38,21,11046,550
wpi6p173e3404848397,CC1.png,Left,6,8,8,12,26,4,14,92,2,6,2,747,1332,16,12,2,3,4,2,2,2,5,13,1,2,1,0,0,5,5,1,2283,46
wpi6p173e3404848397,CC10.png,Right,0,2,2,0,0,0,0,48,31,0,2,540,1269,2,4,0,1,1,0,0,0,0,7,9,0,1,0,0,1,2,0,1900,22
wpi6p173e3404848397,CC11.png,Right,6,2,14,4,4,2,0,52,26,18,14,795,1158,0,6,0,1,7,2,2,1,0,11,9,4,4,0,0,0,3,0,2095,44
wpi6p173e3404848397,CC12.png,Right,0,0,2,0,0,0,0,18,6,6,0,288,764,2,0,0,0,1,0,0,0,0,3,2,2,0,0,0,1,0,0,1086,9
wpi6p173e3404848397,CC2.png,Left,6,0,10,4,4,4,2,16,2,0,0,76,310,2,2,0,0,3,2,2,2,1,4,1,0,0,0,0,1,1,0,432,17
wpi6p173e3404848397,CC3.png,Left,0,0,2,0,0,0,0,6,0,0,0,96,220,0,0,0,0,1,0,0,0,0,2,0,0,0,0,0,0,0,0,324,3
wpi6p173e3404848397,CC4.png,Left,2,0,6,0,2,0,4,4,0,0,0,186,999,0,2,0,0,2,0,1,0,1,1,0,0,0,0,0,0,1,0,1203,6
wpi6p173e3404848397,CC5.png,Left,2,4,16,26,2,0,6,78,4,0,0,578,609,8,29,0,1,5,6,1,0,3,13,1,0,0,0,0,4,7,0,1360,41
wpi6p173e3404848397,CC6.png,Left,11,0,37,2,12,0,8,20,0,0,0,302,309,0,2,0,0,9,1,6,0,4,4,0,0,0,0,0,0,1,0,692,25
wpi6p173e3404848397,CC7.png,Right,0,0,2,0,0,0,0,24,26,0,4,375,767,0,3,0,0,1,0,0,0,0,2,4,0,2,0,0,0,1,0,1201,10
wpi6p173e3404848397,CC8.png,Right,0,0,8,0,0,0,2,59,12,4,0,158,137,8,18,0,0,3,0,0,0,1,13,2,2,0,0,0,2,6,0,406,29
wpi6p173e3404848397,CC9.png,Right,1,0,2,0,2,0,0,4,14,12,6,213,241,0,0,0,0,1,0,1,0,0,1,4,4,3,0,0,0,0,0,494,14
wpi6p173e3404848397,P1.png,Left,44,62,114,87,68,30,26,138,38,38,46,1575,730,26,45,14,16,29,26,16,14,11,41,14,10,14,0,0,10,20,7,3037,228
wpi6p173e3404848397,P10.png,Right,20,50,42,27,50,26,28,99,60,93,30,1396,458,38,47,26,13,14,8,14,5,9,17,15,17,10,0,0,12,16,6,2470,156
wpi6p173e3404848397,P11.png,Right,0,0,0,0,0,0,0,2,15,0,0,140,390,0,0,0,0,0,0,0,0,0,1,2,0,0,0,0,0,0,0,547,3
wpi6p173e3404848397,P12.png,Right,2,28,22,6,4,0,2,166,40,16,8,953,3741,42,22,2,8,8,3,1,0,1,27,12,5,4,0,0,13,9,1,5052,92
wpi6p173e3404848397,P2.png,Left,67,92,74,198,40,230,120,170,131,48,114,3720,1409,32,94,76,21,29,60,13,54,36,35,33,17,39,0,0,13,35,21,6548,406
wpi6p173e3404848397,P3.png,Left,9,40,18,24,8,7,16,72,26,10,12,712,235,12,38,0,7,4,7,2,3,5,16,4,3,3,0,0,5,10,0,1230,69
wpi6p173e3404848397,P4.png,Left,19,46,122,63,30,22,34,236,18,8,4,1839,1234,14,24,20,10,25,18,8,9,9,36,5,3,2,0,0,5,8,6,3714,144
wpi6p173e3404848397,P5.png,Left,6,34,2,8,6,4,4,112,0,0,10,314,298,22,56,2,5,1,4,2,2,2,15,0,0,4,0,0,7,13,1,872,56
wpi6p173e3404848397,P6.png,Left,34,66,89,72,40,38,37,182,28,24,42,1611,751,36,44,16,15,19,23,12,16,13,29,7,7,14,0,0,15,16,6,3076,192
wpi6p173e3404848397,P7.png,Right,10,20,12,6,14,2,2,35,23,18,16,620,1048,18,4,20,5,5,1,6,1,1,9,8,6,5,0,0,8,2,6,1858,63
wpi6p173e3404848397,P8.png,Right,10,36,12,16,16,16,8,64,14,4,8,808,935,22,12,8,13,5,6,7,6,4,20,7,2,4,0,0,8,5,3,1979,90
wpi6p173e3404848397,P9.png,Right,0,4,0,0,0,0,0,38,14,0,4,268,244,0,2,0,1,0,0,0,0,0,4,4,0,1,0,0,0,1,0,574,11
wpi617n3308449928h0,CC1.png,Left,48,12,24,45,15,30,29,83,18,9,14,788,1128,21,14,4,8,20,31,12,18,17,28,10,6,12,0,0,15,11,3,2234,191
wpi617n3308449928h0,CC10.png,Right,14,6,12,13,3,13,10,23,4,1,5,276,173,4,11,1,4,10,8,3,6,6,11,4,1,4,0,0,4,10,1,555,72
wpi617n3308449928h0,CC11.png,Right,12,10,31,12,4,2,4,13,23,7,14,376,299,14,15,4,6,20,5,4,2,4,9,16,6,9,0,0,9,14,2,828,106
wpi617n3308449928h0,CC12.png,Right,10,12,18,14,1,6,7,65,16,10,6,425,519,10,13,1,6,15,8,1,5,4,22,8,6,5,0,0,7,11,1,1123,99
wpi617n3308449928h0,CC2.png,Left,52,7,27,36,17,37,17,40,28,25,34,722,577,8,12,3,6,23,28,12,30,15,24,16,16,25,0,0,5,11,3,1590,214
wpi617n3308449928h0,CC3.png,Left,4,12,5,5,0,2,1,64,2,0,1,290,436,21,5,0,7,4,2,0,2,1,17,2,0,1,0,0,10,4,0,844,50
wpi617n3308449928h0,CC4.png,Left,19,5,5,14,7,25,5,16,10,11,9,373,377,4,8,4,4,4,11,6,16,3,9,6,8,7,0,0,4,6,3,873,87
wpi617n3308449928h0,CC5.png,Left,6,8,18,29,1,3,12,51,9,2,6,375,361,9,18,0,5,13,19,1,3,8,27,7,2,5,0,0,8,14,0,902,112
wpi617n3308449928h0,CC6.png,Left,28,7,14,47,5,24,13,55,17,20,17,550,453,10,31,10,5,10,27,4,18,9,24,13,18,12,0,0,8,22,7,1273,177
wpi617n3308449928h0,CC7.png,Right,11,5,11,8,13,4,9,82,11,13,14,386,483,20,13,3,5,8,6,9,3,9,27,9,11,12,0,0,12,10,2,1075,123
wpi617n3308449928h0,CC8.png,Right,7,30,11,5,5,1,1,83,21,1,1,551,800,16,15,1,18,7,4,5,1,1,30,12,1,1,0,0,15,12,1,1542,108
wpi617n3308449928h0,CC9.png,Right,15,13,22,25,7,9,16,17,6,5,7,439,784,11,13,0,9,15,12,4,6,13,10,5,5,5,0,0,9,9,0,1374,102
wpi617n3308449928h0,P1.png,Left,26,4,13,21,18,29,13,40,9,5,13,412,610,10,8,2,3,12,12,14,20,11,19,5,4,11,0,0,8,6,2,1207,127
wpi617n3308449928h0,P10.png,Right,20,4,17,3,17,8,6,69,15,12,13,385,123,7,8,20,3,15,3,12,3,5,20,12,9,9,0,0,7,6,8,707,112
wpi617n3308449928h0,P11.png,Right,20,8,11,33,6,29,7,40,8,3,2,515,654,5,4,2,8,7,14,4,10,6,16,6,3,2,0,0,3,4,2,1327,85
wpi617n3308449928h0,P12.png,Right,58,16,64,58,27,46,52,43,14,4,18,692,777,16,26,3,11,33,38,21,26,37,26,11,4,16,0,0,9,17,2,1856,251
wpi617n3308449928h0,P2.png,Left,28,10,21,33,21,16,25,9,13,11,15,583,657,7,7,3,6,12,22,10,13,20,9,11,7,11,0,0,5,5,2,1431,133
wpi617n3308449928h0,P3.png,Left,0,24,2,3,0,0,1,33,10,0,4,287,457,20,17,0,15,1,3,0,0,1,18,7,0,2,0,0,12,12,0,858,71
wpi617n3308449928h0,P4.png,Left,36,8,29,24,30,18,22,80,11,4,7,802,1337,12,16,11,7,23,20,17,14,18,39,10,4,6,0,0,11,14,5,2411,188
wpi617n3308449928h0,P5.png,Left,37,1,20,29,10,40,24,12,34,68,30,795,417,1,10,27,1,14,23,8,25,20,10,22,34,21,0,0,1,7,17,1518,203
wpi617n3308449928h0,P6.png,Left,14,12,13,19,6,11,9,29,16,9,14,445,805,11,17,6,10,9,14,5,9,9,18,13,6,11,0,0,9,17,5,1422,135
wpi617n3308449928h0,P7.png,Right,54,9,85,19,45,19,31,57,53,29,36,979,371,12,17,15,7,55,13,33,15,26,34,37,22,28,0,0,9,17,8,1777,304
wpi617n3308449928h0,P8.png,Right,6,4,22,0,14,0,8,24,17,21,13,404,279,4,5,3,2,14,0,4,0,6,15,13,13,11,0,0,3,5,2,818,88
wpi617n3308449928h0,P9.png,Right,50,28,59,49,27,34,37,78,11,5,13,800,225,20,39,3,18,39,27,20,22,31,39,8,5,12,0,0,17,31,3,1428,272
