pid,date,Condition,Image,problem_Order,HOO_Position,Simplification,trialElapsedTime,finalNumerator,finalDenominator,true_final_numerator,true_final_denominator,Correct
wpi6172964653ia1639,2024-10-22_21h41.59.271,Incongruent,P10.png,1,Right,No,43.0106,39.0,12.0,43,12,FALSE
wpi6172964653ia1639,2024-10-22_21h41.59.271,Incongruent,P4.png,2,Left,No,26.3638,71.0,12.0,71,12,TRUE
wpi6172964653ia1639,2024-10-22_21h41.59.271,Incongruent,P6.png,3,Left,No,42.4764,91.0,6.0,49,24,FALSE
wpi6172964653ia1639,2024-10-22_21h41.59.271,Incongruent,P1.png,4,Left,Yes,17.8663,31.0,20.0,31,20,TRUE
wpi6172964653ia1639,2024-10-22_21h41.59.271,Incongruent,P11.png,5,Right,No,26.231,19.0,18.0,23,18,FALSE
wpi6172964653ia1639,2024-10-22_21h41.59.271,Incongruent,P5.png,6,Left,No,31.1147,31.0,24.0,31,24,TRUE
wpi6172964653ia1639,2024-10-22_21h41.59.271,Incongruent,P2.png,7,Left,Yes,40.2185,112.0,60.0,28,15,TRUE
wpi6172964653ia1639,2024-10-22_21h41.59.271,Incongruent,P12.png,8,Right,No,32.6554,51.0,28.0,51,28,TRUE
wpi6172964653ia1639,2024-10-22_21h41.59.271,Incongruent,P8.png,9,Right,Yes,26.8511,41.0,20.0,41,20,TRUE
wpi6172964653ia1639,2024-10-22_21h41.59.271,Incongruent,P3.png,10,Left,Yes,44.9308,63.0,60.0,21,20,TRUE
wpi6172964653ia1639,2024-10-22_21h41.59.271,Incongruent,P9.png,11,Right,Yes,31.6273,99.0,42.0,33,14,TRUE
wpi6172964653ia1639,2024-10-22_21h41.59.271,Incongruent,P7.png,12,Right,Yes,41.9352,134.0,18.0,67,9,TRUE
wpi6172964653ia1639,2024-10-22_21h41.59.271,Incongruent,IC7.png,13,Right,Yes,25.8573,38.0,20.0,19,10,TRUE
wpi6172964653ia1639,2024-10-22_21h41.59.271,Incongruent,IC11.png,14,Right,No,22.495,19.0,24.0,19,24,TRUE
wpi6172964653ia1639,2024-10-22_21h41.59.271,Incongruent,IC10.png,15,Right,No,15.5495,37.0,16.0,37,16,TRUE
wpi6172964653ia1639,2024-10-22_21h41.59.271,Incongruent,IC8.png,16,Right,Yes,41.1512,50.0,42.0,25,21,TRUE
wpi6172964653ia1639,2024-10-22_21h41.59.271,Incongruent,IC5.png,17,Left,No,20.2115,29.0,18.0,29,18,TRUE
wpi6172964653ia1639,2024-10-22_21h41.59.271,Incongruent,IC12.png,18,Right,No,23.3141,73.0,12.0,73,12,TRUE
wpi6172964653ia1639,2024-10-22_21h41.59.271,Incongruent,IC4.png,19,Left,No,16.2812,48.0,16.0,49,16,FALSE
wpi6172964653ia1639,2024-10-22_21h41.59.271,Incongruent,IC1.png,20,Left,Yes,32.5358,87.0,12.0,29,4,TRUE
wpi6172964653ia1639,2024-10-22_21h41.59.271,Incongruent,IC2.png,21,Left,Yes,53.0438,72.0,42.0,41,21,FALSE
wpi6172964653ia1639,2024-10-22_21h41.59.271,Incongruent,IC6.png,22,Left,No,39.067,37.0,30.0,37,30,TRUE
wpi6172964653ia1639,2024-10-22_21h41.59.271,Incongruent,IC9.png,23,Right,Yes,65.9111,94.0,42.0,43,14,FALSE
wpi6172964653ia1639,2024-10-22_21h41.59.271,Incongruent,IC3.png,24,Left,Yes,25.5308,89.0,36.0,89,36,TRUE
wpi6172964je1750738,2024-10-22_20h17.08.555,Congruent,P11.png,1,Right,No,49.6918,19.0,18.0,23,18,FALSE
wpi6172964je1750738,2024-10-22_20h17.08.555,Congruent,P5.png,2,Left,No,19.2339,31.0,24.0,31,24,TRUE
wpi6172964je1750738,2024-10-22_20h17.08.555,Congruent,P2.png,3,Left,Yes,61.4604,112.0,60.0,28,15,TRUE
wpi6172964je1750738,2024-10-22_20h17.08.555,Congruent,P4.png,4,Left,No,16.2098,71.0,12.0,71,12,TRUE
wpi6172964je1750738,2024-10-22_20h17.08.555,Congruent,P8.png,5,Right,Yes,29.6959,41.0,20.0,41,20,TRUE
wpi6172964je1750738,2024-10-22_20h17.08.555,Congruent,P1.png,6,Left,Yes,19.5629,31.0,20.0,31,20,TRUE
wpi6172964je1750738,2024-10-22_20h17.08.555,Congruent,P3.png,7,Left,Yes,72.0296,31.5,30.0,21,20,TRUE
wpi6172964je1750738,2024-10-22_20h17.08.555,Congruent,P9.png,8,Right,Yes,45.1959,99.0,42.0,33,14,TRUE
wpi6172964je1750738,2024-10-22_20h17.08.555,Congruent,P10.png,9,Right,No,16.4921,43.0,12.0,43,12,TRUE
wpi6172964je1750738,2024-10-22_20h17.08.555,Congruent,P6.png,10,Left,No,20.3136,49.0,24.0,49,24,TRUE
wpi6172964je1750738,2024-10-22_20h17.08.555,Congruent,P12.png,11,Right,No,54.8305,20.5,14.0,51,28,FALSE
wpi6172964je1750738,2024-10-22_20h17.08.555,Congruent,P7.png,12,Right,Yes,61.5295,149.0,18.0,67,9,FALSE
wpi6172964je1750738,2024-10-22_20h17.08.555,Congruent,CC7.png,13,Right,Yes,13.285,38.0,20.0,19,10,TRUE
wpi6172964je1750738,2024-10-22_20h17.08.555,Congruent,CC6.png,14,Left,No,20.0997,37.0,30.0,37,30,TRUE
wpi6172964je1750738,2024-10-22_20h17.08.555,Congruent,CC11.png,15,Right,No,23.9619,19.0,24.0,19,24,TRUE
wpi6172964je1750738,2024-10-22_20h17.08.555,Congruent,CC4.png,16,Left,No,12.61,49.0,16.0,49,16,TRUE
wpi6172964je1750738,2024-10-22_20h17.08.555,Congruent,CC5.png,17,Left,No,24.3644,39.0,18.0,29,18,FALSE
wpi6172964je1750738,2024-10-22_20h17.08.555,Congruent,CC8.png,18,Right,Yes,48.0312,50.0,42.0,25,21,TRUE
wpi6172964je1750738,2024-10-22_20h17.08.555,Congruent,CC1.png,19,Left,Yes,21.0631,87.0,12.0,29,4,TRUE
wpi6172964je1750738,2024-10-22_20h17.08.555,Congruent,CC12.png,20,Right,No,23.1634,73.0,12.0,73,12,TRUE
wpi6172964je1750738,2024-10-22_20h17.08.555,Congruent,CC9.png,21,Right,Yes,30.9305,64.5,21.0,43,14,TRUE
wpi6172964je1750738,2024-10-22_20h17.08.555,Congruent,CC10.png,22,Right,No,9.7471,37.0,16.0,37,16,TRUE
wpi6172964je1750738,2024-10-22_20h17.08.555,Congruent,CC3.png,23,Left,Yes,24.3145,44.5,18.0,89,36,TRUE
wpi6172964je1750738,2024-10-22_20h17.08.555,Congruent,CC2.png,24,Left,Yes,44.8963,82.0,42.0,41,21,TRUE
wpi6172995d42826h37,2024-10-26_11h09.35.640,Congruent,P2.png,1,Left,Yes,163.025,112.0,60.0,28,15,TRUE
wpi6172995d42826h37,2024-10-26_11h09.35.640,Congruent,P4.png,2,Left,No,59.4066,71.0,12.0,71,12,TRUE
wpi6172995d42826h37,2024-10-26_11h09.35.640,Congruent,P7.png,3,Right,Yes,53.389,134.0,18.0,67,9,TRUE
wpi6172995d42826h37,2024-10-26_11h09.35.640,Congruent,P5.png,4,Left,No,29.3192,31.0,24.0,31,24,TRUE
wpi6172995d42826h37,2024-10-26_11h09.35.640,Congruent,P1.png,5,Left,Yes,16.001,31.0,20.0,31,20,TRUE
wpi6172995d42826h37,2024-10-26_11h09.35.640,Congruent,P11.png,6,Right,No,31.2929,23.0,18.0,23,18,TRUE
wpi6172995d42826h37,2024-10-26_11h09.35.640,Congruent,P6.png,7,Left,No,22.6313,49.0,24.0,49,24,TRUE
wpi6172995d42826h37,2024-10-26_11h09.35.640,Congruent,P12.png,8,Right,No,55.8693,51.0,28.0,51,28,TRUE
wpi6172995d42826h37,2024-10-26_11h09.35.640,Congruent,P9.png,9,Right,Yes,71.4385,33.0,14.0,33,14,TRUE
wpi6172995d42826h37,2024-10-26_11h09.35.640,Congruent,P8.png,10,Right,Yes,35.2601,82.0,40.0,41,20,TRUE
wpi6172995d42826h37,2024-10-26_11h09.35.640,Congruent,P10.png,11,Right,No,15.8487,43.0,12.0,43,12,TRUE
wpi6172995d42826h37,2024-10-26_11h09.35.640,Congruent,P3.png,12,Left,Yes,69.4859,21.0,20.0,21,20,TRUE
wpi6172995d42826h37,2024-10-26_11h09.35.640,Congruent,CC12.png,13,Right,No,31.1405,73.0,12.0,73,12,TRUE
wpi6172995d42826h37,2024-10-26_11h09.35.640,Congruent,CC5.png,14,Left,No,22.0149,29.0,18.0,29,18,TRUE
wpi6172995d42826h37,2024-10-26_11h09.35.640,Congruent,CC11.png,15,Right,No,24.4482,19.0,24.0,19,24,TRUE
wpi6172995d42826h37,2024-10-26_11h09.35.640,Congruent,CC9.png,16,Right,Yes,73.8373,129.0,42.0,43,14,TRUE
wpi6172995d42826h37,2024-10-26_11h09.35.640,Congruent,CC7.png,17,Right,Yes,25.2992,38.0,20.0,19,10,TRUE
wpi6172995d42826h37,2024-10-26_11h09.35.640,Congruent,CC4.png,18,Left,No,16.1284,49.0,16.0,49,16,TRUE
wpi6172995d42826h37,2024-10-26_11h09.35.640,Congruent,CC8.png,19,Right,Yes,90.8203,50.0,42.0,25,21,TRUE
wpi6172995d42826h37,2024-10-26_11h09.35.640,Congruent,CC10.png,20,Right,No,22.5115,37.0,16.0,37,16,TRUE
wpi6172995d42826h37,2024-10-26_11h09.35.640,Congruent,CC1.png,21,Left,Yes,21.0319,87.0,12.0,29,4,TRUE
wpi6172995d42826h37,2024-10-26_11h09.35.640,Congruent,CC3.png,22,Left,Yes,63.1182,89.0,36.0,89,36,TRUE
wpi6172995d42826h37,2024-10-26_11h09.35.640,Congruent,CC6.png,23,Left,No,27.4643,37.0,30.0,37,30,TRUE
wpi6172995d42826h37,2024-10-26_11h09.35.640,Congruent,CC2.png,24,Left,Yes,60.4972,82.0,42.0,41,21,TRUE
wpi617299937o1947y5,2024-10-26_22h10.05.672,Congruent,P8.png,1,Right,Yes,73.8637,41.0,20.0,41,20,TRUE
wpi617299937o1947y5,2024-10-26_22h10.05.672,Congruent,P1.png,2,Left,Yes,31.5134,31.0,20.0,31,20,TRUE
wpi617299937o1947y5,2024-10-26_22h10.05.672,Congruent,P4.png,3,Left,No,30.0329,71.0,12.0,71,12,TRUE
wpi617299937o1947y5,2024-10-26_22h10.05.672,Congruent,P2.png,4,Left,Yes,53.3258,28.0,15.0,28,15,TRUE
wpi617299937o1947y5,2024-10-26_22h10.05.672,Congruent,P10.png,5,Right,No,34.9312,43.0,12.0,43,12,TRUE
wpi617299937o1947y5,2024-10-26_22h10.05.672,Congruent,P6.png,6,Left,No,25.0312,49.0,24.0,49,24,TRUE
wpi617299937o1947y5,2024-10-26_22h10.05.672,Congruent,P3.png,7,Left,Yes,22.5149,21.0,20.0,21,20,TRUE
wpi617299937o1947y5,2024-10-26_22h10.05.672,Congruent,P9.png,8,Right,Yes,43.061,33.0,12.0,33,14,FALSE
wpi617299937o1947y5,2024-10-26_22h10.05.672,Congruent,P12.png,9,Right,No,35.4985,51.0,28.0,51,28,TRUE
wpi617299937o1947y5,2024-10-26_22h10.05.672,Congruent,P11.png,10,Right,No,18.0804,23.0,18.0,23,18,TRUE
wpi617299937o1947y5,2024-10-26_22h10.05.672,Congruent,P7.png,11,Right,Yes,28.7328,67.0,9.0,67,9,TRUE
wpi617299937o1947y5,2024-10-26_22h10.05.672,Congruent,P5.png,12,Left,No,43.715,31.0,12.0,31,24,FALSE
wpi617299937o1947y5,2024-10-26_22h10.05.672,Congruent,CC9.png,13,Right,Yes,32.7489,43.0,14.0,43,14,TRUE
wpi617299937o1947y5,2024-10-26_22h10.05.672,Congruent,CC4.png,14,Left,No,22.8153,49.0,16.0,49,16,TRUE
wpi617299937o1947y5,2024-10-26_22h10.05.672,Congruent,CC12.png,15,Right,No,19.5819,31.0,12.0,73,12,FALSE
wpi617299937o1947y5,2024-10-26_22h10.05.672,Congruent,CC5.png,16,Left,No,18.9333,29.0,18.0,29,18,TRUE
wpi617299937o1947y5,2024-10-26_22h10.05.672,Congruent,CC2.png,17,Left,Yes,21.9489,41.0,21.0,41,21,TRUE
wpi617299937o1947y5,2024-10-26_22h10.05.672,Congruent,CC10.png,18,Right,No,27.4645,37.0,16.0,37,16,TRUE
wpi617299937o1947y5,2024-10-26_22h10.05.672,Congruent,CC1.png,19,Left,Yes,29.0985,29.0,4.0,29,4,TRUE
wpi617299937o1947y5,2024-10-26_22h10.05.672,Congruent,CC6.png,20,Left,No,27.1988,37.0,30.0,37,30,TRUE
wpi617299937o1947y5,2024-10-26_22h10.05.672,Congruent,CC7.png,21,Right,Yes,26.4148,35.0,20.0,19,10,FALSE
wpi617299937o1947y5,2024-10-26_22h10.05.672,Congruent,CC3.png,22,Left,Yes,33.8152,89.0,36.0,89,36,TRUE
wpi617299937o1947y5,2024-10-26_22h10.05.672,Congruent,CC11.png,23,Right,No,36.4809,19.0,24.0,19,24,TRUE
wpi617299937o1947y5,2024-10-26_22h10.05.672,Congruent,CC8.png,24,Right,Yes,27.6655,25.0,21.0,25,21,TRUE
wpi617302246zq87473,2024-10-29_14h16.44.531,Congruent,P12.png,1,Right,No,36.6944,108.0,54.0,51,28,FALSE
wpi617302246zq87473,2024-10-29_14h16.44.531,Congruent,P1.png,2,Left,Yes,22.3287,108.0,100.0,31,20,FALSE
wpi617302246zq87473,2024-10-29_14h16.44.531,Congruent,P7.png,3,Right,Yes,37.252,472.0,54.0,67,9,FALSE
wpi617302246zq87473,2024-10-29_14h16.44.531,Congruent,P3.png,4,Left,Yes,19.2605,58.0,60.0,21,20,FALSE
wpi617302246zq87473,2024-10-29_14h16.44.531,Congruent,P4.png,5,Left,No,21.9251,215.0,36.0,71,12,FALSE
wpi617302246zq87473,2024-10-29_14h16.44.531,Congruent,P8.png,6,Right,Yes,15.3071,87.0,40.0,41,20,FALSE
wpi617302246zq87473,2024-10-29_14h16.44.531,Congruent,P6.png,7,Left,No,61.261,98.0,48.0,49,24,TRUE
wpi617302246zq87473,2024-10-29_14h16.44.531,Congruent,P10.png,8,Right,No,17.615,43.0,12.0,43,12,TRUE
wpi617302246zq87473,2024-10-29_14h16.44.531,Congruent,P11.png,9,Right,No,28.87,23.0,18.0,23,18,TRUE
wpi617302246zq87473,2024-10-29_14h16.44.531,Congruent,P9.png,10,Right,Yes,51.1076,99.0,42.0,33,14,TRUE
wpi617302246zq87473,2024-10-29_14h16.44.531,Congruent,P2.png,11,Left,Yes,32.9406,92.0,60.0,28,15,FALSE
wpi617302246zq87473,2024-10-29_14h16.44.531,Congruent,P5.png,12,Left,No,22.6498,31.0,24.0,31,24,TRUE
wpi617302246zq87473,2024-10-29_14h16.44.531,Congruent,CC3.png,13,Left,Yes,27.9428,89.0,36.0,89,36,TRUE
wpi617302246zq87473,2024-10-29_14h16.44.531,Congruent,CC12.png,14,Right,No,22.6622,146.0,24.0,73,12,TRUE
wpi617302246zq87473,2024-10-29_14h16.44.531,Congruent,CC9.png,15,Right,Yes,27.4426,129.0,42.0,43,14,TRUE
wpi617302246zq87473,2024-10-29_14h16.44.531,Congruent,CC6.png,16,Left,No,45.1219,37.0,30.0,37,30,TRUE
wpi617302246zq87473,2024-10-29_14h16.44.531,Congruent,CC4.png,17,Left,No,12.3421,49.0,16.0,49,16,TRUE
wpi617302246zq87473,2024-10-29_14h16.44.531,Congruent,CC8.png,18,Right,Yes,67.8874,50.0,42.0,25,21,TRUE
wpi617302246zq87473,2024-10-29_14h16.44.531,Congruent,CC5.png,19,Left,No,22.2709,29.0,18.0,29,18,TRUE
wpi617302246zq87473,2024-10-29_14h16.44.531,Congruent,CC1.png,20,Left,Yes,16.8147,87.0,12.0,29,4,TRUE
wpi617302246zq87473,2024-10-29_14h16.44.531,Congruent,CC10.png,21,Right,No,9.9043,37.0,16.0,37,16,TRUE
wpi617302246zq87473,2024-10-29_14h16.44.531,Congruent,CC11.png,22,Right,No,21.4798,19.0,24.0,19,24,TRUE
wpi617302246zq87473,2024-10-29_14h16.44.531,Congruent,CC2.png,23,Left,Yes,29.7855,82.0,42.0,41,21,TRUE
wpi617302246zq87473,2024-10-29_14h16.44.531,Congruent,CC7.png,24,Right,Yes,14.0311,38.0,20.0,19,10,TRUE
wpi6173038474v3d659,2024-10-31_11h00.50.829,Congruent,P5.png,1,Left,No,23.726,31.0,24.0,31,24,TRUE
wpi6173038474v3d659,2024-10-31_11h00.50.829,Congruent,P9.png,2,Right,Yes,25.9461,33.0,14.0,33,14,TRUE
wpi6173038474v3d659,2024-10-31_11h00.50.829,Congruent,P12.png,3,Right,No,28.9789,102.0,56.0,51,28,TRUE
wpi6173038474v3d659,2024-10-31_11h00.50.829,Congruent,P10.png,4,Right,No,11.434,43.0,12.0,43,12,TRUE
wpi6173038474v3d659,2024-10-31_11h00.50.829,Congruent,P6.png,5,Left,No,24.7116,98.0,48.0,49,24,TRUE
wpi6173038474v3d659,2024-10-31_11h00.50.829,Congruent,P11.png,6,Right,No,19.7118,69.0,54.0,23,18,TRUE
wpi6173038474v3d659,2024-10-31_11h00.50.829,Congruent,P3.png,7,Left,Yes,14.7133,63.0,60.0,21,20,TRUE
wpi6173038474v3d659,2024-10-31_11h00.50.829,Congruent,P4.png,8,Left,No,10.1238,71.0,12.0,71,12,TRUE
wpi6173038474v3d659,2024-10-31_11h00.50.829,Congruent,P1.png,9,Left,Yes,8.0522,31.0,20.0,31,20,TRUE
wpi6173038474v3d659,2024-10-31_11h00.50.829,Congruent,P2.png,10,Left,Yes,20.3823,102.0,60.0,28,15,FALSE
wpi6173038474v3d659,2024-10-31_11h00.50.829,Congruent,P7.png,11,Right,Yes,16.1242,402.0,54.0,67,9,TRUE
wpi6173038474v3d659,2024-10-31_11h00.50.829,Congruent,P8.png,12,Right,Yes,10.7675,82.0,40.0,41,20,TRUE
wpi6173038474v3d659,2024-10-31_11h00.50.829,Congruent,CC4.png,13,Left,No,24.7874,49.0,16.0,49,16,TRUE
wpi6173038474v3d659,2024-10-31_11h00.50.829,Congruent,CC6.png,14,Left,No,15.8412,185.0,150.0,37,30,TRUE
wpi6173038474v3d659,2024-10-31_11h00.50.829,Congruent,CC11.png,15,Right,No,10.379,76.0,96.0,19,24,TRUE
wpi6173038474v3d659,2024-10-31_11h00.50.829,Congruent,CC9.png,16,Right,Yes,10.4163,152.0,42.0,43,14,FALSE
wpi6173038474v3d659,2024-10-31_11h00.50.829,Congruent,CC8.png,17,Right,Yes,10.9654,50.0,42.0,25,21,TRUE
wpi6173038474v3d659,2024-10-31_11h00.50.829,Congruent,CC1.png,18,Left,Yes,12.6248,174.0,24.0,29,4,TRUE
wpi6173038474v3d659,2024-10-31_11h00.50.829,Congruent,CC2.png,19,Left,Yes,16.1294,82.0,42.0,41,21,TRUE
wpi6173038474v3d659,2024-10-31_11h00.50.829,Congruent,CC10.png,20,Right,No,12.58,37.0,16.0,37,16,TRUE
wpi6173038474v3d659,2024-10-31_11h00.50.829,Congruent,CC12.png,21,Right,No,15.7048,146.0,24.0,73,12,TRUE
wpi6173038474v3d659,2024-10-31_11h00.50.829,Congruent,CC5.png,22,Left,No,11.2852,87.0,54.0,29,18,TRUE
wpi6173038474v3d659,2024-10-31_11h00.50.829,Congruent,CC7.png,23,Right,Yes,13.7659,34.0,20.0,19,10,FALSE
wpi6173038474v3d659,2024-10-31_11h00.50.829,Congruent,CC3.png,24,Left,Yes,11.8547,178.0,72.0,89,36,TRUE
wpi617305q196215x98,2024-11-02_00h08.26.474,Congruent,P1.png,1,Left,Yes,20.4668,31.0,20.0,31,20,TRUE
wpi617305q196215x98,2024-11-02_00h08.26.474,Congruent,P12.png,2,Right,No,21.9219,51.0,28.0,51,28,TRUE
wpi617305q196215x98,2024-11-02_00h08.26.474,Congruent,P8.png,3,Right,Yes,75.5416,82.0,40.0,41,20,TRUE
wpi617305q196215x98,2024-11-02_00h08.26.474,Congruent,P11.png,4,Right,No,24.6064,23.0,18.0,23,18,TRUE
wpi617305q196215x98,2024-11-02_00h08.26.474,Congruent,P10.png,5,Right,No,24.1502,43.0,12.0,43,12,TRUE
wpi617305q196215x98,2024-11-02_00h08.26.474,Congruent,P7.png,6,Right,Yes,26.9013,134.0,18.0,67,9,TRUE
wpi617305q196215x98,2024-11-02_00h08.26.474,Congruent,P9.png,7,Right,Yes,21.5501,99.0,42.0,33,14,TRUE
wpi617305q196215x98,2024-11-02_00h08.26.474,Congruent,P3.png,8,Left,Yes,29.9053,63.0,60.0,21,20,TRUE
wpi617305q196215x98,2024-11-02_00h08.26.474,Congruent,P4.png,9,Left,No,21.7084,71.0,12.0,71,12,TRUE
wpi617305q196215x98,2024-11-02_00h08.26.474,Congruent,P5.png,10,Left,No,20.9643,31.0,24.0,31,24,TRUE
wpi617305q196215x98,2024-11-02_00h08.26.474,Congruent,P6.png,11,Left,No,23.4745,48.0,24.0,49,24,FALSE
wpi617305q196215x98,2024-11-02_00h08.26.474,Congruent,P2.png,12,Left,Yes,48.8454,112.0,60.0,28,15,TRUE
wpi617305q196215x98,2024-11-02_00h08.26.474,Congruent,CC12.png,13,Right,No,24.9216,73.0,12.0,73,12,TRUE
wpi617305q196215x98,2024-11-02_00h08.26.474,Congruent,CC3.png,14,Left,Yes,16.3745,89.0,36.0,89,36,TRUE
wpi617305q196215x98,2024-11-02_00h08.26.474,Congruent,CC5.png,15,Left,No,17.9649,29.0,18.0,29,18,TRUE
wpi617305q196215x98,2024-11-02_00h08.26.474,Congruent,CC11.png,16,Right,No,15.8106,19.0,24.0,19,24,TRUE
wpi617305q196215x98,2024-11-02_00h08.26.474,Congruent,CC9.png,17,Right,Yes,24.6202,129.0,42.0,43,14,TRUE
wpi617305q196215x98,2024-11-02_00h08.26.474,Congruent,CC2.png,18,Left,Yes,54.531,82.0,42.0,41,21,TRUE
wpi617305q196215x98,2024-11-02_00h08.26.474,Congruent,CC8.png,19,Right,Yes,48.8932,50.0,42.0,25,21,TRUE
wpi617305q196215x98,2024-11-02_00h08.26.474,Congruent,CC6.png,20,Left,No,31.4745,37.0,30.0,37,30,TRUE
wpi617305q196215x98,2024-11-02_00h08.26.474,Congruent,CC4.png,21,Left,No,9.8088,49.0,16.0,49,16,TRUE
wpi617305q196215x98,2024-11-02_00h08.26.474,Congruent,CC10.png,22,Right,No,8.7262,37.0,16.0,37,16,TRUE
wpi617305q196215x98,2024-11-02_00h08.26.474,Congruent,CC7.png,23,Right,Yes,10.6857,38.0,20.0,19,10,TRUE
wpi617305q196215x98,2024-11-02_00h08.26.474,Congruent,CC1.png,24,Left,Yes,12.2551,87.0,12.0,29,4,TRUE
wpi6173084465wg9125,2024-11-05_17h33.37.523,Congruent,P3.png,1,Left,Yes,48.8413,63.0,60.0,21,20,TRUE
wpi6173084465wg9125,2024-11-05_17h33.37.523,Congruent,P10.png,2,Right,No,31.5622,43.0,12.0,43,12,TRUE
wpi6173084465wg9125,2024-11-05_17h33.37.523,Congruent,P7.png,3,Right,Yes,20.5655,134.0,18.0,67,9,TRUE
wpi6173084465wg9125,2024-11-05_17h33.37.523,Congruent,P2.png,4,Left,Yes,54.5182,112.0,60.0,28,15,TRUE
wpi6173084465wg9125,2024-11-05_17h33.37.523,Congruent,P8.png,5,Right,Yes,26.809,41.0,20.0,41,20,TRUE
wpi6173084465wg9125,2024-11-05_17h33.37.523,Congruent,P11.png,6,Right,No,24.6645,23.0,18.0,23,18,TRUE
wpi6173084465wg9125,2024-11-05_17h33.37.523,Congruent,P1.png,7,Left,Yes,16.5033,31.0,20.0,31,20,TRUE
wpi6173084465wg9125,2024-11-05_17h33.37.523,Congruent,P6.png,8,Left,No,26.7032,49.0,24.0,49,24,TRUE
wpi6173084465wg9125,2024-11-05_17h33.37.523,Congruent,P4.png,9,Left,No,10.2424,71.0,12.0,71,12,TRUE
wpi6173084465wg9125,2024-11-05_17h33.37.523,Congruent,P12.png,10,Right,No,24.5735,51.0,28.0,51,28,TRUE
wpi6173084465wg9125,2024-11-05_17h33.37.523,Congruent,P5.png,11,Left,No,19.603,31.0,24.0,31,24,TRUE
wpi6173084465wg9125,2024-11-05_17h33.37.523,Congruent,P9.png,12,Right,Yes,48.6008,99.0,42.0,33,14,TRUE
wpi6173084465wg9125,2024-11-05_17h33.37.523,Congruent,CC1.png,13,Left,Yes,28.3789,87.0,12.0,29,4,TRUE
wpi6173084465wg9125,2024-11-05_17h33.37.523,Congruent,CC12.png,14,Right,No,22.1247,73.0,12.0,73,12,TRUE
wpi6173084465wg9125,2024-11-05_17h33.37.523,Congruent,CC5.png,15,Left,No,21.6589,29.0,18.0,29,18,TRUE
wpi6173084465wg9125,2024-11-05_17h33.37.523,Congruent,CC11.png,16,Right,No,13.7303,19.0,24.0,19,24,TRUE
wpi6173084465wg9125,2024-11-05_17h33.37.523,Congruent,CC9.png,17,Right,Yes,30.4441,129.0,42.0,43,14,TRUE
wpi6173084465wg9125,2024-11-05_17h33.37.523,Congruent,CC3.png,18,Left,Yes,35.9536,89.0,36.0,89,36,TRUE
wpi6173084465wg9125,2024-11-05_17h33.37.523,Congruent,CC4.png,19,Left,No,19.6387,49.0,16.0,49,16,TRUE
wpi6173084465wg9125,2024-11-05_17h33.37.523,Congruent,CC6.png,20,Left,No,21.9023,37.0,30.0,37,30,TRUE
wpi6173084465wg9125,2024-11-05_17h33.37.523,Congruent,CC7.png,21,Right,Yes,34.283,38.0,20.0,19,10,TRUE
wpi6173084465wg9125,2024-11-05_17h33.37.523,Congruent,CC2.png,22,Left,Yes,38.3562,72.0,42.0,41,21,FALSE
wpi6173084465wg9125,2024-11-05_17h33.37.523,Congruent,CC10.png,23,Right,No,10.3311,37.0,16.0,37,16,TRUE
wpi6173084465wg9125,2024-11-05_17h33.37.523,Congruent,CC8.png,24,Right,Yes,35.789,50.0,42.0,25,21,TRUE
wpi6173102fk4950044,2024-11-07_19h33.11.265,Incongruent,P5.png,1,Left,No,122.0316,144.0,96.0,31,24,FALSE
wpi6173102fk4950044,2024-11-07_19h33.11.265,Incongruent,P4.png,2,Left,No,29.1284,70.0,12.0,71,12,FALSE
wpi6173102fk4950044,2024-11-07_19h33.11.265,Incongruent,P12.png,3,Right,No,23.1806,68.0,14.0,51,28,FALSE
wpi6173102fk4950044,2024-11-07_19h33.11.265,Incongruent,P7.png,4,Right,Yes,51.9099,22.3,3.0,67,9,FALSE
wpi6173102fk4950044,2024-11-07_19h33.11.265,Incongruent,P1.png,5,Left,Yes,22.2797,38.0,20.0,31,20,FALSE
wpi6173102fk4950044,2024-11-07_19h33.11.265,Incongruent,P2.png,6,Left,Yes,18.813,24.0,10.0,28,15,FALSE
wpi6173102fk4950044,2024-11-07_19h33.11.265,Incongruent,P11.png,7,Right,No,68.5129,57.0,54.0,23,18,FALSE
wpi6173102fk4950044,2024-11-07_19h33.11.265,Incongruent,P10.png,8,Right,No,34.0765,13.7,3.0,43,12,FALSE
wpi6173102fk4950044,2024-11-07_19h33.11.265,Incongruent,P8.png,9,Right,Yes,27.7143,72.0,40.0,41,20,FALSE
wpi6173102fk4950044,2024-11-07_19h33.11.265,Incongruent,P3.png,10,Left,Yes,31.6805,48.0,60.0,21,20,FALSE
wpi6173102fk4950044,2024-11-07_19h33.11.265,Incongruent,P6.png,11,Left,No,21.7811,90.0,48.0,49,24,FALSE
wpi6173102fk4950044,2024-11-07_19h33.11.265,Incongruent,P9.png,12,Right,Yes,35.6145,45.0,42.0,33,14,FALSE
wpi6173102fk4950044,2024-11-07_19h33.11.265,Incongruent,IC6.png,13,Left,No,22.5953,87.0,150.0,37,30,FALSE
wpi6173102fk4950044,2024-11-07_19h33.11.265,Incongruent,IC11.png,14,Right,No,43.3641,41.0,96.0,19,24,FALSE
wpi6173102fk4950044,2024-11-07_19h33.11.265,Incongruent,IC8.png,15,Right,Yes,36.0501,62.0,42.0,25,21,FALSE
wpi6173102fk4950044,2024-11-07_19h33.11.265,Incongruent,IC4.png,16,Left,No,25.8807,49.0,16.0,49,16,TRUE
wpi6173102fk4950044,2024-11-07_19h33.11.265,Incongruent,IC9.png,17,Right,Yes,21.9646,29.0,42.0,43,14,FALSE
wpi6173102fk4950044,2024-11-07_19h33.11.265,Incongruent,IC7.png,18,Right,Yes,20.398,19.0,10.0,19,10,TRUE
wpi6173102fk4950044,2024-11-07_19h33.11.265,Incongruent,IC12.png,19,Right,No,19.5978,140.0,24.0,73,12,FALSE
wpi6173102fk4950044,2024-11-07_19h33.11.265,Incongruent,IC2.png,20,Left,Yes,29.9795,56.0,42.0,41,21,FALSE
wpi6173102fk4950044,2024-11-07_19h33.11.265,Incongruent,IC1.png,21,Left,Yes,21.0489,97.0,24.0,29,4,FALSE
wpi6173102fk4950044,2024-11-07_19h33.11.265,Incongruent,IC10.png,22,Right,No,15.2637,37.0,16.0,37,16,TRUE
wpi6173102fk4950044,2024-11-07_19h33.11.265,Incongruent,IC3.png,23,Left,Yes,27.6644,160.0,72.0,89,36,FALSE
wpi6173102fk4950044,2024-11-07_19h33.11.265,Incongruent,IC5.png,24,Left,No,20.132,52.0,54.0,29,18,FALSE
wpi6173152o923x6087,2024-11-13_15h47.21.515,Incongruent,P4.png,1,Left,No,67.5518,71.0,12.0,71,12,TRUE
wpi6173152o923x6087,2024-11-13_15h47.21.515,Incongruent,P6.png,2,Left,No,44.3778,49.0,24.0,49,24,TRUE
wpi6173152o923x6087,2024-11-13_15h47.21.515,Incongruent,P10.png,3,Right,No,50.5625,43.0,12.0,43,12,TRUE
wpi6173152o923x6087,2024-11-13_15h47.21.515,Incongruent,P2.png,4,Left,Yes,128.6471,28.0,15.0,28,15,TRUE
wpi6173152o923x6087,2024-11-13_15h47.21.515,Incongruent,P3.png,5,Left,Yes,74.4093,25.0,20.0,21,20,FALSE
wpi6173152o923x6087,2024-11-13_15h47.21.515,Incongruent,P11.png,6,Right,No,99.5755,23.0,18.0,23,18,TRUE
wpi6173152o923x6087,2024-11-13_15h47.21.515,Incongruent,P8.png,7,Right,Yes,25.1887,41.0,20.0,41,20,TRUE
wpi6173152o923x6087,2024-11-13_15h47.21.515,Incongruent,P5.png,8,Left,No,27.2588,31.0,24.0,31,24,TRUE
wpi6173152o923x6087,2024-11-13_15h47.21.515,Incongruent,P9.png,9,Right,Yes,27.6787,33.0,14.0,33,14,TRUE
wpi6173152o923x6087,2024-11-13_15h47.21.515,Incongruent,P7.png,10,Right,Yes,35.3498,67.0,9.0,67,9,TRUE
wpi6173152o923x6087,2024-11-13_15h47.21.515,Incongruent,P1.png,11,Left,Yes,26.9187,31.0,20.0,31,20,TRUE
wpi6173152o923x6087,2024-11-13_15h47.21.515,Incongruent,P12.png,12,Right,No,19.5691,51.0,28.0,51,28,TRUE
wpi6173152o923x6087,2024-11-13_15h47.21.515,Incongruent,IC11.png,13,Right,No,22.4253,19.0,24.0,19,24,TRUE
wpi6173152o923x6087,2024-11-13_15h47.21.515,Incongruent,IC5.png,14,Left,No,18.3742,29.0,18.0,29,18,TRUE
wpi6173152o923x6087,2024-11-13_15h47.21.515,Incongruent,IC8.png,15,Right,Yes,21.0035,25.0,21.0,25,21,TRUE
wpi6173152o923x6087,2024-11-13_15h47.21.515,Incongruent,IC1.png,16,Left,Yes,19.0518,29.0,4.0,29,4,TRUE
wpi6173152o923x6087,2024-11-13_15h47.21.515,Incongruent,IC10.png,17,Right,No,13.8526,37.0,16.0,37,16,TRUE
wpi6173152o923x6087,2024-11-13_15h47.21.515,Incongruent,IC6.png,18,Left,No,22.976,37.0,30.0,37,30,TRUE
wpi6173152o923x6087,2024-11-13_15h47.21.515,Incongruent,IC9.png,19,Right,Yes,26.3831,43.0,14.0,43,14,TRUE
wpi6173152o923x6087,2024-11-13_15h47.21.515,Incongruent,IC4.png,20,Left,No,18.3698,49.0,16.0,49,16,TRUE
wpi6173152o923x6087,2024-11-13_15h47.21.515,Incongruent,IC12.png,21,Right,No,21.505,73.0,12.0,73,12,TRUE
wpi6173152o923x6087,2024-11-13_15h47.21.515,Incongruent,IC7.png,22,Right,Yes,22.3393,19.0,10.0,19,10,TRUE
wpi6173152o923x6087,2024-11-13_15h47.21.515,Incongruent,IC2.png,23,Left,Yes,25.7356,51.0,21.0,41,21,FALSE
wpi6173152o923x6087,2024-11-13_15h47.21.515,Incongruent,IC3.png,24,Left,Yes,28.98,89.0,36.0,89,36,TRUE
wpi61731p98h6309774,2024-11-18_22h35.11.496,Congruent,P8.png,1,Right,Yes,31.5312,6.0,4.0,41,20,FALSE
wpi61731p98h6309774,2024-11-18_22h35.11.496,Congruent,P12.png,2,Right,No,41.0302,57.0,20.0,51,28,FALSE
wpi61731p98h6309774,2024-11-18_22h35.11.496,Congruent,P3.png,3,Left,Yes,30.3802,41.0,20.0,21,20,FALSE
wpi61731p98h6309774,2024-11-18_22h35.11.496,Congruent,P10.png,4,Right,No,29.2371,59.0,21.0,43,12,FALSE
wpi61731p98h6309774,2024-11-18_22h35.11.496,Congruent,P2.png,5,Left,Yes,22.4968,42.0,15.0,28,15,FALSE
wpi61731p98h6309774,2024-11-18_22h35.11.496,Congruent,P4.png,6,Left,No,38.7111,149.0,60.0,71,12,FALSE
wpi61731p98h6309774,2024-11-18_22h35.11.496,Congruent,P6.png,7,Left,No,14.0164,21.0,6.0,49,24,FALSE
wpi61731p98h6309774,2024-11-18_22h35.11.496,Congruent,P7.png,8,Right,Yes,55.9329,83.0,45.0,67,9,FALSE
wpi61731p98h6309774,2024-11-18_22h35.11.496,Congruent,P9.png,9,Right,Yes,85.1806,89.0,54.0,33,14,FALSE
wpi61731p98h6309774,2024-11-18_22h35.11.496,Congruent,P11.png,10,Right,No,17.7271,67.0,90.0,23,18,FALSE
wpi61731p98h6309774,2024-11-18_22h35.11.496,Congruent,P1.png,11,Left,Yes,93.9186,82.0,40.0,31,20,FALSE
wpi61731p98h6309774,2024-11-18_22h35.11.496,Congruent,P5.png,12,Left,No,18.4489,127.0,8.0,31,24,FALSE
wpi61731p98h6309774,2024-11-18_22h35.11.496,Congruent,CC5.png,13,Left,No,39.4437,41.0,45.0,29,18,FALSE
wpi61731p98h6309774,2024-11-18_22h35.11.496,Congruent,CC8.png,14,Right,Yes,31.2876,71.0,24.0,25,21,FALSE
wpi61731p98h6309774,2024-11-18_22h35.11.496,Congruent,CC2.png,15,Left,Yes,20.2462,26.0,21.0,41,21,FALSE
wpi61731p98h6309774,2024-11-18_22h35.11.496,Congruent,CC7.png,16,Right,Yes,197.5776,187.0,160.0,19,10,FALSE
wpi61731p98h6309774,2024-11-18_22h35.11.496,Congruent,CC10.png,17,Right,No,30.1283,262.0,160.0,37,16,FALSE
wpi61731p98h6309774,2024-11-18_22h35.11.496,Congruent,CC9.png,18,Right,Yes,29.2502,59.0,18.0,43,14,FALSE
wpi61731p98h6309774,2024-11-18_22h35.11.496,Congruent,CC4.png,19,Left,No,91.5298,73.0,112.0,49,16,FALSE
wpi61731p98h6309774,2024-11-18_22h35.11.496,Congruent,CC1.png,20,Left,Yes,66.4401,229.0,54.0,29,4,FALSE
wpi61731p98h6309774,2024-11-18_22h35.11.496,Congruent,CC12.png,21,Right,No,68.243,61.0,84.0,73,12,FALSE
wpi61731p98h6309774,2024-11-18_22h35.11.496,Congruent,CC3.png,22,Left,Yes,22.7035,49.0,16.0,89,36,FALSE
wpi61731p98h6309774,2024-11-18_22h35.11.496,Congruent,CC11.png,23,Right,No,18.0938,77.0,12.0,19,24,FALSE
wpi61731p98h6309774,2024-11-18_22h35.11.496,Congruent,CC6.png,24,Left,No,12.0117,19.0,10.0,37,30,FALSE
wpi61731u428574p274,2024-11-12_11h44.53.378,Incongruent,P8.png,1,Right,Yes,49.3921,31.0,20.0,41,20,FALSE
wpi61731u428574p274,2024-11-12_11h44.53.378,Incongruent,P4.png,2,Left,No,13.386,71.0,12.0,71,12,TRUE
wpi61731u428574p274,2024-11-12_11h44.53.378,Incongruent,P10.png,3,Right,No,18.1767,43.0,12.0,43,12,TRUE
wpi61731u428574p274,2024-11-12_11h44.53.378,Incongruent,P6.png,4,Left,No,33.521,49.0,24.0,49,24,TRUE
wpi61731u428574p274,2024-11-12_11h44.53.378,Incongruent,P5.png,5,Left,No,15.3031,31.0,24.0,31,24,TRUE
wpi61731u428574p274,2024-11-12_11h44.53.378,Incongruent,P3.png,6,Left,Yes,37.8911,63.0,60.0,21,20,TRUE
wpi61731u428574p274,2024-11-12_11h44.53.378,Incongruent,P12.png,7,Right,No,26.618,51.0,28.0,51,28,TRUE
wpi61731u428574p274,2024-11-12_11h44.53.378,Incongruent,P11.png,8,Right,No,23.2147,23.0,18.0,23,18,TRUE
wpi61731u428574p274,2024-11-12_11h44.53.378,Incongruent,P9.png,9,Right,Yes,46.4701,109.0,12.0,33,14,FALSE
wpi61731u428574p274,2024-11-12_11h44.53.378,Incongruent,P7.png,10,Right,Yes,30.8073,67.0,9.0,67,9,TRUE
wpi61731u428574p274,2024-11-12_11h44.53.378,Incongruent,P2.png,11,Left,Yes,34.8011,112.0,60.0,28,15,TRUE
wpi61731u428574p274,2024-11-12_11h44.53.378,Incongruent,P1.png,12,Left,Yes,39.0222,31.0,20.0,31,20,TRUE
wpi61731u428574p274,2024-11-12_11h44.53.378,Incongruent,IC4.png,13,Left,No,15.3271,49.0,16.0,49,16,TRUE
wpi61731u428574p274,2024-11-12_11h44.53.378,Incongruent,IC3.png,14,Left,Yes,45.6838,89.0,36.0,89,36,TRUE
wpi61731u428574p274,2024-11-12_11h44.53.378,Incongruent,IC2.png,15,Left,Yes,35.3185,41.0,21.0,41,21,TRUE
wpi61731u428574p274,2024-11-12_11h44.53.378,Incongruent,IC6.png,16,Left,No,29.0972,37.0,30.0,37,30,TRUE
wpi61731u428574p274,2024-11-12_11h44.53.378,Incongruent,IC11.png,17,Right,No,17.114,19.0,24.0,19,24,TRUE
wpi61731u428574p274,2024-11-12_11h44.53.378,Incongruent,IC9.png,18,Right,Yes,41.6322,43.0,14.0,43,14,TRUE
wpi61731u428574p274,2024-11-12_11h44.53.378,Incongruent,IC10.png,19,Right,No,14.1824,37.0,16.0,37,16,TRUE
wpi61731u428574p274,2024-11-12_11h44.53.378,Incongruent,IC8.png,20,Right,Yes,30.6388,25.0,21.0,25,21,TRUE
wpi61731u428574p274,2024-11-12_11h44.53.378,Incongruent,IC7.png,21,Right,Yes,10.4682,38.0,20.0,19,10,TRUE
wpi61731u428574p274,2024-11-12_11h44.53.378,Incongruent,IC1.png,22,Left,Yes,32.8936,29.0,4.0,29,4,TRUE
wpi61731u428574p274,2024-11-12_11h44.53.378,Incongruent,IC5.png,23,Left,No,16.0703,29.0,18.0,29,18,TRUE
wpi61731u428574p274,2024-11-12_11h44.53.378,Incongruent,IC12.png,24,Right,No,22.3902,73.0,12.0,73,12,TRUE
wpi61731yu427650316,2024-11-12_11h23.42.966,Incongruent,P2.png,1,Left,Yes,31.3921,40.0,20.0,28,15,FALSE
wpi61731yu427650316,2024-11-12_11h23.42.966,Incongruent,P12.png,2,Right,No,29.1793,18.0,18.0,51,28,FALSE
wpi61731yu427650316,2024-11-12_11h23.42.966,Incongruent,P11.png,3,Right,No,66.5455,23.0,18.0,23,18,TRUE
wpi61731yu427650316,2024-11-12_11h23.42.966,Incongruent,P7.png,4,Right,Yes,26.2642,134.0,18.0,67,9,TRUE
wpi61731yu427650316,2024-11-12_11h23.42.966,Incongruent,P9.png,5,Right,Yes,30.478,97.0,42.0,33,14,FALSE
wpi61731yu427650316,2024-11-12_11h23.42.966,Incongruent,P1.png,6,Left,Yes,15.4314,31.0,20.0,31,20,TRUE
wpi61731yu427650316,2024-11-12_11h23.42.966,Incongruent,P6.png,7,Left,No,26.235,49.0,24.0,49,24,TRUE
wpi61731yu427650316,2024-11-12_11h23.42.966,Incongruent,P5.png,8,Left,No,30.2125,15.5,12.0,31,24,TRUE
wpi61731yu427650316,2024-11-12_11h23.42.966,Incongruent,P3.png,9,Left,Yes,28.2643,63.0,60.0,21,20,TRUE
wpi61731yu427650316,2024-11-12_11h23.42.966,Incongruent,P8.png,10,Right,Yes,20.7978,41.0,20.0,41,20,TRUE
wpi61731yu427650316,2024-11-12_11h23.42.966,Incongruent,P4.png,11,Left,No,12.9678,71.0,12.0,71,12,TRUE
wpi61731yu427650316,2024-11-12_11h23.42.966,Incongruent,P10.png,12,Right,No,16.1826,43.0,12.0,43,12,TRUE
wpi61731yu427650316,2024-11-12_11h23.42.966,Incongruent,IC11.png,13,Right,No,17.222,9.5,12.0,19,24,TRUE
wpi61731yu427650316,2024-11-12_11h23.42.966,Incongruent,IC2.png,14,Left,Yes,62.4304,82.0,42.0,41,21,TRUE
wpi61731yu427650316,2024-11-12_11h23.42.966,Incongruent,IC5.png,15,Left,No,20.3302,14.5,9.0,29,18,TRUE
wpi61731yu427650316,2024-11-12_11h23.42.966,Incongruent,IC7.png,16,Right,Yes,16.9001,38.0,20.0,19,10,TRUE
wpi61731yu427650316,2024-11-12_11h23.42.966,Incongruent,IC8.png,17,Right,Yes,24.896,50.0,42.0,25,21,TRUE
wpi61731yu427650316,2024-11-12_11h23.42.966,Incongruent,IC3.png,18,Left,Yes,24.3184,169.0,36.0,89,36,FALSE
wpi61731yu427650316,2024-11-12_11h23.42.966,Incongruent,IC4.png,19,Left,No,13.999,51.0,16.0,49,16,FALSE
wpi61731yu427650316,2024-11-12_11h23.42.966,Incongruent,IC9.png,20,Right,Yes,30.8267,134.0,42.0,43,14,FALSE
wpi61731yu427650316,2024-11-12_11h23.42.966,Incongruent,IC12.png,21,Right,No,19.7646,73.0,12.0,73,12,TRUE
wpi61731yu427650316,2024-11-12_11h23.42.966,Incongruent,IC6.png,22,Left,No,20.9981,37.0,30.0,37,30,TRUE
wpi61731yu427650316,2024-11-12_11h23.42.966,Incongruent,IC10.png,23,Right,No,13.8016,37.0,16.0,37,16,TRUE
wpi61731yu427650316,2024-11-12_11h23.42.966,Incongruent,IC1.png,24,Left,Yes,18.2651,87.0,12.0,29,4,TRUE
wpi617321252q35c400,2024-11-20_13h09.39.978,Incongruent,P1.png,1,Left,Yes,24.635,3.0,2.0,31,20,FALSE
wpi617321252q35c400,2024-11-20_13h09.39.978,Incongruent,P8.png,2,Right,Yes,41.847,32.0,20.0,41,20,FALSE
wpi617321252q35c400,2024-11-20_13h09.39.978,Incongruent,P4.png,3,Left,No,21.393,62.0,12.0,71,12,FALSE
wpi617321252q35c400,2024-11-20_13h09.39.978,Incongruent,P2.png,4,Left,Yes,69.382,47.0,20.0,28,15,FALSE
wpi617321252q35c400,2024-11-20_13h09.39.978,Incongruent,P5.png,5,Left,No,46.773,52.0,24.0,31,24,FALSE
wpi617321252q35c400,2024-11-20_13h09.39.978,Incongruent,P7.png,6,Right,Yes,41.542,203.0,18.0,67,9,FALSE
wpi617321252q35c400,2024-11-20_13h09.39.978,Incongruent,P9.png,7,Right,Yes,55.624,180.0,21.0,33,14,FALSE
wpi617321252q35c400,2024-11-20_13h09.39.978,Incongruent,P6.png,8,Left,No,17.158,91.0,12.0,49,24,FALSE
wpi617321252q35c400,2024-11-20_13h09.39.978,Incongruent,P10.png,9,Right,No,43.138,109.0,6.0,43,12,FALSE
wpi617321252q35c400,2024-11-20_13h09.39.978,Incongruent,P11.png,10,Right,No,33.584,56.0,9.0,23,18,FALSE
wpi617321252q35c400,2024-11-20_13h09.39.978,Incongruent,P3.png,11,Left,Yes,17.29,145.0,20.0,21,20,FALSE
wpi617321252q35c400,2024-11-20_13h09.39.978,Incongruent,P12.png,12,Right,No,59.326,438.0,24.0,51,28,FALSE
wpi617321252q35c400,2024-11-20_13h09.39.978,Incongruent,IC1.png,13,Left,Yes,41.444,82.0,12.0,29,4,FALSE
wpi617321252q35c400,2024-11-20_13h09.39.978,Incongruent,IC2.png,14,Left,Yes,82.134,33.0,14.0,41,21,FALSE
wpi617321252q35c400,2024-11-20_13h09.39.978,Incongruent,IC12.png,15,Right,No,40.302,37.0,24.0,73,12,FALSE
wpi617321252q35c400,2024-11-20_13h09.39.978,Incongruent,IC3.png,16,Left,Yes,26.317,256.0,18.0,89,36,FALSE
wpi617321252q35c400,2024-11-20_13h09.39.978,Incongruent,IC4.png,17,Left,No,30.396,135.0,16.0,49,16,FALSE
wpi617321252q35c400,2024-11-20_13h09.39.978,Incongruent,IC8.png,18,Right,Yes,35.408,175.0,21.0,25,21,FALSE
wpi617321252q35c400,2024-11-20_13h09.39.978,Incongruent,IC11.png,19,Right,No,21.93,23.0,12.0,19,24,FALSE
wpi617321252q35c400,2024-11-20_13h09.39.978,Incongruent,IC9.png,20,Right,Yes,24.316,186.0,21.0,43,14,FALSE
wpi617321252q35c400,2024-11-20_13h09.39.978,Incongruent,IC5.png,21,Left,No,40.185,104.0,18.0,29,18,FALSE
wpi617321252q35c400,2024-11-20_13h09.39.978,Incongruent,IC6.png,22,Left,No,43.968,87.0,10.0,37,30,FALSE
wpi617321252q35c400,2024-11-20_13h09.39.978,Incongruent,IC7.png,23,Right,Yes,15.622,245.0,20.0,19,10,FALSE
wpi617321252q35c400,2024-11-20_13h09.39.978,Incongruent,IC10.png,24,Right,No,42.264,247.0,16.0,37,16,FALSE
wpi617321k3341129z9,2024-11-20_15h25.17.465,Congruent,P11.png,1,Right,No,61.2735,23.0,18.0,23,18,TRUE
wpi617321k3341129z9,2024-11-20_15h25.17.465,Congruent,P4.png,2,Left,No,20.4213,71.0,12.0,71,12,TRUE
wpi617321k3341129z9,2024-11-20_15h25.17.465,Congruent,P1.png,3,Left,Yes,11.4588,31.0,20.0,31,20,TRUE
wpi617321k3341129z9,2024-11-20_15h25.17.465,Congruent,P6.png,4,Left,No,28.5799,49.0,24.0,49,24,TRUE
wpi617321k3341129z9,2024-11-20_15h25.17.465,Congruent,P12.png,5,Right,No,49.3553,24.0,14.0,51,28,FALSE
wpi617321k3341129z9,2024-11-20_15h25.17.465,Congruent,P7.png,6,Right,Yes,40.778,134.0,18.0,67,9,TRUE
wpi617321k3341129z9,2024-11-20_15h25.17.465,Congruent,P3.png,7,Left,Yes,42.4646,29.0,20.0,21,20,FALSE
wpi617321k3341129z9,2024-11-20_15h25.17.465,Congruent,P9.png,8,Right,Yes,30.6134,35.0,14.0,33,14,FALSE
wpi617321k3341129z9,2024-11-20_15h25.17.465,Congruent,P5.png,9,Left,No,22.2389,31.0,24.0,31,24,TRUE
wpi617321k3341129z9,2024-11-20_15h25.17.465,Congruent,P10.png,10,Right,No,23.3164,43.0,12.0,43,12,TRUE
wpi617321k3341129z9,2024-11-20_15h25.17.465,Congruent,P8.png,11,Right,Yes,29.3836,37.0,20.0,41,20,FALSE
wpi617321k3341129z9,2024-11-20_15h25.17.465,Congruent,P2.png,12,Left,Yes,43.6653,40.0,15.0,28,15,FALSE
wpi617321k3341129z9,2024-11-20_15h25.17.465,Congruent,CC3.png,13,Left,Yes,31.9254,89.0,36.0,89,36,TRUE
wpi617321k3341129z9,2024-11-20_15h25.17.465,Congruent,CC4.png,14,Left,No,22.2085,49.0,16.0,49,16,TRUE
wpi617321k3341129z9,2024-11-20_15h25.17.465,Congruent,CC8.png,15,Right,Yes,26.1661,26.0,21.0,25,21,FALSE
wpi617321k3341129z9,2024-11-20_15h25.17.465,Congruent,CC11.png,16,Right,No,49.562,19.0,24.0,19,24,TRUE
wpi617321k3341129z9,2024-11-20_15h25.17.465,Congruent,CC12.png,17,Right,No,30.0106,73.0,12.0,73,12,TRUE
wpi617321k3341129z9,2024-11-20_15h25.17.465,Congruent,CC6.png,18,Left,No,33.0223,37.0,30.0,37,30,TRUE
wpi617321k3341129z9,2024-11-20_15h25.17.465,Congruent,CC9.png,19,Right,Yes,64.8984,234.0,42.0,43,14,FALSE
wpi617321k3341129z9,2024-11-20_15h25.17.465,Congruent,CC5.png,20,Left,No,22.1027,29.0,18.0,29,18,TRUE
wpi617321k3341129z9,2024-11-20_15h25.17.465,Congruent,CC2.png,21,Left,Yes,58.9545,41.0,21.0,41,21,TRUE
wpi617321k3341129z9,2024-11-20_15h25.17.465,Congruent,CC1.png,22,Left,Yes,26.511,87.0,12.0,29,4,TRUE
wpi617321k3341129z9,2024-11-20_15h25.17.465,Congruent,CC7.png,23,Right,Yes,14.8325,38.0,20.0,19,10,TRUE
wpi617321k3341129z9,2024-11-20_15h25.17.465,Congruent,CC10.png,24,Right,No,9.3592,37.0,16.0,37,16,TRUE
wpi61732e040001i696,2024-11-19_13h30.07.684,Incongruent,P7.png,1,Right,Yes,221.5138,311.0,54.0,67,9,FALSE
wpi61732e040001i696,2024-11-19_13h30.07.684,Incongruent,P2.png,2,Left,Yes,200.1686,181.0,60.0,28,15,FALSE
wpi61732e040001i696,2024-11-19_13h30.07.684,Incongruent,P9.png,3,Right,Yes,103.0882,145.0,42.0,33,14,FALSE
wpi61732e040001i696,2024-11-19_13h30.07.684,Incongruent,P1.png,4,Left,Yes,77.0945,53.0,20.0,31,20,FALSE
wpi61732e040001i696,2024-11-19_13h30.07.684,Incongruent,P3.png,5,Left,Yes,62.7564,127.0,60.0,21,20,FALSE
wpi61732e040001i696,2024-11-19_13h30.07.684,Incongruent,P11.png,6,Right,No,147.0771,141.0,54.0,23,18,FALSE
wpi61732e040001i696,2024-11-19_13h30.07.684,Incongruent,P4.png,7,Left,No,47.9103,63.0,12.0,71,12,FALSE
wpi61732e040001i696,2024-11-19_13h30.07.684,Incongruent,P8.png,8,Right,Yes,72.1605,118.0,40.0,41,20,FALSE
wpi61732e040001i696,2024-11-19_13h30.07.684,Incongruent,P5.png,9,Left,No,64.9275,85.0,24.0,31,24,FALSE
wpi61732e040001i696,2024-11-19_13h30.07.684,Incongruent,P10.png,10,Right,No,34.7876,52.0,12.0,43,12,FALSE
wpi61732e040001i696,2024-11-19_13h30.07.684,Incongruent,P12.png,11,Right,No,121.9687,166.0,56.0,51,28,FALSE
wpi61732e040001i696,2024-11-19_13h30.07.684,Incongruent,P6.png,12,Left,No,84.0522,82.0,24.0,49,24,FALSE
wpi61732e040001i696,2024-11-19_13h30.07.684,Incongruent,IC12.png,13,Right,No,31.3148,65.0,12.0,73,12,FALSE
wpi61732e040001i696,2024-11-19_13h30.07.684,Incongruent,IC9.png,14,Right,Yes,70.1508,169.0,42.0,43,14,FALSE
wpi61732e040001i696,2024-11-19_13h30.07.684,Incongruent,IC1.png,15,Left,Yes,43.7617,89.0,12.0,29,4,FALSE
wpi61732e040001i696,2024-11-19_13h30.07.684,Incongruent,IC5.png,16,Left,No,49.3916,65.0,18.0,29,18,FALSE
wpi61732e040001i696,2024-11-19_13h30.07.684,Incongruent,IC3.png,17,Left,Yes,83.1203,131.0,36.0,89,36,FALSE
wpi61732e040001i696,2024-11-19_13h30.07.684,Incongruent,IC10.png,18,Right,No,76.3205,102.0,32.0,37,16,FALSE
wpi61732e040001i696,2024-11-19_13h30.07.684,Incongruent,IC6.png,19,Left,No,51.9569,65.0,30.0,37,30,FALSE
wpi61732e040001i696,2024-11-19_13h30.07.684,Incongruent,IC8.png,20,Right,Yes,56.0905,101.0,42.0,25,21,FALSE
wpi61732e040001i696,2024-11-19_13h30.07.684,Incongruent,IC7.png,21,Right,Yes,47.3256,122.0,40.0,19,10,FALSE
wpi61732e040001i696,2024-11-19_13h30.07.684,Incongruent,IC11.png,22,Right,No,39.7252,52.0,24.0,19,24,FALSE
wpi61732e040001i696,2024-11-19_13h30.07.684,Incongruent,IC2.png,23,Left,Yes,249.0901,127.0,42.0,41,21,FALSE
wpi61732e040001i696,2024-11-19_13h30.07.684,Incongruent,IC4.png,24,Left,No,37.4227,75.0,16.0,49,16,FALSE
wpi61732f06186998p5,2024-11-19_19h34.20.379,Incongruent,P2.png,1,Left,Yes,76.7898,92,60.0,28,15,FALSE
wpi61732f06186998p5,2024-11-19_19h34.20.379,Incongruent,P4.png,2,Left,No,11.5621,71,12.0,71,12,TRUE
wpi61732f06186998p5,2024-11-19_19h34.20.379,Incongruent,P12.png,3,Right,No,44.7986,51,28.0,51,28,TRUE
wpi61732f06186998p5,2024-11-19_19h34.20.379,Incongruent,P5.png,4,Left,No,24.5275,31,24.0,31,24,TRUE
wpi61732f06186998p5,2024-11-19_19h34.20.379,Incongruent,P7.png,5,Right,Yes,19.6816,7/3,3.0,67,9,FALSE
wpi61732f06186998p5,2024-11-19_19h34.20.379,Incongruent,P6.png,6,Left,No,18.9657,49,24.0,49,24,TRUE
wpi61732f06186998p5,2024-11-19_19h34.20.379,Incongruent,P10.png,7,Right,No,29.8654,43,12.0,43,12,TRUE
wpi61732f06186998p5,2024-11-19_19h34.20.379,Incongruent,P11.png,8,Right,No,20.6913,23,18.0,23,18,TRUE
wpi61732f06186998p5,2024-11-19_19h34.20.379,Incongruent,P8.png,9,Right,Yes,16.9816,41,20.0,41,20,TRUE
wpi61732f06186998p5,2024-11-19_19h34.20.379,Incongruent,P9.png,10,Right,Yes,62.0157,33,14.0,33,14,TRUE
wpi61732f06186998p5,2024-11-19_19h34.20.379,Incongruent,P3.png,11,Left,Yes,30.2474,20,20.0,21,20,FALSE
wpi61732f06186998p5,2024-11-19_19h34.20.379,Incongruent,P1.png,12,Left,Yes,16.999,31,20.0,31,20,TRUE
wpi61732f06186998p5,2024-11-19_19h34.20.379,Incongruent,IC9.png,13,Right,Yes,29.3178,41,14.0,43,14,FALSE
wpi61732f06186998p5,2024-11-19_19h34.20.379,Incongruent,IC11.png,14,Right,No,32.2151,19,24.0,19,24,TRUE
wpi61732f06186998p5,2024-11-19_19h34.20.379,Incongruent,IC4.png,15,Left,No,16.1611,49,16.0,49,16,TRUE
wpi61732f06186998p5,2024-11-19_19h34.20.379,Incongruent,IC10.png,16,Right,No,13.8158,37,16.0,37,16,TRUE
wpi61732f06186998p5,2024-11-19_19h34.20.379,Incongruent,IC12.png,17,Right,No,22.7654,73,12.0,73,12,TRUE
wpi61732f06186998p5,2024-11-19_19h34.20.379,Incongruent,IC7.png,18,Right,Yes,11.2652,19,10.0,19,10,TRUE
wpi61732f06186998p5,2024-11-19_19h34.20.379,Incongruent,IC5.png,19,Left,No,16.0657,29,18.0,29,18,TRUE
wpi61732f06186998p5,2024-11-19_19h34.20.379,Incongruent,IC8.png,20,Right,Yes,43.5822,25,21.0,25,21,TRUE
wpi61732f06186998p5,2024-11-19_19h34.20.379,Incongruent,IC3.png,21,Left,Yes,57.5316,89,36.0,89,36,TRUE
wpi61732f06186998p5,2024-11-19_19h34.20.379,Incongruent,IC6.png,22,Left,No,23.9315,37,30.0,37,30,TRUE
wpi61732f06186998p5,2024-11-19_19h34.20.379,Incongruent,IC2.png,23,Left,Yes,33.9985,41,21.0,41,21,TRUE
wpi61732f06186998p5,2024-11-19_19h34.20.379,Incongruent,IC1.png,24,Left,Yes,23.3152,81,12.0,29,4,FALSE
wpi61732n11706z1483,2024-11-20_11h18.11.132,Congruent,P1.png,1,Left,Yes,26.573,31.0,20.0,31,20,TRUE
wpi61732n11706z1483,2024-11-20_11h18.11.132,Congruent,P7.png,2,Right,Yes,82.447,59.0,3.0,67,9,FALSE
wpi61732n11706z1483,2024-11-20_11h18.11.132,Congruent,P6.png,3,Left,No,74.614,49.0,24.0,49,24,TRUE
wpi61732n11706z1483,2024-11-20_11h18.11.132,Congruent,P3.png,4,Left,Yes,38.6322,12.0,15.0,21,20,FALSE
wpi61732n11706z1483,2024-11-20_11h18.11.132,Congruent,P10.png,5,Right,No,81.7986,55.0,12.0,43,12,FALSE
wpi61732n11706z1483,2024-11-20_11h18.11.132,Congruent,P9.png,6,Right,Yes,52.3805,60.0,42.0,33,14,FALSE
wpi61732n11706z1483,2024-11-20_11h18.11.132,Congruent,P12.png,7,Right,No,91.3146,123.0,56.0,51,28,FALSE
wpi61732n11706z1483,2024-11-20_11h18.11.132,Congruent,P8.png,8,Right,Yes,49.0996,87.0,40.0,41,20,FALSE
wpi61732n11706z1483,2024-11-20_11h18.11.132,Congruent,P11.png,9,Right,No,23.4648,19.0,18.0,23,18,FALSE
wpi61732n11706z1483,2024-11-20_11h18.11.132,Congruent,P4.png,10,Left,No,39.3481,71.0,12.0,71,12,TRUE
wpi61732n11706z1483,2024-11-20_11h18.11.132,Congruent,P2.png,11,Left,Yes,77.5311,102.0,60.0,28,15,FALSE
wpi61732n11706z1483,2024-11-20_11h18.11.132,Congruent,P5.png,12,Left,No,28.4143,27.0,48.0,31,24,FALSE
wpi61732n11706z1483,2024-11-20_11h18.11.132,Congruent,CC7.png,13,Right,Yes,33.5753,38.0,20.0,19,10,TRUE
wpi61732n11706z1483,2024-11-20_11h18.11.132,Congruent,CC1.png,14,Left,Yes,29.0149,31.0,6.0,29,4,FALSE
wpi61732n11706z1483,2024-11-20_11h18.11.132,Congruent,CC4.png,15,Left,No,35.9978,49.0,16.0,49,16,TRUE
wpi61732n11706z1483,2024-11-20_11h18.11.132,Congruent,CC8.png,16,Right,Yes,40.083,19.0,42.0,25,21,FALSE
wpi61732n11706z1483,2024-11-20_11h18.11.132,Congruent,CC12.png,17,Right,No,26.5481,75.0,12.0,73,12,FALSE
wpi61732n11706z1483,2024-11-20_11h18.11.132,Congruent,CC6.png,18,Left,No,39.165,30.0,30.0,37,30,FALSE
wpi61732n11706z1483,2024-11-20_11h18.11.132,Congruent,CC2.png,19,Left,Yes,54.3647,13.0,42.0,41,21,FALSE
wpi61732n11706z1483,2024-11-20_11h18.11.132,Congruent,CC9.png,20,Right,Yes,70.331,94.0,42.0,43,14,FALSE
wpi61732n11706z1483,2024-11-20_11h18.11.132,Congruent,CC11.png,21,Right,No,25.3805,24.0,24.0,19,24,FALSE
wpi61732n11706z1483,2024-11-20_11h18.11.132,Congruent,CC3.png,22,Left,Yes,18.6987,88.0,36.0,89,36,FALSE
wpi61732n11706z1483,2024-11-20_11h18.11.132,Congruent,CC5.png,23,Left,No,20.5316,50.0,18.0,29,18,FALSE
wpi61732n11706z1483,2024-11-20_11h18.11.132,Congruent,CC10.png,24,Right,No,45.7818,37.0,16.0,37,16,TRUE
wpi61732n2e95074607,2024-11-22_12h25.39.044,Incongruent,P3.png,1,Left,Yes,20.8656,68.0,60.0,21,20,FALSE
wpi61732n2e95074607,2024-11-22_12h25.39.044,Incongruent,P9.png,2,Right,Yes,21.4735,99.0,42.0,33,14,TRUE
wpi61732n2e95074607,2024-11-22_12h25.39.044,Incongruent,P10.png,3,Right,No,7.5446,42.0,12.0,43,12,FALSE
wpi61732n2e95074607,2024-11-22_12h25.39.044,Incongruent,P5.png,4,Left,No,12.1979,31.0,24.0,31,24,TRUE
wpi61732n2e95074607,2024-11-22_12h25.39.044,Incongruent,P11.png,5,Right,No,11.8472,23.0,18.0,23,18,TRUE
wpi61732n2e95074607,2024-11-22_12h25.39.044,Incongruent,P7.png,6,Right,Yes,10.1861,134.0,18.0,67,9,TRUE
wpi61732n2e95074607,2024-11-22_12h25.39.044,Incongruent,P4.png,7,Left,No,5.7597,71.0,12.0,71,12,TRUE
wpi61732n2e95074607,2024-11-22_12h25.39.044,Incongruent,P1.png,8,Left,Yes,11.9025,31.0,20.0,31,20,TRUE
wpi61732n2e95074607,2024-11-22_12h25.39.044,Incongruent,P12.png,9,Right,No,12.0665,51.0,28.0,51,28,TRUE
wpi61732n2e95074607,2024-11-22_12h25.39.044,Incongruent,P8.png,10,Right,Yes,12.5756,41.0,20.0,41,20,TRUE
wpi61732n2e95074607,2024-11-22_12h25.39.044,Incongruent,P2.png,11,Left,Yes,12.2397,28.0,15.0,28,15,TRUE
wpi61732n2e95074607,2024-11-22_12h25.39.044,Incongruent,P6.png,12,Left,No,12.319,49.0,24.0,49,24,TRUE
wpi61732n2e95074607,2024-11-22_12h25.39.044,Incongruent,IC1.png,13,Left,Yes,8.012,29.0,4.0,29,4,TRUE
wpi61732n2e95074607,2024-11-22_12h25.39.044,Incongruent,IC8.png,14,Right,Yes,11.9054,25.0,21.0,25,21,TRUE
wpi61732n2e95074607,2024-11-22_12h25.39.044,Incongruent,IC10.png,15,Right,No,5.9047,37.0,16.0,37,16,TRUE
wpi61732n2e95074607,2024-11-22_12h25.39.044,Incongruent,IC7.png,16,Right,Yes,7.497,19.0,10.0,19,10,TRUE
wpi61732n2e95074607,2024-11-22_12h25.39.044,Incongruent,IC4.png,17,Left,No,6.1494,49.0,16.0,49,16,TRUE
wpi61732n2e95074607,2024-11-22_12h25.39.044,Incongruent,IC12.png,18,Right,No,10.2457,73.0,12.0,73,12,TRUE
wpi61732n2e95074607,2024-11-22_12h25.39.044,Incongruent,IC11.png,19,Right,No,11.1751,19.0,24.0,19,24,TRUE
wpi61732n2e95074607,2024-11-22_12h25.39.044,Incongruent,IC3.png,20,Left,Yes,13.1682,89.0,36.0,89,36,TRUE
wpi61732n2e95074607,2024-11-22_12h25.39.044,Incongruent,IC2.png,21,Left,Yes,17.1286,41.0,21.0,41,21,TRUE
wpi61732n2e95074607,2024-11-22_12h25.39.044,Incongruent,IC6.png,22,Left,No,14.1215,37.0,30.0,37,30,TRUE
wpi61732n2e95074607,2024-11-22_12h25.39.044,Incongruent,IC9.png,23,Right,Yes,21.9203,41.0,14.0,43,14,FALSE
wpi61732n2e95074607,2024-11-22_12h25.39.044,Incongruent,IC5.png,24,Left,No,9.0208,29.0,18.0,29,18,TRUE
wpi617331100hb17783,2024-12-01_22h42.47.673,Incongruent,P10.png,1,Right,No,32.2246,43,12,43,12,TRUE
wpi617331100hb17783,2024-12-01_22h42.47.673,Incongruent,P3.png,2,Left,Yes,37.4677,63,60,21,20,TRUE
wpi617331100hb17783,2024-12-01_22h42.47.673,Incongruent,P7.png,3,Right,Yes,50.182,402,54,67,9,TRUE
wpi617331100hb17783,2024-12-01_22h42.47.673,Incongruent,P6.png,4,Left,No,65.484,98,48,49,24,TRUE
wpi617331100hb17783,2024-12-01_22h42.47.673,Incongruent,P8.png,5,Right,Yes,31.8532,82,40,41,20,TRUE
wpi617331100hb17783,2024-12-01_22h42.47.673,Incongruent,P5.png,6,Left,No,12.0921,iouo,uvug06,31,24,FALSE
wpi617331100hb17783,2024-12-01_22h42.47.673,Incongruent,P1.png,7,Left,Yes,22.6527,31,20,31,20,TRUE
wpi617331100hb17783,2024-12-01_22h42.47.673,Incongruent,P2.png,8,Left,Yes,41.9011,112,60,28,15,TRUE
wpi617331100hb17783,2024-12-01_22h42.47.673,Incongruent,P4.png,9,Left,No,15.2615,71,12,71,12,TRUE
wpi617331100hb17783,2024-12-01_22h42.47.673,Incongruent,P12.png,10,Right,No,6.0306,43,324,51,28,FALSE
wpi617331100hb17783,2024-12-01_22h42.47.673,Incongruent,P9.png,11,Right,Yes,2.0643,324,342,33,14,FALSE
wpi617331100hb17783,2024-12-01_22h42.47.673,Incongruent,P11.png,12,Right,No,1.6026,324,324,23,18,FALSE
wpi617331100hb17783,2024-12-01_22h42.47.673,Incongruent,IC3.png,13,Left,Yes,41.8671,178,72,89,36,TRUE
wpi617331100hb17783,2024-12-01_22h42.47.673,Incongruent,IC12.png,14,Right,No,24.4662,73,12,73,12,TRUE
wpi617331100hb17783,2024-12-01_22h42.47.673,Incongruent,IC6.png,15,Left,No,12.167,45,23,37,30,FALSE
wpi617331100hb17783,2024-12-01_22h42.47.673,Incongruent,IC2.png,16,Left,Yes,3.8325,23,45,41,21,FALSE
wpi617331100hb17783,2024-12-01_22h42.47.673,Incongruent,IC8.png,17,Right,Yes,2.8277,23,57,25,21,FALSE
wpi617331100hb17783,2024-12-01_22h42.47.673,Incongruent,IC4.png,18,Left,No,3.4484,28,86,49,16,FALSE
wpi617331100hb17783,2024-12-01_22h42.47.673,Incongruent,IC1.png,19,Left,Yes,2.6226,34,789,29,4,FALSE
wpi617331100hb17783,2024-12-01_22h42.47.673,Incongruent,IC7.png,20,Right,Yes,2.8252,23,456,19,10,FALSE
wpi617331100hb17783,2024-12-01_22h42.47.673,Incongruent,IC9.png,21,Right,Yes,2.5176,234,231,43,14,FALSE
wpi617331100hb17783,2024-12-01_22h42.47.673,Incongruent,IC11.png,22,Right,No,2.7439,324,679,19,24,FALSE
wpi617331100hb17783,2024-12-01_22h42.47.673,Incongruent,IC10.png,23,Right,No,2.2672,768,567,37,16,FALSE
wpi617331100hb17783,2024-12-01_22h42.47.673,Incongruent,IC5.png,24,Left,No,3.5303,32,6556,29,18,FALSE
wpi61733110vd258966,2024-12-01_22h53.04.435,Incongruent,P11.png,1,Right,No,72.593,53.0,54.0,23,18,FALSE
wpi61733110vd258966,2024-12-01_22h53.04.435,Incongruent,P2.png,2,Left,Yes,91.9234,112.0,60.0,28,15,TRUE
wpi61733110vd258966,2024-12-01_22h53.04.435,Incongruent,P10.png,3,Right,No,69.057,43.0,12.0,43,12,TRUE
wpi61733110vd258966,2024-12-01_22h53.04.435,Incongruent,P5.png,4,Left,No,35.3763,31.0,24.0,31,24,TRUE
wpi61733110vd258966,2024-12-01_22h53.04.435,Incongruent,P9.png,5,Right,Yes,78.7644,27.0,14.0,33,14,FALSE
wpi61733110vd258966,2024-12-01_22h53.04.435,Incongruent,P12.png,6,Right,No,56.237,51.0,28.0,51,28,TRUE
wpi61733110vd258966,2024-12-01_22h53.04.435,Incongruent,P6.png,7,Left,No,77.4686,98.0,48.0,49,24,TRUE
wpi61733110vd258966,2024-12-01_22h53.04.435,Incongruent,P4.png,8,Left,No,21.9753,71.0,12.0,71,12,TRUE
wpi61733110vd258966,2024-12-01_22h53.04.435,Incongruent,P1.png,9,Left,Yes,20.4807,31.0,20.0,31,20,TRUE
wpi61733110vd258966,2024-12-01_22h53.04.435,Incongruent,P7.png,10,Right,Yes,29.961,67.0,9.0,67,9,TRUE
wpi61733110vd258966,2024-12-01_22h53.04.435,Incongruent,P3.png,11,Left,Yes,43.736,25.0,20.0,21,20,FALSE
wpi61733110vd258966,2024-12-01_22h53.04.435,Incongruent,P8.png,12,Right,Yes,40.0296,41.0,20.0,41,20,TRUE
wpi61733110vd258966,2024-12-01_22h53.04.435,Incongruent,IC6.png,13,Left,No,28.5101,11.0,10.0,37,30,FALSE
wpi61733110vd258966,2024-12-01_22h53.04.435,Incongruent,IC4.png,14,Left,No,14.2229,49.0,16.0,49,16,TRUE
wpi61733110vd258966,2024-12-01_22h53.04.435,Incongruent,IC2.png,15,Left,Yes,74.7482,41.0,21.0,41,21,TRUE
wpi61733110vd258966,2024-12-01_22h53.04.435,Incongruent,IC11.png,16,Right,No,51.0268,19.0,24.0,19,24,TRUE
wpi61733110vd258966,2024-12-01_22h53.04.435,Incongruent,IC9.png,17,Right,Yes,77.6977,43.0,14.0,43,14,TRUE
wpi61733110vd258966,2024-12-01_22h53.04.435,Incongruent,IC5.png,18,Left,No,182.2552,93.0,54.0,29,18,FALSE
wpi61733110vd258966,2024-12-01_22h53.04.435,Incongruent,IC7.png,19,Right,Yes,18.3824,38.0,20.0,19,10,TRUE
wpi61733110vd258966,2024-12-01_22h53.04.435,Incongruent,IC8.png,20,Right,Yes,36.821,25.0,21.0,25,21,TRUE
wpi61733110vd258966,2024-12-01_22h53.04.435,Incongruent,IC3.png,21,Left,Yes,68.2647,89.0,36.0,89,36,TRUE
wpi61733110vd258966,2024-12-01_22h53.04.435,Incongruent,IC1.png,22,Left,Yes,28.6709,29.0,4.0,29,4,TRUE
wpi61733110vd258966,2024-12-01_22h53.04.435,Incongruent,IC12.png,23,Right,No,47.5835,146.0,24.0,73,12,TRUE
wpi61733110vd258966,2024-12-01_22h53.04.435,Incongruent,IC10.png,24,Right,No,27.9879,37.0,16.0,37,16,TRUE
wpi6173343z22520d13,2024-12-05_16h14.14.583,Incongruent,P8.png,1,Right,Yes,42.2412,29.0,20.0,41,20,FALSE
wpi6173343z22520d13,2024-12-05_16h14.14.583,Incongruent,P2.png,2,Left,Yes,23.3314,20.0,3.0,28,15,FALSE
wpi6173343z22520d13,2024-12-05_16h14.14.583,Incongruent,P4.png,3,Left,No,23.4985,71.0,12.0,71,12,TRUE
wpi6173343z22520d13,2024-12-05_16h14.14.583,Incongruent,P7.png,4,Right,Yes,12.5831,67.0,9.0,67,9,TRUE
wpi6173343z22520d13,2024-12-05_16h14.14.583,Incongruent,P6.png,5,Left,No,32.7989,90.0,24.0,49,24,FALSE
wpi6173343z22520d13,2024-12-05_16h14.14.583,Incongruent,P3.png,6,Left,Yes,21.0156,21.0,20.0,21,20,TRUE
wpi6173343z22520d13,2024-12-05_16h14.14.583,Incongruent,P11.png,7,Right,No,41.8652,23.0,18.0,23,18,TRUE
wpi6173343z22520d13,2024-12-05_16h14.14.583,Incongruent,P10.png,8,Right,No,24.0339,42.0,12.0,43,12,FALSE
wpi6173343z22520d13,2024-12-05_16h14.14.583,Incongruent,P12.png,9,Right,No,21.9489,36.0,28.0,51,28,FALSE
wpi6173343z22520d13,2024-12-05_16h14.14.583,Incongruent,P9.png,10,Right,Yes,22.5156,27.0,14.0,33,14,FALSE
wpi6173343z22520d13,2024-12-05_16h14.14.583,Incongruent,P1.png,11,Left,Yes,12.7821,31.0,20.0,31,20,TRUE
wpi6173343z22520d13,2024-12-05_16h14.14.583,Incongruent,P5.png,12,Left,No,22.0322,31.0,24.0,31,24,TRUE
wpi6173343z22520d13,2024-12-05_16h14.14.583,Incongruent,IC5.png,13,Left,No,16.124,29.0,18.0,29,18,TRUE
wpi6173343z22520d13,2024-12-05_16h14.14.583,Incongruent,IC6.png,14,Left,No,13.6814,37.0,30.0,37,30,TRUE
wpi6173343z22520d13,2024-12-05_16h14.14.583,Incongruent,IC10.png,15,Right,No,10.0499,37.0,16.0,37,16,TRUE
wpi6173343z22520d13,2024-12-05_16h14.14.583,Incongruent,IC7.png,16,Right,Yes,9.948,19.0,10.0,19,10,TRUE
wpi6173343z22520d13,2024-12-05_16h14.14.583,Incongruent,IC12.png,17,Right,No,20.4155,73.0,12.0,73,12,TRUE
wpi6173343z22520d13,2024-12-05_16h14.14.583,Incongruent,IC2.png,18,Left,Yes,60.2497,41.0,21.0,41,21,TRUE
wpi6173343z22520d13,2024-12-05_16h14.14.583,Incongruent,IC3.png,19,Left,Yes,22.5314,29.0,36.0,89,36,FALSE
wpi6173343z22520d13,2024-12-05_16h14.14.583,Incongruent,IC1.png,20,Left,Yes,10.099,29.0,4.0,29,4,TRUE
wpi6173343z22520d13,2024-12-05_16h14.14.583,Incongruent,IC11.png,21,Right,No,14.6157,19.0,24.0,19,24,TRUE
wpi6173343z22520d13,2024-12-05_16h14.14.583,Incongruent,IC4.png,22,Left,No,11.9323,28.0,16.0,49,16,FALSE
wpi6173343z22520d13,2024-12-05_16h14.14.583,Incongruent,IC8.png,23,Right,Yes,9.1656,25.0,21.0,25,21,TRUE
wpi6173343z22520d13,2024-12-05_16h14.14.583,Incongruent,IC9.png,24,Right,Yes,21.6822,43.0,14.0,43,14,TRUE
wpi61733687k3402p19,2024-12-08_15h06.20.630,Congruent,P6.png,1,Left,No,73.949700000000007,91.0,48.0,49,24,FALSE
wpi61733687k3402p19,2024-12-08_15h06.20.630,Congruent,P1.png,2,Left,Yes,56.7969,31.0,20.0,31,20,TRUE
wpi61733687k3402p19,2024-12-08_15h06.20.630,Congruent,P5.png,3,Left,No,35.1487,31.0,24.0,31,24,TRUE
wpi61733687k3402p19,2024-12-08_15h06.20.630,Congruent,P9.png,4,Right,Yes,59.1783,33.0,14.0,33,14,TRUE
wpi61733687k3402p19,2024-12-08_15h06.20.630,Congruent,P4.png,5,Left,No,27.2279,71.0,12.0,71,12,TRUE
wpi61733687k3402p19,2024-12-08_15h06.20.630,Congruent,P11.png,6,Right,No,42.9984,23.0,18.0,23,18,TRUE
wpi61733687k3402p19,2024-12-08_15h06.20.630,Congruent,P12.png,7,Right,No,38.0636,51.0,28.0,51,28,TRUE
wpi61733687k3402p19,2024-12-08_15h06.20.630,Congruent,P8.png,8,Right,Yes,39.4975,44.0,20.0,41,20,FALSE
wpi61733687k3402p19,2024-12-08_15h06.20.630,Congruent,P10.png,9,Right,No,36.1808,43.0,12.0,43,12,TRUE
wpi61733687k3402p19,2024-12-08_15h06.20.630,Congruent,P3.png,10,Left,Yes,36.3289,21.0,20.0,21,20,TRUE
wpi61733687k3402p19,2024-12-08_15h06.20.630,Congruent,P7.png,11,Right,Yes,33.3473,67.0,9.0,67,9,TRUE
wpi61733687k3402p19,2024-12-08_15h06.20.630,Congruent,P2.png,12,Left,Yes,32.0815,28.0,15.0,28,15,TRUE
wpi61733687k3402p19,2024-12-08_15h06.20.630,Congruent,CC6.png,13,Left,No,33.6695,37.0,30.0,37,30,TRUE
wpi61733687k3402p19,2024-12-08_15h06.20.630,Congruent,CC2.png,14,Left,Yes,43.9819,41.0,21.0,41,21,TRUE
wpi61733687k3402p19,2024-12-08_15h06.20.630,Congruent,CC3.png,15,Left,Yes,31.5467,89.0,36.0,89,36,TRUE
wpi61733687k3402p19,2024-12-08_15h06.20.630,Congruent,CC1.png,16,Left,Yes,22.7192,29.0,4.0,29,4,TRUE
wpi61733687k3402p19,2024-12-08_15h06.20.630,Congruent,CC9.png,17,Right,Yes,39.7461,43.0,14.0,43,14,TRUE
wpi61733687k3402p19,2024-12-08_15h06.20.630,Congruent,CC4.png,18,Left,No,21.3474,49.0,16.0,49,16,TRUE
wpi61733687k3402p19,2024-12-08_15h06.20.630,Congruent,CC12.png,19,Right,No,33.6151,146.0,24.0,73,12,TRUE
wpi61733687k3402p19,2024-12-08_15h06.20.630,Congruent,CC5.png,20,Left,No,38.2332,29.0,18.0,29,18,TRUE
wpi61733687k3402p19,2024-12-08_15h06.20.630,Congruent,CC7.png,21,Right,Yes,30.0445,19.0,10.0,19,10,TRUE
wpi61733687k3402p19,2024-12-08_15h06.20.630,Congruent,CC10.png,22,Right,No,20.1302,37.0,16.0,37,16,TRUE
wpi61733687k3402p19,2024-12-08_15h06.20.630,Congruent,CC8.png,23,Right,Yes,26.9314,25.0,21.0,25,21,TRUE
wpi61733687k3402p19,2024-12-08_15h06.20.630,Congruent,CC11.png,24,Right,No,23.8317,19.0,24.0,19,24,TRUE
wpi6173376y1l465318,2024-12-09_11h37.07.148,Congruent,P1.png,1,Left,Yes,10.794,31.0,20.0,31,20,TRUE
wpi6173376y1l465318,2024-12-09_11h37.07.148,Congruent,P12.png,2,Right,No,28.796,51.0,28.0,51,28,TRUE
wpi6173376y1l465318,2024-12-09_11h37.07.148,Congruent,P5.png,3,Left,No,11.585,31.0,24.0,31,24,TRUE
wpi6173376y1l465318,2024-12-09_11h37.07.148,Congruent,P11.png,4,Right,No,13.986,23.0,18.0,23,18,TRUE
wpi6173376y1l465318,2024-12-09_11h37.07.148,Congruent,P10.png,5,Right,No,9.747,43.0,12.0,43,12,TRUE
wpi6173376y1l465318,2024-12-09_11h37.07.148,Congruent,P4.png,6,Left,No,9.368,71.0,12.0,71,12,TRUE
wpi6173376y1l465318,2024-12-09_11h37.07.148,Congruent,P9.png,7,Right,Yes,30.692,97.0,42.0,33,14,FALSE
wpi6173376y1l465318,2024-12-09_11h37.07.148,Congruent,P8.png,8,Right,Yes,19.948,41.0,20.0,41,20,TRUE
wpi6173376y1l465318,2024-12-09_11h37.07.148,Congruent,P3.png,9,Left,Yes,9.952,13.0,20.0,21,20,FALSE
wpi6173376y1l465318,2024-12-09_11h37.07.148,Congruent,P6.png,10,Left,No,16.888,98.0,48.0,49,24,TRUE
wpi6173376y1l465318,2024-12-09_11h37.07.148,Congruent,P7.png,11,Right,Yes,13.107,67.0,9.0,67,9,TRUE
wpi6173376y1l465318,2024-12-09_11h37.07.148,Congruent,P2.png,12,Left,Yes,10.866,28.0,15.0,28,15,TRUE
wpi6173376y1l465318,2024-12-09_11h37.07.148,Congruent,CC3.png,13,Left,Yes,17.034,126.0,36.0,89,36,FALSE
wpi6173376y1l465318,2024-12-09_11h37.07.148,Congruent,CC2.png,14,Left,Yes,12.679,45.0,21.0,41,21,FALSE
wpi6173376y1l465318,2024-12-09_11h37.07.148,Congruent,CC10.png,15,Right,No,10.662,37.0,16.0,37,16,TRUE
wpi6173376y1l465318,2024-12-09_11h37.07.148,Congruent,CC11.png,16,Right,No,12.947,19.0,24.0,19,24,TRUE
wpi6173376y1l465318,2024-12-09_11h37.07.148,Congruent,CC7.png,17,Right,Yes,10.214,38.0,20.0,19,10,TRUE
wpi6173376y1l465318,2024-12-09_11h37.07.148,Congruent,CC4.png,18,Left,No,9.667,49.0,16.0,49,16,TRUE
wpi6173376y1l465318,2024-12-09_11h37.07.148,Congruent,CC12.png,19,Right,No,14.865,146.0,35.0,73,12,FALSE
wpi6173376y1l465318,2024-12-09_11h37.07.148,Congruent,CC9.png,20,Right,Yes,12.403,35.0,35.0,43,14,FALSE
wpi6173376y1l465318,2024-12-09_11h37.07.148,Congruent,CC5.png,21,Left,No,8.136,30.0,18.0,29,18,FALSE
wpi6173376y1l465318,2024-12-09_11h37.07.148,Congruent,CC6.png,22,Left,No,13.218,37.0,30.0,37,30,TRUE
wpi6173376y1l465318,2024-12-09_11h37.07.148,Congruent,CC8.png,23,Right,Yes,16.635,50.0,42.0,25,21,TRUE
wpi6173376y1l465318,2024-12-09_11h37.07.148,Congruent,CC1.png,24,Left,Yes,12.029,29.0,14.0,29,4,FALSE
wpi61733770t03c8588,2024-12-09_14h05.34.515,Congruent,P2.png,1,Left,Yes,65.8084,28.0,15.0,28,15,TRUE
wpi61733770t03c8588,2024-12-09_14h05.34.515,Congruent,P1.png,2,Left,Yes,19.1596,31.0,20.0,31,20,TRUE
wpi61733770t03c8588,2024-12-09_14h05.34.515,Congruent,P9.png,3,Right,Yes,49.6361,94.0,42.0,33,14,FALSE
wpi61733770t03c8588,2024-12-09_14h05.34.515,Congruent,P10.png,4,Right,No,28.8761,43.0,12.0,43,12,TRUE
wpi61733770t03c8588,2024-12-09_14h05.34.515,Congruent,P6.png,5,Left,No,33.8896,49.0,24.0,49,24,TRUE
wpi61733770t03c8588,2024-12-09_14h05.34.515,Congruent,P12.png,6,Right,No,33.2889,51.0,28.0,51,28,TRUE
wpi61733770t03c8588,2024-12-09_14h05.34.515,Congruent,P5.png,7,Left,No,37.4056,31.0,24.0,31,24,TRUE
wpi61733770t03c8588,2024-12-09_14h05.34.515,Congruent,P7.png,8,Right,Yes,41.4419,134.0,18.0,67,9,TRUE
wpi61733770t03c8588,2024-12-09_14h05.34.515,Congruent,P11.png,9,Right,No,20.1752,23.0,18.0,23,18,TRUE
wpi61733770t03c8588,2024-12-09_14h05.34.515,Congruent,P3.png,10,Left,Yes,50.2849,63.0,60.0,21,20,TRUE
wpi61733770t03c8588,2024-12-09_14h05.34.515,Congruent,P4.png,11,Left,No,26.408,71.0,12.0,71,12,TRUE
wpi61733770t03c8588,2024-12-09_14h05.34.515,Congruent,P8.png,12,Right,Yes,14.0614,41.0,20.0,41,20,TRUE
wpi61733770t03c8588,2024-12-09_14h05.34.515,Congruent,CC9.png,13,Right,Yes,46.5493,129.0,42.0,43,14,TRUE
wpi61733770t03c8588,2024-12-09_14h05.34.515,Congruent,CC5.png,14,Left,No,14.811,29.0,18.0,29,18,TRUE
wpi61733770t03c8588,2024-12-09_14h05.34.515,Congruent,CC8.png,15,Right,Yes,22.6262,48.0,42.0,25,21,FALSE
wpi61733770t03c8588,2024-12-09_14h05.34.515,Congruent,CC11.png,16,Right,No,15.6456,19.0,24.0,19,24,TRUE
wpi61733770t03c8588,2024-12-09_14h05.34.515,Congruent,CC4.png,17,Left,No,10.9462,49.0,16.0,49,16,TRUE
wpi61733770t03c8588,2024-12-09_14h05.34.515,Congruent,CC3.png,18,Left,Yes,17.7608,89.0,36.0,89,36,TRUE
wpi61733770t03c8588,2024-12-09_14h05.34.515,Congruent,CC2.png,19,Left,Yes,30.4576,82.0,42.0,41,21,TRUE
wpi61733770t03c8588,2024-12-09_14h05.34.515,Congruent,CC1.png,20,Left,Yes,18.8933,87.0,12.0,29,4,TRUE
wpi61733770t03c8588,2024-12-09_14h05.34.515,Congruent,CC10.png,21,Right,No,16.2625,37.0,16.0,37,16,TRUE
wpi61733770t03c8588,2024-12-09_14h05.34.515,Congruent,CC12.png,22,Right,No,21.8573,73.0,12.0,73,12,TRUE
wpi61733770t03c8588,2024-12-09_14h05.34.515,Congruent,CC7.png,23,Right,Yes,13.2459,38.0,20.0,19,10,TRUE
wpi61733770t03c8588,2024-12-09_14h05.34.515,Congruent,CC6.png,24,Left,No,14.0949,30.0,30.0,37,30,FALSE
wpi6173377gk2367722,2024-12-09_14h53.01.534,Incongruent,P11.png,1,Right,No,19.7769,9.0,2.0,23,18,FALSE
wpi6173377gk2367722,2024-12-09_14h53.01.534,Incongruent,P8.png,2,Right,Yes,13.9483,5.0,6.0,41,20,FALSE
wpi6173377gk2367722,2024-12-09_14h53.01.534,Incongruent,P5.png,3,Left,No,3.1992,5.0,3.0,31,24,FALSE
wpi6173377gk2367722,2024-12-09_14h53.01.534,Incongruent,P12.png,4,Right,No,54.7173,7.0,14.0,51,28,FALSE
wpi6173377gk2367722,2024-12-09_14h53.01.534,Incongruent,P9.png,5,Right,Yes,49.0318,49.5,21.0,33,14,TRUE
wpi6173377gk2367722,2024-12-09_14h53.01.534,Incongruent,P4.png,6,Left,No,49.015,38.0,6.0,71,12,FALSE
wpi6173377gk2367722,2024-12-09_14h53.01.534,Incongruent,P6.png,7,Left,No,12.1984,15.0,8.0,49,24,FALSE
wpi6173377gk2367722,2024-12-09_14h53.01.534,Incongruent,P3.png,8,Left,Yes,37.2333,12.0,15.0,21,20,FALSE
wpi6173377gk2367722,2024-12-09_14h53.01.534,Incongruent,P10.png,9,Right,No,26.4329,35.0,12.0,43,12,FALSE
wpi6173377gk2367722,2024-12-09_14h53.01.534,Incongruent,P2.png,10,Left,Yes,43.8644,24.0,20.0,28,15,FALSE
wpi6173377gk2367722,2024-12-09_14h53.01.534,Incongruent,P1.png,11,Left,Yes,13.7326,12.0,10.0,31,20,FALSE
wpi6173377gk2367722,2024-12-09_14h53.01.534,Incongruent,P7.png,12,Right,Yes,13.0656,35.0,18.0,67,9,FALSE
wpi6173377gk2367722,2024-12-09_14h53.01.534,Incongruent,IC1.png,13,Left,Yes,28.0739,45.0,12.0,29,4,FALSE
wpi6173377gk2367722,2024-12-09_14h53.01.534,Incongruent,IC11.png,14,Right,No,10.7643,3.0,8.0,19,24,FALSE
wpi6173377gk2367722,2024-12-09_14h53.01.534,Incongruent,IC2.png,15,Left,Yes,17.0676,18.0,14.0,41,21,FALSE
wpi6173377gk2367722,2024-12-09_14h53.01.534,Incongruent,IC7.png,16,Right,Yes,14.2321,24.0,20.0,19,10,FALSE
wpi6173377gk2367722,2024-12-09_14h53.01.534,Incongruent,IC8.png,17,Right,Yes,13.5325,12.0,14.0,25,21,FALSE
wpi6173377gk2367722,2024-12-09_14h53.01.534,Incongruent,IC4.png,18,Left,No,17.7155,21.0,8.0,49,16,FALSE
wpi6173377gk2367722,2024-12-09_14h53.01.534,Incongruent,IC6.png,19,Left,No,16.7985,8.0,15.0,37,30,FALSE
wpi6173377gk2367722,2024-12-09_14h53.01.534,Incongruent,IC12.png,20,Right,No,9.7327,45.0,6.0,73,12,FALSE
wpi6173377gk2367722,2024-12-09_14h53.01.534,Incongruent,IC5.png,21,Left,No,6.5325,5.0,6.0,29,18,FALSE
wpi6173377gk2367722,2024-12-09_14h53.01.534,Incongruent,IC9.png,22,Right,Yes,10.4986,12.0,21.0,43,14,FALSE
wpi6173377gk2367722,2024-12-09_14h53.01.534,Incongruent,IC10.png,23,Right,No,5.7664,15.0,8.0,37,16,FALSE
wpi6173377gk2367722,2024-12-09_14h53.01.534,Incongruent,IC3.png,24,Left,Yes,8.4148,50.0,18.0,89,36,FALSE
wpi6173378039p08q93,2024-12-09_17h02.39.649,Incongruent,P3.png,1,Left,Yes,29.478,63.0,60.0,21,20,TRUE
wpi6173378039p08q93,2024-12-09_17h02.39.649,Incongruent,P9.png,2,Right,Yes,25.3261,99.0,42.0,33,14,TRUE
wpi6173378039p08q93,2024-12-09_17h02.39.649,Incongruent,P12.png,3,Right,No,34.3771,102.0,64.0,51,28,FALSE
wpi6173378039p08q93,2024-12-09_17h02.39.649,Incongruent,P5.png,4,Left,No,14.7323,31.0,24.0,31,24,TRUE
wpi6173378039p08q93,2024-12-09_17h02.39.649,Incongruent,P11.png,5,Right,No,20.0265,23.0,18.0,23,18,TRUE
wpi6173378039p08q93,2024-12-09_17h02.39.649,Incongruent,P10.png,6,Right,No,14.3477,43.0,12.0,43,12,TRUE
wpi6173378039p08q93,2024-12-09_17h02.39.649,Incongruent,P4.png,7,Left,No,10.363,71.0,12.0,71,12,TRUE
wpi6173378039p08q93,2024-12-09_17h02.39.649,Incongruent,P2.png,8,Left,Yes,14.0832,112.0,60.0,28,15,TRUE
wpi6173378039p08q93,2024-12-09_17h02.39.649,Incongruent,P7.png,9,Right,Yes,21.4162,134.0,18.0,67,9,TRUE
wpi6173378039p08q93,2024-12-09_17h02.39.649,Incongruent,P6.png,10,Left,No,16.419,49.0,24.0,49,24,TRUE
wpi6173378039p08q93,2024-12-09_17h02.39.649,Incongruent,P8.png,11,Right,Yes,21.3105,82.0,40.0,41,20,TRUE
wpi6173378039p08q93,2024-12-09_17h02.39.649,Incongruent,P1.png,12,Left,Yes,6.9689,31.0,20.0,31,20,TRUE
wpi6173378039p08q93,2024-12-09_17h02.39.649,Incongruent,IC10.png,13,Right,No,7.1128,37.0,16.0,37,16,TRUE
wpi6173378039p08q93,2024-12-09_17h02.39.649,Incongruent,IC1.png,14,Left,Yes,7.4316,87.0,12.0,29,4,TRUE
wpi6173378039p08q93,2024-12-09_17h02.39.649,Incongruent,IC9.png,15,Right,Yes,19.617,129.0,42.0,43,14,TRUE
wpi6173378039p08q93,2024-12-09_17h02.39.649,Incongruent,IC11.png,16,Right,No,20.7677,19.0,24.0,19,24,TRUE
wpi6173378039p08q93,2024-12-09_17h02.39.649,Incongruent,IC12.png,17,Right,No,20.1615,73.0,12.0,73,12,TRUE
wpi6173378039p08q93,2024-12-09_17h02.39.649,Incongruent,IC2.png,18,Left,Yes,45.0828,80.0,42.0,41,21,FALSE
wpi6173378039p08q93,2024-12-09_17h02.39.649,Incongruent,IC3.png,19,Left,Yes,22.1987,89.0,36.0,89,36,TRUE
wpi6173378039p08q93,2024-12-09_17h02.39.649,Incongruent,IC8.png,20,Right,Yes,26.1791,50.0,42.0,25,21,TRUE
wpi6173378039p08q93,2024-12-09_17h02.39.649,Incongruent,IC6.png,21,Left,No,17.3803,37.0,30.0,37,30,TRUE
wpi6173378039p08q93,2024-12-09_17h02.39.649,Incongruent,IC4.png,22,Left,No,10.0482,49.0,16.0,49,16,TRUE
wpi6173378039p08q93,2024-12-09_17h02.39.649,Incongruent,IC7.png,23,Right,Yes,13.1203,38.0,20.0,19,10,TRUE
wpi6173378039p08q93,2024-12-09_17h02.39.649,Incongruent,IC5.png,24,Left,No,17.2781,29.0,18.0,29,18,TRUE
wpi617337j6800257n0,2024-12-09_13h33.38.896,Incongruent,P3.png,1,Left,Yes,236.6275,39.0,60.0,21,20,FALSE
wpi617337j6800257n0,2024-12-09_13h33.38.896,Incongruent,P7.png,2,Right,Yes,28.7776,67.0,9.0,67,9,TRUE
wpi617337j6800257n0,2024-12-09_13h33.38.896,Incongruent,P4.png,3,Left,No,15.721,71.0,12.0,71,12,TRUE
wpi617337j6800257n0,2024-12-09_13h33.38.896,Incongruent,P12.png,4,Right,No,132.9553,102.0,56.0,51,28,TRUE
wpi617337j6800257n0,2024-12-09_13h33.38.896,Incongruent,P5.png,5,Left,No,71.2726,124.0,96.0,31,24,TRUE
wpi617337j6800257n0,2024-12-09_13h33.38.896,Incongruent,P10.png,6,Right,No,32.2949,43.0,12.0,43,12,TRUE
wpi617337j6800257n0,2024-12-09_13h33.38.896,Incongruent,P1.png,7,Left,Yes,20.5115,31.0,20.0,31,20,TRUE
wpi617337j6800257n0,2024-12-09_13h33.38.896,Incongruent,P8.png,8,Right,Yes,54.2602,82.0,40.0,41,20,TRUE
wpi617337j6800257n0,2024-12-09_13h33.38.896,Incongruent,P9.png,9,Right,Yes,61.2603,95.0,42.0,33,14,FALSE
wpi617337j6800257n0,2024-12-09_13h33.38.896,Incongruent,P11.png,10,Right,No,52.0999,69.0,54.0,23,18,TRUE
wpi617337j6800257n0,2024-12-09_13h33.38.896,Incongruent,P6.png,11,Left,No,42.938,98.0,48.0,49,24,TRUE
wpi617337j6800257n0,2024-12-09_13h33.38.896,Incongruent,P2.png,12,Left,Yes,61.0412,46.0,30.0,28,15,FALSE
wpi617337j6800257n0,2024-12-09_13h33.38.896,Incongruent,IC2.png,13,Left,Yes,85.9739,41.0,21.0,41,21,TRUE
wpi617337j6800257n0,2024-12-09_13h33.38.896,Incongruent,IC1.png,14,Left,Yes,77.2874,87.0,12.0,29,4,TRUE
wpi617337j6800257n0,2024-12-09_13h33.38.896,Incongruent,IC6.png,15,Left,No,60.9565,225.0,150.0,37,30,FALSE
wpi617337j6800257n0,2024-12-09_13h33.38.896,Incongruent,IC7.png,16,Right,Yes,44.2656,184.0,120.0,19,10,FALSE
wpi617337j6800257n0,2024-12-09_13h33.38.896,Incongruent,IC3.png,17,Left,Yes,60.5473,69.0,36.0,89,36,FALSE
wpi617337j6800257n0,2024-12-09_13h33.38.896,Incongruent,IC8.png,18,Right,Yes,50.4117,50.0,42.0,25,21,TRUE
wpi617337j6800257n0,2024-12-09_13h33.38.896,Incongruent,IC11.png,19,Right,No,10.6386,8.0,12.0,19,24,FALSE
wpi617337j6800257n0,2024-12-09_13h33.38.896,Incongruent,IC10.png,20,Right,No,17.5038,37.0,16.0,37,16,TRUE
wpi617337j6800257n0,2024-12-09_13h33.38.896,Incongruent,IC9.png,21,Right,Yes,42.2536,129.0,42.0,43,14,TRUE
wpi617337j6800257n0,2024-12-09_13h33.38.896,Incongruent,IC12.png,22,Right,No,68.5754,86.0,24.0,73,12,FALSE
wpi617337j6800257n0,2024-12-09_13h33.38.896,Incongruent,IC5.png,23,Left,No,37.0133,87.0,54.0,29,18,TRUE
wpi617337j6800257n0,2024-12-09_13h33.38.896,Incongruent,IC4.png,24,Left,No,11.4167,49.0,16.0,49,16,TRUE
wpi617338430c619k41,2024-12-10_10h23.20.895,Congruent,P6.png,1,Left,No,78.0584,98.0,48.0,49,24,TRUE
wpi617338430c619k41,2024-12-10_10h23.20.895,Congruent,P2.png,2,Left,Yes,63.7975,28.0,15.0,28,15,TRUE
wpi617338430c619k41,2024-12-10_10h23.20.895,Congruent,P4.png,3,Left,No,34.4479,71.0,12.0,71,12,TRUE
wpi617338430c619k41,2024-12-10_10h23.20.895,Congruent,P5.png,4,Left,No,33.633,31.0,24.0,31,24,TRUE
wpi617338430c619k41,2024-12-10_10h23.20.895,Congruent,P12.png,5,Right,No,46.1649,51.0,28.0,51,28,TRUE
wpi617338430c619k41,2024-12-10_10h23.20.895,Congruent,P7.png,6,Right,Yes,39.5648,134.0,18.0,67,9,TRUE
wpi617338430c619k41,2024-12-10_10h23.20.895,Congruent,P1.png,7,Left,Yes,31.8482,31.0,20.0,31,20,TRUE
wpi617338430c619k41,2024-12-10_10h23.20.895,Congruent,P11.png,8,Right,No,33.9829,26.0,18.0,23,18,FALSE
wpi617338430c619k41,2024-12-10_10h23.20.895,Congruent,P10.png,9,Right,No,48.415,43.0,12.0,43,12,TRUE
wpi617338430c619k41,2024-12-10_10h23.20.895,Congruent,P3.png,10,Left,Yes,111.2809,63.0,60.0,21,20,TRUE
wpi617338430c619k41,2024-12-10_10h23.20.895,Congruent,P9.png,11,Right,Yes,77.7306,99.0,42.0,33,14,TRUE
wpi617338430c619k41,2024-12-10_10h23.20.895,Congruent,P8.png,12,Right,Yes,50.164,82.0,40.0,41,20,TRUE
wpi617338430c619k41,2024-12-10_10h23.20.895,Congruent,CC3.png,13,Left,Yes,57.1766,178.0,72.0,89,36,TRUE
wpi617338430c619k41,2024-12-10_10h23.20.895,Congruent,CC2.png,14,Left,Yes,81.3646,90.0,42.0,41,21,FALSE
wpi617338430c619k41,2024-12-10_10h23.20.895,Congruent,CC1.png,15,Left,Yes,32.0142,87.0,12.0,29,4,TRUE
wpi617338430c619k41,2024-12-10_10h23.20.895,Congruent,CC5.png,16,Left,No,17.0663,19.0,18.0,29,18,FALSE
wpi617338430c619k41,2024-12-10_10h23.20.895,Congruent,CC9.png,17,Right,Yes,31.0986,129.0,42.0,43,14,TRUE
wpi617338430c619k41,2024-12-10_10h23.20.895,Congruent,CC10.png,18,Right,No,14.8316,37.0,16.0,37,16,TRUE
wpi617338430c619k41,2024-12-10_10h23.20.895,Congruent,CC7.png,19,Right,Yes,33.132,38.0,20.0,19,10,TRUE
wpi617338430c619k41,2024-12-10_10h23.20.895,Congruent,CC11.png,20,Right,No,42.615,19.0,24.0,19,24,TRUE
wpi617338430c619k41,2024-12-10_10h23.20.895,Congruent,CC12.png,21,Right,No,21.8981,73.0,12.0,73,12,TRUE
wpi617338430c619k41,2024-12-10_10h23.20.895,Congruent,CC8.png,22,Right,Yes,61.1817,50.0,42.0,25,21,TRUE
wpi617338430c619k41,2024-12-10_10h23.20.895,Congruent,CC6.png,23,Left,No,24.514,29.0,30.0,37,30,FALSE
wpi617338430c619k41,2024-12-10_10h23.20.895,Congruent,CC4.png,24,Left,No,34.1654,49.0,16.0,49,16,TRUE
wpi61733866534x70k0,2024-12-10_16h55.15.566,Congruent,P7.png,1,Right,Yes,30.6249,67.0,9.0,67,9,TRUE
wpi61733866534x70k0,2024-12-10_16h55.15.566,Congruent,P5.png,2,Left,No,30.9019,31.0,24.0,31,24,TRUE
wpi61733866534x70k0,2024-12-10_16h55.15.566,Congruent,P4.png,3,Left,No,12.1805,71.0,12.0,71,12,TRUE
wpi61733866534x70k0,2024-12-10_16h55.15.566,Congruent,P2.png,4,Left,Yes,55.0561,28.0,15.0,28,15,TRUE
wpi61733866534x70k0,2024-12-10_16h55.15.566,Congruent,P8.png,5,Right,Yes,33.5886,29.0,20.0,41,20,FALSE
wpi61733866534x70k0,2024-12-10_16h55.15.566,Congruent,P10.png,6,Right,No,18.6973,43.0,12.0,43,12,TRUE
wpi61733866534x70k0,2024-12-10_16h55.15.566,Congruent,P9.png,7,Right,Yes,26.3617,27.0,14.0,33,14,FALSE
wpi61733866534x70k0,2024-12-10_16h55.15.566,Congruent,P3.png,8,Left,Yes,21.4495,29.0,20.0,21,20,FALSE
wpi61733866534x70k0,2024-12-10_16h55.15.566,Congruent,P1.png,9,Left,Yes,16.6167,31.0,20.0,31,20,TRUE
wpi61733866534x70k0,2024-12-10_16h55.15.566,Congruent,P6.png,10,Left,No,29.1317,49.0,24.0,49,24,TRUE
wpi61733866534x70k0,2024-12-10_16h55.15.566,Congruent,P11.png,11,Right,No,20.4988,23.0,18.0,23,18,TRUE
wpi61733866534x70k0,2024-12-10_16h55.15.566,Congruent,P12.png,12,Right,No,26.0539,51.0,28.0,51,28,TRUE
wpi61733866534x70k0,2024-12-10_16h55.15.566,Congruent,CC5.png,13,Left,No,20.0889,29.0,18.0,29,18,TRUE
wpi61733866534x70k0,2024-12-10_16h55.15.566,Congruent,CC6.png,14,Left,No,19.8555,37.0,30.0,37,30,TRUE
wpi61733866534x70k0,2024-12-10_16h55.15.566,Congruent,CC12.png,15,Right,No,15.5465,73.0,12.0,73,12,TRUE
wpi61733866534x70k0,2024-12-10_16h55.15.566,Congruent,CC9.png,16,Right,Yes,24.7696,47.0,14.0,43,14,FALSE
wpi61733866534x70k0,2024-12-10_16h55.15.566,Congruent,CC1.png,17,Left,Yes,18.2961,29.0,4.0,29,4,TRUE
wpi61733866534x70k0,2024-12-10_16h55.15.566,Congruent,CC3.png,18,Left,Yes,34.023,89.0,36.0,89,36,TRUE
wpi61733866534x70k0,2024-12-10_16h55.15.566,Congruent,CC7.png,19,Right,Yes,29.3648,19.0,10.0,19,10,TRUE
wpi61733866534x70k0,2024-12-10_16h55.15.566,Congruent,CC2.png,20,Left,Yes,40.5928,41.0,21.0,41,21,TRUE
wpi61733866534x70k0,2024-12-10_16h55.15.566,Congruent,CC8.png,21,Right,Yes,26.3905,25.0,21.0,25,21,TRUE
wpi61733866534x70k0,2024-12-10_16h55.15.566,Congruent,CC4.png,22,Left,No,13.1539,49.0,16.0,49,16,TRUE
wpi61733866534x70k0,2024-12-10_16h55.15.566,Congruent,CC11.png,23,Right,No,22.7881,19.0,24.0,19,24,TRUE
wpi61733866534x70k0,2024-12-10_16h55.15.566,Congruent,CC10.png,24,Right,No,12.6299,37.0,16.0,37,16,TRUE
wpi617338709n4643h7,2024-12-10_18h08.43.233,Incongruent,P6.png,1,Left,No,51.8404,23.0,48.0,49,24,FALSE
wpi617338709n4643h7,2024-12-10_18h08.43.233,Incongruent,P12.png,2,Right,No,40.6273,51.0,28.0,51,28,TRUE
wpi617338709n4643h7,2024-12-10_18h08.43.233,Incongruent,P1.png,3,Left,Yes,20.3964,31.0,20.0,31,20,TRUE
wpi617338709n4643h7,2024-12-10_18h08.43.233,Incongruent,P11.png,4,Right,No,29.172,23.0,18.0,23,18,TRUE
wpi617338709n4643h7,2024-12-10_18h08.43.233,Incongruent,P10.png,5,Right,No,20.7808,43.0,12.0,43,12,TRUE
wpi617338709n4643h7,2024-12-10_18h08.43.233,Incongruent,P4.png,6,Left,No,21.3807,71.0,12.0,71,12,TRUE
wpi617338709n4643h7,2024-12-10_18h08.43.233,Incongruent,P7.png,7,Right,Yes,17.1321,134.0,18.0,67,9,TRUE
wpi617338709n4643h7,2024-12-10_18h08.43.233,Incongruent,P5.png,8,Left,No,15.1492,31.0,24.0,31,24,TRUE
wpi617338709n4643h7,2024-12-10_18h08.43.233,Incongruent,P3.png,9,Left,Yes,44.5814,63.0,60.0,21,20,TRUE
wpi617338709n4643h7,2024-12-10_18h08.43.233,Incongruent,P2.png,10,Left,Yes,33.588,112.0,60.0,28,15,TRUE
wpi617338709n4643h7,2024-12-10_18h08.43.233,Incongruent,P9.png,11,Right,Yes,28.678,99.0,42.0,33,14,TRUE
wpi617338709n4643h7,2024-12-10_18h08.43.233,Incongruent,P8.png,12,Right,Yes,16.8237,41.0,20.0,41,20,TRUE
wpi617338709n4643h7,2024-12-10_18h08.43.233,Incongruent,IC12.png,13,Right,No,23.7625,73.0,12.0,73,12,TRUE
wpi617338709n4643h7,2024-12-10_18h08.43.233,Incongruent,IC4.png,14,Left,No,13.4982,49.0,16.0,49,16,TRUE
wpi617338709n4643h7,2024-12-10_18h08.43.233,Incongruent,IC6.png,15,Left,No,16.3074,23.0,30.0,37,30,FALSE
wpi617338709n4643h7,2024-12-10_18h08.43.233,Incongruent,IC8.png,16,Right,Yes,30.826,50.0,42.0,25,21,TRUE
wpi617338709n4643h7,2024-12-10_18h08.43.233,Incongruent,IC3.png,17,Left,Yes,33.624,89.0,36.0,89,36,TRUE
wpi617338709n4643h7,2024-12-10_18h08.43.233,Incongruent,IC7.png,18,Right,Yes,11.4321,38.0,20.0,19,10,TRUE
wpi617338709n4643h7,2024-12-10_18h08.43.233,Incongruent,IC10.png,19,Right,No,9.5008,37.0,16.0,37,16,TRUE
wpi617338709n4643h7,2024-12-10_18h08.43.233,Incongruent,IC11.png,20,Right,No,15.8288,19.0,24.0,19,24,TRUE
wpi617338709n4643h7,2024-12-10_18h08.43.233,Incongruent,IC9.png,21,Right,Yes,18.6402,129.0,42.0,43,14,TRUE
wpi617338709n4643h7,2024-12-10_18h08.43.233,Incongruent,IC2.png,22,Left,Yes,36.2596,82.0,42.0,41,21,TRUE
wpi617338709n4643h7,2024-12-10_18h08.43.233,Incongruent,IC1.png,23,Left,Yes,18.0857,87.0,12.0,29,4,TRUE
wpi617338709n4643h7,2024-12-10_18h08.43.233,Incongruent,IC5.png,24,Left,No,17.0542,29.0,18.0,29,18,TRUE
wpi6173388493v28x43,2024-12-11_02h21.32.757,Congruent,P8.png,1,Right,Yes,57.8869,41.0,20.0,41,20,TRUE
wpi6173388493v28x43,2024-12-11_02h21.32.757,Congruent,P2.png,2,Left,Yes,80.477,2.0,1.0,28,15,FALSE
wpi6173388493v28x43,2024-12-11_02h21.32.757,Congruent,P7.png,3,Right,Yes,18.5482,67.0,9.0,67,9,TRUE
wpi6173388493v28x43,2024-12-11_02h21.32.757,Congruent,P1.png,4,Left,Yes,18.3624,31.0,20.0,31,20,TRUE
wpi6173388493v28x43,2024-12-11_02h21.32.757,Congruent,P9.png,5,Right,Yes,34.9818,24.0,7.0,33,14,FALSE
wpi6173388493v28x43,2024-12-11_02h21.32.757,Congruent,P10.png,6,Right,No,18.3154,43.0,12.0,43,12,TRUE
wpi6173388493v28x43,2024-12-11_02h21.32.757,Congruent,P11.png,7,Right,No,53.2235,11.5,9.0,23,18,TRUE
wpi6173388493v28x43,2024-12-11_02h21.32.757,Congruent,P12.png,8,Right,No,48.658,51.0,28.0,51,28,TRUE
wpi6173388493v28x43,2024-12-11_02h21.32.757,Congruent,P3.png,9,Left,Yes,21.465,21.0,20.0,21,20,TRUE
wpi6173388493v28x43,2024-12-11_02h21.32.757,Congruent,P5.png,10,Left,No,27.9196,31.0,24.0,31,24,TRUE
wpi6173388493v28x43,2024-12-11_02h21.32.757,Congruent,P6.png,11,Left,No,27.4567,23.0,48.0,49,24,FALSE
wpi6173388493v28x43,2024-12-11_02h21.32.757,Congruent,P4.png,12,Left,No,12.0986,43.0,12.0,71,12,FALSE
wpi6173388493v28x43,2024-12-11_02h21.32.757,Congruent,CC11.png,13,Right,No,23.1936,19.0,24.0,19,24,TRUE
wpi6173388493v28x43,2024-12-11_02h21.32.757,Congruent,CC7.png,14,Right,Yes,17.3608,19.0,10.0,19,10,TRUE
wpi6173388493v28x43,2024-12-11_02h21.32.757,Congruent,CC10.png,15,Right,No,13.2908,37.0,16.0,37,16,TRUE
wpi6173388493v28x43,2024-12-11_02h21.32.757,Congruent,CC8.png,16,Right,Yes,12.4875,19.0,21.0,25,21,FALSE
wpi6173388493v28x43,2024-12-11_02h21.32.757,Congruent,CC5.png,17,Left,No,61.4478,14.5,9.0,29,18,TRUE
wpi6173388493v28x43,2024-12-11_02h21.32.757,Congruent,CC1.png,18,Left,Yes,21.1493,28.0,4.0,29,4,FALSE
wpi6173388493v28x43,2024-12-11_02h21.32.757,Congruent,CC2.png,19,Left,Yes,26.4319,41.0,21.0,41,21,TRUE
wpi6173388493v28x43,2024-12-11_02h21.32.757,Congruent,CC4.png,20,Left,No,13.1322,49.0,16.0,49,16,TRUE
wpi6173388493v28x43,2024-12-11_02h21.32.757,Congruent,CC6.png,21,Left,No,37.553,18.5,15.0,37,30,TRUE
wpi6173388493v28x43,2024-12-11_02h21.32.757,Congruent,CC3.png,22,Left,Yes,22.2942,89.0,36.0,89,36,TRUE
wpi6173388493v28x43,2024-12-11_02h21.32.757,Congruent,CC12.png,23,Right,No,26.7364,36.5,6.0,73,12,TRUE
wpi6173388493v28x43,2024-12-11_02h21.32.757,Congruent,CC9.png,24,Right,Yes,41.006,43.0,14.0,43,14,TRUE
wpi617338t8102032o8,2024-12-10_20h53.11.135,Congruent,P8.png,1,Right,Yes,41.7478,82.0,40.0,41,20,TRUE
wpi617338t8102032o8,2024-12-10_20h53.11.135,Congruent,P11.png,2,Right,No,20.2794,23.0,18.0,23,18,TRUE
wpi617338t8102032o8,2024-12-10_20h53.11.135,Congruent,P3.png,3,Left,Yes,17.9548,21.0,20.0,21,20,TRUE
wpi617338t8102032o8,2024-12-10_20h53.11.135,Congruent,P12.png,4,Right,No,24.2023,51.0,28.0,51,28,TRUE
wpi617338t8102032o8,2024-12-10_20h53.11.135,Congruent,P1.png,5,Left,Yes,16.3663,31.0,20.0,31,20,TRUE
wpi617338t8102032o8,2024-12-10_20h53.11.135,Congruent,P5.png,6,Left,No,19.1284,31.0,24.0,31,24,TRUE
wpi617338t8102032o8,2024-12-10_20h53.11.135,Congruent,P6.png,7,Left,No,26.2752,49.0,24.0,49,24,TRUE
wpi617338t8102032o8,2024-12-10_20h53.11.135,Congruent,P7.png,8,Right,Yes,30.4916,134.0,18.0,67,9,TRUE
wpi617338t8102032o8,2024-12-10_20h53.11.135,Congruent,P9.png,9,Right,Yes,21.8435,99.0,42.0,33,14,TRUE
wpi617338t8102032o8,2024-12-10_20h53.11.135,Congruent,P10.png,10,Right,No,12.1222,43.0,12.0,43,12,TRUE
wpi617338t8102032o8,2024-12-10_20h53.11.135,Congruent,P2.png,11,Left,Yes,27.0123,112.0,60.0,28,15,TRUE
wpi617338t8102032o8,2024-12-10_20h53.11.135,Congruent,P4.png,12,Left,No,9.1176,71.0,12.0,71,12,TRUE
wpi617338t8102032o8,2024-12-10_20h53.11.135,Congruent,CC7.png,13,Right,Yes,20.8318,38.0,20.0,19,10,TRUE
wpi617338t8102032o8,2024-12-10_20h53.11.135,Congruent,CC6.png,14,Left,No,25.1603,37.0,30.0,37,30,TRUE
wpi617338t8102032o8,2024-12-10_20h53.11.135,Congruent,CC4.png,15,Left,No,14.5331,49.0,16.0,49,16,TRUE
wpi617338t8102032o8,2024-12-10_20h53.11.135,Congruent,CC11.png,16,Right,No,20.1161,19.0,24.0,19,24,TRUE
wpi617338t8102032o8,2024-12-10_20h53.11.135,Congruent,CC9.png,17,Right,Yes,27.4431,129.0,42.0,43,14,TRUE
wpi617338t8102032o8,2024-12-10_20h53.11.135,Congruent,CC2.png,18,Left,Yes,43.9946,82.0,42.0,41,21,TRUE
wpi617338t8102032o8,2024-12-10_20h53.11.135,Congruent,CC8.png,19,Right,Yes,26.2793,50.0,42.0,25,21,TRUE
wpi617338t8102032o8,2024-12-10_20h53.11.135,Congruent,CC1.png,20,Left,Yes,15.767,87.0,12.0,29,4,TRUE
wpi617338t8102032o8,2024-12-10_20h53.11.135,Congruent,CC10.png,21,Right,No,12.0233,37.0,16.0,37,16,TRUE
wpi617338t8102032o8,2024-12-10_20h53.11.135,Congruent,CC3.png,22,Left,Yes,16.953,89.0,36.0,89,36,TRUE
wpi617338t8102032o8,2024-12-10_20h53.11.135,Congruent,CC5.png,23,Left,No,14.163,29.0,18.0,29,18,TRUE
wpi617338t8102032o8,2024-12-10_20h53.11.135,Congruent,CC12.png,24,Right,No,13.0648,73.0,12.0,73,12,TRUE
wpi617338x618132w85,2024-12-10_15h36.22.916,Incongruent,P11.png,1,Right,No,46.9877,27.0,18.0,23,18,FALSE
wpi617338x618132w85,2024-12-10_15h36.22.916,Incongruent,P3.png,2,Left,Yes,70.4633,21.0,20.0,21,20,TRUE
wpi617338x618132w85,2024-12-10_15h36.22.916,Incongruent,P6.png,3,Left,No,88.6948,49.0,24.0,49,24,TRUE
wpi617338x618132w85,2024-12-10_15h36.22.916,Incongruent,P2.png,4,Left,Yes,164.3497,28.0,15.0,28,15,TRUE
wpi617338x618132w85,2024-12-10_15h36.22.916,Incongruent,P9.png,5,Right,Yes,43.6439,33.0,14.0,33,14,TRUE
wpi617338x618132w85,2024-12-10_15h36.22.916,Incongruent,P4.png,6,Left,No,48.3812,71.0,12.0,71,12,TRUE
wpi617338x618132w85,2024-12-10_15h36.22.916,Incongruent,P5.png,7,Left,No,31.7144,31.0,24.0,31,24,TRUE
wpi617338x618132w85,2024-12-10_15h36.22.916,Incongruent,P8.png,8,Right,Yes,27.8498,23.0,20.0,41,20,FALSE
wpi617338x618132w85,2024-12-10_15h36.22.916,Incongruent,P1.png,9,Left,Yes,27.248,31.0,20.0,31,20,TRUE
wpi617338x618132w85,2024-12-10_15h36.22.916,Incongruent,P10.png,10,Right,No,23.4151,43.0,12.0,43,12,TRUE
wpi617338x618132w85,2024-12-10_15h36.22.916,Incongruent,P12.png,11,Right,No,34.7485,81.0,56.0,51,28,FALSE
wpi617338x618132w85,2024-12-10_15h36.22.916,Incongruent,P7.png,12,Right,Yes,41.1481,67.0,9.0,67,9,TRUE
wpi617338x618132w85,2024-12-10_15h36.22.916,Incongruent,IC10.png,13,Right,No,34.8167,37.0,16.0,37,16,TRUE
wpi617338x618132w85,2024-12-10_15h36.22.916,Incongruent,IC12.png,14,Right,No,21.5144,141.0,24.0,73,12,FALSE
wpi617338x618132w85,2024-12-10_15h36.22.916,Incongruent,IC11.png,15,Right,No,28.3157,29.0,24.0,19,24,FALSE
wpi617338x618132w85,2024-12-10_15h36.22.916,Incongruent,IC3.png,16,Left,Yes,22.3412,23.0,9.0,89,36,FALSE
wpi617338x618132w85,2024-12-10_15h36.22.916,Incongruent,IC2.png,17,Left,Yes,23.4314,59.0,42.0,41,21,FALSE
wpi617338x618132w85,2024-12-10_15h36.22.916,Incongruent,IC8.png,18,Right,Yes,24.7484,29.0,14.0,25,21,FALSE
wpi617338x618132w85,2024-12-10_15h36.22.916,Incongruent,IC9.png,19,Right,Yes,28.5988,87.0,42.0,43,14,FALSE
wpi617338x618132w85,2024-12-10_15h36.22.916,Incongruent,IC4.png,20,Left,No,29.1647,49.0,16.0,49,16,TRUE
wpi617338x618132w85,2024-12-10_15h36.22.916,Incongruent,IC5.png,21,Left,No,23.0982,53.0,18.0,29,18,FALSE
wpi617338x618132w85,2024-12-10_15h36.22.916,Incongruent,IC6.png,22,Left,No,30.8885,139.0,30.0,37,30,FALSE
wpi617338x618132w85,2024-12-10_15h36.22.916,Incongruent,IC1.png,23,Left,Yes,36.0411,71.0,12.0,29,4,FALSE
wpi617338x618132w85,2024-12-10_15h36.22.916,Incongruent,IC7.png,24,Right,Yes,28.6481,19.0,10.0,19,10,TRUE
wpi617371297c74k795,2025-01-17_11h25.30.474,Incongruent,P2.png,1,Left,Yes,59.2271,26.0,23.0,28,15,FALSE
wpi617371297c74k795,2025-01-17_11h25.30.474,Incongruent,P6.png,2,Left,No,17.8244,16.0,14.0,49,24,FALSE
wpi617371297c74k795,2025-01-17_11h25.30.474,Incongruent,P7.png,3,Right,Yes,96.4998,472.0,54.0,67,9,FALSE
wpi617371297c74k795,2025-01-17_11h25.30.474,Incongruent,P4.png,4,Left,No,26.6387,36.0,18.0,71,12,FALSE
wpi617371297c74k795,2025-01-17_11h25.30.474,Incongruent,P3.png,5,Left,Yes,24.5699,13.0,19.0,21,20,FALSE
wpi617371297c74k795,2025-01-17_11h25.30.474,Incongruent,P11.png,6,Right,No,110.7963,444.0,54.0,23,18,FALSE
wpi617371297c74k795,2025-01-17_11h25.30.474,Incongruent,P12.png,7,Right,No,17.9529,13.0,13.0,51,28,FALSE
wpi617371297c74k795,2025-01-17_11h25.30.474,Incongruent,P8.png,8,Right,Yes,84.3987,65.0,22.0,41,20,FALSE
wpi617371297c74k795,2025-01-17_11h25.30.474,Incongruent,P1.png,9,Left,Yes,20.8353,19.0,30.0,31,20,FALSE
wpi617371297c74k795,2025-01-17_11h25.30.474,Incongruent,P10.png,10,Right,No,6.8296,34.0,78.0,43,12,FALSE
wpi617371297c74k795,2025-01-17_11h25.30.474,Incongruent,P9.png,11,Right,Yes,5.2713,78.0,87.0,33,14,FALSE
wpi617371297c74k795,2025-01-17_11h25.30.474,Incongruent,P5.png,12,Left,No,24.5988,14.0,20.0,31,24,FALSE
wpi617371297c74k795,2025-01-17_11h25.30.474,Incongruent,IC2.png,13,Left,Yes,25.9346,20.0,17.0,41,21,FALSE
wpi617371297c74k795,2025-01-17_11h25.30.474,Incongruent,IC4.png,14,Left,No,14.7217,28.0,24.0,49,16,FALSE
wpi617371297c74k795,2025-01-17_11h25.30.474,Incongruent,IC5.png,15,Left,No,13.8005,12.0,15.0,29,18,FALSE
wpi617371297c74k795,2025-01-17_11h25.30.474,Incongruent,IC9.png,16,Right,Yes,32.8812,14.0,42.0,43,14,FALSE
wpi617371297c74k795,2025-01-17_11h25.30.474,Incongruent,IC1.png,17,Left,Yes,15.6328,52.0,14.0,29,4,FALSE
wpi617371297c74k795,2025-01-17_11h25.30.474,Incongruent,IC3.png,18,Left,Yes,12.9541,41.0,22.0,89,36,FALSE
wpi617371297c74k795,2025-01-17_11h25.30.474,Incongruent,IC8.png,19,Right,Yes,32.5562,42.0,42.0,25,21,FALSE
wpi617371297c74k795,2025-01-17_11h25.30.474,Incongruent,IC11.png,20,Right,No,9.8461,65.0,78.0,19,24,FALSE
wpi617371297c74k795,2025-01-17_11h25.30.474,Incongruent,IC6.png,21,Left,No,13.5536,15.0,25.0,37,30,FALSE
wpi617371297c74k795,2025-01-17_11h25.30.474,Incongruent,IC7.png,22,Right,Yes,5.5059,76.0,42.0,19,10,FALSE
wpi617371297c74k795,2025-01-17_11h25.30.474,Incongruent,IC10.png,23,Right,No,4.8188,98.0,67.0,37,16,FALSE
wpi617371297c74k795,2025-01-17_11h25.30.474,Incongruent,IC12.png,24,Right,No,3.7778,87.0,98.0,73,12,FALSE
wpi6173730609q4x876,2025-01-19_12h20.14.618,Incongruent,P12.png,1,Right,No,47.1699,54.0,28.0,51,28,FALSE
wpi6173730609q4x876,2025-01-19_12h20.14.618,Incongruent,P9.png,2,Right,Yes,63.331,99.0,42.0,33,14,TRUE
wpi6173730609q4x876,2025-01-19_12h20.14.618,Incongruent,P11.png,3,Right,No,89.8604,69.0,54.0,23,18,TRUE
wpi6173730609q4x876,2025-01-19_12h20.14.618,Incongruent,P7.png,4,Right,Yes,31.1313,82.0,54.0,67,9,FALSE
wpi6173730609q4x876,2025-01-19_12h20.14.618,Incongruent,P3.png,5,Left,Yes,22.771,27.0,60.0,21,20,FALSE
wpi6173730609q4x876,2025-01-19_12h20.14.618,Incongruent,P1.png,6,Left,Yes,21.9608,31.0,20.0,31,20,TRUE
wpi6173730609q4x876,2025-01-19_12h20.14.618,Incongruent,P5.png,7,Left,No,69.2502,31.0,24.0,31,24,TRUE
wpi6173730609q4x876,2025-01-19_12h20.14.618,Incongruent,P8.png,8,Right,Yes,40.7691,82.0,40.0,41,20,TRUE
wpi6173730609q4x876,2025-01-19_12h20.14.618,Incongruent,P2.png,9,Left,Yes,89.3165,92.0,60.0,28,15,FALSE
wpi6173730609q4x876,2025-01-19_12h20.14.618,Incongruent,P10.png,10,Right,No,48.5048,43.0,12.0,43,12,TRUE
wpi6173730609q4x876,2025-01-19_12h20.14.618,Incongruent,P4.png,11,Left,No,22.2306,71.0,12.0,71,12,TRUE
wpi6173730609q4x876,2025-01-19_12h20.14.618,Incongruent,P6.png,12,Left,No,43.7637,49.0,24.0,49,24,TRUE
wpi6173730609q4x876,2025-01-19_12h20.14.618,Incongruent,IC12.png,13,Right,No,34.9668,146.0,24.0,73,12,TRUE
wpi6173730609q4x876,2025-01-19_12h20.14.618,Incongruent,IC9.png,14,Right,Yes,49.6312,129.0,42.0,43,14,TRUE
wpi6173730609q4x876,2025-01-19_12h20.14.618,Incongruent,IC1.png,15,Left,Yes,30.8356,85.0,12.0,29,4,FALSE
wpi6173730609q4x876,2025-01-19_12h20.14.618,Incongruent,IC8.png,16,Right,Yes,74.5115,50.0,42.0,25,21,TRUE
wpi6173730609q4x876,2025-01-19_12h20.14.618,Incongruent,IC11.png,17,Right,No,15.8979,19.0,24.0,19,24,TRUE
wpi6173730609q4x876,2025-01-19_12h20.14.618,Incongruent,IC3.png,18,Left,Yes,42.2245,89.0,36.0,89,36,TRUE
wpi6173730609q4x876,2025-01-19_12h20.14.618,Incongruent,IC5.png,19,Left,No,26.5987,29.0,18.0,29,18,TRUE
wpi6173730609q4x876,2025-01-19_12h20.14.618,Incongruent,IC4.png,20,Left,No,16.1172,49.0,16.0,49,16,TRUE
wpi6173730609q4x876,2025-01-19_12h20.14.618,Incongruent,IC2.png,21,Left,Yes,82.8295,82.0,42.0,41,21,TRUE
wpi6173730609q4x876,2025-01-19_12h20.14.618,Incongruent,IC7.png,22,Right,Yes,15.0709,38.0,20.0,19,10,TRUE
wpi6173730609q4x876,2025-01-19_12h20.14.618,Incongruent,IC6.png,23,Left,No,26.5094,45.0,30.0,37,30,FALSE
wpi6173730609q4x876,2025-01-19_12h20.14.618,Incongruent,IC10.png,24,Right,No,13.1801,37.0,16.0,37,16,TRUE
wpi61737e74876m2689,2025-01-24_17h02.33.214,Incongruent,P5.png,1,Left,No,72.895,83.0,24.0,31,24,FALSE
wpi61737e74876m2689,2025-01-24_17h02.33.214,Incongruent,P12.png,2,Right,No,112.0395,51.0,28.0,51,28,TRUE
wpi61737e74876m2689,2025-01-24_17h02.33.214,Incongruent,P10.png,3,Right,No,37.1592,41.0,12.0,43,12,FALSE
wpi61737e74876m2689,2025-01-24_17h02.33.214,Incongruent,P9.png,4,Right,Yes,51.9487,54.0,21.0,33,14,FALSE
wpi61737e74876m2689,2025-01-24_17h02.33.214,Incongruent,P11.png,5,Right,No,34.7725,23.0,18.0,23,18,TRUE
wpi61737e74876m2689,2025-01-24_17h02.33.214,Incongruent,P6.png,6,Left,No,141.1072,49.0,24.0,49,24,TRUE
wpi61737e74876m2689,2025-01-24_17h02.33.214,Incongruent,P8.png,7,Right,Yes,25.4135,41.0,20.0,41,20,TRUE
wpi61737e74876m2689,2025-01-24_17h02.33.214,Incongruent,P3.png,8,Left,Yes,65.484,63.0,60.0,21,20,TRUE
wpi61737e74876m2689,2025-01-24_17h02.33.214,Incongruent,P1.png,9,Left,Yes,28.7708,31.0,20.0,31,20,TRUE
wpi61737e74876m2689,2025-01-24_17h02.33.214,Incongruent,P7.png,10,Right,Yes,49.2581,134.0,18.0,67,9,TRUE
wpi61737e74876m2689,2025-01-24_17h02.33.214,Incongruent,P4.png,11,Left,No,51.1478,71.0,12.0,71,12,TRUE
wpi61737e74876m2689,2025-01-24_17h02.33.214,Incongruent,P2.png,12,Left,Yes,36.2834,4.0,5.0,28,15,FALSE
wpi61737e74876m2689,2025-01-24_17h02.33.214,Incongruent,IC2.png,13,Left,Yes,88.5513,18.0,21.0,41,21,FALSE
wpi61737e74876m2689,2025-01-24_17h02.33.214,Incongruent,IC3.png,14,Left,Yes,72.9112,89.0,36.0,89,36,TRUE
wpi61737e74876m2689,2025-01-24_17h02.33.214,Incongruent,IC11.png,15,Right,No,70.1669,19.0,24.0,19,24,TRUE
wpi61737e74876m2689,2025-01-24_17h02.33.214,Incongruent,IC6.png,16,Left,No,29.3572,37.0,30.0,37,30,TRUE
wpi61737e74876m2689,2025-01-24_17h02.33.214,Incongruent,IC10.png,17,Right,No,104.6374,37.0,16.0,37,16,TRUE
wpi61737e74876m2689,2025-01-24_17h02.33.214,Incongruent,IC4.png,18,Left,No,21.8484,49.0,16.0,49,16,TRUE
wpi61737e74876m2689,2025-01-24_17h02.33.214,Incongruent,IC7.png,19,Right,Yes,48.3984,38.0,20.0,19,10,TRUE
wpi61737e74876m2689,2025-01-24_17h02.33.214,Incongruent,IC1.png,20,Left,Yes,36.0596,87.0,12.0,29,4,TRUE
wpi61737e74876m2689,2025-01-24_17h02.33.214,Incongruent,IC8.png,21,Right,Yes,59.4317,25.0,21.0,25,21,TRUE
wpi61737e74876m2689,2025-01-24_17h02.33.214,Incongruent,IC9.png,22,Right,Yes,36.2105,10.0,7.0,43,14,FALSE
wpi61737e74876m2689,2025-01-24_17h02.33.214,Incongruent,IC12.png,23,Right,No,60.4978,73.0,12.0,73,12,TRUE
wpi61737e74876m2689,2025-01-24_17h02.33.214,Incongruent,IC5.png,24,Left,No,30.3442,29.0,18.0,29,18,TRUE
wpi6173838737tl8734,2025-02-01_00h39.14.234,Incongruent,P10.png,1,Right,No,21.4203,43.0,12.0,43,12,TRUE
wpi6173838737tl8734,2025-02-01_00h39.14.234,Incongruent,P2.png,2,Left,Yes,29.1853,92.0,60.0,28,15,FALSE
wpi6173838737tl8734,2025-02-01_00h39.14.234,Incongruent,P11.png,3,Right,No,37.3339,69.0,54.0,23,18,TRUE
wpi6173838737tl8734,2025-02-01_00h39.14.234,Incongruent,P4.png,4,Left,No,14.993,71.0,12.0,71,12,TRUE
wpi6173838737tl8734,2025-02-01_00h39.14.234,Incongruent,P3.png,5,Left,Yes,23.7152,63.0,60.0,21,20,TRUE
wpi6173838737tl8734,2025-02-01_00h39.14.234,Incongruent,P12.png,6,Right,No,18.8226,51.0,28.0,51,28,TRUE
wpi6173838737tl8734,2025-02-01_00h39.14.234,Incongruent,P1.png,7,Left,Yes,13.7439,31.0,20.0,31,20,TRUE
wpi6173838737tl8734,2025-02-01_00h39.14.234,Incongruent,P9.png,8,Right,Yes,26.5172,99.0,42.0,33,14,TRUE
wpi6173838737tl8734,2025-02-01_00h39.14.234,Incongruent,P7.png,9,Right,Yes,21.1559,402.0,54.0,67,9,TRUE
wpi6173838737tl8734,2025-02-01_00h39.14.234,Incongruent,P6.png,10,Left,No,24.4264,49.0,24.0,49,24,TRUE
wpi6173838737tl8734,2025-02-01_00h39.14.234,Incongruent,P5.png,11,Left,No,19.281,31.0,24.0,31,24,TRUE
wpi6173838737tl8734,2025-02-01_00h39.14.234,Incongruent,P8.png,12,Right,Yes,15.6948,41.0,20.0,41,20,TRUE
wpi6173838737tl8734,2025-02-01_00h39.14.234,Incongruent,IC6.png,13,Left,No,22.0844,37.0,30.0,37,30,TRUE
wpi6173838737tl8734,2025-02-01_00h39.14.234,Incongruent,IC8.png,14,Right,Yes,34.7543,48.0,42.0,25,21,FALSE
wpi6173838737tl8734,2025-02-01_00h39.14.234,Incongruent,IC11.png,15,Right,No,14.3219,19.0,24.0,19,24,TRUE
wpi6173838737tl8734,2025-02-01_00h39.14.234,Incongruent,IC7.png,16,Right,Yes,10.7902,38.0,20.0,19,10,TRUE
wpi6173838737tl8734,2025-02-01_00h39.14.234,Incongruent,IC10.png,17,Right,No,11.9105,37.0,16.0,37,16,TRUE
wpi6173838737tl8734,2025-02-01_00h39.14.234,Incongruent,IC12.png,18,Right,No,13.4681,73.0,12.0,73,12,TRUE
wpi6173838737tl8734,2025-02-01_00h39.14.234,Incongruent,IC9.png,19,Right,Yes,18.617,129.0,42.0,43,14,TRUE
wpi6173838737tl8734,2025-02-01_00h39.14.234,Incongruent,IC4.png,20,Left,No,10.7947,49.0,16.0,49,16,TRUE
wpi6173838737tl8734,2025-02-01_00h39.14.234,Incongruent,IC5.png,21,Left,No,16.8168,29.0,18.0,29,18,TRUE
wpi6173838737tl8734,2025-02-01_00h39.14.234,Incongruent,IC2.png,22,Left,Yes,27.9075,78.0,42.0,41,21,FALSE
wpi6173838737tl8734,2025-02-01_00h39.14.234,Incongruent,IC1.png,23,Left,Yes,14.844,87.0,12.0,29,4,TRUE
wpi6173838737tl8734,2025-02-01_00h39.14.234,Incongruent,IC3.png,24,Left,Yes,29.5557,89.0,36.0,89,36,TRUE
wpi61738b721104t176,2025-02-04_21h24.50.812,Congruent,P9.png,1,Right,Yes,38.1584,64.0,21.0,33,14,FALSE
wpi61738b721104t176,2025-02-04_21h24.50.812,Congruent,P10.png,2,Right,No,16.6153,55.0,12.0,43,12,FALSE
wpi61738b721104t176,2025-02-04_21h24.50.812,Congruent,P5.png,3,Left,No,26.9155,31.0,24.0,31,24,TRUE
wpi61738b721104t176,2025-02-04_21h24.50.812,Congruent,P11.png,4,Right,No,17.517,20.0,18.0,23,18,FALSE
wpi61738b721104t176,2025-02-04_21h24.50.812,Congruent,P1.png,5,Left,Yes,18.1488,31.0,20.0,31,20,TRUE
wpi61738b721104t176,2025-02-04_21h24.50.812,Congruent,P3.png,6,Left,Yes,48.3339,30.0,30.0,21,20,FALSE
wpi61738b721104t176,2025-02-04_21h24.50.812,Congruent,P6.png,7,Left,No,32.0827,49.0,24.0,49,24,TRUE
wpi61738b721104t176,2025-02-04_21h24.50.812,Congruent,P4.png,8,Left,No,19.4172,71.0,12.0,71,12,TRUE
wpi61738b721104t176,2025-02-04_21h24.50.812,Congruent,P12.png,9,Right,No,40.6823,123.0,56.0,51,28,FALSE
wpi61738b721104t176,2025-02-04_21h24.50.812,Congruent,P7.png,10,Right,Yes,82.7021,446.0,54.0,67,9,FALSE
wpi61738b721104t176,2025-02-04_21h24.50.812,Congruent,P2.png,11,Left,Yes,52.083,246.0,60.0,28,15,FALSE
wpi61738b721104t176,2025-02-04_21h24.50.812,Congruent,P8.png,12,Right,Yes,30.9828,87.0,40.0,41,20,FALSE
wpi61738b721104t176,2025-02-04_21h24.50.812,Congruent,CC4.png,13,Left,No,23.4276,49.0,26.0,49,16,FALSE
wpi61738b721104t176,2025-02-04_21h24.50.812,Congruent,CC10.png,14,Right,No,19.9155,81.0,32.0,37,16,FALSE
wpi61738b721104t176,2025-02-04_21h24.50.812,Congruent,CC9.png,15,Right,Yes,31.1336,92.0,42.0,43,14,FALSE
wpi61738b721104t176,2025-02-04_21h24.50.812,Congruent,CC11.png,16,Right,No,13.4498,24.0,24.0,19,24,FALSE
wpi61738b721104t176,2025-02-04_21h24.50.812,Congruent,CC1.png,17,Left,Yes,36.7169,77.0,12.0,29,4,FALSE
wpi61738b721104t176,2025-02-04_21h24.50.812,Congruent,CC5.png,18,Left,No,23.9502,29.0,18.0,29,18,TRUE
wpi61738b721104t176,2025-02-04_21h24.50.812,Congruent,CC2.png,19,Left,Yes,60.1342,21.0,42.0,41,21,FALSE
wpi61738b721104t176,2025-02-04_21h24.50.812,Congruent,CC6.png,20,Left,No,18.7135,45.0,30.0,37,30,FALSE
wpi61738b721104t176,2025-02-04_21h24.50.812,Congruent,CC8.png,21,Right,Yes,23.1331,57.0,42.0,25,21,FALSE
wpi61738b721104t176,2025-02-04_21h24.50.812,Congruent,CC3.png,22,Left,Yes,60.0837,178.0,76.0,89,36,FALSE
wpi61738b721104t176,2025-02-04_21h24.50.812,Congruent,CC7.png,23,Right,Yes,23.1661,69.0,40.0,19,10,FALSE
wpi61738b721104t176,2025-02-04_21h24.50.812,Congruent,CC12.png,24,Right,No,14.9492,75.0,12.0,73,12,FALSE
wpi61738hs860820486,2025-02-06_12h14.16.004,Incongruent,P8.png,1,Right,Yes,50.8431,19.0,14.0,41,20,FALSE
wpi61738hs860820486,2025-02-06_12h14.16.004,Incongruent,P2.png,2,Left,Yes,20.1179,16.0,20.0,28,15,FALSE
wpi61738hs860820486,2025-02-06_12h14.16.004,Incongruent,P11.png,3,Right,No,49.2495,69.0,54.0,23,18,TRUE
wpi61738hs860820486,2025-02-06_12h14.16.004,Incongruent,P4.png,4,Left,No,38.8253,35.0,6.0,71,12,FALSE
wpi61738hs860820486,2025-02-06_12h14.16.004,Incongruent,P10.png,5,Right,No,41.452,43.0,12.0,43,12,TRUE
wpi61738hs860820486,2025-02-06_12h14.16.004,Incongruent,P12.png,6,Right,No,9.7255,15.0,14.0,51,28,FALSE
wpi61738hs860820486,2025-02-06_12h14.16.004,Incongruent,P1.png,7,Left,Yes,25.7506,31.0,20.0,31,20,TRUE
wpi61738hs860820486,2025-02-06_12h14.16.004,Incongruent,P9.png,8,Right,Yes,22.3697,18.0,21.0,33,14,FALSE
wpi61738hs860820486,2025-02-06_12h14.16.004,Incongruent,P5.png,9,Left,No,12.173,5.0,12.0,31,24,FALSE
wpi61738hs860820486,2025-02-06_12h14.16.004,Incongruent,P7.png,10,Right,Yes,55.8157,402.0,54.0,67,9,TRUE
wpi61738hs860820486,2025-02-06_12h14.16.004,Incongruent,P6.png,11,Left,No,10.971,15.0,8.0,49,24,FALSE
wpi61738hs860820486,2025-02-06_12h14.16.004,Incongruent,P3.png,12,Left,Yes,17.5209,12.0,15.0,21,20,FALSE
wpi61738hs860820486,2025-02-06_12h14.16.004,Incongruent,IC9.png,13,Right,Yes,33.9532,12.0,21.0,43,14,FALSE
wpi61738hs860820486,2025-02-06_12h14.16.004,Incongruent,IC1.png,14,Left,Yes,27.8969,87.0,12.0,29,4,TRUE
wpi61738hs860820486,2025-02-06_12h14.16.004,Incongruent,IC2.png,15,Left,Yes,7.9285,18.0,14.0,41,21,FALSE
wpi61738hs860820486,2025-02-06_12h14.16.004,Incongruent,IC12.png,16,Right,No,38.823,73.0,12.0,73,12,TRUE
wpi61738hs860820486,2025-02-06_12h14.16.004,Incongruent,IC7.png,17,Right,Yes,12.1851,28.0,20.0,19,10,FALSE
wpi61738hs860820486,2025-02-06_12h14.16.004,Incongruent,IC10.png,18,Right,No,18.8427,37.0,16.0,37,16,TRUE
wpi61738hs860820486,2025-02-06_12h14.16.004,Incongruent,IC11.png,19,Right,No,11.3436,3.0,8.0,19,24,FALSE
wpi61738hs860820486,2025-02-06_12h14.16.004,Incongruent,IC8.png,20,Right,Yes,17.5407,12.0,14.0,25,21,FALSE
wpi61738hs860820486,2025-02-06_12h14.16.004,Incongruent,IC4.png,21,Left,No,19.6955,49.0,16.0,49,16,TRUE
wpi61738hs860820486,2025-02-06_12h14.16.004,Incongruent,IC6.png,22,Left,No,31.8453,37.0,30.0,37,30,TRUE
wpi61738hs860820486,2025-02-06_12h14.16.004,Incongruent,IC3.png,23,Left,Yes,11.8736,40.0,18.0,89,36,FALSE
wpi61738hs860820486,2025-02-06_12h14.16.004,Incongruent,IC5.png,24,Left,No,30.7958,87.0,54.0,29,18,TRUE
wpi617396q4267631u4,2025-02-15_13h20.56.704,Congruent,P7.png,1,Right,Yes,39.9603,134.0,18.0,67,9,TRUE
wpi617396q4267631u4,2025-02-15_13h20.56.704,Congruent,P11.png,2,Right,No,17.7267,23.0,18.0,23,18,TRUE
wpi617396q4267631u4,2025-02-15_13h20.56.704,Congruent,P1.png,3,Left,Yes,24.0111,31.0,20.0,31,20,TRUE
wpi617396q4267631u4,2025-02-15_13h20.56.704,Congruent,P10.png,4,Right,No,20.8704,43.0,12.0,43,12,TRUE
wpi617396q4267631u4,2025-02-15_13h20.56.704,Congruent,P8.png,5,Right,Yes,15.9576,41.0,20.0,41,20,TRUE
wpi617396q4267631u4,2025-02-15_13h20.56.704,Congruent,P3.png,6,Left,Yes,63.0411,61.0,60.0,21,20,FALSE
wpi617396q4267631u4,2025-02-15_13h20.56.704,Congruent,P5.png,7,Left,No,14.7954,31.0,24.0,31,24,TRUE
wpi617396q4267631u4,2025-02-15_13h20.56.704,Congruent,P9.png,8,Right,Yes,51.8758,99.0,42.0,33,14,TRUE
wpi617396q4267631u4,2025-02-15_13h20.56.704,Congruent,P12.png,9,Right,No,26.485,51.0,28.0,51,28,TRUE
wpi617396q4267631u4,2025-02-15_13h20.56.704,Congruent,P6.png,10,Left,No,16.3802,39.0,24.0,49,24,FALSE
wpi617396q4267631u4,2025-02-15_13h20.56.704,Congruent,P4.png,11,Left,No,10.1879,71.0,12.0,71,12,TRUE
wpi617396q4267631u4,2025-02-15_13h20.56.704,Congruent,P2.png,12,Left,Yes,41.6213,112.0,60.0,28,15,TRUE
wpi617396q4267631u4,2025-02-15_13h20.56.704,Congruent,CC6.png,13,Left,No,18.8964,37.0,30.0,37,30,TRUE
wpi617396q4267631u4,2025-02-15_13h20.56.704,Congruent,CC3.png,14,Left,Yes,19.0225,89.0,36.0,89,36,TRUE
wpi617396q4267631u4,2025-02-15_13h20.56.704,Congruent,CC1.png,15,Left,Yes,22.6476,87.0,12.0,29,4,TRUE
wpi617396q4267631u4,2025-02-15_13h20.56.704,Congruent,CC5.png,16,Left,No,14.2312,29.0,18.0,29,18,TRUE
wpi617396q4267631u4,2025-02-15_13h20.56.704,Congruent,CC8.png,17,Right,Yes,22.3446,18.0,36.0,25,21,FALSE
wpi617396q4267631u4,2025-02-15_13h20.56.704,Congruent,CC2.png,18,Left,Yes,44.3683,82.0,42.0,41,21,TRUE
wpi617396q4267631u4,2025-02-15_13h20.56.704,Congruent,CC10.png,19,Right,No,8.9292,37.0,16.0,37,16,TRUE
wpi617396q4267631u4,2025-02-15_13h20.56.704,Congruent,CC12.png,20,Right,No,21.2613,73.0,12.0,73,12,TRUE
wpi617396q4267631u4,2025-02-15_13h20.56.704,Congruent,CC4.png,21,Left,No,11.2496,49.0,16.0,49,16,TRUE
wpi617396q4267631u4,2025-02-15_13h20.56.704,Congruent,CC11.png,22,Right,No,14.463,19.0,24.0,19,24,TRUE
wpi617396q4267631u4,2025-02-15_13h20.56.704,Congruent,CC9.png,23,Right,Yes,29.2458,117.0,42.0,43,14,FALSE
wpi617396q4267631u4,2025-02-15_13h20.56.704,Congruent,CC7.png,24,Right,Yes,11.8039,38.0,20.0,19,10,TRUE
wpi6173g35w09397341,2024-12-06_13h40.15.764,Congruent,P11.png,1,Right,No,94.3431,65.0,54.0,23,18,FALSE
wpi6173g35w09397341,2024-12-06_13h40.15.764,Congruent,P6.png,2,Left,No,68.6259,98.0,48.0,49,24,TRUE
wpi6173g35w09397341,2024-12-06_13h40.15.764,Congruent,P5.png,3,Left,No,23.9812,31.0,24.0,31,24,TRUE
wpi6173g35w09397341,2024-12-06_13h40.15.764,Congruent,P12.png,4,Right,No,40.5098,51.0,28.0,51,28,TRUE
wpi6173g35w09397341,2024-12-06_13h40.15.764,Congruent,P2.png,5,Left,Yes,67.353,92.0,60.0,28,15,FALSE
wpi6173g35w09397341,2024-12-06_13h40.15.764,Congruent,P9.png,6,Right,Yes,54.8127,99.0,42.0,33,14,TRUE
wpi6173g35w09397341,2024-12-06_13h40.15.764,Congruent,P10.png,7,Right,No,51.5437,43.0,12.0,43,12,TRUE
wpi6173g35w09397341,2024-12-06_13h40.15.764,Congruent,P8.png,8,Right,Yes,95.2013,41.0,10.0,41,20,FALSE
wpi6173g35w09397341,2024-12-06_13h40.15.764,Congruent,P1.png,9,Left,Yes,36.7667,31.0,20.0,31,20,TRUE
wpi6173g35w09397341,2024-12-06_13h40.15.764,Congruent,P4.png,10,Left,No,16.6644,71.0,12.0,71,12,TRUE
wpi6173g35w09397341,2024-12-06_13h40.15.764,Congruent,P3.png,11,Left,Yes,101.161,63.0,60.0,21,20,TRUE
wpi6173g35w09397341,2024-12-06_13h40.15.764,Congruent,P7.png,12,Right,Yes,33.0439,134.0,18.0,67,9,TRUE
wpi6173g35w09397341,2024-12-06_13h40.15.764,Congruent,CC4.png,13,Left,No,32.3157,49.0,16.0,49,16,TRUE
wpi6173g35w09397341,2024-12-06_13h40.15.764,Congruent,CC3.png,14,Left,Yes,37.9207,89.0,36.0,89,36,TRUE
wpi6173g35w09397341,2024-12-06_13h40.15.764,Congruent,CC8.png,15,Right,Yes,110.2956,50.0,42.0,25,21,TRUE
wpi6173g35w09397341,2024-12-06_13h40.15.764,Congruent,CC9.png,16,Right,Yes,52.7526,129.0,42.0,43,14,TRUE
wpi6173g35w09397341,2024-12-06_13h40.15.764,Congruent,CC2.png,17,Left,Yes,115.5262,82.0,42.0,41,21,TRUE
wpi6173g35w09397341,2024-12-06_13h40.15.764,Congruent,CC10.png,18,Right,No,40.3786,37.0,16.0,37,16,TRUE
wpi6173g35w09397341,2024-12-06_13h40.15.764,Congruent,CC5.png,19,Left,No,21.56,29.0,18.0,29,18,TRUE
wpi6173g35w09397341,2024-12-06_13h40.15.764,Congruent,CC11.png,20,Right,No,38.3046,19.0,24.0,19,24,TRUE
wpi6173g35w09397341,2024-12-06_13h40.15.764,Congruent,CC12.png,21,Right,No,20.4297,73.0,12.0,73,12,TRUE
wpi6173g35w09397341,2024-12-06_13h40.15.764,Congruent,CC1.png,22,Left,Yes,26.1067,87.0,12.0,29,4,TRUE
wpi6173g35w09397341,2024-12-06_13h40.15.764,Congruent,CC6.png,23,Left,No,45.381,37.0,30.0,37,30,TRUE
wpi6173g35w09397341,2024-12-06_13h40.15.764,Congruent,CC7.png,24,Right,Yes,15.2042,38.0,20.0,19,10,TRUE
wpi6173l993m3129573,2025-02-18_21h58.15.615,Congruent,P1.png,1,Left,Yes,12.0471,21.0,20.0,31,20,FALSE
wpi6173l993m3129573,2025-02-18_21h58.15.615,Congruent,P7.png,2,Right,Yes,16.7588,67.0,9.0,67,9,TRUE
wpi6173l993m3129573,2025-02-18_21h58.15.615,Congruent,P12.png,3,Right,No,55.7029,102.0,56.0,51,28,TRUE
wpi6173l993m3129573,2025-02-18_21h58.15.615,Congruent,P6.png,4,Left,No,27.8856,98.0,48.0,49,24,TRUE
wpi6173l993m3129573,2025-02-18_21h58.15.615,Congruent,P11.png,5,Right,No,25.7654,23.0,18.0,23,18,TRUE
wpi6173l993m3129573,2025-02-18_21h58.15.615,Congruent,P2.png,6,Left,Yes,20.0802,28.0,15.0,28,15,TRUE
wpi6173l993m3129573,2025-02-18_21h58.15.615,Congruent,P8.png,7,Right,Yes,18.6984,41.0,20.0,41,20,TRUE
wpi6173l993m3129573,2025-02-18_21h58.15.615,Congruent,P10.png,8,Right,No,14.8602,43.0,12.0,43,12,TRUE
wpi6173l993m3129573,2025-02-18_21h58.15.615,Congruent,P4.png,9,Left,No,14.5196,71.0,12.0,71,12,TRUE
wpi6173l993m3129573,2025-02-18_21h58.15.615,Congruent,P5.png,10,Left,No,17.9237,31.0,24.0,31,24,TRUE
wpi6173l993m3129573,2025-02-18_21h58.15.615,Congruent,P3.png,11,Left,Yes,16.1944,21.0,20.0,21,20,TRUE
wpi6173l993m3129573,2025-02-18_21h58.15.615,Congruent,P9.png,12,Right,Yes,15.4965,33.0,14.0,33,14,TRUE
wpi6173l993m3129573,2025-02-18_21h58.15.615,Congruent,CC6.png,13,Left,No,16.3026,37.0,30.0,37,30,TRUE
wpi6173l993m3129573,2025-02-18_21h58.15.615,Congruent,CC8.png,14,Right,Yes,17.8568,25.0,21.0,25,21,TRUE
wpi6173l993m3129573,2025-02-18_21h58.15.615,Congruent,CC5.png,15,Left,No,13.0247,4.0,3.0,29,18,FALSE
wpi6173l993m3129573,2025-02-18_21h58.15.615,Congruent,CC7.png,16,Right,Yes,14.6472,19.0,10.0,19,10,TRUE
wpi6173l993m3129573,2025-02-18_21h58.15.615,Congruent,CC12.png,17,Right,No,13.1307,73.0,12.0,73,12,TRUE
wpi6173l993m3129573,2025-02-18_21h58.15.615,Congruent,CC9.png,18,Right,Yes,14.2801,43.0,14.0,43,14,TRUE
wpi6173l993m3129573,2025-02-18_21h58.15.615,Congruent,CC1.png,19,Left,Yes,12.5834,29.0,4.0,29,4,TRUE
wpi6173l993m3129573,2025-02-18_21h58.15.615,Congruent,CC4.png,20,Left,No,15.3815,49.0,16.0,49,16,TRUE
wpi6173l993m3129573,2025-02-18_21h58.15.615,Congruent,CC2.png,21,Left,Yes,12.6662,41.0,21.0,41,21,TRUE
wpi6173l993m3129573,2025-02-18_21h58.15.615,Congruent,CC11.png,22,Right,No,12.8286,19.0,24.0,19,24,TRUE
wpi6173l993m3129573,2025-02-18_21h58.15.615,Congruent,CC3.png,23,Left,Yes,13.1985,89.0,36.0,89,36,TRUE
wpi6173l993m3129573,2025-02-18_21h58.15.615,Congruent,CC10.png,24,Right,No,14.2798,37.0,16.0,37,16,TRUE
wpi6173o073186z1469,2024-11-04_10h13.24.456,Incongruent,P2.png,1,Left,Yes,27.421,26.0,23.0,28,15,FALSE
wpi6173o073186z1469,2024-11-04_10h13.24.456,Incongruent,P4.png,2,Left,No,22.751,73.0,12.0,71,12,FALSE
wpi6173o073186z1469,2024-11-04_10h13.24.456,Incongruent,P3.png,3,Left,Yes,24.196,11.0,30.0,21,20,FALSE
wpi6173o073186z1469,2024-11-04_10h13.24.456,Incongruent,P1.png,4,Left,Yes,25.366,32.0,20.0,31,20,FALSE
wpi6173o073186z1469,2024-11-04_10h13.24.456,Incongruent,P12.png,5,Right,No,45.443,123.0,56.0,51,28,FALSE
wpi6173o073186z1469,2024-11-04_10h13.24.456,Incongruent,P10.png,6,Right,No,11.558,40.0,16.0,43,12,FALSE
wpi6173o073186z1469,2024-11-04_10h13.24.456,Incongruent,P8.png,7,Right,Yes,23.31,33.0,20.0,41,20,FALSE
wpi6173o073186z1469,2024-11-04_10h13.24.456,Incongruent,P11.png,8,Right,No,29.719,67.0,154.0,23,18,FALSE
wpi6173o073186z1469,2024-11-04_10h13.24.456,Incongruent,P5.png,9,Left,No,35.095,54.0,24.0,31,24,FALSE
wpi6173o073186z1469,2024-11-04_10h13.24.456,Incongruent,P9.png,10,Right,Yes,45.092,288.0,42.0,33,14,FALSE
wpi6173o073186z1469,2024-11-04_10h13.24.456,Incongruent,P6.png,11,Left,No,31.016,45.0,12.0,49,24,FALSE
wpi6173o073186z1469,2024-11-04_10h13.24.456,Incongruent,P7.png,12,Right,Yes,28.315,67.0,34.0,67,9,FALSE
wpi6173o073186z1469,2024-11-04_10h13.24.456,Incongruent,IC2.png,13,Left,Yes,26.394,34.0,28.0,41,21,FALSE
wpi6173o073186z1469,2024-11-04_10h13.24.456,Incongruent,IC4.png,14,Left,No,14.716,49.0,16.0,49,16,TRUE
wpi6173o073186z1469,2024-11-04_10h13.24.456,Incongruent,IC6.png,15,Left,No,17.732,29.0,30.0,37,30,FALSE
wpi6173o073186z1469,2024-11-04_10h13.24.456,Incongruent,IC9.png,16,Right,Yes,17.487,156.0,42.0,43,14,FALSE
wpi6173o073186z1469,2024-11-04_10h13.24.456,Incongruent,IC3.png,17,Left,Yes,27.875,50.0,40.0,89,36,FALSE
wpi6173o073186z1469,2024-11-04_10h13.24.456,Incongruent,IC7.png,18,Right,Yes,11.276,10.0,10.0,19,10,FALSE
wpi6173o073186z1469,2024-11-04_10h13.24.456,Incongruent,IC1.png,19,Left,Yes,21.67,29.0,4.0,29,4,TRUE
wpi6173o073186z1469,2024-11-04_10h13.24.456,Incongruent,IC8.png,20,Right,Yes,13.255,8.0,7.0,25,21,FALSE
wpi6173o073186z1469,2024-11-04_10h13.24.456,Incongruent,IC10.png,21,Right,No,10.499,37.0,16.0,37,16,TRUE
wpi6173o073186z1469,2024-11-04_10h13.24.456,Incongruent,IC11.png,22,Right,No,22.811,19.0,24.0,19,24,TRUE
wpi6173o073186z1469,2024-11-04_10h13.24.456,Incongruent,IC5.png,23,Left,No,18.729,37.0,59.0,29,18,FALSE
wpi6173o073186z1469,2024-11-04_10h13.24.456,Incongruent,IC12.png,24,Right,No,28.316,73.0,12.0,73,12,TRUE
wpi6173p89053d86846,2025-02-07_00h33.03.405,Incongruent,P8.png,1,Right,Yes,31.7527,87.0,40.0,41,20,FALSE
wpi6173p89053d86846,2025-02-07_00h33.03.405,Incongruent,P10.png,2,Right,No,35.1421,43.0,12.0,43,12,TRUE
wpi6173p89053d86846,2025-02-07_00h33.03.405,Incongruent,P9.png,3,Right,Yes,44.5063,33.0,14.0,33,14,TRUE
wpi6173p89053d86846,2025-02-07_00h33.03.405,Incongruent,P6.png,4,Left,No,85.4622,49.0,24.0,49,24,TRUE
wpi6173p89053d86846,2025-02-07_00h33.03.405,Incongruent,P11.png,5,Right,No,24.954,23.0,18.0,23,18,TRUE
wpi6173p89053d86846,2025-02-07_00h33.03.405,Incongruent,P7.png,6,Right,Yes,30.9987,67.0,9.0,67,9,TRUE
wpi6173p89053d86846,2025-02-07_00h33.03.405,Incongruent,P3.png,7,Left,Yes,19.7369,21.0,20.0,21,20,TRUE
wpi6173p89053d86846,2025-02-07_00h33.03.405,Incongruent,P5.png,8,Left,No,21.767,31.0,24.0,31,24,TRUE
wpi6173p89053d86846,2025-02-07_00h33.03.405,Incongruent,P1.png,9,Left,Yes,17.7353,31.0,20.0,31,20,TRUE
wpi6173p89053d86846,2025-02-07_00h33.03.405,Incongruent,P12.png,10,Right,No,24.6066,51.0,28.0,51,28,TRUE
wpi6173p89053d86846,2025-02-07_00h33.03.405,Incongruent,P4.png,11,Left,No,17.3313,71.0,12.0,71,12,TRUE
wpi6173p89053d86846,2025-02-07_00h33.03.405,Incongruent,P2.png,12,Left,Yes,19.6266,28.0,15.0,28,15,TRUE
wpi6173p89053d86846,2025-02-07_00h33.03.405,Incongruent,IC10.png,13,Right,No,29.2894,37.0,16.0,37,16,TRUE
wpi6173p89053d86846,2025-02-07_00h33.03.405,Incongruent,IC9.png,14,Right,Yes,27.2066,43.0,14.0,43,14,TRUE
wpi6173p89053d86846,2025-02-07_00h33.03.405,Incongruent,IC6.png,15,Left,No,75.8945,37.0,30.0,37,30,TRUE
wpi6173p89053d86846,2025-02-07_00h33.03.405,Incongruent,IC2.png,16,Left,Yes,38.737,41.0,21.0,41,21,TRUE
wpi6173p89053d86846,2025-02-07_00h33.03.405,Incongruent,IC4.png,17,Left,No,20.2195,49.0,16.0,49,16,TRUE
wpi6173p89053d86846,2025-02-07_00h33.03.405,Incongruent,IC7.png,18,Right,Yes,17.2888,19.0,10.0,19,10,TRUE
wpi6173p89053d86846,2025-02-07_00h33.03.405,Incongruent,IC1.png,19,Left,Yes,17.8482,29.0,4.0,29,4,TRUE
wpi6173p89053d86846,2025-02-07_00h33.03.405,Incongruent,IC11.png,20,Right,No,19.4197,19.0,24.0,19,24,TRUE
wpi6173p89053d86846,2025-02-07_00h33.03.405,Incongruent,IC3.png,21,Left,Yes,44.0457,89.0,36.0,89,36,TRUE
wpi6173p89053d86846,2025-02-07_00h33.03.405,Incongruent,IC12.png,22,Right,No,14.569,73.0,12.0,73,12,TRUE
wpi6173p89053d86846,2025-02-07_00h33.03.405,Incongruent,IC5.png,23,Left,No,21.9923,29.0,18.0,29,18,TRUE
wpi6173p89053d86846,2025-02-07_00h33.03.405,Incongruent,IC8.png,24,Right,Yes,19.7793,25.0,21.0,25,21,TRUE
wpi6173v344849k3973,2024-12-05_20h46.54.514,Congruent,P6.png,1,Left,No,27.2348,42.0,12.0,49,24,FALSE
wpi6173v344849k3973,2024-12-05_20h46.54.514,Congruent,P4.png,2,Left,No,16.1645,63.0,12.0,71,12,FALSE
wpi6173v344849k3973,2024-12-05_20h46.54.514,Congruent,P5.png,3,Left,No,40.4052,85.0,24.0,31,24,FALSE
wpi6173v344849k3973,2024-12-05_20h46.54.514,Congruent,P1.png,4,Left,Yes,20.7963,53.0,20.0,31,20,FALSE
wpi6173v344849k3973,2024-12-05_20h46.54.514,Congruent,P8.png,5,Right,Yes,20.6077,60.0,20.0,41,20,FALSE
wpi6173v344849k3973,2024-12-05_20h46.54.514,Congruent,P11.png,6,Right,No,26.0798,19.0,18.0,23,18,FALSE
wpi6173v344849k3973,2024-12-05_20h46.54.514,Congruent,P12.png,7,Right,No,49.8905,123.0,36.0,51,28,FALSE
wpi6173v344849k3973,2024-12-05_20h46.54.514,Congruent,P10.png,8,Right,No,15.2162,55.0,12.0,43,12,FALSE
wpi6173v344849k3973,2024-12-05_20h46.54.514,Congruent,P9.png,9,Right,Yes,30.9914,78.0,42.0,33,14,FALSE
wpi6173v344849k3973,2024-12-05_20h46.54.514,Congruent,P3.png,10,Left,Yes,48.131100000000004,58.0,60.0,21,20,FALSE
wpi6173v344849k3973,2024-12-05_20h46.54.514,Congruent,P7.png,11,Right,Yes,53.0929,456.0,54.0,67,9,FALSE
wpi6173v344849k3973,2024-12-05_20h46.54.514,Congruent,P2.png,12,Left,Yes,26.9818,102.0,60.0,28,15,FALSE
wpi6173v344849k3973,2024-12-05_20h46.54.514,Congruent,CC6.png,13,Left,No,21.3094,30.0,30.0,37,30,FALSE
wpi6173v344849k3973,2024-12-05_20h46.54.514,Congruent,CC3.png,14,Left,Yes,20.8777,88.0,36.0,89,36,FALSE
wpi6173v344849k3973,2024-12-05_20h46.54.514,Congruent,CC10.png,15,Right,No,32.1242,81.0,32.0,37,16,FALSE
wpi6173v344849k3973,2024-12-05_20h46.54.514,Congruent,CC1.png,16,Left,Yes,31.5841,79.0,24.0,29,4,FALSE
wpi6173v344849k3973,2024-12-05_20h46.54.514,Congruent,CC5.png,17,Left,No,13.3576,50.0,18.0,29,18,FALSE
wpi6173v344849k3973,2024-12-05_20h46.54.514,Congruent,CC9.png,18,Right,Yes,29.2027,94.0,42.0,43,14,FALSE
wpi6173v344849k3973,2024-12-05_20h46.54.514,Congruent,CC4.png,19,Left,No,34.0781,133.0,32.0,49,16,FALSE
wpi6173v344849k3973,2024-12-05_20h46.54.514,Congruent,CC8.png,20,Right,Yes,44.2303,57.0,42.0,25,21,FALSE
wpi6173v344849k3973,2024-12-05_20h46.54.514,Congruent,CC2.png,21,Left,Yes,41.5809,96.0,42.0,41,21,FALSE
wpi6173v344849k3973,2024-12-05_20h46.54.514,Congruent,CC7.png,22,Right,Yes,21.4034,69.0,40.0,19,10,FALSE
wpi6173v344849k3973,2024-12-05_20h46.54.514,Congruent,CC12.png,23,Right,No,32.7303,75.0,12.0,73,12,FALSE
wpi6173v344849k3973,2024-12-05_20h46.54.514,Congruent,CC11.png,24,Right,No,13.1488,24.0,24.0,19,24,FALSE
wpi6173y3b374550702,2024-12-05_00h12.11.167,Congruent,P10.png,1,Right,No,12.2786,55.0,12.0,43,12,FALSE
wpi6173y3b374550702,2024-12-05_00h12.11.167,Congruent,P11.png,2,Right,No,12.5307,19.0,18.0,23,18,FALSE
wpi6173y3b374550702,2024-12-05_00h12.11.167,Congruent,P3.png,3,Left,Yes,50.344,63.0,60.0,21,20,TRUE
wpi6173y3b374550702,2024-12-05_00h12.11.167,Congruent,P12.png,4,Right,No,37.1532,102.0,56.0,51,28,TRUE
wpi6173y3b374550702,2024-12-05_00h12.11.167,Congruent,P2.png,5,Left,Yes,26.8219,112.0,60.0,28,15,TRUE
wpi6173y3b374550702,2024-12-05_00h12.11.167,Congruent,P1.png,6,Left,Yes,21.533,31.0,20.0,31,20,TRUE
wpi6173y3b374550702,2024-12-05_00h12.11.167,Congruent,P4.png,7,Left,No,20.1619,71.0,12.0,71,12,TRUE
wpi6173y3b374550702,2024-12-05_00h12.11.167,Congruent,P8.png,8,Right,Yes,24.2141,41.0,20.0,41,20,TRUE
wpi6173y3b374550702,2024-12-05_00h12.11.167,Congruent,P9.png,9,Right,Yes,34.2842,99.0,42.0,33,14,TRUE
wpi6173y3b374550702,2024-12-05_00h12.11.167,Congruent,P7.png,10,Right,Yes,13.7609,67.0,9.0,67,9,TRUE
wpi6173y3b374550702,2024-12-05_00h12.11.167,Congruent,P6.png,11,Left,No,28.7817,98.0,48.0,49,24,TRUE
wpi6173y3b374550702,2024-12-05_00h12.11.167,Congruent,P5.png,12,Left,No,31.5862,124.0,96.0,31,24,TRUE
wpi6173y3b374550702,2024-12-05_00h12.11.167,Congruent,CC11.png,13,Right,No,31.8816,76.0,96.0,19,24,TRUE
wpi6173y3b374550702,2024-12-05_00h12.11.167,Congruent,CC5.png,14,Left,No,25.0093,14.5,9.0,29,18,TRUE
wpi6173y3b374550702,2024-12-05_00h12.11.167,Congruent,CC12.png,15,Right,No,61.7642,146.0,24.0,73,12,TRUE
wpi6173y3b374550702,2024-12-05_00h12.11.167,Congruent,CC3.png,16,Left,Yes,30.9157,89.0,36.0,89,36,TRUE
wpi6173y3b374550702,2024-12-05_00h12.11.167,Congruent,CC2.png,17,Left,Yes,30.7636,41.0,21.0,41,21,TRUE
wpi6173y3b374550702,2024-12-05_00h12.11.167,Congruent,CC8.png,18,Right,Yes,17.4628,25.0,21.0,25,21,TRUE
wpi6173y3b374550702,2024-12-05_00h12.11.167,Congruent,CC9.png,19,Right,Yes,48.9227,43.0,14.0,43,14,TRUE
wpi6173y3b374550702,2024-12-05_00h12.11.167,Congruent,CC1.png,20,Left,Yes,49.9481,58.0,8.0,29,4,TRUE
wpi6173y3b374550702,2024-12-05_00h12.11.167,Congruent,CC6.png,21,Left,No,16.3623,13.0,10.0,37,30,FALSE
wpi6173y3b374550702,2024-12-05_00h12.11.167,Congruent,CC4.png,22,Left,No,12.5733,49.0,16.0,49,16,TRUE
wpi6173y3b374550702,2024-12-05_00h12.11.167,Congruent,CC10.png,23,Right,No,7.3919,37.0,16.0,37,16,TRUE
wpi6173y3b374550702,2024-12-05_00h12.11.167,Congruent,CC7.png,24,Right,Yes,9.0924,19.0,10.0,19,10,TRUE
wpi6174042qp8665997,2025-02-24_15h44.30.727,Congruent,P3.png,1,Left,Yes,114.022,15.0,60.0,21,20,FALSE
wpi6174042qp8665997,2025-02-24_15h44.30.727,Congruent,P2.png,2,Left,Yes,81.3118,32.0,30.0,28,15,FALSE
wpi6174042qp8665997,2025-02-24_15h44.30.727,Congruent,P8.png,3,Right,Yes,30.2777,14.0,20.0,41,20,FALSE
wpi6174042qp8665997,2025-02-24_15h44.30.727,Congruent,P7.png,4,Right,Yes,74.4539,82.0,54.0,67,9,FALSE
wpi6174042qp8665997,2025-02-24_15h44.30.727,Congruent,P1.png,5,Left,Yes,45.0819,41.0,100.0,31,20,FALSE
wpi6174042qp8665997,2025-02-24_15h44.30.727,Congruent,P4.png,6,Left,No,66.3236,41.0,72.0,71,12,FALSE
wpi6174042qp8665997,2025-02-24_15h44.30.727,Congruent,P11.png,7,Right,No,26.5575,29.0,54.0,23,18,FALSE
wpi6174042qp8665997,2025-02-24_15h44.30.727,Congruent,P9.png,8,Right,Yes,90.5104,81.0,42.0,33,14,FALSE
wpi6174042qp8665997,2025-02-24_15h44.30.727,Congruent,P12.png,9,Right,No,109.7221,57.0,56.0,51,28,FALSE
wpi6174042qp8665997,2025-02-24_15h44.30.727,Congruent,P10.png,10,Right,No,49.3935,59.0,36.0,43,12,FALSE
wpi6174042qp8665997,2025-02-24_15h44.30.727,Congruent,P5.png,11,Left,No,46.3952,89.0,96.0,31,24,FALSE
wpi6174042qp8665997,2025-02-24_15h44.30.727,Congruent,P6.png,12,Left,No,38.5172,23.0,48.0,49,24,FALSE
wpi6174042qp8665997,2025-02-24_15h44.30.727,Congruent,CC10.png,13,Right,No,86.9908,71.0,128.0,37,16,FALSE
wpi6174042qp8665997,2025-02-24_15h44.30.727,Congruent,CC2.png,14,Left,Yes,78.0118,46.0,42.0,41,21,FALSE
wpi6174042qp8665997,2025-02-24_15h44.30.727,Congruent,CC4.png,15,Left,No,36.2605,77.0,128.0,49,16,FALSE
wpi6174042qp8665997,2025-02-24_15h44.30.727,Congruent,CC9.png,16,Right,Yes,22.8377,117.0,42.0,43,14,FALSE
wpi6174042qp8665997,2025-02-24_15h44.30.727,Congruent,CC3.png,17,Left,Yes,21.5551,112.0,72.0,89,36,FALSE
wpi6174042qp8665997,2025-02-24_15h44.30.727,Congruent,CC12.png,18,Right,No,44.5443,41.0,24.0,73,12,FALSE
wpi6174042qp8665997,2025-02-24_15h44.30.727,Congruent,CC8.png,19,Right,Yes,37.5258,11.0,21.0,25,21,FALSE
wpi6174042qp8665997,2025-02-24_15h44.30.727,Congruent,CC5.png,20,Left,No,44.9043,47.0,54.0,29,18,FALSE
wpi6174042qp8665997,2025-02-24_15h44.30.727,Congruent,CC6.png,21,Left,No,41.4912,113.0,150.0,37,30,FALSE
wpi6174042qp8665997,2025-02-24_15h44.30.727,Congruent,CC1.png,22,Left,Yes,39.7353,129.0,24.0,29,4,FALSE
wpi6174042qp8665997,2025-02-24_15h44.30.727,Congruent,CC11.png,23,Right,No,27.07,12.0,98.0,19,24,FALSE
wpi6174042qp8665997,2025-02-24_15h44.30.727,Congruent,CC7.png,24,Right,Yes,5.0314,23.0,78.0,19,10,FALSE
wpi617406022rb74018,2025-02-26_15h58.25.516,Congruent,P7.png,1,Right,Yes,93.9264,472.0,54.0,67,9,FALSE
wpi617406022rb74018,2025-02-26_15h58.25.516,Congruent,P10.png,2,Right,No,31.198,55.0,12.0,43,12,FALSE
wpi617406022rb74018,2025-02-26_15h58.25.516,Congruent,P12.png,3,Right,No,54.4822,123.0,56.0,51,28,FALSE
wpi617406022rb74018,2025-02-26_15h58.25.516,Congruent,P1.png,4,Left,Yes,55.3341,43.0,20.0,31,20,FALSE
wpi617406022rb74018,2025-02-26_15h58.25.516,Congruent,P11.png,5,Right,No,20.4155,19.0,18.0,23,18,FALSE
wpi617406022rb74018,2025-02-26_15h58.25.516,Congruent,P3.png,6,Left,Yes,38.5988,21.0,20.0,21,20,TRUE
wpi617406022rb74018,2025-02-26_15h58.25.516,Congruent,P2.png,7,Left,Yes,32.8481,31.0,15.0,28,15,FALSE
wpi617406022rb74018,2025-02-26_15h58.25.516,Congruent,P6.png,8,Left,No,40.6492,12.0,6.0,49,24,FALSE
wpi617406022rb74018,2025-02-26_15h58.25.516,Congruent,P9.png,9,Right,Yes,38.5321,13.0,7.0,33,14,FALSE
wpi617406022rb74018,2025-02-26_15h58.25.516,Congruent,P8.png,10,Right,Yes,22.8328,50.0,20.0,41,20,FALSE
wpi617406022rb74018,2025-02-26_15h58.25.516,Congruent,P5.png,11,Left,No,28.749,27.0,48.0,31,24,FALSE
wpi617406022rb74018,2025-02-26_15h58.25.516,Congruent,P4.png,12,Left,No,26.4821,215.0,36.0,71,12,FALSE
wpi617406022rb74018,2025-02-26_15h58.25.516,Congruent,CC9.png,13,Right,Yes,65.3441,18.0,14.0,43,14,FALSE
wpi617406022rb74018,2025-02-26_15h58.25.516,Congruent,CC11.png,14,Right,No,92.8989,19.0,24.0,19,24,TRUE
wpi617406022rb74018,2025-02-26_15h58.25.516,Congruent,CC12.png,15,Right,No,35.8972,146.0,24.0,73,12,TRUE
wpi617406022rb74018,2025-02-26_15h58.25.516,Congruent,CC7.png,16,Right,Yes,53.6334,19.0,10.0,19,10,TRUE
wpi617406022rb74018,2025-02-26_15h58.25.516,Congruent,CC4.png,17,Left,No,17.6307,49.0,16.0,49,16,TRUE
wpi617406022rb74018,2025-02-26_15h58.25.516,Congruent,CC6.png,18,Left,No,30.2831,5.0,5.0,37,30,FALSE
wpi617406022rb74018,2025-02-26_15h58.25.516,Congruent,CC10.png,19,Right,No,38.1489,37.0,16.0,37,16,TRUE
wpi617406022rb74018,2025-02-26_15h58.25.516,Congruent,CC5.png,20,Left,No,13.8819,50.0,18.0,29,18,FALSE
wpi617406022rb74018,2025-02-26_15h58.25.516,Congruent,CC2.png,21,Left,Yes,65.6324,41.0,21.0,41,21,TRUE
wpi617406022rb74018,2025-02-26_15h58.25.516,Congruent,CC8.png,22,Right,Yes,36.4308,25.0,21.0,25,21,TRUE
wpi617406022rb74018,2025-02-26_15h58.25.516,Congruent,CC3.png,23,Left,Yes,15.9495,22.0,9.0,89,36,FALSE
wpi617406022rb74018,2025-02-26_15h58.25.516,Congruent,CC1.png,24,Left,Yes,31.7323,279.0,24.0,29,4,FALSE
wpi6174086804h9n285,2025-03-01_17h43.39.629,Congruent,P3.png,1,Left,Yes,122.0242,835.0,60.0,21,20,FALSE
wpi6174086804h9n285,2025-03-01_17h43.39.629,Congruent,P6.png,2,Left,No,49.0472,92.0,12.0,49,24,FALSE
wpi6174086804h9n285,2025-03-01_17h43.39.629,Congruent,P1.png,3,Left,Yes,55.245,247.0,20.0,31,20,FALSE
wpi6174086804h9n285,2025-03-01_17h43.39.629,Congruent,P7.png,4,Right,Yes,163.6055,727.0,18.0,67,9,FALSE
wpi6174086804h9n285,2025-03-01_17h43.39.629,Congruent,P2.png,5,Left,Yes,79.0213,164.0,60.0,28,15,FALSE
wpi6174086804h9n285,2025-03-01_17h43.39.629,Congruent,P10.png,6,Right,No,90.079,106.0,6.0,43,12,FALSE
wpi6174086804h9n285,2025-03-01_17h43.39.629,Congruent,P9.png,7,Right,Yes,68.0059,33.0,14.0,33,14,TRUE
wpi6174086804h9n285,2025-03-01_17h43.39.629,Congruent,P11.png,8,Right,No,40.4121,23.0,18.0,23,18,TRUE
wpi6174086804h9n285,2025-03-01_17h43.39.629,Congruent,P12.png,9,Right,No,51.3226,51.0,28.0,51,28,TRUE
wpi6174086804h9n285,2025-03-01_17h43.39.629,Congruent,P8.png,10,Right,Yes,39.5002,41.0,20.0,41,20,TRUE
wpi6174086804h9n285,2025-03-01_17h43.39.629,Congruent,P5.png,11,Left,No,68.6723,31.0,24.0,31,24,TRUE
wpi6174086804h9n285,2025-03-01_17h43.39.629,Congruent,P4.png,12,Left,No,72.4421,421.0,12.0,71,12,FALSE
wpi6174086804h9n285,2025-03-01_17h43.39.629,Congruent,CC3.png,13,Left,Yes,124.9014,40.0,1.0,89,36,FALSE
wpi6174086804h9n285,2025-03-01_17h43.39.629,Congruent,CC5.png,14,Left,No,29.3445,22.0,18.0,29,18,FALSE
wpi6174086804h9n285,2025-03-01_17h43.39.629,Congruent,CC10.png,15,Right,No,33.9545,247.0,16.0,37,16,FALSE
wpi6174086804h9n285,2025-03-01_17h43.39.629,Congruent,CC9.png,16,Right,Yes,77.3033,109.0,42.0,43,14,FALSE
wpi6174086804h9n285,2025-03-01_17h43.39.629,Congruent,CC4.png,17,Left,No,31.9242,49.0,16.0,49,16,TRUE
wpi6174086804h9n285,2025-03-01_17h43.39.629,Congruent,CC12.png,18,Right,No,402.2884,73.0,12.0,73,12,TRUE
wpi6174086804h9n285,2025-03-01_17h43.39.629,Congruent,CC7.png,19,Right,Yes,33.0826,61.0,20.0,19,10,FALSE
wpi6174086804h9n285,2025-03-01_17h43.39.629,Congruent,CC6.png,20,Left,No,37.4208,45.0,30.0,37,30,FALSE
wpi6174086804h9n285,2025-03-01_17h43.39.629,Congruent,CC2.png,21,Left,Yes,74.0681,84.0,42.0,41,21,FALSE
wpi6174086804h9n285,2025-03-01_17h43.39.629,Congruent,CC11.png,22,Right,No,37.1485,19.0,24.0,19,24,TRUE
wpi6174086804h9n285,2025-03-01_17h43.39.629,Congruent,CC1.png,23,Left,Yes,109.6891,80.0,12.0,29,4,FALSE
wpi6174086804h9n285,2025-03-01_17h43.39.629,Congruent,CC8.png,24,Right,Yes,97.4546,112.0,42.0,25,21,FALSE
wpi61740g669f912366,2025-02-27_10h37.52.759,Congruent,P6.png,1,Left,No,39.9656,7.9,6.0,49,24,FALSE
wpi61740g669f912366,2025-02-27_10h37.52.759,Congruent,P12.png,2,Right,No,18.2154,23.0,14.0,51,28,FALSE
wpi61740g669f912366,2025-02-27_10h37.52.759,Congruent,P1.png,3,Left,Yes,12.6276,31.0,20.0,31,20,TRUE
wpi61740g669f912366,2025-02-27_10h37.52.759,Congruent,P5.png,4,Left,No,9.5366,12.0,8.0,31,24,FALSE
wpi61740g669f912366,2025-02-27_10h37.52.759,Congruent,P9.png,5,Right,Yes,6.4624,21.0,3.0,33,14,FALSE
wpi61740g669f912366,2025-02-27_10h37.52.759,Congruent,P8.png,6,Right,Yes,13.2327,20.5,10.0,41,20,TRUE
wpi61740g669f912366,2025-02-27_10h37.52.759,Congruent,P10.png,7,Right,No,24.4822,43.0,12.0,43,12,TRUE
wpi61740g669f912366,2025-02-27_10h37.52.759,Congruent,P2.png,8,Left,Yes,8.954,24.0,20.0,28,15,FALSE
wpi61740g669f912366,2025-02-27_10h37.52.759,Congruent,P4.png,9,Left,No,9.9622,71.0,12.0,71,12,TRUE
wpi61740g669f912366,2025-02-27_10h37.52.759,Congruent,P11.png,10,Right,No,9.2999,9.0,9.0,23,18,FALSE
wpi61740g669f912366,2025-02-27_10h37.52.759,Congruent,P7.png,11,Right,Yes,5.4026,3.0,2.0,67,9,FALSE
wpi61740g669f912366,2025-02-27_10h37.52.759,Congruent,P3.png,12,Left,Yes,6.1452,13.0,16.0,21,20,FALSE
wpi61740g669f912366,2025-02-27_10h37.52.759,Congruent,CC9.png,13,Right,Yes,7.7121,21.0,2.0,43,14,FALSE
wpi61740g669f912366,2025-02-27_10h37.52.759,Congruent,CC12.png,14,Right,No,6.9205,23.0,2.0,73,12,FALSE
wpi61740g669f912366,2025-02-27_10h37.52.759,Congruent,CC7.png,15,Right,Yes,21.1115,38.0,20.0,19,10,TRUE
wpi61740g669f912366,2025-02-27_10h37.52.759,Congruent,CC11.png,16,Right,No,6.425,3.0,2.0,19,24,FALSE
wpi61740g669f912366,2025-02-27_10h37.52.759,Congruent,CC4.png,17,Left,No,12.5719,49.0,16.0,49,16,TRUE
wpi61740g669f912366,2025-02-27_10h37.52.759,Congruent,CC10.png,18,Right,No,7.5826,37.0,16.0,37,16,TRUE
wpi61740g669f912366,2025-02-27_10h37.52.759,Congruent,CC1.png,19,Left,Yes,24.2494,87.0,12.0,29,4,TRUE
wpi61740g669f912366,2025-02-27_10h37.52.759,Congruent,CC6.png,20,Left,No,7.3175,12.0,15.0,37,30,FALSE
wpi61740g669f912366,2025-02-27_10h37.52.759,Congruent,CC2.png,21,Left,Yes,17.7475,123.0,2.0,41,21,FALSE
wpi61740g669f912366,2025-02-27_10h37.52.759,Congruent,CC3.png,22,Left,Yes,4.9495,4.0,4.0,89,36,FALSE
wpi61740g669f912366,2025-02-27_10h37.52.759,Congruent,CC5.png,23,Left,No,8.582,4.0,2.0,29,18,FALSE
wpi61740g669f912366,2025-02-27_10h37.52.759,Congruent,CC8.png,24,Right,Yes,11.4992,2.0,6.0,25,21,FALSE
wpi617410292957qb07,2025-03-03_14h33.47.753,Congruent,P6.png,1,Left,No,42.1551,49.0,24.0,49,24,TRUE
wpi617410292957qb07,2025-03-03_14h33.47.753,Congruent,P1.png,2,Left,Yes,33.0755,31.0,20.0,31,20,TRUE
wpi617410292957qb07,2025-03-03_14h33.47.753,Congruent,P8.png,3,Right,Yes,25.8581,41.0,20.0,41,20,TRUE
wpi617410292957qb07,2025-03-03_14h33.47.753,Congruent,P3.png,4,Left,Yes,28.5244,21.0,20.0,21,20,TRUE
wpi617410292957qb07,2025-03-03_14h33.47.753,Congruent,P5.png,5,Left,No,35.5679,31.0,24.0,31,24,TRUE
wpi617410292957qb07,2025-03-03_14h33.47.753,Congruent,P12.png,6,Right,No,53.1865,51.0,28.0,51,28,TRUE
wpi617410292957qb07,2025-03-03_14h33.47.753,Congruent,P4.png,7,Left,No,27.6599,71.0,12.0,71,12,TRUE
wpi617410292957qb07,2025-03-03_14h33.47.753,Congruent,P9.png,8,Right,Yes,85.0888,99.0,42.0,33,14,TRUE
wpi617410292957qb07,2025-03-03_14h33.47.753,Congruent,P7.png,9,Right,Yes,32.0236,134.0,18.0,67,9,TRUE
wpi617410292957qb07,2025-03-03_14h33.47.753,Congruent,P11.png,10,Right,No,19.0374,23.0,18.0,23,18,TRUE
wpi617410292957qb07,2025-03-03_14h33.47.753,Congruent,P10.png,11,Right,No,42.3126,43.0,12.0,43,12,TRUE
wpi617410292957qb07,2025-03-03_14h33.47.753,Congruent,P2.png,12,Left,Yes,21.7359,16.0,15.0,28,15,FALSE
wpi617410292957qb07,2025-03-03_14h33.47.753,Congruent,CC7.png,13,Right,Yes,20.7641,13.0,10.0,19,10,FALSE
wpi617410292957qb07,2025-03-03_14h33.47.753,Congruent,CC8.png,14,Right,Yes,31.1119,25.0,21.0,25,21,TRUE
wpi617410292957qb07,2025-03-03_14h33.47.753,Congruent,CC6.png,15,Left,No,37.2593,37.0,30.0,37,30,TRUE
wpi617410292957qb07,2025-03-03_14h33.47.753,Congruent,CC5.png,16,Left,No,71.5238,29.0,18.0,29,18,TRUE
wpi617410292957qb07,2025-03-03_14h33.47.753,Congruent,CC3.png,17,Left,Yes,26.439,89.0,36.0,89,36,TRUE
wpi617410292957qb07,2025-03-03_14h33.47.753,Congruent,CC12.png,18,Right,No,26.3348,73.0,12.0,73,12,TRUE
wpi617410292957qb07,2025-03-03_14h33.47.753,Congruent,CC11.png,19,Right,No,15.1335,19.0,24.0,19,24,TRUE
wpi617410292957qb07,2025-03-03_14h33.47.753,Congruent,CC2.png,20,Left,Yes,83.6286,41.0,21.0,41,21,TRUE
wpi617410292957qb07,2025-03-03_14h33.47.753,Congruent,CC9.png,21,Right,Yes,38.0562,43.0,14.0,43,14,TRUE
wpi617410292957qb07,2025-03-03_14h33.47.753,Congruent,CC4.png,22,Left,No,15.3286,49.0,16.0,49,16,TRUE
wpi617410292957qb07,2025-03-03_14h33.47.753,Congruent,CC1.png,23,Left,Yes,17.1623,19.0,4.0,29,4,FALSE
wpi617410292957qb07,2025-03-03_14h33.47.753,Congruent,CC10.png,24,Right,No,20.2449,37.0,16.0,37,16,TRUE
wpi61741038939h14e0,2025-03-03_17h11.01.208,Incongruent,P1.png,1,Left,Yes,16.0206,31.0,20.0,31,20,TRUE
wpi61741038939h14e0,2025-03-03_17h11.01.208,Incongruent,P11.png,2,Right,No,19.7576,23.0,18.0,23,18,TRUE
wpi61741038939h14e0,2025-03-03_17h11.01.208,Incongruent,P2.png,3,Left,Yes,27.0545,112.0,60.0,28,15,TRUE
wpi61741038939h14e0,2025-03-03_17h11.01.208,Incongruent,P12.png,4,Right,No,16.9333,51.0,28.0,51,28,TRUE
wpi61741038939h14e0,2025-03-03_17h11.01.208,Incongruent,P9.png,5,Right,Yes,37.1292,105.0,21.0,33,14,FALSE
wpi61741038939h14e0,2025-03-03_17h11.01.208,Incongruent,P6.png,6,Left,No,24.1414,49.0,24.0,49,24,TRUE
wpi61741038939h14e0,2025-03-03_17h11.01.208,Incongruent,P5.png,7,Left,No,14.0742,31.0,24.0,31,24,TRUE
wpi61741038939h14e0,2025-03-03_17h11.01.208,Incongruent,P4.png,8,Left,No,12.6315,71.0,12.0,71,12,TRUE
wpi61741038939h14e0,2025-03-03_17h11.01.208,Incongruent,P7.png,9,Right,Yes,16.967,134.0,18.0,67,9,TRUE
wpi61741038939h14e0,2025-03-03_17h11.01.208,Incongruent,P10.png,10,Right,No,12.862,43.0,12.0,43,12,TRUE
wpi61741038939h14e0,2025-03-03_17h11.01.208,Incongruent,P8.png,11,Right,Yes,15.1777,41.0,20.0,41,20,TRUE
wpi61741038939h14e0,2025-03-03_17h11.01.208,Incongruent,P3.png,12,Left,Yes,26.9276,63.0,60.0,21,20,TRUE
wpi61741038939h14e0,2025-03-03_17h11.01.208,Incongruent,IC3.png,13,Left,Yes,29.6483,89.0,36.0,89,36,TRUE
wpi61741038939h14e0,2025-03-03_17h11.01.208,Incongruent,IC2.png,14,Left,Yes,42.964,82.0,42.0,41,21,TRUE
wpi61741038939h14e0,2025-03-03_17h11.01.208,Incongruent,IC7.png,15,Right,Yes,11.3237,38.0,20.0,19,10,TRUE
wpi61741038939h14e0,2025-03-03_17h11.01.208,Incongruent,IC12.png,16,Right,No,13.567,73.0,12.0,73,12,TRUE
wpi61741038939h14e0,2025-03-03_17h11.01.208,Incongruent,IC11.png,17,Right,No,23.7179,19.0,24.0,19,24,TRUE
wpi61741038939h14e0,2025-03-03_17h11.01.208,Incongruent,IC10.png,18,Right,No,11.9772,37.0,16.0,37,16,TRUE
wpi61741038939h14e0,2025-03-03_17h11.01.208,Incongruent,IC9.png,19,Right,Yes,26.3724,129.0,42.0,43,14,TRUE
wpi61741038939h14e0,2025-03-03_17h11.01.208,Incongruent,IC1.png,20,Left,Yes,16.3438,89.0,12.0,29,4,FALSE
wpi61741038939h14e0,2025-03-03_17h11.01.208,Incongruent,IC8.png,21,Right,Yes,13.4086,32.0,24.0,25,21,FALSE
wpi61741038939h14e0,2025-03-03_17h11.01.208,Incongruent,IC4.png,22,Left,No,12.5335,49.0,16.0,49,16,TRUE
wpi61741038939h14e0,2025-03-03_17h11.01.208,Incongruent,IC5.png,23,Left,No,11.6564,29.0,18.0,29,18,TRUE
wpi61741038939h14e0,2025-03-03_17h11.01.208,Incongruent,IC6.png,24,Left,No,15.3216,37.0,30.0,37,30,TRUE
wpi61741113l62g4959,2025-03-04_14h06.24.686,Congruent,P3.png,1,Left,Yes,81.2365,22.0,20.0,21,20,FALSE
wpi61741113l62g4959,2025-03-04_14h06.24.686,Congruent,P7.png,2,Right,Yes,66.946,134.0,18.0,67,9,TRUE
wpi61741113l62g4959,2025-03-04_14h06.24.686,Congruent,P8.png,3,Right,Yes,36.5525,41.0,20.0,41,20,TRUE
wpi61741113l62g4959,2025-03-04_14h06.24.686,Congruent,P1.png,4,Left,Yes,21.7265,24.0,20.0,31,20,FALSE
wpi61741113l62g4959,2025-03-04_14h06.24.686,Congruent,P12.png,5,Right,No,17.4034,6.0,99.0,51,28,FALSE
wpi61741113l62g4959,2025-03-04_14h06.24.686,Congruent,P6.png,6,Left,No,37.9288,19.0,24.0,49,24,FALSE
wpi61741113l62g4959,2025-03-04_14h06.24.686,Congruent,P2.png,7,Left,Yes,49.1296,54.0,30.0,28,15,FALSE
wpi61741113l62g4959,2025-03-04_14h06.24.686,Congruent,P4.png,8,Left,No,25.2418,71.0,12.0,71,12,TRUE
wpi61741113l62g4959,2025-03-04_14h06.24.686,Congruent,P9.png,9,Right,Yes,50.5845,96.0,42.0,33,14,FALSE
wpi61741113l62g4959,2025-03-04_14h06.24.686,Congruent,P11.png,10,Right,No,28.517,12.0,9.0,23,18,FALSE
wpi61741113l62g4959,2025-03-04_14h06.24.686,Congruent,P5.png,11,Left,No,22.2473,31.0,24.0,31,24,TRUE
wpi61741113l62g4959,2025-03-04_14h06.24.686,Congruent,P10.png,12,Right,No,28.6802,43.0,12.0,43,12,TRUE
wpi61741113l62g4959,2025-03-04_14h06.24.686,Congruent,CC9.png,13,Right,Yes,93.8882,129.0,42.0,43,14,TRUE
wpi61741113l62g4959,2025-03-04_14h06.24.686,Congruent,CC8.png,14,Right,Yes,59.6211,1.0,1.0,25,21,FALSE
wpi61741113l62g4959,2025-03-04_14h06.24.686,Congruent,CC3.png,15,Left,Yes,81.8779,87.0,28.0,89,36,FALSE
wpi61741113l62g4959,2025-03-04_14h06.24.686,Congruent,CC7.png,16,Right,Yes,22.8597,38.0,20.0,19,10,TRUE
wpi61741113l62g4959,2025-03-04_14h06.24.686,Congruent,CC12.png,17,Right,No,24.7028,73.0,12.0,73,12,TRUE
wpi61741113l62g4959,2025-03-04_14h06.24.686,Congruent,CC4.png,18,Left,No,22.6368,49.0,16.0,49,16,TRUE
wpi61741113l62g4959,2025-03-04_14h06.24.686,Congruent,CC10.png,19,Right,No,19.9288,37.0,16.0,37,16,TRUE
wpi61741113l62g4959,2025-03-04_14h06.24.686,Congruent,CC1.png,20,Left,Yes,40.9245,47.0,12.0,29,4,FALSE
wpi61741113l62g4959,2025-03-04_14h06.24.686,Congruent,CC11.png,21,Right,No,31.6846,12.0,12.0,19,24,FALSE
wpi61741113l62g4959,2025-03-04_14h06.24.686,Congruent,CC5.png,22,Left,No,19.847,15.0,9.0,29,18,FALSE
wpi61741113l62g4959,2025-03-04_14h06.24.686,Congruent,CC6.png,23,Left,No,27.9611,37.0,30.0,37,30,TRUE
wpi61741113l62g4959,2025-03-04_14h06.24.686,Congruent,CC2.png,24,Left,Yes,15.2341,54.0,28.0,41,21,FALSE
wpi617411788rg24870,2025-03-05_08h05.58.960,Incongruent,P7.png,1,Right,Yes,81.8757,48.0,6.0,67,9,FALSE
wpi617411788rg24870,2025-03-05_08h05.58.960,Incongruent,P6.png,2,Left,No,8.479,15.0,8.0,49,24,FALSE
wpi617411788rg24870,2025-03-05_08h05.58.960,Incongruent,P1.png,3,Left,Yes,33.8822,31.0,20.0,31,20,TRUE
wpi617411788rg24870,2025-03-05_08h05.58.960,Incongruent,P11.png,4,Right,No,9.4841,5.0,6.0,23,18,FALSE
wpi617411788rg24870,2025-03-05_08h05.58.960,Incongruent,P10.png,5,Right,No,18.3657,43.0,12.0,43,12,TRUE
wpi617411788rg24870,2025-03-05_08h05.58.960,Incongruent,P3.png,6,Left,Yes,23.799,12.0,15.0,21,20,FALSE
wpi617411788rg24870,2025-03-05_08h05.58.960,Incongruent,P9.png,7,Right,Yes,8.2984000000000009,18.0,21.0,33,14,FALSE
wpi617411788rg24870,2025-03-05_08h05.58.960,Incongruent,P5.png,8,Left,No,6.3639,5.0,12.0,31,24,FALSE
wpi617411788rg24870,2025-03-05_08h05.58.960,Incongruent,P2.png,9,Left,Yes,12.1658,24.0,20.0,28,15,FALSE
wpi617411788rg24870,2025-03-05_08h05.58.960,Incongruent,P8.png,10,Right,Yes,7.8485,18.0,10.0,41,20,FALSE
wpi617411788rg24870,2025-03-05_08h05.58.960,Incongruent,P4.png,11,Left,No,15.1823,72.0,12.0,71,12,FALSE
wpi617411788rg24870,2025-03-05_08h05.58.960,Incongruent,P12.png,12,Right,No,9.9148,15.0,14.0,51,28,FALSE
wpi617411788rg24870,2025-03-05_08h05.58.960,Incongruent,IC2.png,13,Left,Yes,9.4569,18.0,14.0,41,21,FALSE
wpi617411788rg24870,2025-03-05_08h05.58.960,Incongruent,IC1.png,14,Left,Yes,34.6018,88.0,12.0,29,4,FALSE
wpi617411788rg24870,2025-03-05_08h05.58.960,Incongruent,IC9.png,15,Right,Yes,8.5342,12.0,21.0,43,14,FALSE
wpi617411788rg24870,2025-03-05_08h05.58.960,Incongruent,IC4.png,16,Left,No,6.9,21.0,8.0,49,16,FALSE
wpi617411788rg24870,2025-03-05_08h05.58.960,Incongruent,IC11.png,17,Right,No,8.9652,3.0,8.0,19,24,FALSE
wpi617411788rg24870,2025-03-05_08h05.58.960,Incongruent,IC8.png,18,Right,Yes,8.4493,12.0,14.0,25,21,FALSE
wpi617411788rg24870,2025-03-05_08h05.58.960,Incongruent,IC12.png,19,Right,No,5.9522,35.0,6.0,73,12,FALSE
wpi617411788rg24870,2025-03-05_08h05.58.960,Incongruent,IC3.png,20,Left,Yes,11.429,40.0,18.0,89,36,FALSE
wpi617411788rg24870,2025-03-05_08h05.58.960,Incongruent,IC7.png,21,Right,Yes,5.3486,24.0,20.0,19,10,FALSE
wpi617411788rg24870,2025-03-05_08h05.58.960,Incongruent,IC6.png,22,Left,No,4.4312,8.0,15.0,37,30,FALSE
wpi617411788rg24870,2025-03-05_08h05.58.960,Incongruent,IC5.png,23,Left,No,4.8981,5.0,6.0,29,18,FALSE
wpi617411788rg24870,2025-03-05_08h05.58.960,Incongruent,IC10.png,24,Right,No,4.9496,15.0,8.0,37,16,FALSE
wpi61741191f85p4268,2025-03-05_11h43.37.664,Congruent,P3.png,1,Left,Yes,47.7977,16.0,15.0,21,20,FALSE
wpi61741191f85p4268,2025-03-05_11h43.37.664,Congruent,P4.png,2,Left,No,42.5098,35.5,6.0,71,12,TRUE
wpi61741191f85p4268,2025-03-05_11h43.37.664,Congruent,P7.png,3,Right,Yes,20.0667,47.0,9.0,67,9,FALSE
wpi61741191f85p4268,2025-03-05_11h43.37.664,Congruent,P9.png,4,Right,Yes,23.8683,48.0,21.0,33,14,FALSE
wpi61741191f85p4268,2025-03-05_11h43.37.664,Congruent,P10.png,5,Right,No,18.9115,43.0,12.0,43,12,TRUE
wpi61741191f85p4268,2025-03-05_11h43.37.664,Congruent,P2.png,6,Left,Yes,17.0884,30.0,20.0,28,15,FALSE
wpi61741191f85p4268,2025-03-05_11h43.37.664,Congruent,P5.png,7,Left,No,11.3886,12.0,12.0,31,24,FALSE
wpi61741191f85p4268,2025-03-05_11h43.37.664,Congruent,P6.png,8,Left,No,36.2865,16.0,12.0,49,24,FALSE
wpi61741191f85p4268,2025-03-05_11h43.37.664,Congruent,P8.png,9,Right,Yes,11.4087,4.5,18.0,41,20,FALSE
wpi61741191f85p4268,2025-03-05_11h43.37.664,Congruent,P1.png,10,Left,Yes,20.1608,35.0,24.0,31,20,FALSE
wpi61741191f85p4268,2025-03-05_11h43.37.664,Congruent,P11.png,11,Right,No,16.4112,5.0,6.0,23,18,FALSE
wpi61741191f85p4268,2025-03-05_11h43.37.664,Congruent,P12.png,12,Right,No,11.3554,30.0,14.0,51,28,FALSE
wpi61741191f85p4268,2025-03-05_11h43.37.664,Congruent,CC9.png,13,Right,Yes,13.0344,17.0,18.0,43,14,FALSE
wpi61741191f85p4268,2025-03-05_11h43.37.664,Congruent,CC11.png,14,Right,No,17.5504,8.0,20.0,19,24,FALSE
wpi61741191f85p4268,2025-03-05_11h43.37.664,Congruent,CC2.png,15,Left,Yes,10.1674,18.0,14.0,41,21,FALSE
wpi61741191f85p4268,2025-03-05_11h43.37.664,Congruent,CC1.png,16,Left,Yes,9.4226,45.0,12.0,29,4,FALSE
wpi61741191f85p4268,2025-03-05_11h43.37.664,Congruent,CC4.png,17,Left,No,11.3183,28.0,24.0,49,16,FALSE
wpi61741191f85p4268,2025-03-05_11h43.37.664,Congruent,CC6.png,18,Left,No,16.3363,15.0,25.0,37,30,FALSE
wpi61741191f85p4268,2025-03-05_11h43.37.664,Congruent,CC10.png,19,Right,No,21.0235,15.0,16.0,37,16,FALSE
wpi61741191f85p4268,2025-03-05_11h43.37.664,Congruent,CC8.png,20,Right,Yes,9.2403,12.0,14.0,25,21,FALSE
wpi61741191f85p4268,2025-03-05_11h43.37.664,Congruent,CC12.png,21,Right,No,11.1085,22.5,6.0,73,12,FALSE
wpi61741191f85p4268,2025-03-05_11h43.37.664,Congruent,CC7.png,22,Right,Yes,21.9537,34.0,20.0,19,10,FALSE
wpi61741191f85p4268,2025-03-05_11h43.37.664,Congruent,CC3.png,23,Left,Yes,29.1362,41.0,21.0,89,36,FALSE
wpi61741191f85p4268,2025-03-05_11h43.37.664,Congruent,CC5.png,24,Left,No,13.7214,11.0,19.0,29,18,FALSE
wpi617411a0613131e6,2025-03-04_11h51.47.848,Congruent,P10.png,1,Right,No,18.9986,55.0,12.0,43,12,FALSE
wpi617411a0613131e6,2025-03-04_11h51.47.848,Congruent,P4.png,2,Left,No,22.2155,70.0,12.0,71,12,FALSE
wpi617411a0613131e6,2025-03-04_11h51.47.848,Congruent,P5.png,3,Left,No,21.5421,27.0,48.0,31,24,FALSE
wpi617411a0613131e6,2025-03-04_11h51.47.848,Congruent,P8.png,4,Right,Yes,38.0029,89.0,40.0,41,20,FALSE
wpi617411a0613131e6,2025-03-04_11h51.47.848,Congruent,P6.png,5,Left,No,48.429,48.0,24.0,49,24,FALSE
wpi617411a0613131e6,2025-03-04_11h51.47.848,Congruent,P12.png,6,Right,No,40.1031,123.0,56.0,51,28,FALSE
wpi617411a0613131e6,2025-03-04_11h51.47.848,Congruent,P11.png,7,Right,No,17.0803,19.0,18.0,23,18,FALSE
wpi617411a0613131e6,2025-03-04_11h51.47.848,Congruent,P3.png,8,Left,Yes,38.1514,59.0,60.0,21,20,FALSE
wpi617411a0613131e6,2025-03-04_11h51.47.848,Congruent,P7.png,9,Right,Yes,92.2963,479.0,54.0,67,9,FALSE
wpi617411a0613131e6,2025-03-04_11h51.47.848,Congruent,P2.png,10,Left,Yes,47.8901,104.0,60.0,28,15,FALSE
wpi617411a0613131e6,2025-03-04_11h51.47.848,Congruent,P1.png,11,Left,Yes,18.8943,31.0,20.0,31,20,TRUE
wpi617411a0613131e6,2025-03-04_11h51.47.848,Congruent,P9.png,12,Right,Yes,38.451,71.0,42.0,33,14,FALSE
wpi617411a0613131e6,2025-03-04_11h51.47.848,Congruent,CC1.png,13,Left,Yes,66.8207,87.0,12.0,29,4,TRUE
wpi617411a0613131e6,2025-03-04_11h51.47.848,Congruent,CC2.png,14,Left,Yes,84.2846,84.0,42.0,41,21,FALSE
wpi617411a0613131e6,2025-03-04_11h51.47.848,Congruent,CC10.png,15,Right,No,14.1946,37.0,16.0,37,16,TRUE
wpi617411a0613131e6,2025-03-04_11h51.47.848,Congruent,CC6.png,16,Left,No,50.1334,37.0,30.0,37,30,TRUE
wpi617411a0613131e6,2025-03-04_11h51.47.848,Congruent,CC5.png,17,Left,No,33.9611,29.0,18.0,29,18,TRUE
wpi617411a0613131e6,2025-03-04_11h51.47.848,Congruent,CC8.png,18,Right,Yes,37.3722,50.0,42.0,25,21,TRUE
wpi617411a0613131e6,2025-03-04_11h51.47.848,Congruent,CC9.png,19,Right,Yes,73.5486,72.0,42.0,43,14,FALSE
wpi617411a0613131e6,2025-03-04_11h51.47.848,Congruent,CC11.png,20,Right,No,22.6775,19.0,24.0,19,24,TRUE
wpi617411a0613131e6,2025-03-04_11h51.47.848,Congruent,CC7.png,21,Right,Yes,24.7634,38.0,20.0,19,10,TRUE
wpi617411a0613131e6,2025-03-04_11h51.47.848,Congruent,CC4.png,22,Left,No,14.7832,49.0,16.0,49,16,TRUE
wpi617411a0613131e6,2025-03-04_11h51.47.848,Congruent,CC12.png,23,Right,No,23.2526,73.0,12.0,73,12,TRUE
wpi617411a0613131e6,2025-03-04_11h51.47.848,Congruent,CC3.png,24,Left,Yes,22.2957,169.0,36.0,89,36,FALSE
wpi617412160o5u7416,2025-03-05_18h23.01.878,Congruent,P11.png,1,Right,No,77.749,13.0,18.0,23,18,FALSE
wpi617412160o5u7416,2025-03-05_18h23.01.878,Congruent,P7.png,2,Right,Yes,61.4268,85.0,18.0,67,9,FALSE
wpi617412160o5u7416,2025-03-05_18h23.01.878,Congruent,P8.png,3,Right,Yes,29.0392,1.0,1.0,41,20,FALSE
wpi617412160o5u7416,2025-03-05_18h23.01.878,Congruent,P1.png,4,Left,Yes,23.0146,31.0,20.0,31,20,TRUE
wpi617412160o5u7416,2025-03-05_18h23.01.878,Congruent,P3.png,5,Left,Yes,21.4359,4.0,4.0,21,20,FALSE
wpi617412160o5u7416,2025-03-05_18h23.01.878,Congruent,P5.png,6,Left,No,26.8542,31.0,24.0,31,24,TRUE
wpi617412160o5u7416,2025-03-05_18h23.01.878,Congruent,P9.png,7,Right,Yes,65.9751,33.0,14.0,33,14,TRUE
wpi617412160o5u7416,2025-03-05_18h23.01.878,Congruent,P2.png,8,Left,Yes,47.2283,34.0,15.0,28,15,FALSE
wpi617412160o5u7416,2025-03-05_18h23.01.878,Congruent,P12.png,9,Right,No,41.2469,1.0,1.0,51,28,FALSE
wpi617412160o5u7416,2025-03-05_18h23.01.878,Congruent,P4.png,10,Left,No,28.1118,71.0,12.0,71,12,TRUE
wpi617412160o5u7416,2025-03-05_18h23.01.878,Congruent,P10.png,11,Right,No,45.4834,43.0,12.0,43,12,TRUE
wpi617412160o5u7416,2025-03-05_18h23.01.878,Congruent,P6.png,12,Left,No,28.1426,49.0,24.0,49,24,TRUE
wpi617412160o5u7416,2025-03-05_18h23.01.878,Congruent,CC11.png,13,Right,No,49.0661,19.0,24.0,19,24,TRUE
wpi617412160o5u7416,2025-03-05_18h23.01.878,Congruent,CC1.png,14,Left,Yes,69.9851,87.0,12.0,29,4,TRUE
wpi617412160o5u7416,2025-03-05_18h23.01.878,Congruent,CC9.png,15,Right,Yes,13.838,1.0,1.0,43,14,FALSE
wpi617412160o5u7416,2025-03-05_18h23.01.878,Congruent,CC7.png,16,Right,Yes,18.3581,15.0,10.0,19,10,FALSE
wpi617412160o5u7416,2025-03-05_18h23.01.878,Congruent,CC12.png,17,Right,No,16.7305,1.0,1.0,73,12,FALSE
wpi617412160o5u7416,2025-03-05_18h23.01.878,Congruent,CC8.png,18,Right,Yes,45.6597,24.0,21.0,25,21,FALSE
wpi617412160o5u7416,2025-03-05_18h23.01.878,Congruent,CC4.png,19,Left,No,15.8378,49.0,16.0,49,16,TRUE
wpi617412160o5u7416,2025-03-05_18h23.01.878,Congruent,CC5.png,20,Left,No,10.2115,1.0,1.0,29,18,FALSE
wpi617412160o5u7416,2025-03-05_18h23.01.878,Congruent,CC10.png,21,Right,No,23.1454,37.0,16.0,37,16,TRUE
wpi617412160o5u7416,2025-03-05_18h23.01.878,Congruent,CC6.png,22,Left,No,33.416,37.0,30.0,37,30,TRUE
wpi617412160o5u7416,2025-03-05_18h23.01.878,Congruent,CC2.png,23,Left,Yes,23.9329,1.0,1.0,41,21,FALSE
wpi617412160o5u7416,2025-03-05_18h23.01.878,Congruent,CC3.png,24,Left,Yes,55.6561,1.0,1.0,89,36,FALSE
wpi61741l12551188a2,2025-03-04_17h16.24.626,Congruent,P11.png,1,Right,No,87.873,38.0,18.0,23,18,FALSE
wpi61741l12551188a2,2025-03-04_17h16.24.626,Congruent,P10.png,2,Right,No,32.607,43.0,12.0,43,12,TRUE
wpi61741l12551188a2,2025-03-04_17h16.24.626,Congruent,P3.png,3,Left,Yes,101.572,35.0,60.0,21,20,FALSE
wpi61741l12551188a2,2025-03-04_17h16.24.626,Congruent,P8.png,4,Right,Yes,39.905,82.0,40.0,41,20,TRUE
wpi61741l12551188a2,2025-03-04_17h16.24.626,Congruent,P4.png,5,Left,No,27.168,71.0,12.0,71,12,TRUE
wpi61741l12551188a2,2025-03-04_17h16.24.626,Congruent,P6.png,6,Left,No,67.58,49.0,24.0,49,24,TRUE
wpi61741l12551188a2,2025-03-04_17h16.24.626,Congruent,P12.png,7,Right,No,36.754,51.0,28.0,51,28,TRUE
wpi61741l12551188a2,2025-03-04_17h16.24.626,Congruent,P5.png,8,Left,No,30.309,31.0,24.0,31,24,TRUE
wpi61741l12551188a2,2025-03-04_17h16.24.626,Congruent,P1.png,9,Left,Yes,26.892,31.0,20.0,31,20,TRUE
wpi61741l12551188a2,2025-03-04_17h16.24.626,Congruent,P2.png,10,Left,Yes,108.475,88.0,60.0,28,15,FALSE
wpi61741l12551188a2,2025-03-04_17h16.24.626,Congruent,P7.png,11,Right,Yes,48.732,134.0,18.0,67,9,TRUE
wpi61741l12551188a2,2025-03-04_17h16.24.626,Congruent,P9.png,12,Right,Yes,126.855,120.0,42.0,33,14,FALSE
wpi61741l12551188a2,2025-03-04_17h16.24.626,Congruent,CC3.png,13,Left,Yes,74.943,89.0,32.0,89,36,FALSE
wpi61741l12551188a2,2025-03-04_17h16.24.626,Congruent,CC6.png,14,Left,No,51.339,37.0,30.0,37,30,TRUE
wpi61741l12551188a2,2025-03-04_17h16.24.626,Congruent,CC11.png,15,Right,No,78.108,16.0,24.0,19,24,FALSE
wpi61741l12551188a2,2025-03-04_17h16.24.626,Congruent,CC8.png,16,Right,Yes,53.74,6.0,3.0,25,21,FALSE
wpi61741l12551188a2,2025-03-04_17h16.24.626,Congruent,CC2.png,17,Left,Yes,24.09,6.0,5.0,41,21,FALSE
wpi61741l12551188a2,2025-03-04_17h16.24.626,Congruent,CC1.png,18,Left,Yes,36.906,87.0,12.0,29,4,TRUE
wpi61741l12551188a2,2025-03-04_17h16.24.626,Congruent,CC5.png,19,Left,No,45.259,29.0,18.0,29,18,TRUE
wpi61741l12551188a2,2025-03-04_17h16.24.626,Congruent,CC4.png,20,Left,No,20.735,49.0,16.0,49,16,TRUE
wpi61741l12551188a2,2025-03-04_17h16.24.626,Congruent,CC9.png,21,Right,Yes,78.655,129.0,42.0,43,14,TRUE
wpi61741l12551188a2,2025-03-04_17h16.24.626,Congruent,CC10.png,22,Right,No,14.712,37.0,16.0,37,16,TRUE
wpi61741l12551188a2,2025-03-04_17h16.24.626,Congruent,CC12.png,23,Right,No,41.833,73.0,12.0,73,12,TRUE
wpi61741l12551188a2,2025-03-04_17h16.24.626,Congruent,CC7.png,24,Right,Yes,18.24,38.0,20.0,19,10,TRUE
wpi61741q21v7504699,2025-03-05_18h49.13.367,Congruent,P3.png,1,Left,Yes,66.7574,11.0,18.0,21,20,FALSE
wpi61741q21v7504699,2025-03-05_18h49.13.367,Congruent,P12.png,2,Right,No,82.4573,25.0,21.0,51,28,FALSE
wpi61741q21v7504699,2025-03-05_18h49.13.367,Congruent,P6.png,3,Left,No,94.2544,10.0,24.0,49,24,FALSE
wpi61741q21v7504699,2025-03-05_18h49.13.367,Congruent,P10.png,4,Right,No,26.6017,34.0,30.0,43,12,FALSE
wpi61741q21v7504699,2025-03-05_18h49.13.367,Congruent,P7.png,5,Right,Yes,50.2415,27.0,16.0,67,9,FALSE
wpi61741q21v7504699,2025-03-05_18h49.13.367,Congruent,P5.png,6,Left,No,26.2516,28.0,30.0,31,24,FALSE
wpi61741q21v7504699,2025-03-05_18h49.13.367,Congruent,P2.png,7,Left,Yes,38.5062,36.0,32.0,28,15,FALSE
wpi61741q21v7504699,2025-03-05_18h49.13.367,Congruent,P4.png,8,Left,No,19.6944,12.0,21.0,71,12,FALSE
wpi61741q21v7504699,2025-03-05_18h49.13.367,Congruent,P11.png,9,Right,No,21.6194,34.0,9.0,23,18,FALSE
wpi61741q21v7504699,2025-03-05_18h49.13.367,Congruent,P1.png,10,Left,Yes,75.0577,3.0,7.0,31,20,FALSE
wpi61741q21v7504699,2025-03-05_18h49.13.367,Congruent,P8.png,11,Right,Yes,55.0461,16.0,15.0,41,20,FALSE
wpi61741q21v7504699,2025-03-05_18h49.13.367,Congruent,P9.png,12,Right,Yes,30.863,48.0,14.0,33,14,FALSE
wpi61741q21v7504699,2025-03-05_18h49.13.367,Congruent,CC7.png,13,Right,Yes,70.1154,8.0,28.0,19,10,FALSE
wpi61741q21v7504699,2025-03-05_18h49.13.367,Congruent,CC5.png,14,Left,No,70.571,18.0,9.0,29,18,FALSE
wpi61741q21v7504699,2025-03-05_18h49.13.367,Congruent,CC4.png,15,Left,No,188.4352,400.0,128.0,49,16,FALSE
wpi61741q21v7504699,2025-03-05_18h49.13.367,Congruent,CC9.png,16,Right,Yes,46.2538,129.0,42.0,43,14,TRUE
wpi61741q21v7504699,2025-03-05_18h49.13.367,Congruent,CC6.png,17,Left,No,46.7349,190.0,150.0,37,30,FALSE
wpi61741q21v7504699,2025-03-05_18h49.13.367,Congruent,CC11.png,18,Right,No,69.5557,76.0,96.0,19,24,TRUE
wpi61741q21v7504699,2025-03-05_18h49.13.367,Congruent,CC10.png,19,Right,No,23.7474,37.0,16.0,37,16,TRUE
wpi61741q21v7504699,2025-03-05_18h49.13.367,Congruent,CC3.png,20,Left,Yes,72.9421,178.0,72.0,89,36,TRUE
wpi61741q21v7504699,2025-03-05_18h49.13.367,Congruent,CC1.png,21,Left,Yes,84.3427,180.0,24.0,29,4,FALSE
wpi61741q21v7504699,2025-03-05_18h49.13.367,Congruent,CC8.png,22,Right,Yes,55.9146,50.0,42.0,25,21,TRUE
wpi61741q21v7504699,2025-03-05_18h49.13.367,Congruent,CC2.png,23,Left,Yes,68.237,82.0,42.0,41,21,TRUE
wpi61741q21v7504699,2025-03-05_18h49.13.367,Congruent,CC12.png,24,Right,No,127.1718,146.0,24.0,73,12,TRUE
wpi617422439lm02566,2025-03-17_16h52.40.307,Congruent,P11.png,1,Right,No,37.0924,28.0,18.0,23,18,FALSE
wpi617422439lm02566,2025-03-17_16h52.40.307,Congruent,P8.png,2,Right,Yes,23.9816,37.0,20.0,41,20,FALSE
wpi617422439lm02566,2025-03-17_16h52.40.307,Congruent,P5.png,3,Left,No,25.8653,31.0,24.0,31,24,TRUE
wpi617422439lm02566,2025-03-17_16h52.40.307,Congruent,P3.png,4,Left,Yes,75.3346,12.0,15.0,21,20,FALSE
wpi617422439lm02566,2025-03-17_16h52.40.307,Congruent,P4.png,5,Left,No,21.5481,71.0,12.0,71,12,TRUE
wpi617422439lm02566,2025-03-17_16h52.40.307,Congruent,P1.png,6,Left,Yes,11.632,31.0,20.0,31,20,TRUE
wpi617422439lm02566,2025-03-17_16h52.40.307,Congruent,P7.png,7,Right,Yes,27.8658,134.0,18.0,67,9,TRUE
wpi617422439lm02566,2025-03-17_16h52.40.307,Congruent,P6.png,8,Left,No,27.9001,49.0,24.0,49,24,TRUE
wpi617422439lm02566,2025-03-17_16h52.40.307,Congruent,P2.png,9,Left,Yes,14.9319,24.0,20.0,28,15,FALSE
wpi617422439lm02566,2025-03-17_16h52.40.307,Congruent,P12.png,10,Right,No,14.665,15.0,14.0,51,28,FALSE
wpi617422439lm02566,2025-03-17_16h52.40.307,Congruent,P10.png,11,Right,No,14.5485,39.0,12.0,43,12,FALSE
wpi617422439lm02566,2025-03-17_16h52.40.307,Congruent,P9.png,12,Right,Yes,14.2653,18.0,21.0,33,14,FALSE
wpi617422439lm02566,2025-03-17_16h52.40.307,Congruent,CC5.png,13,Left,No,21.0428,29.0,24.0,29,18,FALSE
wpi617422439lm02566,2025-03-17_16h52.40.307,Congruent,CC9.png,14,Right,Yes,7.9642,18.0,21.0,43,14,FALSE
wpi617422439lm02566,2025-03-17_16h52.40.307,Congruent,CC10.png,15,Right,No,26.0824,37.0,16.0,37,16,TRUE
wpi617422439lm02566,2025-03-17_16h52.40.307,Congruent,CC11.png,16,Right,No,17.1999,19.0,24.0,19,24,TRUE
wpi617422439lm02566,2025-03-17_16h52.40.307,Congruent,CC2.png,17,Left,Yes,8.1654,19.0,14.0,41,21,FALSE
wpi617422439lm02566,2025-03-17_16h52.40.307,Congruent,CC8.png,18,Right,Yes,6.5489,7.0,14.0,25,21,FALSE
wpi617422439lm02566,2025-03-17_16h52.40.307,Congruent,CC3.png,19,Left,Yes,13.1822,40.0,18.0,89,36,FALSE
wpi617422439lm02566,2025-03-17_16h52.40.307,Congruent,CC12.png,20,Right,No,27.4658,146.0,24.0,73,12,TRUE
wpi617422439lm02566,2025-03-17_16h52.40.307,Congruent,CC7.png,21,Right,Yes,15.3487,36.0,24.0,19,10,FALSE
wpi617422439lm02566,2025-03-17_16h52.40.307,Congruent,CC6.png,22,Left,No,21.4985,33.0,30.0,37,30,FALSE
wpi617422439lm02566,2025-03-17_16h52.40.307,Congruent,CC1.png,23,Left,Yes,23.4319,80.0,12.0,29,4,FALSE
wpi617422439lm02566,2025-03-17_16h52.40.307,Congruent,CC4.png,24,Left,No,18.682,49.0,16.0,49,16,TRUE
wpi6174231530i78e83,2025-03-18_12h45.50.554,Incongruent,P9.png,1,Right,Yes,79.1664,33.0,14.0,33,14,TRUE
wpi6174231530i78e83,2025-03-18_12h45.50.554,Incongruent,P3.png,2,Left,Yes,36.7438,19.0,20.0,21,20,FALSE
wpi6174231530i78e83,2025-03-18_12h45.50.554,Incongruent,P2.png,3,Left,Yes,22.2628,20.0,12.0,28,15,FALSE
wpi6174231530i78e83,2025-03-18_12h45.50.554,Incongruent,P4.png,4,Left,No,14.5485,71.0,35.0,71,12,FALSE
wpi6174231530i78e83,2025-03-18_12h45.50.554,Incongruent,P5.png,5,Left,No,36.5621,31.0,24.0,31,24,TRUE
wpi6174231530i78e83,2025-03-18_12h45.50.554,Incongruent,P7.png,6,Right,Yes,44.0771,134.0,18.0,67,9,TRUE
wpi6174231530i78e83,2025-03-18_12h45.50.554,Incongruent,P12.png,7,Right,No,29.7622,51.0,28.0,51,28,TRUE
wpi6174231530i78e83,2025-03-18_12h45.50.554,Incongruent,P8.png,8,Right,Yes,82.4636,9.0,20.0,41,20,FALSE
wpi6174231530i78e83,2025-03-18_12h45.50.554,Incongruent,P1.png,9,Left,Yes,15.4417,84.0,200.0,31,20,FALSE
wpi6174231530i78e83,2025-03-18_12h45.50.554,Incongruent,P6.png,10,Left,No,21.1295,15.0,48.0,49,24,FALSE
wpi6174231530i78e83,2025-03-18_12h45.50.554,Incongruent,P10.png,11,Right,No,42.9783,43.0,12.0,43,12,TRUE
wpi6174231530i78e83,2025-03-18_12h45.50.554,Incongruent,P11.png,12,Right,No,17.6964,23.0,18.0,23,18,TRUE
wpi6174231530i78e83,2025-03-18_12h45.50.554,Incongruent,IC1.png,13,Left,Yes,36.4542,29.0,4.0,29,4,TRUE
wpi6174231530i78e83,2025-03-18_12h45.50.554,Incongruent,IC8.png,14,Right,Yes,10.9638,25.0,21.0,25,21,TRUE
wpi6174231530i78e83,2025-03-18_12h45.50.554,Incongruent,IC11.png,15,Right,No,10.031,19.0,24.0,19,24,TRUE
wpi6174231530i78e83,2025-03-18_12h45.50.554,Incongruent,IC10.png,16,Right,No,9.3406,37.0,16.0,37,16,TRUE
wpi6174231530i78e83,2025-03-18_12h45.50.554,Incongruent,IC9.png,17,Right,Yes,9.9386,43.0,14.0,43,14,TRUE
wpi6174231530i78e83,2025-03-18_12h45.50.554,Incongruent,IC4.png,18,Left,No,9.0815,49.0,16.0,49,16,TRUE
wpi6174231530i78e83,2025-03-18_12h45.50.554,Incongruent,IC3.png,19,Left,Yes,10.6312,89.0,36.0,89,36,TRUE
wpi6174231530i78e83,2025-03-18_12h45.50.554,Incongruent,IC7.png,20,Right,Yes,7.5492,19.0,10.0,19,10,TRUE
wpi6174231530i78e83,2025-03-18_12h45.50.554,Incongruent,IC5.png,21,Left,No,11.4967,29.0,18.0,29,18,TRUE
wpi6174231530i78e83,2025-03-18_12h45.50.554,Incongruent,IC2.png,22,Left,Yes,8.414,41.0,21.0,41,21,TRUE
wpi6174231530i78e83,2025-03-18_12h45.50.554,Incongruent,IC6.png,23,Left,No,7.9815,37.0,30.0,37,30,TRUE
wpi6174231530i78e83,2025-03-18_12h45.50.554,Incongruent,IC12.png,24,Right,No,8.0148,73.0,12.0,73,12,TRUE
wpi617427e760n70078,2025-03-23_21h06.07.275,Congruent,P10.png,1,Right,No,65.923,43.0,12.0,43,12,TRUE
wpi617427e760n70078,2025-03-23_21h06.07.275,Congruent,P12.png,2,Right,No,82.845,51.0,28.0,51,28,TRUE
wpi617427e760n70078,2025-03-23_21h06.07.275,Congruent,P6.png,3,Left,No,124.223,49.0,24.0,49,24,TRUE
wpi617427e760n70078,2025-03-23_21h06.07.275,Congruent,P4.png,4,Left,No,65.369,71.0,12.0,71,12,TRUE
wpi617427e760n70078,2025-03-23_21h06.07.275,Congruent,P11.png,5,Right,No,150.956,21.0,36.0,23,18,FALSE
wpi617427e760n70078,2025-03-23_21h06.07.275,Congruent,P3.png,6,Left,Yes,72.102,21.0,20.0,21,20,TRUE
wpi617427e760n70078,2025-03-23_21h06.07.275,Congruent,P5.png,7,Left,No,109.192,31.0,24.0,31,24,TRUE
wpi617427e760n70078,2025-03-23_21h06.07.275,Congruent,P2.png,8,Left,Yes,101.437,28.0,15.0,28,15,TRUE
wpi617427e760n70078,2025-03-23_21h06.07.275,Congruent,P8.png,9,Right,Yes,46.683,41.0,20.0,41,20,TRUE
wpi617427e760n70078,2025-03-23_21h06.07.275,Congruent,P7.png,10,Right,Yes,27.019,67.0,9.0,67,9,TRUE
wpi617427e760n70078,2025-03-23_21h06.07.275,Congruent,P1.png,11,Left,Yes,47.348,31.0,20.0,31,20,TRUE
wpi617427e760n70078,2025-03-23_21h06.07.275,Congruent,P9.png,12,Right,Yes,56.137,15.0,14.0,33,14,FALSE
wpi617427e760n70078,2025-03-23_21h06.07.275,Congruent,CC3.png,13,Left,Yes,104.2,89.0,36.0,89,36,TRUE
wpi617427e760n70078,2025-03-23_21h06.07.275,Congruent,CC2.png,14,Left,Yes,44.007,41.0,21.0,41,21,TRUE
wpi617427e760n70078,2025-03-23_21h06.07.275,Congruent,CC1.png,15,Left,Yes,23.925,29.0,4.0,29,4,TRUE
wpi617427e760n70078,2025-03-23_21h06.07.275,Congruent,CC8.png,16,Right,Yes,53.085,24.0,21.0,25,21,FALSE
wpi617427e760n70078,2025-03-23_21h06.07.275,Congruent,CC9.png,17,Right,Yes,36.436,39.0,14.0,43,14,FALSE
wpi617427e760n70078,2025-03-23_21h06.07.275,Congruent,CC12.png,18,Right,No,36.956,41.0,24.0,73,12,FALSE
wpi617427e760n70078,2025-03-23_21h06.07.275,Congruent,CC5.png,19,Left,No,18.45,89.0,36.0,29,18,FALSE
wpi617427e760n70078,2025-03-23_21h06.07.275,Congruent,CC6.png,20,Left,No,74.646,37.0,30.0,37,30,TRUE
wpi617427e760n70078,2025-03-23_21h06.07.275,Congruent,CC11.png,21,Right,No,70.907,19.0,24.0,19,24,TRUE
wpi617427e760n70078,2025-03-23_21h06.07.275,Congruent,CC10.png,22,Right,No,17.417,37.0,16.0,37,16,TRUE
wpi617427e760n70078,2025-03-23_21h06.07.275,Congruent,CC4.png,23,Left,No,24.07,49.0,16.0,49,16,TRUE
wpi617427e760n70078,2025-03-23_21h06.07.275,Congruent,CC7.png,24,Right,Yes,36.028,38.0,20.0,19,10,TRUE
wpi61742zp413500004,2025-03-19_16h01.37.143,Congruent,P2.png,1,Left,Yes,44.6688,28.0,15.0,28,15,TRUE
wpi61742zp413500004,2025-03-19_16h01.37.143,Congruent,P10.png,2,Right,No,16.5808,43.0,12.0,43,12,TRUE
wpi61742zp413500004,2025-03-19_16h01.37.143,Congruent,P9.png,3,Right,Yes,34.1695,99.0,21.0,33,14,FALSE
wpi61742zp413500004,2025-03-19_16h01.37.143,Congruent,P8.png,4,Right,Yes,18.7375,41.0,20.0,41,20,TRUE
wpi61742zp413500004,2025-03-19_16h01.37.143,Congruent,P7.png,5,Right,Yes,27.054,134.0,18.0,67,9,TRUE
wpi61742zp413500004,2025-03-19_16h01.37.143,Congruent,P5.png,6,Left,No,22.8981,21.0,24.0,31,24,FALSE
wpi61742zp413500004,2025-03-19_16h01.37.143,Congruent,P3.png,7,Left,Yes,32.3562,63.0,60.0,21,20,TRUE
wpi61742zp413500004,2025-03-19_16h01.37.143,Congruent,P11.png,8,Right,No,23.3714,23.0,18.0,23,18,TRUE
wpi61742zp413500004,2025-03-19_16h01.37.143,Congruent,P1.png,9,Left,Yes,11.1764,31.0,20.0,31,20,TRUE
wpi61742zp413500004,2025-03-19_16h01.37.143,Congruent,P12.png,10,Right,No,17.6364,51.0,28.0,51,28,TRUE
wpi61742zp413500004,2025-03-19_16h01.37.143,Congruent,P4.png,11,Left,No,15.6902,71.0,12.0,71,12,TRUE
wpi61742zp413500004,2025-03-19_16h01.37.143,Congruent,P6.png,12,Left,No,17.0657,49.0,24.0,49,24,TRUE
wpi61742zp413500004,2025-03-19_16h01.37.143,Congruent,CC6.png,13,Left,No,34.8296,185.0,150.0,37,30,TRUE
wpi61742zp413500004,2025-03-19_16h01.37.143,Congruent,CC9.png,14,Right,Yes,35.2622,129.0,42.0,43,14,TRUE
wpi61742zp413500004,2025-03-19_16h01.37.143,Congruent,CC3.png,15,Left,Yes,19.0345,89.0,36.0,89,36,TRUE
wpi61742zp413500004,2025-03-19_16h01.37.143,Congruent,CC5.png,16,Left,No,28.3542,29.0,18.0,29,18,TRUE
wpi61742zp413500004,2025-03-19_16h01.37.143,Congruent,CC10.png,17,Right,No,10.9283,37.0,16.0,37,16,TRUE
wpi61742zp413500004,2025-03-19_16h01.37.143,Congruent,CC1.png,18,Left,Yes,10.1339,87.0,12.0,29,4,TRUE
wpi61742zp413500004,2025-03-19_16h01.37.143,Congruent,CC7.png,19,Right,Yes,9.4151,38.0,20.0,19,10,TRUE
wpi61742zp413500004,2025-03-19_16h01.37.143,Congruent,CC2.png,20,Left,Yes,81.4943,82.0,54.0,41,21,FALSE
wpi61742zp413500004,2025-03-19_16h01.37.143,Congruent,CC4.png,21,Left,No,8.9715,49.0,16.0,49,16,TRUE
wpi61742zp413500004,2025-03-19_16h01.37.143,Congruent,CC12.png,22,Right,No,12.5127,73.0,12.0,73,12,TRUE
wpi61742zp413500004,2025-03-19_16h01.37.143,Congruent,CC8.png,23,Right,Yes,17.9527,50.0,54.0,25,21,FALSE
wpi61742zp413500004,2025-03-19_16h01.37.143,Congruent,CC11.png,24,Right,No,26.1981,19.0,24.0,19,24,TRUE
wpi61743350pn510653,2025-03-30_12h20.53.850,Congruent,P7.png,1,Right,Yes,28.7093,67.0,9.0,67,9,TRUE
wpi61743350pn510653,2025-03-30_12h20.53.850,Congruent,P11.png,2,Right,No,38.8991,42.0,54.0,23,18,FALSE
wpi61743350pn510653,2025-03-30_12h20.53.850,Congruent,P8.png,3,Right,Yes,39.849,41.0,20.0,41,20,TRUE
wpi61743350pn510653,2025-03-30_12h20.53.850,Congruent,P12.png,4,Right,No,63.8999,102.0,56.0,51,28,TRUE
wpi61743350pn510653,2025-03-30_12h20.53.850,Congruent,P3.png,5,Left,Yes,35.5164,63.0,60.0,21,20,TRUE
wpi61743350pn510653,2025-03-30_12h20.53.850,Congruent,P2.png,6,Left,Yes,47.5492,56.0,30.0,28,15,TRUE
wpi61743350pn510653,2025-03-30_12h20.53.850,Congruent,P5.png,7,Left,No,27.2156,31.0,24.0,31,24,TRUE
wpi61743350pn510653,2025-03-30_12h20.53.850,Congruent,P1.png,8,Left,Yes,22.3334,31.0,20.0,31,20,TRUE
wpi61743350pn510653,2025-03-30_12h20.53.850,Congruent,P9.png,9,Right,Yes,36.9491,99.0,41.0,33,14,FALSE
wpi61743350pn510653,2025-03-30_12h20.53.850,Congruent,P10.png,10,Right,No,40.3991,43.0,12.0,43,12,TRUE
wpi61743350pn510653,2025-03-30_12h20.53.850,Congruent,P6.png,11,Left,No,38.7323,49.0,24.0,49,24,TRUE
wpi61743350pn510653,2025-03-30_12h20.53.850,Congruent,P4.png,12,Left,No,14.3321,71.0,12.0,71,12,TRUE
wpi61743350pn510653,2025-03-30_12h20.53.850,Congruent,CC5.png,13,Left,No,32.2777,29.0,18.0,29,18,TRUE
wpi61743350pn510653,2025-03-30_12h20.53.850,Congruent,CC1.png,14,Left,Yes,30.8324,87.0,12.0,29,4,TRUE
wpi61743350pn510653,2025-03-30_12h20.53.850,Congruent,CC12.png,15,Right,No,49.9994,23.3,4.0,73,12,FALSE
wpi61743350pn510653,2025-03-30_12h20.53.850,Congruent,CC2.png,16,Left,Yes,56.3343,41.0,21.0,41,21,TRUE
wpi61743350pn510653,2025-03-30_12h20.53.850,Congruent,CC10.png,17,Right,No,14.3652,37.0,16.0,37,16,TRUE
wpi61743350pn510653,2025-03-30_12h20.53.850,Congruent,CC9.png,18,Right,Yes,36.233,129.0,42.0,43,14,TRUE
wpi61743350pn510653,2025-03-30_12h20.53.850,Congruent,CC8.png,19,Right,Yes,30.5657,25.0,21.0,25,21,TRUE
wpi61743350pn510653,2025-03-30_12h20.53.850,Congruent,CC7.png,20,Right,Yes,18.8823,38.0,20.0,19,10,TRUE
wpi61743350pn510653,2025-03-30_12h20.53.850,Congruent,CC11.png,21,Right,No,28.5824,19.0,24.0,19,24,TRUE
wpi61743350pn510653,2025-03-30_12h20.53.850,Congruent,CC6.png,22,Left,No,25.332,37.0,30.0,37,30,TRUE
wpi61743350pn510653,2025-03-30_12h20.53.850,Congruent,CC3.png,23,Left,Yes,36.4159,89.0,36.0,89,36,TRUE
wpi61743350pn510653,2025-03-30_12h20.53.850,Congruent,CC4.png,24,Left,No,15.2821,49.0,16.0,49,16,TRUE
wpi61743463d53c8386,2025-03-31_19h39.16.570,Congruent,P8.png,1,Right,Yes,42.3719,41.0,20.0,41,20,TRUE
wpi61743463d53c8386,2025-03-31_19h39.16.570,Congruent,P9.png,2,Right,Yes,51.1723,33.0,14.0,33,14,TRUE
wpi61743463d53c8386,2025-03-31_19h39.16.570,Congruent,P5.png,3,Left,No,41.7146,124.0,92.0,31,24,FALSE
wpi61743463d53c8386,2025-03-31_19h39.16.570,Congruent,P10.png,4,Right,No,20.3334,43.0,12.0,43,12,TRUE
wpi61743463d53c8386,2025-03-31_19h39.16.570,Congruent,P11.png,5,Right,No,34.0799,69.0,54.0,23,18,TRUE
wpi61743463d53c8386,2025-03-31_19h39.16.570,Congruent,P6.png,6,Left,No,17.1868,98.0,48.0,49,24,TRUE
wpi61743463d53c8386,2025-03-31_19h39.16.570,Congruent,P2.png,7,Left,Yes,23.7619,28.0,15.0,28,15,TRUE
wpi61743463d53c8386,2025-03-31_19h39.16.570,Congruent,P4.png,8,Left,No,16.3593,71.0,12.0,71,12,TRUE
wpi61743463d53c8386,2025-03-31_19h39.16.570,Congruent,P12.png,9,Right,No,27.1801,122.0,56.0,51,28,FALSE
wpi61743463d53c8386,2025-03-31_19h39.16.570,Congruent,P1.png,10,Left,Yes,20.4238,35.0,20.0,31,20,FALSE
wpi61743463d53c8386,2025-03-31_19h39.16.570,Congruent,P7.png,11,Right,Yes,16.2767,67.0,9.0,67,9,TRUE
wpi61743463d53c8386,2025-03-31_19h39.16.570,Congruent,P3.png,12,Left,Yes,17.7581,21.0,20.0,21,20,TRUE
wpi61743463d53c8386,2025-03-31_19h39.16.570,Congruent,CC8.png,13,Right,Yes,15.1437,25.0,21.0,25,21,TRUE
wpi61743463d53c8386,2025-03-31_19h39.16.570,Congruent,CC11.png,14,Right,No,18.8993,76.0,96.0,19,24,TRUE
wpi61743463d53c8386,2025-03-31_19h39.16.570,Congruent,CC9.png,15,Right,Yes,16.651,43.0,14.0,43,14,TRUE
wpi61743463d53c8386,2025-03-31_19h39.16.570,Congruent,CC5.png,16,Left,No,20.5427,87.0,54.0,29,18,TRUE
wpi61743463d53c8386,2025-03-31_19h39.16.570,Congruent,CC6.png,17,Left,No,36.7424,37.0,30.0,37,30,TRUE
wpi61743463d53c8386,2025-03-31_19h39.16.570,Congruent,CC12.png,18,Right,No,13.8894,73.0,12.0,73,12,TRUE
wpi61743463d53c8386,2025-03-31_19h39.16.570,Congruent,CC7.png,19,Right,Yes,15.5788,19.0,10.0,19,10,TRUE
wpi61743463d53c8386,2025-03-31_19h39.16.570,Congruent,CC2.png,20,Left,Yes,27.5815,82.0,42.0,41,21,TRUE
wpi61743463d53c8386,2025-03-31_19h39.16.570,Congruent,CC10.png,21,Right,No,13.9801,37.0,16.0,37,16,TRUE
wpi61743463d53c8386,2025-03-31_19h39.16.570,Congruent,CC4.png,22,Left,No,11.287,49.0,16.0,49,16,TRUE
wpi61743463d53c8386,2025-03-31_19h39.16.570,Congruent,CC1.png,23,Left,Yes,13.0055,29.0,4.0,29,4,TRUE
wpi61743463d53c8386,2025-03-31_19h39.16.570,Congruent,CC3.png,24,Left,Yes,32.2991,89.0,36.0,89,36,TRUE
wpi617444x7x9307749,2025-04-12_13h53.32.428,Incongruent,P4.png,1,Left,No,24.7634,63.0,12.0,71,12,FALSE
wpi617444x7x9307749,2025-04-12_13h53.32.428,Incongruent,P1.png,2,Left,Yes,59.3513,247.0,20.0,31,20,FALSE
wpi617444x7x9307749,2025-04-12_13h53.32.428,Incongruent,P9.png,3,Right,Yes,66.0052,33.0,14.0,33,14,TRUE
wpi617444x7x9307749,2025-04-12_13h53.32.428,Incongruent,P8.png,4,Right,Yes,31.3874,41.0,20.0,41,20,TRUE
wpi617444x7x9307749,2025-04-12_13h53.32.428,Incongruent,P6.png,5,Left,No,54.5923,98.0,48.0,49,24,TRUE
wpi617444x7x9307749,2025-04-12_13h53.32.428,Incongruent,P11.png,6,Right,No,44.5486,81.0,54.0,23,18,FALSE
wpi617444x7x9307749,2025-04-12_13h53.32.428,Incongruent,P10.png,7,Right,No,17.1489,53.0,12.0,43,12,FALSE
wpi617444x7x9307749,2025-04-12_13h53.32.428,Incongruent,P7.png,8,Right,Yes,30.2409,67.0,9.0,67,9,TRUE
wpi617444x7x9307749,2025-04-12_13h53.32.428,Incongruent,P12.png,9,Right,No,32.4573,51.0,28.0,51,28,TRUE
wpi617444x7x9307749,2025-04-12_13h53.32.428,Incongruent,P3.png,10,Left,Yes,63.083,63.0,60.0,21,20,TRUE
wpi617444x7x9307749,2025-04-12_13h53.32.428,Incongruent,P2.png,11,Left,Yes,28.5074,112.0,60.0,28,15,TRUE
wpi617444x7x9307749,2025-04-12_13h53.32.428,Incongruent,P5.png,12,Left,No,19.0662,31.0,24.0,31,24,TRUE
wpi617444x7x9307749,2025-04-12_13h53.32.428,Incongruent,IC10.png,13,Right,No,16.4526,37.0,16.0,37,16,TRUE
wpi617444x7x9307749,2025-04-12_13h53.32.428,Incongruent,IC9.png,14,Right,Yes,23.9058,129.0,42.0,43,14,TRUE
wpi617444x7x9307749,2025-04-12_13h53.32.428,Incongruent,IC8.png,15,Right,Yes,50.1901,50.0,42.0,25,21,TRUE
wpi617444x7x9307749,2025-04-12_13h53.32.428,Incongruent,IC11.png,16,Right,No,28.2237,13.0,24.0,19,24,FALSE
wpi617444x7x9307749,2025-04-12_13h53.32.428,Incongruent,IC6.png,17,Left,No,22.4768,37.0,30.0,37,30,TRUE
wpi617444x7x9307749,2025-04-12_13h53.32.428,Incongruent,IC5.png,18,Left,No,19.2558,29.0,18.0,29,18,TRUE
wpi617444x7x9307749,2025-04-12_13h53.32.428,Incongruent,IC2.png,19,Left,Yes,43.3075,82.0,42.0,41,21,TRUE
wpi617444x7x9307749,2025-04-12_13h53.32.428,Incongruent,IC4.png,20,Left,No,12.7253,49.0,16.0,49,16,TRUE
wpi617444x7x9307749,2025-04-12_13h53.32.428,Incongruent,IC3.png,21,Left,Yes,21.3837,89.0,36.0,89,36,TRUE
wpi617444x7x9307749,2025-04-12_13h53.32.428,Incongruent,IC7.png,22,Right,Yes,10.7878,38.0,20.0,19,10,TRUE
wpi617444x7x9307749,2025-04-12_13h53.32.428,Incongruent,IC12.png,23,Right,No,14.3254,73.0,12.0,73,12,TRUE
wpi617444x7x9307749,2025-04-12_13h53.32.428,Incongruent,IC1.png,24,Left,Yes,11.2675,87.0,12.0,29,4,TRUE
wpi6174466v6711i514,2025-04-14_17h58.41.517,Congruent,P5.png,1,Left,No,47.639,31.0,24.0,31,24,TRUE
wpi6174466v6711i514,2025-04-14_17h58.41.517,Congruent,P6.png,2,Left,No,42.328,30.0,16.0,49,24,FALSE
wpi6174466v6711i514,2025-04-14_17h58.41.517,Congruent,P9.png,3,Right,Yes,58.865,100.0,48.0,33,14,FALSE
wpi6174466v6711i514,2025-04-14_17h58.41.517,Congruent,P3.png,4,Left,Yes,54.214,24.0,30.0,21,20,FALSE
wpi6174466v6711i514,2025-04-14_17h58.41.517,Congruent,P11.png,5,Right,No,31.806,11.5,9.0,23,18,TRUE
wpi6174466v6711i514,2025-04-14_17h58.41.517,Congruent,P4.png,6,Left,No,20.432,81.0,12.0,71,12,FALSE
wpi6174466v6711i514,2025-04-14_17h58.41.517,Congruent,P7.png,7,Right,Yes,34.978,101.0,18.0,67,9,FALSE
wpi6174466v6711i514,2025-04-14_17h58.41.517,Congruent,P12.png,8,Right,No,83.976,25.5,14.0,51,28,TRUE
wpi6174466v6711i514,2025-04-14_17h58.41.517,Congruent,P1.png,9,Left,Yes,17.741,31.0,20.0,31,20,TRUE
wpi6174466v6711i514,2025-04-14_17h58.41.517,Congruent,P8.png,10,Right,Yes,25.034,20.5,10.0,41,20,TRUE
wpi6174466v6711i514,2025-04-14_17h58.41.517,Congruent,P10.png,11,Right,No,40.693,39.0,12.0,43,12,FALSE
wpi6174466v6711i514,2025-04-14_17h58.41.517,Congruent,P2.png,12,Left,Yes,25.741,37.3,20.0,28,15,FALSE
wpi6174466v6711i514,2025-04-14_17h58.41.517,Congruent,CC9.png,13,Right,Yes,36.729,33.0,21.0,43,14,FALSE
wpi6174466v6711i514,2025-04-14_17h58.41.517,Congruent,CC4.png,14,Left,No,15.571,49.0,16.0,49,16,TRUE
wpi6174466v6711i514,2025-04-14_17h58.41.517,Congruent,CC3.png,15,Left,Yes,27.61,89.0,36.0,89,36,TRUE
wpi6174466v6711i514,2025-04-14_17h58.41.517,Congruent,CC10.png,16,Right,No,9.539,37.0,16.0,37,16,TRUE
wpi6174466v6711i514,2025-04-14_17h58.41.517,Congruent,CC2.png,17,Left,Yes,20.031,23.0,14.0,41,21,FALSE
wpi6174466v6711i514,2025-04-14_17h58.41.517,Congruent,CC11.png,18,Right,No,44.089,9.5,12.0,19,24,TRUE
wpi6174466v6711i514,2025-04-14_17h58.41.517,Congruent,CC1.png,19,Left,Yes,35.232,87.0,12.0,29,4,TRUE
wpi6174466v6711i514,2025-04-14_17h58.41.517,Congruent,CC7.png,20,Right,Yes,13.162,38.0,20.0,19,10,TRUE
wpi6174466v6711i514,2025-04-14_17h58.41.517,Congruent,CC8.png,21,Right,Yes,18.581,17.0,14.0,25,21,FALSE
wpi6174466v6711i514,2025-04-14_17h58.41.517,Congruent,CC6.png,22,Left,No,17.249,18.5,15.0,37,30,TRUE
wpi6174466v6711i514,2025-04-14_17h58.41.517,Congruent,CC12.png,23,Right,No,12.719,36.5,6.0,73,12,TRUE
wpi6174466v6711i514,2025-04-14_17h58.41.517,Congruent,CC5.png,24,Left,No,30.981,33.0,18.0,29,18,FALSE
wpi6174493xg0886649,2025-04-17_19h27.28.097,Incongruent,P2.png,1,Left,Yes,35.437,8,15,28,15,FALSE
wpi6174493xg0886649,2025-04-17_19h27.28.097,Incongruent,P7.png,2,Right,Yes,19.237,67,9,67,9,TRUE
wpi6174493xg0886649,2025-04-17_19h27.28.097,Incongruent,P5.png,3,Left,No,39.463,35,"20

",31,24,FALSE
wpi6174493xg0886649,2025-04-17_19h27.28.097,Incongruent,P1.png,4,Left,Yes,48.741,37,20,31,20,FALSE
wpi6174493xg0886649,2025-04-17_19h27.28.097,Incongruent,P10.png,5,Right,No,51.951,55,12,43,12,FALSE
wpi6174493xg0886649,2025-04-17_19h27.28.097,Incongruent,P12.png,6,Right,No,11.816,7,13,51,28,FALSE
wpi6174493xg0886649,2025-04-17_19h27.28.097,Incongruent,P6.png,7,Left,No,27.09,45,60,49,24,FALSE
wpi6174493xg0886649,2025-04-17_19h27.28.097,Incongruent,P9.png,8,Right,Yes,32.165,18,21,33,14,FALSE
wpi6174493xg0886649,2025-04-17_19h27.28.097,Incongruent,P8.png,9,Right,Yes,19.289,9,"5

",41,20,FALSE
wpi6174493xg0886649,2025-04-17_19h27.28.097,Incongruent,P11.png,10,Right,No,15.942,19,18,23,18,FALSE
wpi6174493xg0886649,2025-04-17_19h27.28.097,Incongruent,P3.png,11,Left,Yes,25.349,21,20,21,20,TRUE
wpi6174493xg0886649,2025-04-17_19h27.28.097,Incongruent,P4.png,12,Left,No,6.513,"this

",sucks,71,12,FALSE
wpi6174493xg0886649,2025-04-17_19h27.28.097,Incongruent,IC11.png,13,Right,No,30.349,1,1,19,24,FALSE
wpi6174493xg0886649,2025-04-17_19h27.28.097,Incongruent,IC8.png,14,Right,Yes,29.615,22,10,25,21,FALSE
wpi6174493xg0886649,2025-04-17_19h27.28.097,Incongruent,IC1.png,15,Left,Yes,32.666,279,24,29,4,FALSE
wpi6174493xg0886649,2025-04-17_19h27.28.097,Incongruent,IC7.png,16,Right,Yes,30.248,69,40,19,10,FALSE
wpi6174493xg0886649,2025-04-17_19h27.28.097,Incongruent,IC5.png,17,Left,No,26.068,25,9,29,18,FALSE
wpi6174493xg0886649,2025-04-17_19h27.28.097,Incongruent,IC2.png,18,Left,Yes,17.373,32,21,41,21,FALSE
wpi6174493xg0886649,2025-04-17_19h27.28.097,Incongruent,IC12.png,19,Right,No,22.548,15,4,73,12,FALSE
wpi6174493xg0886649,2025-04-17_19h27.28.097,Incongruent,IC4.png,20,Left,No,7.205,"please

","stop

",49,16,FALSE
wpi6174493xg0886649,2025-04-17_19h27.28.097,Incongruent,IC6.png,21,Left,No,44.735,1,1,37,30,FALSE
wpi6174493xg0886649,2025-04-17_19h27.28.097,Incongruent,IC9.png,22,Right,Yes,23.534,94,42,43,14,FALSE
wpi6174493xg0886649,2025-04-17_19h27.28.097,Incongruent,IC3.png,23,Left,Yes,21.733,22,9,89,36,FALSE
wpi6174493xg0886649,2025-04-17_19h27.28.097,Incongruent,IC10.png,24,Right,No,20.222,20,16,37,16,FALSE
wpi6174587y97937z96,2025-04-28_18h53.13.192,Incongruent,P1.png,1,Left,Yes,13.1862,31.0,20.0,31,20,TRUE
wpi6174587y97937z96,2025-04-28_18h53.13.192,Incongruent,P7.png,2,Right,Yes,21.8001,67.0,9.0,67,9,TRUE
wpi6174587y97937z96,2025-04-28_18h53.13.192,Incongruent,P4.png,3,Left,No,14.3481,71.0,12.0,71,12,TRUE
wpi6174587y97937z96,2025-04-28_18h53.13.192,Incongruent,P3.png,4,Left,Yes,29.8318,21.0,20.0,21,20,TRUE
wpi6174587y97937z96,2025-04-28_18h53.13.192,Incongruent,P2.png,5,Left,Yes,29.4641,28.0,15.0,28,15,TRUE
wpi6174587y97937z96,2025-04-28_18h53.13.192,Incongruent,P12.png,6,Right,No,65.263,102.0,56.0,51,28,TRUE
wpi6174587y97937z96,2025-04-28_18h53.13.192,Incongruent,P6.png,7,Left,No,26.9634,98.0,48.0,49,24,TRUE
wpi6174587y97937z96,2025-04-28_18h53.13.192,Incongruent,P8.png,8,Right,Yes,24.3331,41.0,20.0,41,20,TRUE
wpi6174587y97937z96,2025-04-28_18h53.13.192,Incongruent,P9.png,9,Right,Yes,24.2303,33.0,14.0,33,14,TRUE
wpi6174587y97937z96,2025-04-28_18h53.13.192,Incongruent,P5.png,10,Left,No,28.5809,31.0,24.0,31,24,TRUE
wpi6174587y97937z96,2025-04-28_18h53.13.192,Incongruent,P11.png,11,Right,No,21.6314,23.0,18.0,23,18,TRUE
wpi6174587y97937z96,2025-04-28_18h53.13.192,Incongruent,P10.png,12,Right,No,14.312,43.0,12.0,43,12,TRUE
wpi6174587y97937z96,2025-04-28_18h53.13.192,Incongruent,IC4.png,13,Left,No,17.1077,49.0,16.0,49,16,TRUE
wpi6174587y97937z96,2025-04-28_18h53.13.192,Incongruent,IC5.png,14,Left,No,20.6698,29.0,18.0,29,18,TRUE
wpi6174587y97937z96,2025-04-28_18h53.13.192,Incongruent,IC12.png,15,Right,No,17.9905,73.0,12.0,73,12,TRUE
wpi6174587y97937z96,2025-04-28_18h53.13.192,Incongruent,IC9.png,16,Right,Yes,29.9637,43.0,14.0,43,14,TRUE
wpi6174587y97937z96,2025-04-28_18h53.13.192,Incongruent,IC11.png,17,Right,No,15.3814,19.0,24.0,19,24,TRUE
wpi6174587y97937z96,2025-04-28_18h53.13.192,Incongruent,IC3.png,18,Left,Yes,22.4645,89.0,36.0,89,36,TRUE
wpi6174587y97937z96,2025-04-28_18h53.13.192,Incongruent,IC10.png,19,Right,No,11.7521,37.0,16.0,37,16,TRUE
wpi6174587y97937z96,2025-04-28_18h53.13.192,Incongruent,IC2.png,20,Left,Yes,28.3936,41.0,21.0,41,21,TRUE
wpi6174587y97937z96,2025-04-28_18h53.13.192,Incongruent,IC6.png,21,Left,No,21.0168,37.0,30.0,37,30,TRUE
wpi6174587y97937z96,2025-04-28_18h53.13.192,Incongruent,IC7.png,22,Right,Yes,17.5788,19.0,10.0,19,10,TRUE
wpi6174587y97937z96,2025-04-28_18h53.13.192,Incongruent,IC8.png,23,Right,Yes,25.7307,25.0,21.0,25,21,TRUE
wpi6174587y97937z96,2025-04-28_18h53.13.192,Incongruent,IC1.png,24,Left,Yes,14.5151,87.0,12.0,29,4,TRUE
wpi617460472ui18093,2025-04-30_17h23.27.347,Incongruent,P12.png,1,Right,No,128.1848,51.0,28.0,51,28,TRUE
wpi617460472ui18093,2025-04-30_17h23.27.347,Incongruent,P9.png,2,Right,Yes,26.9013,33.0,14.0,33,14,TRUE
wpi617460472ui18093,2025-04-30_17h23.27.347,Incongruent,P6.png,3,Left,No,22.6971,49.0,24.0,49,24,TRUE
wpi617460472ui18093,2025-04-30_17h23.27.347,Incongruent,P8.png,4,Right,Yes,21.6541,41.0,20.0,41,20,TRUE
wpi617460472ui18093,2025-04-30_17h23.27.347,Incongruent,P3.png,5,Left,Yes,22.7779,21.0,20.0,21,20,TRUE
wpi617460472ui18093,2025-04-30_17h23.27.347,Incongruent,P10.png,6,Right,No,21.7055,43.0,12.0,43,12,TRUE
wpi617460472ui18093,2025-04-30_17h23.27.347,Incongruent,P11.png,7,Right,No,23.1897,37.0,12.0,23,18,FALSE
wpi617460472ui18093,2025-04-30_17h23.27.347,Incongruent,P2.png,8,Left,Yes,19.5824,28.0,15.0,28,15,TRUE
wpi617460472ui18093,2025-04-30_17h23.27.347,Incongruent,P1.png,9,Left,Yes,27.9909,31.0,20.0,31,20,TRUE
wpi617460472ui18093,2025-04-30_17h23.27.347,Incongruent,P7.png,10,Right,Yes,24.4902,67.0,9.0,67,9,TRUE
wpi617460472ui18093,2025-04-30_17h23.27.347,Incongruent,P4.png,11,Left,No,20.9949,71.0,12.0,71,12,TRUE
wpi617460472ui18093,2025-04-30_17h23.27.347,Incongruent,P5.png,12,Left,No,20.9554,31.0,24.0,31,24,TRUE
wpi617460472ui18093,2025-04-30_17h23.27.347,Incongruent,IC9.png,13,Right,Yes,39.027,43.0,14.0,43,14,TRUE
wpi617460472ui18093,2025-04-30_17h23.27.347,Incongruent,IC4.png,14,Left,No,21.3014,49.0,16.0,49,16,TRUE
wpi617460472ui18093,2025-04-30_17h23.27.347,Incongruent,IC8.png,15,Right,Yes,21.5393,25.0,21.0,25,21,TRUE
wpi617460472ui18093,2025-04-30_17h23.27.347,Incongruent,IC12.png,16,Right,No,21.5268,73.0,12.0,73,12,TRUE
wpi617460472ui18093,2025-04-30_17h23.27.347,Incongruent,IC7.png,17,Right,Yes,22.9148,19.0,10.0,19,10,TRUE
wpi617460472ui18093,2025-04-30_17h23.27.347,Incongruent,IC3.png,18,Left,Yes,22.5958,89.0,36.0,89,36,TRUE
wpi617460472ui18093,2025-04-30_17h23.27.347,Incongruent,IC1.png,19,Left,Yes,18.2133,29.0,4.0,29,4,TRUE
wpi617460472ui18093,2025-04-30_17h23.27.347,Incongruent,IC5.png,20,Left,No,20.7414,29.0,18.0,29,18,TRUE
wpi617460472ui18093,2025-04-30_17h23.27.347,Incongruent,IC6.png,21,Left,No,23.4977,37.0,30.0,37,30,TRUE
wpi617460472ui18093,2025-04-30_17h23.27.347,Incongruent,IC2.png,22,Left,Yes,18.9788,41.0,21.0,41,21,TRUE
wpi617460472ui18093,2025-04-30_17h23.27.347,Incongruent,IC11.png,23,Right,No,84.7569,19.0,24.0,19,24,TRUE
wpi617460472ui18093,2025-04-30_17h23.27.347,Incongruent,IC10.png,24,Right,No,19.7197,37.0,16.0,37,16,TRUE
wpi617460iz56592744,2025-04-30_20h01.33.191,Congruent,P7.png,1,Right,Yes,37.9571,67.0,9.0,67,9,TRUE
wpi617460iz56592744,2025-04-30_20h01.33.191,Congruent,P5.png,2,Left,No,38.799,41.0,24.0,31,24,FALSE
wpi617460iz56592744,2025-04-30_20h01.33.191,Congruent,P10.png,3,Right,No,17.2985,43.0,12.0,43,12,TRUE
wpi617460iz56592744,2025-04-30_20h01.33.191,Congruent,P8.png,4,Right,Yes,25.3002,41.0,20.0,41,20,TRUE
wpi617460iz56592744,2025-04-30_20h01.33.191,Congruent,P1.png,5,Left,Yes,28.7661,31.0,20.0,31,20,TRUE
wpi617460iz56592744,2025-04-30_20h01.33.191,Congruent,P2.png,6,Left,Yes,33.199,28.0,15.0,28,15,TRUE
wpi617460iz56592744,2025-04-30_20h01.33.191,Congruent,P12.png,7,Right,No,31.8333,51.0,28.0,51,28,TRUE
wpi617460iz56592744,2025-04-30_20h01.33.191,Congruent,P3.png,8,Left,Yes,50.6677,21.0,20.0,21,20,TRUE
wpi617460iz56592744,2025-04-30_20h01.33.191,Congruent,P4.png,9,Left,No,20.5663,71.0,12.0,71,12,TRUE
wpi617460iz56592744,2025-04-30_20h01.33.191,Congruent,P6.png,10,Left,No,25.7994,49.0,24.0,49,24,TRUE
wpi617460iz56592744,2025-04-30_20h01.33.191,Congruent,P11.png,11,Right,No,49.8661,69.0,54.0,23,18,TRUE
wpi617460iz56592744,2025-04-30_20h01.33.191,Congruent,P9.png,12,Right,Yes,23.9655,33.0,14.0,33,14,TRUE
wpi617460iz56592744,2025-04-30_20h01.33.191,Congruent,CC9.png,13,Right,Yes,36.7588,43.0,14.0,43,14,TRUE
wpi617460iz56592744,2025-04-30_20h01.33.191,Congruent,CC10.png,14,Right,No,24.6647,37.0,16.0,37,16,TRUE
wpi617460iz56592744,2025-04-30_20h01.33.191,Congruent,CC7.png,15,Right,Yes,18.1322,19.0,10.0,19,10,TRUE
wpi617460iz56592744,2025-04-30_20h01.33.191,Congruent,CC3.png,16,Left,Yes,27.7006,89.0,36.0,89,36,TRUE
wpi617460iz56592744,2025-04-30_20h01.33.191,Congruent,CC4.png,17,Left,No,10.6319,49.0,16.0,49,16,TRUE
wpi617460iz56592744,2025-04-30_20h01.33.191,Congruent,CC6.png,18,Left,No,13.6328,23.0,30.0,37,30,FALSE
wpi617460iz56592744,2025-04-30_20h01.33.191,Congruent,CC11.png,19,Right,No,26.1663,19.0,24.0,19,24,TRUE
wpi617460iz56592744,2025-04-30_20h01.33.191,Congruent,CC5.png,20,Left,No,27.5647,87.0,54.0,29,18,TRUE
wpi617460iz56592744,2025-04-30_20h01.33.191,Congruent,CC8.png,21,Right,Yes,16.4656,25.0,21.0,25,21,TRUE
wpi617460iz56592744,2025-04-30_20h01.33.191,Congruent,CC12.png,22,Right,No,14.8669,73.0,12.0,73,12,TRUE
wpi617460iz56592744,2025-04-30_20h01.33.191,Congruent,CC2.png,23,Left,Yes,24.9328,41.0,21.0,41,21,TRUE
wpi617460iz56592744,2025-04-30_20h01.33.191,Congruent,CC1.png,24,Left,Yes,15.8988,29.0,4.0,29,4,TRUE
wpi6174629zj8408259,2025-05-03_15h12.09.887,Congruent,P2.png,1,Left,Yes,105.685,21.0,2.0,28,15,FALSE
wpi6174629zj8408259,2025-05-03_15h12.09.887,Congruent,P12.png,2,Right,No,50.943,51.0,28.0,51,28,TRUE
wpi6174629zj8408259,2025-05-03_15h12.09.887,Congruent,P9.png,3,Right,Yes,37.317,33.0,14.0,33,14,TRUE
wpi6174629zj8408259,2025-05-03_15h12.09.887,Congruent,P11.png,4,Right,No,28.704,23.0,18.0,23,18,TRUE
wpi6174629zj8408259,2025-05-03_15h12.09.887,Congruent,P7.png,5,Right,Yes,36.109,67.0,9.0,67,9,TRUE
wpi6174629zj8408259,2025-05-03_15h12.09.887,Congruent,P1.png,6,Left,Yes,29.024,31.0,20.0,31,20,TRUE
wpi6174629zj8408259,2025-05-03_15h12.09.887,Congruent,P6.png,7,Left,No,32.736,49.0,24.0,49,24,TRUE
wpi6174629zj8408259,2025-05-03_15h12.09.887,Congruent,P3.png,8,Left,Yes,40.132,21.0,20.0,21,20,TRUE
wpi6174629zj8408259,2025-05-03_15h12.09.887,Congruent,P8.png,9,Right,Yes,28.822,41.0,20.0,41,20,TRUE
wpi6174629zj8408259,2025-05-03_15h12.09.887,Congruent,P5.png,10,Left,No,25.897,31.0,24.0,31,24,TRUE
wpi6174629zj8408259,2025-05-03_15h12.09.887,Congruent,P10.png,11,Right,No,27.94,43.0,12.0,43,12,TRUE
wpi6174629zj8408259,2025-05-03_15h12.09.887,Congruent,P4.png,12,Left,No,36.549,71.0,12.0,71,12,TRUE
wpi6174629zj8408259,2025-05-03_15h12.09.887,Congruent,CC11.png,13,Right,No,23.277,1.0,1.0,19,24,FALSE
wpi6174629zj8408259,2025-05-03_15h12.09.887,Congruent,CC8.png,14,Right,Yes,45.957,18.0,21.0,25,21,FALSE
wpi6174629zj8408259,2025-05-03_15h12.09.887,Congruent,CC2.png,15,Left,Yes,57.627,25.0,14.0,41,21,FALSE
wpi6174629zj8408259,2025-05-03_15h12.09.887,Congruent,CC1.png,16,Left,Yes,76.891,29.0,4.0,29,4,TRUE
wpi6174629zj8408259,2025-05-03_15h12.09.887,Congruent,CC4.png,17,Left,No,28.365,49.0,16.0,49,16,TRUE
wpi6174629zj8408259,2025-05-03_15h12.09.887,Congruent,CC9.png,18,Right,Yes,27.279,43.0,14.0,43,14,TRUE
wpi6174629zj8408259,2025-05-03_15h12.09.887,Congruent,CC7.png,19,Right,Yes,40.931,38.0,20.0,19,10,TRUE
wpi6174629zj8408259,2025-05-03_15h12.09.887,Congruent,CC5.png,20,Left,No,21.825,56.0,98.0,29,18,FALSE
wpi6174629zj8408259,2025-05-03_15h12.09.887,Congruent,CC10.png,21,Right,No,31.875,51.0,16.0,37,16,FALSE
wpi6174629zj8408259,2025-05-03_15h12.09.887,Congruent,CC6.png,22,Left,No,39.637,37.0,30.0,37,30,TRUE
wpi6174629zj8408259,2025-05-03_15h12.09.887,Congruent,CC12.png,23,Right,No,28.366,73.0,12.0,73,12,TRUE
wpi6174629zj8408259,2025-05-03_15h12.09.887,Congruent,CC3.png,24,Left,Yes,32.199,89.0,36.0,89,36,TRUE
wpi61746372932l8p20,2025-05-04_12h02.50.064,Incongruent,P6.png,1,Left,No,14.9029,16.0,18.0,49,24,FALSE
wpi61746372932l8p20,2025-05-04_12h02.50.064,Incongruent,P5.png,2,Left,No,12.6797,21.0,84.0,31,24,FALSE
wpi61746372932l8p20,2025-05-04_12h02.50.064,Incongruent,P8.png,3,Right,Yes,24.2188,19.0,14.0,41,20,FALSE
wpi61746372932l8p20,2025-05-04_12h02.50.064,Incongruent,P2.png,4,Left,Yes,28.1785,16.0,60.0,28,15,FALSE
wpi61746372932l8p20,2025-05-04_12h02.50.064,Incongruent,P3.png,5,Left,Yes,6.7649,13.0,24.0,21,20,FALSE
wpi61746372932l8p20,2025-05-04_12h02.50.064,Incongruent,P1.png,6,Left,Yes,25.8537,19.0,30.0,31,20,FALSE
wpi61746372932l8p20,2025-05-04_12h02.50.064,Incongruent,P10.png,7,Right,No,8.9415,37.0,15.0,43,12,FALSE
wpi61746372932l8p20,2025-05-04_12h02.50.064,Incongruent,P12.png,8,Right,No,13.2089,18.0,18.0,51,28,FALSE
wpi61746372932l8p20,2025-05-04_12h02.50.064,Incongruent,P9.png,9,Right,Yes,17.4955,21.0,24.0,33,14,FALSE
wpi61746372932l8p20,2025-05-04_12h02.50.064,Incongruent,P4.png,10,Left,No,18.917,36.0,18.0,71,12,FALSE
wpi61746372932l8p20,2025-05-04_12h02.50.064,Incongruent,P7.png,11,Right,Yes,13.1999,47.0,15.0,67,9,FALSE
wpi61746372932l8p20,2025-05-04_12h02.50.064,Incongruent,P11.png,12,Right,No,6.9654,9.0,15.0,23,18,FALSE
wpi61746372932l8p20,2025-05-04_12h02.50.064,Incongruent,IC6.png,13,Left,No,24.3577,22.0,25.0,37,30,FALSE
wpi61746372932l8p20,2025-05-04_12h02.50.064,Incongruent,IC8.png,14,Right,Yes,17.0314,15.0,25.0,25,21,FALSE
wpi61746372932l8p20,2025-05-04_12h02.50.064,Incongruent,IC12.png,15,Right,No,26.9148,36.0,27.0,73,12,FALSE
wpi61746372932l8p20,2025-05-04_12h02.50.064,Incongruent,IC7.png,16,Right,Yes,24.5807,32.0,30.0,19,10,FALSE
wpi61746372932l8p20,2025-05-04_12h02.50.064,Incongruent,IC4.png,17,Left,No,43.4105,27.0,30.0,49,16,FALSE
wpi61746372932l8p20,2025-05-04_12h02.50.064,Incongruent,IC10.png,18,Right,No,21.4004,22.0,24.0,37,16,FALSE
wpi61746372932l8p20,2025-05-04_12h02.50.064,Incongruent,IC11.png,19,Right,No,14.8483,8.0,18.0,19,24,FALSE
wpi61746372932l8p20,2025-05-04_12h02.50.064,Incongruent,IC9.png,20,Right,Yes,29.2644,17.0,23.0,43,14,FALSE
wpi61746372932l8p20,2025-05-04_12h02.50.064,Incongruent,IC3.png,21,Left,Yes,14.7286,41.0,22.0,89,36,FALSE
wpi61746372932l8p20,2025-05-04_12h02.50.064,Incongruent,IC5.png,22,Left,No,25.3018,34.0,30.0,29,18,FALSE
wpi61746372932l8p20,2025-05-04_12h02.50.064,Incongruent,IC1.png,23,Left,Yes,4.3624,22.0,30.0,29,4,FALSE
wpi61746372932l8p20,2025-05-04_12h02.50.064,Incongruent,IC2.png,24,Left,Yes,8.2168,29.0,22.0,41,21,FALSE
wpi61746480st390846,2025-05-05_17h45.17.906,Incongruent,P11.png,1,Right,No,55.7727,23.0,18.0,23,18,TRUE
wpi61746480st390846,2025-05-05_17h45.17.906,Incongruent,P10.png,2,Right,No,25.1768,43.0,35.0,43,12,FALSE
wpi61746480st390846,2025-05-05_17h45.17.906,Incongruent,P7.png,3,Right,Yes,24.9627,134.0,18.0,67,9,TRUE
wpi61746480st390846,2025-05-05_17h45.17.906,Incongruent,P5.png,4,Left,No,44.399,31.0,24.0,31,24,TRUE
wpi61746480st390846,2025-05-05_17h45.17.906,Incongruent,P2.png,5,Left,Yes,30.0135,28.0,15.0,28,15,TRUE
wpi61746480st390846,2025-05-05_17h45.17.906,Incongruent,P9.png,6,Right,Yes,30.1127,57.0,14.0,33,14,FALSE
wpi61746480st390846,2025-05-05_17h45.17.906,Incongruent,P3.png,7,Left,Yes,42.6627,21.0,20.0,21,20,TRUE
wpi61746480st390846,2025-05-05_17h45.17.906,Incongruent,P8.png,8,Right,Yes,24.249,41.0,20.0,41,20,TRUE
wpi61746480st390846,2025-05-05_17h45.17.906,Incongruent,P12.png,9,Right,No,41.4462,54.0,28.0,51,28,FALSE
wpi61746480st390846,2025-05-05_17h45.17.906,Incongruent,P1.png,10,Left,Yes,29.6804,31.0,20.0,31,20,TRUE
wpi61746480st390846,2025-05-05_17h45.17.906,Incongruent,P6.png,11,Left,No,60.8954,49.0,28.0,49,24,FALSE
wpi61746480st390846,2025-05-05_17h45.17.906,Incongruent,P4.png,12,Left,No,18.8511,71.0,12.0,71,12,TRUE
wpi61746480st390846,2025-05-05_17h45.17.906,Incongruent,IC8.png,13,Right,Yes,28.3383,25.0,21.0,25,21,TRUE
wpi61746480st390846,2025-05-05_17h45.17.906,Incongruent,IC2.png,14,Left,Yes,23.4141,32.0,21.0,41,21,FALSE
wpi61746480st390846,2025-05-05_17h45.17.906,Incongruent,IC12.png,15,Right,No,28.0284,73.0,12.0,73,12,TRUE
wpi61746480st390846,2025-05-05_17h45.17.906,Incongruent,IC3.png,16,Left,Yes,29.2634,85.0,36.0,89,36,FALSE
wpi61746480st390846,2025-05-05_17h45.17.906,Incongruent,IC10.png,17,Right,No,18.2128,37.0,16.0,37,16,TRUE
wpi61746480st390846,2025-05-05_17h45.17.906,Incongruent,IC4.png,18,Left,No,14.9489,49.0,16.0,49,16,TRUE
wpi61746480st390846,2025-05-05_17h45.17.906,Incongruent,IC9.png,19,Right,Yes,55.1142,53.0,14.0,43,14,FALSE
wpi61746480st390846,2025-05-05_17h45.17.906,Incongruent,IC11.png,20,Right,No,39.059,76.0,48.0,19,24,FALSE
wpi61746480st390846,2025-05-05_17h45.17.906,Incongruent,IC5.png,21,Left,No,30.8294,87.0,73.0,29,18,FALSE
wpi61746480st390846,2025-05-05_17h45.17.906,Incongruent,IC7.png,22,Right,Yes,20.0964,21.0,10.0,19,10,FALSE
wpi61746480st390846,2025-05-05_17h45.17.906,Incongruent,IC6.png,23,Left,No,36.4136,75.0,150.0,37,30,FALSE
wpi61746480st390846,2025-05-05_17h45.17.906,Incongruent,IC1.png,24,Left,Yes,26.0117,29.0,4.0,29,4,TRUE
wpi6174648243is1845,2025-05-05_18h16.16.943,Congruent,P11.png,1,Right,No,51.5764,54.0,27.0,23,18,FALSE
wpi6174648243is1845,2025-05-05_18h16.16.943,Congruent,P4.png,2,Left,No,20.0459,71.0,12.0,71,12,TRUE
wpi6174648243is1845,2025-05-05_18h16.16.943,Congruent,P9.png,3,Right,Yes,58.5334,99.0,42.0,33,14,TRUE
wpi6174648243is1845,2025-05-05_18h16.16.943,Congruent,P1.png,4,Left,Yes,19.8341,31.0,20.0,31,20,TRUE
wpi6174648243is1845,2025-05-05_18h16.16.943,Congruent,P2.png,5,Left,Yes,53.8493,98.0,60.0,28,15,FALSE
wpi6174648243is1845,2025-05-05_18h16.16.943,Congruent,P12.png,6,Right,No,39.2648,51.0,28.0,51,28,TRUE
wpi6174648243is1845,2025-05-05_18h16.16.943,Congruent,P8.png,7,Right,Yes,30.019,41.0,20.0,41,20,TRUE
wpi6174648243is1845,2025-05-05_18h16.16.943,Congruent,P5.png,8,Left,No,34.1352,31.0,24.0,31,24,TRUE
wpi6174648243is1845,2025-05-05_18h16.16.943,Congruent,P6.png,9,Left,No,48.7996,69.0,24.0,49,24,FALSE
wpi6174648243is1845,2025-05-05_18h16.16.943,Congruent,P10.png,10,Right,No,17.2309,43.0,12.0,43,12,TRUE
wpi6174648243is1845,2025-05-05_18h16.16.943,Congruent,P3.png,11,Left,Yes,67.8637,60.0,60.0,21,20,FALSE
wpi6174648243is1845,2025-05-05_18h16.16.943,Congruent,P7.png,12,Right,Yes,70.0038,134.0,18.0,67,9,TRUE
wpi6174648243is1845,2025-05-05_18h16.16.943,Congruent,CC10.png,13,Right,No,34.2101,37.0,16.0,37,16,TRUE
wpi6174648243is1845,2025-05-05_18h16.16.943,Congruent,CC11.png,14,Right,No,35.499,19.0,24.0,19,24,TRUE
wpi6174648243is1845,2025-05-05_18h16.16.943,Congruent,CC12.png,15,Right,No,29.0651,73.0,12.0,73,12,TRUE
wpi6174648243is1845,2025-05-05_18h16.16.943,Congruent,CC5.png,16,Left,No,16.7007,29.0,18.0,29,18,TRUE
wpi6174648243is1845,2025-05-05_18h16.16.943,Congruent,CC2.png,17,Left,Yes,56.383,86.0,42.0,41,21,FALSE
wpi6174648243is1845,2025-05-05_18h16.16.943,Congruent,CC7.png,18,Right,Yes,14.3978,38.0,20.0,19,10,TRUE
wpi6174648243is1845,2025-05-05_18h16.16.943,Congruent,CC3.png,19,Left,Yes,16.6984,86.0,24.0,89,36,FALSE
wpi6174648243is1845,2025-05-05_18h16.16.943,Congruent,CC9.png,20,Right,Yes,35.9165,129.0,42.0,43,14,TRUE
wpi6174648243is1845,2025-05-05_18h16.16.943,Congruent,CC6.png,21,Left,No,28.6484,74.0,60.0,37,30,TRUE
wpi6174648243is1845,2025-05-05_18h16.16.943,Congruent,CC4.png,22,Left,No,11.6975,29.0,16.0,49,16,FALSE
wpi6174648243is1845,2025-05-05_18h16.16.943,Congruent,CC1.png,23,Left,Yes,30.1322,87.0,12.0,29,4,TRUE
wpi6174648243is1845,2025-05-05_18h16.16.943,Congruent,CC8.png,24,Right,Yes,42.2656,40.0,42.0,25,21,FALSE
wpi6174649405r19a06,2025-05-05_21h34.27.406,Congruent,P1.png,1,Left,Yes,20.577,31.0,20.0,31,20,TRUE
wpi6174649405r19a06,2025-05-05_21h34.27.406,Congruent,P11.png,2,Right,No,20.461,19.0,18.0,23,18,FALSE
wpi6174649405r19a06,2025-05-05_21h34.27.406,Congruent,P8.png,3,Right,Yes,47.702,95.0,20.0,41,20,FALSE
wpi6174649405r19a06,2025-05-05_21h34.27.406,Congruent,P10.png,4,Right,No,40.656,43.0,12.0,43,12,TRUE
wpi6174649405r19a06,2025-05-05_21h34.27.406,Congruent,P6.png,5,Left,No,56.043,98.0,48.0,49,24,TRUE
wpi6174649405r19a06,2025-05-05_21h34.27.406,Congruent,P7.png,6,Right,Yes,25.557,134.0,18.0,67,9,TRUE
wpi6174649405r19a06,2025-05-05_21h34.27.406,Congruent,P2.png,7,Left,Yes,22.059,112.0,60.0,28,15,TRUE
wpi6174649405r19a06,2025-05-05_21h34.27.406,Congruent,P3.png,8,Left,Yes,16.443,63.0,60.0,21,20,TRUE
wpi6174649405r19a06,2025-05-05_21h34.27.406,Congruent,P12.png,9,Right,No,27.472,51.0,28.0,51,28,TRUE
wpi6174649405r19a06,2025-05-05_21h34.27.406,Congruent,P9.png,10,Right,Yes,23.511,33.0,7.0,33,14,FALSE
wpi6174649405r19a06,2025-05-05_21h34.27.406,Congruent,P4.png,11,Left,No,10.844,71.0,12.0,71,12,TRUE
wpi6174649405r19a06,2025-05-05_21h34.27.406,Congruent,P5.png,12,Left,No,14.542,31.0,24.0,31,24,TRUE
wpi6174649405r19a06,2025-05-05_21h34.27.406,Congruent,CC5.png,13,Left,No,26.661,29.0,18.0,29,18,TRUE
wpi6174649405r19a06,2025-05-05_21h34.27.406,Congruent,CC7.png,14,Right,Yes,10.72,19.0,10.0,19,10,TRUE
wpi6174649405r19a06,2025-05-05_21h34.27.406,Congruent,CC10.png,15,Right,No,11.463,37.0,16.0,37,16,TRUE
wpi6174649405r19a06,2025-05-05_21h34.27.406,Congruent,CC2.png,16,Left,Yes,40.678,41.0,21.0,41,21,TRUE
wpi6174649405r19a06,2025-05-05_21h34.27.406,Congruent,CC8.png,17,Right,Yes,31.518,25.0,21.0,25,21,TRUE
wpi6174649405r19a06,2025-05-05_21h34.27.406,Congruent,CC4.png,18,Left,No,8.29,49.0,16.0,49,16,TRUE
wpi6174649405r19a06,2025-05-05_21h34.27.406,Congruent,CC11.png,19,Right,No,17.5,19.0,24.0,19,24,TRUE
wpi6174649405r19a06,2025-05-05_21h34.27.406,Congruent,CC6.png,20,Left,No,24.191,37.0,30.0,37,30,TRUE
wpi6174649405r19a06,2025-05-05_21h34.27.406,Congruent,CC9.png,21,Right,Yes,34.623,129.0,42.0,43,14,TRUE
wpi6174649405r19a06,2025-05-05_21h34.27.406,Congruent,CC12.png,22,Right,No,15.784,73.0,12.0,73,12,TRUE
wpi6174649405r19a06,2025-05-05_21h34.27.406,Congruent,CC3.png,23,Left,Yes,35.941,89.0,36.0,89,36,TRUE
wpi6174649405r19a06,2025-05-05_21h34.27.406,Congruent,CC1.png,24,Left,Yes,15.395,87.0,12.0,29,4,TRUE
wpi617464p7929282a2,2025-05-05_17h22.49.002,Incongruent,P3.png,1,Left,Yes,11.9287,15.0,15.0,21,20,FALSE
wpi617464p7929282a2,2025-05-05_17h22.49.002,Incongruent,P2.png,2,Left,Yes,59.9784,112.0,60.0,28,15,TRUE
wpi617464p7929282a2,2025-05-05_17h22.49.002,Incongruent,P7.png,3,Right,Yes,39.4608,134.0,18.0,67,9,TRUE
wpi617464p7929282a2,2025-05-05_17h22.49.002,Incongruent,P4.png,4,Left,No,13.7559,71.0,12.0,71,12,TRUE
wpi617464p7929282a2,2025-05-05_17h22.49.002,Incongruent,P9.png,5,Right,Yes,27.3359,99.0,42.0,33,14,TRUE
wpi617464p7929282a2,2025-05-05_17h22.49.002,Incongruent,P1.png,6,Left,Yes,11.4346,31.0,20.0,31,20,TRUE
wpi617464p7929282a2,2025-05-05_17h22.49.002,Incongruent,P11.png,7,Right,No,14.6111,23.0,18.0,23,18,TRUE
wpi617464p7929282a2,2025-05-05_17h22.49.002,Incongruent,P8.png,8,Right,Yes,14.9059,41.0,20.0,41,20,TRUE
wpi617464p7929282a2,2025-05-05_17h22.49.002,Incongruent,P12.png,9,Right,No,39.6537,51.0,28.0,51,28,TRUE
wpi617464p7929282a2,2025-05-05_17h22.49.002,Incongruent,P6.png,10,Left,No,26.0594,49.0,24.0,49,24,TRUE
wpi617464p7929282a2,2025-05-05_17h22.49.002,Incongruent,P10.png,11,Right,No,27.321,47.0,18.0,43,12,FALSE
wpi617464p7929282a2,2025-05-05_17h22.49.002,Incongruent,P5.png,12,Left,No,20.157,31.0,24.0,31,24,TRUE
wpi617464p7929282a2,2025-05-05_17h22.49.002,Incongruent,IC12.png,13,Right,No,33.1055,73.0,12.0,73,12,TRUE
wpi617464p7929282a2,2025-05-05_17h22.49.002,Incongruent,IC8.png,14,Right,Yes,69.1948,50.0,42.0,25,21,TRUE
wpi617464p7929282a2,2025-05-05_17h22.49.002,Incongruent,IC6.png,15,Left,No,35.6693,37.0,30.0,37,30,TRUE
wpi617464p7929282a2,2025-05-05_17h22.49.002,Incongruent,IC9.png,16,Right,Yes,38.3404,129.0,42.0,43,14,TRUE
wpi617464p7929282a2,2025-05-05_17h22.49.002,Incongruent,IC5.png,17,Left,No,31.2443,29.0,18.0,29,18,TRUE
wpi617464p7929282a2,2025-05-05_17h22.49.002,Incongruent,IC11.png,18,Right,No,14.1452,19.0,24.0,19,24,TRUE
wpi617464p7929282a2,2025-05-05_17h22.49.002,Incongruent,IC7.png,19,Right,Yes,21.2871,38.0,20.0,19,10,TRUE
wpi617464p7929282a2,2025-05-05_17h22.49.002,Incongruent,IC2.png,20,Left,Yes,52.9283,82.0,42.0,41,21,TRUE
wpi617464p7929282a2,2025-05-05_17h22.49.002,Incongruent,IC3.png,21,Left,Yes,27.4369,89.0,36.0,89,36,TRUE
wpi617464p7929282a2,2025-05-05_17h22.49.002,Incongruent,IC4.png,22,Left,No,19.5688,49.0,16.0,49,16,TRUE
wpi617464p7929282a2,2025-05-05_17h22.49.002,Incongruent,IC1.png,23,Left,Yes,24.7132,87.0,12.0,29,4,TRUE
wpi617464p7929282a2,2025-05-05_17h22.49.002,Incongruent,IC10.png,24,Right,No,12.4783,37.0,16.0,37,16,TRUE
wpi61746562sj805611,2025-05-06_16h41.56.053,Incongruent,P8.png,1,Right,Yes,142.5717,73.0,4.0,41,20,FALSE
wpi61746562sj805611,2025-05-06_16h41.56.053,Incongruent,P7.png,2,Right,Yes,54.2496,367.0,9.0,67,9,FALSE
wpi61746562sj805611,2025-05-06_16h41.56.053,Incongruent,P11.png,3,Right,No,47.5524,49.0,9.0,23,18,FALSE
wpi61746562sj805611,2025-05-06_16h41.56.053,Incongruent,P10.png,4,Right,No,63.4233,109.0,6.0,43,12,FALSE
wpi61746562sj805611,2025-05-06_16h41.56.053,Incongruent,P12.png,5,Right,No,189.9128,126.0,56.0,51,28,FALSE
wpi61746562sj805611,2025-05-06_16h41.56.053,Incongruent,P3.png,6,Left,Yes,56.7331,49.0,4.0,21,20,FALSE
wpi61746562sj805611,2025-05-06_16h41.56.053,Incongruent,P6.png,7,Left,No,41.6446,92.0,12.0,49,24,FALSE
wpi61746562sj805611,2025-05-06_16h41.56.053,Incongruent,P9.png,8,Right,Yes,70.7835,399.0,14.0,33,14,FALSE
wpi61746562sj805611,2025-05-06_16h41.56.053,Incongruent,P5.png,9,Left,No,68.6422,81.0,24.0,31,24,FALSE
wpi61746562sj805611,2025-05-06_16h41.56.053,Incongruent,P2.png,10,Left,Yes,83.647,74.0,3.0,28,15,FALSE
wpi61746562sj805611,2025-05-06_16h41.56.053,Incongruent,P1.png,11,Left,Yes,36.0027,247.0,20.0,31,20,FALSE
wpi61746562sj805611,2025-05-06_16h41.56.053,Incongruent,P4.png,12,Left,No,54.722,841.0,12.0,71,12,FALSE
wpi61746562sj805611,2025-05-06_16h41.56.053,Incongruent,IC2.png,13,Left,Yes,183.9627,784.0,42.0,41,21,FALSE
wpi61746562sj805611,2025-05-06_16h41.56.053,Incongruent,IC5.png,14,Left,No,20.6013,52.0,9.0,29,18,FALSE
wpi61746562sj805611,2025-05-06_16h41.56.053,Incongruent,IC12.png,15,Right,No,49.316,423.0,12.0,73,12,FALSE
wpi61746562sj805611,2025-05-06_16h41.56.053,Incongruent,IC4.png,16,Left,No,32.4553,175.0,16.0,49,16,FALSE
wpi61746562sj805611,2025-05-06_16h41.56.053,Incongruent,IC10.png,17,Right,No,19.2022,127.0,16.0,37,16,FALSE
wpi61746562sj805611,2025-05-06_16h41.56.053,Incongruent,IC9.png,18,Right,Yes,67.7723,609.0,42.0,43,14,FALSE
wpi61746562sj805611,2025-05-06_16h41.56.053,Incongruent,IC8.png,19,Right,Yes,84.8909,518.0,42.0,25,21,FALSE
wpi61746562sj805611,2025-05-06_16h41.56.053,Incongruent,IC6.png,20,Left,No,41.8483,87.0,10.0,37,30,FALSE
wpi61746562sj805611,2025-05-06_16h41.56.053,Incongruent,IC7.png,21,Right,Yes,28.8709,247.0,10.0,19,10,FALSE
wpi61746562sj805611,2025-05-06_16h41.56.053,Incongruent,IC11.png,22,Right,No,89.2808,23.0,12.0,19,24,FALSE
wpi61746562sj805611,2025-05-06_16h41.56.053,Incongruent,IC3.png,23,Left,Yes,106.5642,1629.0,36.0,89,36,FALSE
wpi61746562sj805611,2025-05-06_16h41.56.053,Incongruent,IC1.png,24,Left,Yes,81.8482,582.0,12.0,29,4,FALSE
wpi617465z46406r196,2025-05-06_12h13.25.099,Congruent,P5.png,1,Left,No,81.3278,31.0,24.0,31,24,TRUE
wpi617465z46406r196,2025-05-06_12h13.25.099,Congruent,P9.png,2,Right,Yes,46.7752,99.0,42.0,33,14,TRUE
wpi617465z46406r196,2025-05-06_12h13.25.099,Congruent,P4.png,3,Left,No,83.9162,73.0,12.0,71,12,FALSE
wpi617465z46406r196,2025-05-06_12h13.25.099,Congruent,P6.png,4,Left,No,49.6245,49.0,24.0,49,24,TRUE
wpi617465z46406r196,2025-05-06_12h13.25.099,Congruent,P11.png,5,Right,No,59.1789,19.0,18.0,23,18,FALSE
wpi617465z46406r196,2025-05-06_12h13.25.099,Congruent,P1.png,6,Left,Yes,53.7839,49.0,20.0,31,20,FALSE
wpi617465z46406r196,2025-05-06_12h13.25.099,Congruent,P12.png,7,Right,No,88.2799,123.0,56.0,51,28,FALSE
wpi617465z46406r196,2025-05-06_12h13.25.099,Congruent,P8.png,8,Right,Yes,63.7154,87.0,40.0,41,20,FALSE
wpi617465z46406r196,2025-05-06_12h13.25.099,Congruent,P3.png,9,Left,Yes,103.7638,51.0,60.0,21,20,FALSE
wpi617465z46406r196,2025-05-06_12h13.25.099,Congruent,P7.png,10,Right,Yes,76.1351,280.0,36.0,67,9,FALSE
wpi617465z46406r196,2025-05-06_12h13.25.099,Congruent,P2.png,11,Left,Yes,60.8326,112.0,60.0,28,15,TRUE
wpi617465z46406r196,2025-05-06_12h13.25.099,Congruent,P10.png,12,Right,No,68.9713,26.0,6.0,43,12,FALSE
wpi617465z46406r196,2025-05-06_12h13.25.099,Congruent,CC12.png,13,Right,No,88.7184,65.0,12.0,73,12,FALSE
wpi617465z46406r196,2025-05-06_12h13.25.099,Congruent,CC10.png,14,Right,No,101.0456,37.0,16.0,37,16,TRUE
wpi617465z46406r196,2025-05-06_12h13.25.099,Congruent,CC11.png,15,Right,No,33.8319,19.0,24.0,19,24,TRUE
wpi617465z46406r196,2025-05-06_12h13.25.099,Congruent,CC5.png,16,Left,No,136.2123,58.0,36.0,29,18,TRUE
wpi617465z46406r196,2025-05-06_12h13.25.099,Congruent,CC9.png,17,Right,Yes,117.1983,43.0,14.0,43,14,TRUE
wpi617465z46406r196,2025-05-06_12h13.25.099,Congruent,CC4.png,18,Left,No,17.6081,49.0,16.0,49,16,TRUE
wpi617465z46406r196,2025-05-06_12h13.25.099,Congruent,CC8.png,19,Right,Yes,30.5053,25.0,21.0,25,21,TRUE
wpi617465z46406r196,2025-05-06_12h13.25.099,Congruent,CC6.png,20,Left,No,44.3353,73.0,30.0,37,30,FALSE
wpi617465z46406r196,2025-05-06_12h13.25.099,Congruent,CC7.png,21,Right,Yes,26.1238,19.0,10.0,19,10,TRUE
wpi617465z46406r196,2025-05-06_12h13.25.099,Congruent,CC3.png,22,Left,Yes,39.3889,89.0,36.0,89,36,TRUE
wpi617465z46406r196,2025-05-06_12h13.25.099,Congruent,CC2.png,23,Left,Yes,25.2295,41.0,21.0,41,21,TRUE
wpi617465z46406r196,2025-05-06_12h13.25.099,Congruent,CC1.png,24,Left,Yes,27.4369,29.0,4.0,29,4,TRUE
wpi61746f54025l1442,2025-05-06_10h20.51.199,Incongruent,P6.png,1,Left,No,221.8594,49.0,24.0,49,24,TRUE
wpi61746f54025l1442,2025-05-06_10h20.51.199,Incongruent,P7.png,2,Right,Yes,44.1417,402.0,54.0,67,9,TRUE
wpi61746f54025l1442,2025-05-06_10h20.51.199,Incongruent,P3.png,3,Left,Yes,47.8131,63.0,60.0,21,20,TRUE
wpi61746f54025l1442,2025-05-06_10h20.51.199,Incongruent,P2.png,4,Left,Yes,45.5073,112.0,60.0,28,15,TRUE
wpi61746f54025l1442,2025-05-06_10h20.51.199,Incongruent,P9.png,5,Right,Yes,30.8361,81.0,42.0,33,14,FALSE
wpi61746f54025l1442,2025-05-06_10h20.51.199,Incongruent,P4.png,6,Left,No,17.9448,71.0,12.0,71,12,TRUE
wpi61746f54025l1442,2025-05-06_10h20.51.199,Incongruent,P5.png,7,Left,No,24.0728,31.0,24.0,31,24,TRUE
wpi61746f54025l1442,2025-05-06_10h20.51.199,Incongruent,P8.png,8,Right,Yes,20.9503,41.0,20.0,41,20,TRUE
wpi61746f54025l1442,2025-05-06_10h20.51.199,Incongruent,P1.png,9,Left,Yes,18.4532,31.0,20.0,31,20,TRUE
wpi61746f54025l1442,2025-05-06_10h20.51.199,Incongruent,P12.png,10,Right,No,40.2617,51.0,28.0,51,28,TRUE
wpi61746f54025l1442,2025-05-06_10h20.51.199,Incongruent,P11.png,11,Right,No,28.7202,23.0,18.0,23,18,TRUE
wpi61746f54025l1442,2025-05-06_10h20.51.199,Incongruent,P10.png,12,Right,No,13.9679,43.0,12.0,43,12,TRUE
wpi61746f54025l1442,2025-05-06_10h20.51.199,Incongruent,IC7.png,13,Right,Yes,20.5911,38.0,20.0,19,10,TRUE
wpi61746f54025l1442,2025-05-06_10h20.51.199,Incongruent,IC8.png,14,Right,Yes,39.6975,50.0,42.0,25,21,TRUE
wpi61746f54025l1442,2025-05-06_10h20.51.199,Incongruent,IC5.png,15,Left,No,24.7389,29.0,18.0,29,18,TRUE
wpi61746f54025l1442,2025-05-06_10h20.51.199,Incongruent,IC6.png,16,Left,No,16.2575,37.0,30.0,37,30,TRUE
wpi61746f54025l1442,2025-05-06_10h20.51.199,Incongruent,IC4.png,17,Left,No,17.7058,49.0,16.0,49,16,TRUE
wpi61746f54025l1442,2025-05-06_10h20.51.199,Incongruent,IC12.png,18,Right,No,26.9679,73.0,12.0,73,12,TRUE
wpi61746f54025l1442,2025-05-06_10h20.51.199,Incongruent,IC10.png,19,Right,No,14.593,37.0,16.0,37,16,TRUE
wpi61746f54025l1442,2025-05-06_10h20.51.199,Incongruent,IC11.png,20,Right,No,16.3833,19.0,24.0,19,24,TRUE
wpi61746f54025l1442,2025-05-06_10h20.51.199,Incongruent,IC3.png,21,Left,Yes,31.1296,178.0,72.0,89,36,TRUE
wpi61746f54025l1442,2025-05-06_10h20.51.199,Incongruent,IC1.png,22,Left,Yes,28.6915,87.0,12.0,29,4,TRUE
wpi61746f54025l1442,2025-05-06_10h20.51.199,Incongruent,IC9.png,23,Right,Yes,35.7228,129.0,42.0,43,14,TRUE
wpi61746f54025l1442,2025-05-06_10h20.51.199,Incongruent,IC2.png,24,Left,Yes,66.0582,82.0,42.0,41,21,TRUE
wpi61746j501724o822,2025-05-05_23h39.29.204,Congruent,P2.png,1,Left,Yes,94.1022,44,60.0,28,15,FALSE
wpi61746j501724o822,2025-05-05_23h39.29.204,Congruent,P10.png,2,Right,No,48.7864,55,12.0,43,12,FALSE
wpi61746j501724o822,2025-05-05_23h39.29.204,Congruent,P7.png,3,Right,Yes,40.836,800,54.0,67,9,FALSE
wpi61746j501724o822,2025-05-05_23h39.29.204,Congruent,P4.png,4,Left,No,29.402,71,12.0,71,12,TRUE
wpi61746j501724o822,2025-05-05_23h39.29.204,Congruent,P12.png,5,Right,No,101.2876,123,178.0,51,28,FALSE
wpi61746j501724o822,2025-05-05_23h39.29.204,Congruent,P9.png,6,Right,Yes,57.0956,39x2,63.0,33,14,FALSE
wpi61746j501724o822,2025-05-05_23h39.29.204,Congruent,P5.png,7,Left,No,51.8876,8,3.0,31,24,FALSE
wpi61746j501724o822,2025-05-05_23h39.29.204,Congruent,P6.png,8,Left,No,3.4415,3,4.0,49,24,FALSE
wpi61746j501724o822,2025-05-05_23h39.29.204,Congruent,P3.png,9,Left,Yes,5.7071,4,5.0,21,20,FALSE
wpi61746j501724o822,2025-05-05_23h39.29.204,Congruent,P8.png,10,Right,Yes,46.4985,87,40.0,41,20,FALSE
wpi61746j501724o822,2025-05-05_23h39.29.204,Congruent,P1.png,11,Left,Yes,19.5334,31,40.0,31,20,FALSE
wpi61746j501724o822,2025-05-05_23h39.29.204,Congruent,P11.png,12,Right,No,56.7468,NA,NA,23,18,FALSE
wpi61746j501724o822,2025-05-05_23h39.29.204,Congruent,CC3.png,13,Left,Yes,93.8771,89,36.0,89,36,TRUE
wpi61746j501724o822,2025-05-05_23h39.29.204,Congruent,CC6.png,14,Left,No,33.7567,23,30.0,37,30,FALSE
wpi61746j501724o822,2025-05-05_23h39.29.204,Congruent,CC8.png,15,Right,Yes,61.3382,NA,NA,25,21,FALSE
wpi61746j501724o822,2025-05-05_23h39.29.204,Congruent,CC7.png,16,Right,Yes,44.4006,38,20.0,19,10,TRUE
wpi61746j501724o822,2025-05-05_23h39.29.204,Congruent,CC10.png,17,Right,No,13.8907,37,16.0,37,16,TRUE
wpi61746j501724o822,2025-05-05_23h39.29.204,Congruent,CC12.png,18,Right,No,37.0718,150,24.0,73,12,FALSE
wpi61746j501724o822,2025-05-05_23h39.29.204,Congruent,CC1.png,19,Left,Yes,21.1913,89,12.0,29,4,FALSE
wpi61746j501724o822,2025-05-05_23h39.29.204,Congruent,CC2.png,20,Left,Yes,110.7203,82,43.0,41,21,FALSE
wpi61746j501724o822,2025-05-05_23h39.29.204,Congruent,CC9.png,21,Right,Yes,39.2646,129,42.0,43,14,TRUE
wpi61746j501724o822,2025-05-05_23h39.29.204,Congruent,CC11.png,22,Right,No,38.9142,NA,NA,19,24,FALSE
wpi61746j501724o822,2025-05-05_23h39.29.204,Congruent,CC4.png,23,Left,No,68.8571,NA,0.0,49,16,FALSE
wpi61746j501724o822,2025-05-05_23h39.29.204,Congruent,CC5.png,24,Left,No,15.0072,0,0.0,29,18,FALSE
wpi61746k5740121o33,2025-05-06_20h05.21.815,Incongruent,P8.png,1,Right,Yes,7.0726,18.0,10.0,41,20,FALSE
wpi61746k5740121o33,2025-05-06_20h05.21.815,Incongruent,P1.png,2,Left,Yes,7.2357,12.0,10.0,31,20,FALSE
wpi61746k5740121o33,2025-05-06_20h05.21.815,Incongruent,P9.png,3,Right,Yes,3.786,18.0,21.0,33,14,FALSE
wpi61746k5740121o33,2025-05-06_20h05.21.815,Incongruent,P3.png,4,Left,Yes,4.5899,12.0,15.0,21,20,FALSE
wpi61746k5740121o33,2025-05-06_20h05.21.815,Incongruent,P11.png,5,Right,No,4.1203,5.0,6.0,23,18,FALSE
wpi61746k5740121o33,2025-05-06_20h05.21.815,Incongruent,P2.png,6,Left,Yes,5.7062,24.0,20.0,28,15,FALSE
wpi61746k5740121o33,2025-05-06_20h05.21.815,Incongruent,P4.png,7,Left,No,4.4218,35.0,6.0,71,12,FALSE
wpi61746k5740121o33,2025-05-06_20h05.21.815,Incongruent,P12.png,8,Right,No,4.7391,15.0,14.0,51,28,FALSE
wpi61746k5740121o33,2025-05-06_20h05.21.815,Incongruent,P7.png,9,Right,Yes,5.4908,40.0,6.0,67,9,FALSE
wpi61746k5740121o33,2025-05-06_20h05.21.815,Incongruent,P6.png,10,Left,No,4.7333,15.0,8.0,49,24,FALSE
wpi61746k5740121o33,2025-05-06_20h05.21.815,Incongruent,P5.png,11,Left,No,4.8661,5.0,12.0,31,24,FALSE
wpi61746k5740121o33,2025-05-06_20h05.21.815,Incongruent,P10.png,12,Right,No,4.6033,35.0,12.0,43,12,FALSE
wpi61746k5740121o33,2025-05-06_20h05.21.815,Incongruent,IC1.png,13,Left,Yes,8.1895,45.0,12.0,29,4,FALSE
wpi61746k5740121o33,2025-05-06_20h05.21.815,Incongruent,IC7.png,14,Right,Yes,9.0535,24.0,20.0,19,10,FALSE
wpi61746k5740121o33,2025-05-06_20h05.21.815,Incongruent,IC6.png,15,Left,No,4.4399,8.0,15.0,37,30,FALSE
wpi61746k5740121o33,2025-05-06_20h05.21.815,Incongruent,IC12.png,16,Right,No,4.2435,35.0,6.0,73,12,FALSE
wpi61746k5740121o33,2025-05-06_20h05.21.815,Incongruent,IC11.png,17,Right,No,5.4403,3.0,8.0,19,24,FALSE
wpi61746k5740121o33,2025-05-06_20h05.21.815,Incongruent,IC3.png,18,Left,Yes,4.4514,40.0,18.0,89,36,FALSE
wpi61746k5740121o33,2025-05-06_20h05.21.815,Incongruent,IC10.png,19,Right,No,4.937,15.0,8.0,37,16,FALSE
wpi61746k5740121o33,2025-05-06_20h05.21.815,Incongruent,IC9.png,20,Right,Yes,4.6475,12.0,21.0,43,14,FALSE
wpi61746k5740121o33,2025-05-06_20h05.21.815,Incongruent,IC4.png,21,Left,No,4.9634,21.0,8.0,49,16,FALSE
wpi61746k5740121o33,2025-05-06_20h05.21.815,Incongruent,IC2.png,22,Left,Yes,4.9874,18.0,14.0,41,21,FALSE
wpi61746k5740121o33,2025-05-06_20h05.21.815,Incongruent,IC8.png,23,Right,Yes,9.2181,4.0,3.0,25,21,FALSE
wpi61746k5740121o33,2025-05-06_20h05.21.815,Incongruent,IC5.png,24,Left,No,4.9819,5.0,6.0,29,18,FALSE
wpi61746ku565217909,2025-05-06_17h17.11.826,Congruent,P6.png,1,Left,No,26.1929,74.0,8.0,49,24,FALSE
wpi61746ku565217909,2025-05-06_17h17.11.826,Congruent,P12.png,2,Right,No,42.5768,84.0,28.0,51,28,FALSE
wpi61746ku565217909,2025-05-06_17h17.11.826,Congruent,P9.png,3,Right,Yes,54.296,33.0,14.0,33,14,TRUE
wpi61746ku565217909,2025-05-06_17h17.11.826,Congruent,P2.png,4,Left,Yes,34.7003,28.0,5.0,28,15,FALSE
wpi61746ku565217909,2025-05-06_17h17.11.826,Congruent,P11.png,5,Right,No,54.0451,69.0,54.0,23,18,TRUE
wpi61746ku565217909,2025-05-06_17h17.11.826,Congruent,P8.png,6,Right,Yes,41.3948,32.0,20.0,41,20,FALSE
wpi61746ku565217909,2025-05-06_17h17.11.826,Congruent,P3.png,7,Left,Yes,30.2945,13.0,20.0,21,20,FALSE
wpi61746ku565217909,2025-05-06_17h17.11.826,Congruent,P7.png,8,Right,Yes,23.5499,67.0,9.0,67,9,TRUE
wpi61746ku565217909,2025-05-06_17h17.11.826,Congruent,P4.png,9,Left,No,52.3615,210.0,12.0,71,12,FALSE
wpi61746ku565217909,2025-05-06_17h17.11.826,Congruent,P10.png,10,Right,No,24.0944,43.0,12.0,43,12,TRUE
wpi61746ku565217909,2025-05-06_17h17.11.826,Congruent,P5.png,11,Left,No,64.4448,38.0,12.0,31,24,FALSE
wpi61746ku565217909,2025-05-06_17h17.11.826,Congruent,P1.png,12,Left,Yes,15.5436,31.0,20.0,31,20,TRUE
wpi61746ku565217909,2025-05-06_17h17.11.826,Congruent,CC10.png,13,Right,No,16.5605,37.0,16.0,37,16,TRUE
wpi61746ku565217909,2025-05-06_17h17.11.826,Congruent,CC5.png,14,Left,No,35.9456,58.0,36.0,29,18,TRUE
wpi61746ku565217909,2025-05-06_17h17.11.826,Congruent,CC7.png,15,Right,Yes,23.7117,19.0,10.0,19,10,TRUE
wpi61746ku565217909,2025-05-06_17h17.11.826,Congruent,CC12.png,16,Right,No,26.366,73.0,12.0,73,12,TRUE
wpi61746ku565217909,2025-05-06_17h17.11.826,Congruent,CC9.png,17,Right,Yes,38.0285,43.0,14.0,43,14,TRUE
wpi61746ku565217909,2025-05-06_17h17.11.826,Congruent,CC8.png,18,Right,Yes,24.1624,25.0,21.0,25,21,TRUE
wpi61746ku565217909,2025-05-06_17h17.11.826,Congruent,CC6.png,19,Left,No,29.2455,37.0,30.0,37,30,TRUE
wpi61746ku565217909,2025-05-06_17h17.11.826,Congruent,CC4.png,20,Left,No,20.7457,49.0,16.0,49,16,TRUE
wpi61746ku565217909,2025-05-06_17h17.11.826,Congruent,CC11.png,21,Right,No,26.6122,19.0,24.0,19,24,TRUE
wpi61746ku565217909,2025-05-06_17h17.11.826,Congruent,CC1.png,22,Left,Yes,30.3455,113.0,30.0,29,4,FALSE
wpi61746ku565217909,2025-05-06_17h17.11.826,Congruent,CC3.png,23,Left,Yes,32.3451,89.0,36.0,89,36,TRUE
wpi61746ku565217909,2025-05-06_17h17.11.826,Congruent,CC2.png,24,Left,Yes,20.6451,32.0,21.0,41,21,FALSE
wpi61746o30516n7434,2025-05-03_17h02.12.802,Congruent,P1.png,1,Left,Yes,46.4475,31.0,20.0,31,20,TRUE
wpi61746o30516n7434,2025-05-03_17h02.12.802,Congruent,P9.png,2,Right,Yes,55.3515,33.0,14.0,33,14,TRUE
wpi61746o30516n7434,2025-05-03_17h02.12.802,Congruent,P3.png,3,Left,Yes,28.9079,13.0,20.0,21,20,FALSE
wpi61746o30516n7434,2025-05-03_17h02.12.802,Congruent,P8.png,4,Right,Yes,37.268,41.0,20.0,41,20,TRUE
wpi61746o30516n7434,2025-05-03_17h02.12.802,Congruent,P11.png,5,Right,No,56.3303,69.0,54.0,23,18,TRUE
wpi61746o30516n7434,2025-05-03_17h02.12.802,Congruent,P10.png,6,Right,No,48.1684,43.0,12.0,43,12,TRUE
wpi61746o30516n7434,2025-05-03_17h02.12.802,Congruent,P5.png,7,Left,No,44.2194,31.0,24.0,31,24,TRUE
wpi61746o30516n7434,2025-05-03_17h02.12.802,Congruent,P6.png,8,Left,No,40.9126,49.0,24.0,49,24,TRUE
wpi61746o30516n7434,2025-05-03_17h02.12.802,Congruent,P4.png,9,Left,No,11.2583,71.0,12.0,71,12,TRUE
wpi61746o30516n7434,2025-05-03_17h02.12.802,Congruent,P2.png,10,Left,Yes,36.4302,30.0,15.0,28,15,FALSE
wpi61746o30516n7434,2025-05-03_17h02.12.802,Congruent,P12.png,11,Right,No,66.0646,51.0,28.0,51,28,TRUE
wpi61746o30516n7434,2025-05-03_17h02.12.802,Congruent,P7.png,12,Right,Yes,12.0557,47.0,9.0,67,9,FALSE
wpi61746o30516n7434,2025-05-03_17h02.12.802,Congruent,CC10.png,13,Right,No,28.2575,37.0,16.0,37,16,TRUE
wpi61746o30516n7434,2025-05-03_17h02.12.802,Congruent,CC2.png,14,Left,Yes,43.0786,41.0,21.0,41,21,TRUE
wpi61746o30516n7434,2025-05-03_17h02.12.802,Congruent,CC7.png,15,Right,Yes,31.4976,19.0,10.0,19,10,TRUE
wpi61746o30516n7434,2025-05-03_17h02.12.802,Congruent,CC9.png,16,Right,Yes,25.7267,43.0,14.0,43,14,TRUE
wpi61746o30516n7434,2025-05-03_17h02.12.802,Congruent,CC11.png,17,Right,No,21.9183,19.0,24.0,19,24,TRUE
wpi61746o30516n7434,2025-05-03_17h02.12.802,Congruent,CC6.png,18,Left,No,63.2377,37.0,39.0,37,30,FALSE
wpi61746o30516n7434,2025-05-03_17h02.12.802,Congruent,CC12.png,19,Right,No,39.0052,73.0,12.0,73,12,TRUE
wpi61746o30516n7434,2025-05-03_17h02.12.802,Congruent,CC1.png,20,Left,Yes,23.9284,22.0,4.0,29,4,FALSE
wpi61746o30516n7434,2025-05-03_17h02.12.802,Congruent,CC3.png,21,Left,Yes,22.2121,89.0,36.0,89,36,TRUE
wpi61746o30516n7434,2025-05-03_17h02.12.802,Congruent,CC4.png,22,Left,No,14.4155,49.0,16.0,49,16,TRUE
wpi61746o30516n7434,2025-05-03_17h02.12.802,Congruent,CC5.png,23,Left,No,30.4274,58.0,36.0,29,18,TRUE
wpi61746o30516n7434,2025-05-03_17h02.12.802,Congruent,CC8.png,24,Right,Yes,28.6216,24.0,21.0,25,21,FALSE
wpi61746ua479590394,2025-05-05_17h27.54.405,Incongruent,P2.png,1,Left,Yes,182.3666,112.0,60.0,28,15,TRUE
wpi61746ua479590394,2025-05-05_17h27.54.405,Incongruent,P3.png,2,Left,Yes,59.6193,63.0,60.0,21,20,TRUE
wpi61746ua479590394,2025-05-05_17h27.54.405,Incongruent,P6.png,3,Left,No,50.3162,98.0,48.0,49,24,TRUE
wpi61746ua479590394,2025-05-05_17h27.54.405,Incongruent,P11.png,4,Right,No,20.5885,13.0,9.0,23,18,FALSE
wpi61746ua479590394,2025-05-05_17h27.54.405,Incongruent,P8.png,5,Right,Yes,40.1684,41.0,20.0,41,20,TRUE
wpi61746ua479590394,2025-05-05_17h27.54.405,Incongruent,P4.png,6,Left,No,19.1223,71.0,12.0,71,12,TRUE
wpi61746ua479590394,2025-05-05_17h27.54.405,Incongruent,P9.png,7,Right,Yes,49.5331,99.0,42.0,33,14,TRUE
wpi61746ua479590394,2025-05-05_17h27.54.405,Incongruent,P10.png,8,Right,No,29.1672,43.0,12.0,43,12,TRUE
wpi61746ua479590394,2025-05-05_17h27.54.405,Incongruent,P12.png,9,Right,No,49.8215,102.0,56.0,51,28,TRUE
wpi61746ua479590394,2025-05-05_17h27.54.405,Incongruent,P1.png,10,Left,Yes,30.5211,31.0,20.0,31,20,TRUE
wpi61746ua479590394,2025-05-05_17h27.54.405,Incongruent,P5.png,11,Left,No,53.5894,124.0,96.0,31,24,TRUE
wpi61746ua479590394,2025-05-05_17h27.54.405,Incongruent,P7.png,12,Right,Yes,63.2272,402.0,53.0,67,9,FALSE
wpi61746ua479590394,2025-05-05_17h27.54.405,Incongruent,IC11.png,13,Right,No,36.7425,76.0,96.0,19,24,TRUE
wpi61746ua479590394,2025-05-05_17h27.54.405,Incongruent,IC9.png,14,Right,Yes,44.9506,129.0,42.0,43,14,TRUE
wpi61746ua479590394,2025-05-05_17h27.54.405,Incongruent,IC3.png,15,Left,Yes,32.3848,178.0,72.0,89,36,TRUE
wpi61746ua479590394,2025-05-05_17h27.54.405,Incongruent,IC6.png,16,Left,No,33.5438,37.0,30.0,37,30,TRUE
wpi61746ua479590394,2025-05-05_17h27.54.405,Incongruent,IC7.png,17,Right,Yes,38.4247,38.0,20.0,19,10,TRUE
wpi61746ua479590394,2025-05-05_17h27.54.405,Incongruent,IC1.png,18,Left,Yes,28.1336,87.0,12.0,29,4,TRUE
wpi61746ua479590394,2025-05-05_17h27.54.405,Incongruent,IC10.png,19,Right,No,19.2345,37.0,16.0,37,16,TRUE
wpi61746ua479590394,2025-05-05_17h27.54.405,Incongruent,IC5.png,20,Left,No,37.9112,29.0,18.0,29,18,TRUE
wpi61746ua479590394,2025-05-05_17h27.54.405,Incongruent,IC4.png,21,Left,No,14.7225,49.0,16.0,49,16,TRUE
wpi61746ua479590394,2025-05-05_17h27.54.405,Incongruent,IC12.png,22,Right,No,33.6722,73.0,12.0,73,12,TRUE
wpi61746ua479590394,2025-05-05_17h27.54.405,Incongruent,IC2.png,23,Left,Yes,54.5492,82.0,42.0,41,21,TRUE
wpi61746ua479590394,2025-05-05_17h27.54.405,Incongruent,IC8.png,24,Right,Yes,33.4304,50.0,42.0,25,21,TRUE
wpi6174b6550g984996,2025-05-06_13h21.59.053,Congruent,P2.png,1,Left,Yes,82.7064,88,60.0,28,15,FALSE
wpi6174b6550g984996,2025-05-06_13h21.59.053,Congruent,P5.png,2,Left,No,44.0816,31,24.0,31,24,TRUE
wpi6174b6550g984996,2025-05-06_13h21.59.053,Congruent,P9.png,3,Right,Yes,103.3626,135,42.0,33,14,FALSE
wpi6174b6550g984996,2025-05-06_13h21.59.053,Congruent,P10.png,4,Right,No,41.7337,43,12.0,43,12,TRUE
wpi6174b6550g984996,2025-05-06_13h21.59.053,Congruent,P12.png,5,Right,No,64.2186,51,28.0,51,28,TRUE
wpi6174b6550g984996,2025-05-06_13h21.59.053,Congruent,P11.png,6,Right,No,57.745,69,54.0,23,18,TRUE
wpi6174b6550g984996,2025-05-06_13h21.59.053,Congruent,P8.png,7,Right,Yes,52.6456,41,20.0,41,20,TRUE
wpi6174b6550g984996,2025-05-06_13h21.59.053,Congruent,P7.png,8,Right,Yes,30.4553,67,9.0,67,9,TRUE
wpi6174b6550g984996,2025-05-06_13h21.59.053,Congruent,P6.png,9,Left,No,70.6344,98,48.0,49,24,TRUE
wpi6174b6550g984996,2025-05-06_13h21.59.053,Congruent,P4.png,10,Left,No,25.9114,71,12.0,71,12,TRUE
wpi6174b6550g984996,2025-05-06_13h21.59.053,Congruent,P1.png,11,Left,Yes,35.0673,31,20.0,31,20,TRUE
wpi6174b6550g984996,2025-05-06_13h21.59.053,Congruent,P3.png,12,Left,Yes,34.8462,21,20.0,21,20,TRUE
wpi6174b6550g984996,2025-05-06_13h21.59.053,Congruent,CC2.png,13,Left,Yes,50.8078,41,21.0,41,21,TRUE
wpi6174b6550g984996,2025-05-06_13h21.59.053,Congruent,CC12.png,14,Right,No,39.7295,146,24.0,73,12,TRUE
wpi6174b6550g984996,2025-05-06_13h21.59.053,Congruent,CC7.png,15,Right,Yes,23.111,19,10.0,19,10,TRUE
wpi6174b6550g984996,2025-05-06_13h21.59.053,Congruent,CC10.png,16,Right,No,20.404,37,16.0,37,16,TRUE
wpi6174b6550g984996,2025-05-06_13h21.59.053,Congruent,CC6.png,17,Left,No,43.5931,37,30.0,37,30,TRUE
wpi6174b6550g984996,2025-05-06_13h21.59.053,Congruent,CC9.png,18,Right,Yes,53.3237,43,14.0,43,14,TRUE
wpi6174b6550g984996,2025-05-06_13h21.59.053,Congruent,CC11.png,19,Right,No,61.4655,19,24.0,19,24,TRUE
wpi6174b6550g984996,2025-05-06_13h21.59.053,Congruent,CC3.png,20,Left,Yes,39.6356,89,36.0,89,36,TRUE
wpi6174b6550g984996,2025-05-06_13h21.59.053,Congruent,CC4.png,21,Left,No,24.8267,49,16.0,49,16,TRUE
wpi6174b6550g984996,2025-05-06_13h21.59.053,Congruent,CC1.png,22,Left,Yes,15.7478,29,4.0,29,4,TRUE
wpi6174b6550g984996,2025-05-06_13h21.59.053,Congruent,CC5.png,23,Left,No,42.9358,50,18.0,29,18,FALSE
wpi6174b6550g984996,2025-05-06_13h21.59.053,Congruent,CC8.png,24,Right,Yes,54.0145,25,21.0,25,21,TRUE
wpi6174d07067656g47,2025-02-27_21h19.04.930,Congruent,P6.png,1,Left,No,19.1929,17.0,12.0,49,24,FALSE
wpi6174d07067656g47,2025-02-27_21h19.04.930,Congruent,P8.png,2,Right,Yes,12.5303,36.0,20.0,41,20,FALSE
wpi6174d07067656g47,2025-02-27_21h19.04.930,Congruent,P7.png,3,Right,Yes,39.6822,402.0,54.0,67,9,TRUE
wpi6174d07067656g47,2025-02-27_21h19.04.930,Congruent,P1.png,4,Left,Yes,10.4189,31.0,20.0,31,20,TRUE
wpi6174d07067656g47,2025-02-27_21h19.04.930,Congruent,P4.png,5,Left,No,9.5156,37.0,6.0,71,12,FALSE
wpi6174d07067656g47,2025-02-27_21h19.04.930,Congruent,P2.png,6,Left,Yes,14.9982,160.0,60.0,28,15,FALSE
wpi6174d07067656g47,2025-02-27_21h19.04.930,Congruent,P9.png,7,Right,Yes,23.6634,99.0,42.0,33,14,TRUE
wpi6174d07067656g47,2025-02-27_21h19.04.930,Congruent,P11.png,8,Right,No,21.7227,69.0,54.0,23,18,TRUE
wpi6174d07067656g47,2025-02-27_21h19.04.930,Congruent,P12.png,9,Right,No,13.1467,70.0,56.0,51,28,FALSE
wpi6174d07067656g47,2025-02-27_21h19.04.930,Congruent,P3.png,10,Left,Yes,14.4992,63.0,60.0,21,20,TRUE
wpi6174d07067656g47,2025-02-27_21h19.04.930,Congruent,P10.png,11,Right,No,15.9485,43.0,12.0,43,12,TRUE
wpi6174d07067656g47,2025-02-27_21h19.04.930,Congruent,P5.png,12,Left,No,20.8661,31.0,24.0,31,24,TRUE
wpi6174d07067656g47,2025-02-27_21h19.04.930,Congruent,CC3.png,13,Left,Yes,15.2258,178.0,72.0,89,36,TRUE
wpi6174d07067656g47,2025-02-27_21h19.04.930,Congruent,CC12.png,14,Right,No,16.4121,73.0,12.0,73,12,TRUE
wpi6174d07067656g47,2025-02-27_21h19.04.930,Congruent,CC4.png,15,Left,No,11.9831,49.0,16.0,49,16,TRUE
wpi6174d07067656g47,2025-02-27_21h19.04.930,Congruent,CC1.png,16,Left,Yes,11.9177,87.0,12.0,29,4,TRUE
wpi6174d07067656g47,2025-02-27_21h19.04.930,Congruent,CC8.png,17,Right,Yes,24.5972,52.0,42.0,25,21,FALSE
wpi6174d07067656g47,2025-02-27_21h19.04.930,Congruent,CC6.png,18,Left,No,14.2783,37.0,30.0,37,30,TRUE
wpi6174d07067656g47,2025-02-27_21h19.04.930,Congruent,CC2.png,19,Left,Yes,10.3991,37.0,30.0,41,21,FALSE
wpi6174d07067656g47,2025-02-27_21h19.04.930,Congruent,CC7.png,20,Right,Yes,9.1326,38.0,20.0,19,10,TRUE
wpi6174d07067656g47,2025-02-27_21h19.04.930,Congruent,CC9.png,21,Right,Yes,16.2852,36.0,720.0,43,14,FALSE
wpi6174d07067656g47,2025-02-27_21h19.04.930,Congruent,CC11.png,22,Right,No,13.3137,19.0,24.0,19,24,TRUE
wpi6174d07067656g47,2025-02-27_21h19.04.930,Congruent,CC5.png,23,Left,No,17.0313,29.0,18.0,29,18,TRUE
wpi6174d07067656g47,2025-02-27_21h19.04.930,Congruent,CC10.png,24,Right,No,10.5501,37.0,16.0,37,16,TRUE
wpi6174h603234f8724,2025-04-30_13h14.45.225,Incongruent,P1.png,1,Left,Yes,39.4083,31.0,20.0,31,20,TRUE
wpi6174h603234f8724,2025-04-30_13h14.45.225,Incongruent,P12.png,2,Right,No,21.8967,18.0,18.0,51,28,FALSE
wpi6174h603234f8724,2025-04-30_13h14.45.225,Incongruent,P8.png,3,Right,Yes,15.7019,28.0,40.0,41,20,FALSE
wpi6174h603234f8724,2025-04-30_13h14.45.225,Incongruent,P2.png,4,Left,Yes,20.9782,26.0,23.0,28,15,FALSE
wpi6174h603234f8724,2025-04-30_13h14.45.225,Incongruent,P6.png,5,Left,No,26.8979,16.0,14.0,49,24,FALSE
wpi6174h603234f8724,2025-04-30_13h14.45.225,Incongruent,P3.png,6,Left,Yes,14.9938,13.0,19.0,21,20,FALSE
wpi6174h603234f8724,2025-04-30_13h14.45.225,Incongruent,P5.png,7,Left,No,20.1995,26.0,24.0,31,24,FALSE
wpi6174h603234f8724,2025-04-30_13h14.45.225,Incongruent,P10.png,8,Right,No,19.0314,43.0,12.0,43,12,TRUE
wpi6174h603234f8724,2025-04-30_13h14.45.225,Incongruent,P11.png,9,Right,No,19.3967,19.0,18.0,23,18,FALSE
wpi6174h603234f8724,2025-04-30_13h14.45.225,Incongruent,P9.png,10,Right,Yes,18.4144,22.0,23.0,33,14,FALSE
wpi6174h603234f8724,2025-04-30_13h14.45.225,Incongruent,P4.png,11,Left,No,38.7491,71.0,12.0,71,12,TRUE
wpi6174h603234f8724,2025-04-30_13h14.45.225,Incongruent,P7.png,12,Right,Yes,22.8449,134.0,18.0,67,9,TRUE
wpi6174h603234f8724,2025-04-30_13h14.45.225,Incongruent,IC1.png,13,Left,Yes,33.7442,87.0,12.0,29,4,TRUE
wpi6174h603234f8724,2025-04-30_13h14.45.225,Incongruent,IC2.png,14,Left,Yes,17.5986,20.0,17.0,41,21,FALSE
wpi6174h603234f8724,2025-04-30_13h14.45.225,Incongruent,IC3.png,15,Left,Yes,18.5035,41.0,22.0,89,36,FALSE
wpi6174h603234f8724,2025-04-30_13h14.45.225,Incongruent,IC10.png,16,Right,No,22.1041,37.0,16.0,37,16,TRUE
wpi6174h603234f8724,2025-04-30_13h14.45.225,Incongruent,IC7.png,17,Right,Yes,13.5999,38.0,20.0,19,10,TRUE
wpi6174h603234f8724,2025-04-30_13h14.45.225,Incongruent,IC9.png,18,Right,Yes,11.8854,17.0,23.0,43,14,FALSE
wpi6174h603234f8724,2025-04-30_13h14.45.225,Incongruent,IC6.png,19,Left,No,17.5934,29.0,30.0,37,30,FALSE
wpi6174h603234f8724,2025-04-30_13h14.45.225,Incongruent,IC4.png,20,Left,No,16.5647,49.0,16.0,49,16,TRUE
wpi6174h603234f8724,2025-04-30_13h14.45.225,Incongruent,IC11.png,21,Right,No,20.2973,19.0,24.0,19,24,TRUE
wpi6174h603234f8724,2025-04-30_13h14.45.225,Incongruent,IC8.png,22,Right,Yes,15.3474,13.0,17.0,25,21,FALSE
wpi6174h603234f8724,2025-04-30_13h14.45.225,Incongruent,IC5.png,23,Left,No,16.7306,29.0,18.0,29,18,TRUE
wpi6174h603234f8724,2025-04-30_13h14.45.225,Incongruent,IC12.png,24,Right,No,12.5878,38.0,12.0,73,12,FALSE
wpi6174k32099421p95,2025-03-28_21h16.44.555,Congruent,P11.png,1,Right,No,29.575,38.0,9.0,23,18,FALSE
wpi6174k32099421p95,2025-03-28_21h16.44.555,Congruent,P9.png,2,Right,Yes,65.7112,33.0,14.0,33,14,TRUE
wpi6174k32099421p95,2025-03-28_21h16.44.555,Congruent,P3.png,3,Left,Yes,58.0052,58.0,60.0,21,20,FALSE
wpi6174k32099421p95,2025-03-28_21h16.44.555,Congruent,P10.png,4,Right,No,19.5666,55.0,12.0,43,12,FALSE
wpi6174k32099421p95,2025-03-28_21h16.44.555,Congruent,P4.png,5,Left,No,27.9153,215.0,36.0,71,12,FALSE
wpi6174k32099421p95,2025-03-28_21h16.44.555,Congruent,P2.png,6,Left,Yes,58.8251,102.0,60.0,28,15,FALSE
wpi6174k32099421p95,2025-03-28_21h16.44.555,Congruent,P7.png,7,Right,Yes,32.4441,41.0,9.0,67,9,FALSE
wpi6174k32099421p95,2025-03-28_21h16.44.555,Congruent,P6.png,8,Left,No,18.7569,24.0,12.0,49,24,FALSE
wpi6174k32099421p95,2025-03-28_21h16.44.555,Congruent,P1.png,9,Left,Yes,29.7184,141.0,100.0,31,20,FALSE
wpi6174k32099421p95,2025-03-28_21h16.44.555,Congruent,P12.png,10,Right,No,82.6855,60.0,56.0,51,28,FALSE
wpi6174k32099421p95,2025-03-28_21h16.44.555,Congruent,P8.png,11,Right,Yes,39.4027,87.0,40.0,41,20,FALSE
wpi6174k32099421p95,2025-03-28_21h16.44.555,Congruent,P5.png,12,Left,No,18.0059,27.0,48.0,31,24,FALSE
wpi6174k32099421p95,2025-03-28_21h16.44.555,Congruent,CC9.png,13,Right,Yes,39.5081,94.0,42.0,43,14,FALSE
wpi6174k32099421p95,2025-03-28_21h16.44.555,Congruent,CC5.png,14,Left,No,31.3821,50.0,18.0,29,18,FALSE
wpi6174k32099421p95,2025-03-28_21h16.44.555,Congruent,CC4.png,15,Left,No,56.1343,142.0,32.0,49,16,FALSE
wpi6174k32099421p95,2025-03-28_21h16.44.555,Congruent,CC8.png,16,Right,Yes,80.1479,25.0,23.0,25,21,FALSE
wpi6174k32099421p95,2025-03-28_21h16.44.555,Congruent,CC1.png,17,Left,Yes,34.9987,87.0,12.0,29,4,TRUE
wpi6174k32099421p95,2025-03-28_21h16.44.555,Congruent,CC10.png,18,Right,No,38.1456,81.0,32.0,37,16,FALSE
wpi6174k32099421p95,2025-03-28_21h16.44.555,Congruent,CC7.png,19,Right,Yes,21.8761,69.0,40.0,19,10,FALSE
wpi6174k32099421p95,2025-03-28_21h16.44.555,Congruent,CC11.png,20,Right,No,30.683,24.0,24.0,19,24,FALSE
wpi6174k32099421p95,2025-03-28_21h16.44.555,Congruent,CC3.png,21,Left,Yes,17.2731,88.0,36.0,89,36,FALSE
wpi6174k32099421p95,2025-03-28_21h16.44.555,Congruent,CC6.png,22,Left,No,14.7553,30.0,30.0,37,30,FALSE
wpi6174k32099421p95,2025-03-28_21h16.44.555,Congruent,CC12.png,23,Right,No,26.0659,75.0,12.0,73,12,FALSE
wpi6174k32099421p95,2025-03-28_21h16.44.555,Congruent,CC2.png,24,Left,Yes,23.0096,60.0,42.0,41,21,FALSE
wpi6174k4125s614559,2025-04-08_11h36.36.665,Congruent,P10.png,1,Right,No,42.676,43.0,12.0,43,12,TRUE
wpi6174k4125s614559,2025-04-08_11h36.36.665,Congruent,P11.png,2,Right,No,22.731,23.0,18.0,23,18,TRUE
wpi6174k4125s614559,2025-04-08_11h36.36.665,Congruent,P9.png,3,Right,Yes,37.94,99.0,42.0,33,14,TRUE
wpi6174k4125s614559,2025-04-08_11h36.36.665,Congruent,P6.png,4,Left,No,29.53,49.0,24.0,49,24,TRUE
wpi6174k4125s614559,2025-04-08_11h36.36.665,Congruent,P7.png,5,Right,Yes,22.108,134.0,18.0,67,9,TRUE
wpi6174k4125s614559,2025-04-08_11h36.36.665,Congruent,P4.png,6,Left,No,12.88,71.0,12.0,71,12,TRUE
wpi6174k4125s614559,2025-04-08_11h36.36.665,Congruent,P12.png,7,Right,No,17.281,51.0,28.0,51,28,TRUE
wpi6174k4125s614559,2025-04-08_11h36.36.665,Congruent,P5.png,8,Left,No,13.259,31.0,24.0,31,24,TRUE
wpi6174k4125s614559,2025-04-08_11h36.36.665,Congruent,P1.png,9,Left,Yes,13.101,31.0,20.0,31,20,TRUE
wpi6174k4125s614559,2025-04-08_11h36.36.665,Congruent,P2.png,10,Left,Yes,25.82,112.0,60.0,28,15,TRUE
wpi6174k4125s614559,2025-04-08_11h36.36.665,Congruent,P8.png,11,Right,Yes,16.374,41.0,20.0,41,20,TRUE
wpi6174k4125s614559,2025-04-08_11h36.36.665,Congruent,P3.png,12,Left,Yes,42.324,63.0,60.0,21,20,TRUE
wpi6174k4125s614559,2025-04-08_11h36.36.665,Congruent,CC1.png,13,Left,Yes,24.976,87.0,12.0,29,4,TRUE
wpi6174k4125s614559,2025-04-08_11h36.36.665,Congruent,CC7.png,14,Right,Yes,14.503,38.0,20.0,19,10,TRUE
wpi6174k4125s614559,2025-04-08_11h36.36.665,Congruent,CC2.png,15,Left,Yes,44.194,82.0,42.0,41,21,TRUE
wpi6174k4125s614559,2025-04-08_11h36.36.665,Congruent,CC9.png,16,Right,Yes,36.898,129.0,42.0,43,14,TRUE
wpi6174k4125s614559,2025-04-08_11h36.36.665,Congruent,CC3.png,17,Left,Yes,19.325,89.0,36.0,89,36,TRUE
wpi6174k4125s614559,2025-04-08_11h36.36.665,Congruent,CC10.png,18,Right,No,11.363,37.0,16.0,37,16,TRUE
wpi6174k4125s614559,2025-04-08_11h36.36.665,Congruent,CC6.png,19,Left,No,33.561,37.0,30.0,37,30,TRUE
wpi6174k4125s614559,2025-04-08_11h36.36.665,Congruent,CC12.png,20,Right,No,12.851,73.0,12.0,73,12,TRUE
wpi6174k4125s614559,2025-04-08_11h36.36.665,Congruent,CC4.png,21,Left,No,10.746,49.0,16.0,49,16,TRUE
wpi6174k4125s614559,2025-04-08_11h36.36.665,Congruent,CC11.png,22,Right,No,16.916,19.0,24.0,19,24,TRUE
wpi6174k4125s614559,2025-04-08_11h36.36.665,Congruent,CC5.png,23,Left,No,10.79,29.0,18.0,29,18,TRUE
wpi6174k4125s614559,2025-04-08_11h36.36.665,Congruent,CC8.png,24,Right,Yes,22.549,50.0,42.0,25,21,TRUE
wpi6174k6489827s320,2025-05-05_20h22.23.669,Incongruent,P9.png,1,Right,Yes,65.474,99.0,42.0,33,14,TRUE
wpi6174k6489827s320,2025-05-05_20h22.23.669,Incongruent,P12.png,2,Right,No,53.635,51.0,28.0,51,28,TRUE
wpi6174k6489827s320,2025-05-05_20h22.23.669,Incongruent,P5.png,3,Left,No,32.981,26.0,24.0,31,24,FALSE
wpi6174k6489827s320,2025-05-05_20h22.23.669,Incongruent,P10.png,4,Right,No,28.486,43.0,12.0,43,12,TRUE
wpi6174k6489827s320,2025-05-05_20h22.23.669,Incongruent,P3.png,5,Left,Yes,53.598,21.0,20.0,21,20,TRUE
wpi6174k6489827s320,2025-05-05_20h22.23.669,Incongruent,P6.png,6,Left,No,68.63,49.0,24.0,49,24,TRUE
wpi6174k6489827s320,2025-05-05_20h22.23.669,Incongruent,P7.png,7,Right,Yes,18.762,67.0,9.0,67,9,TRUE
wpi6174k6489827s320,2025-05-05_20h22.23.669,Incongruent,P1.png,8,Left,Yes,11.113,31.0,20.0,31,20,TRUE
wpi6174k6489827s320,2025-05-05_20h22.23.669,Incongruent,P11.png,9,Right,No,33.815,23.0,18.0,23,18,TRUE
wpi6174k6489827s320,2025-05-05_20h22.23.669,Incongruent,P4.png,10,Left,No,9.45,71.0,12.0,71,12,TRUE
wpi6174k6489827s320,2025-05-05_20h22.23.669,Incongruent,P2.png,11,Left,Yes,54.269,26.0,12.0,28,15,FALSE
wpi6174k6489827s320,2025-05-05_20h22.23.669,Incongruent,P8.png,12,Right,Yes,28.283,205.0,100.0,41,20,TRUE
wpi6174k6489827s320,2025-05-05_20h22.23.669,Incongruent,IC12.png,13,Right,No,23.806,73.0,12.0,73,12,TRUE
wpi6174k6489827s320,2025-05-05_20h22.23.669,Incongruent,IC8.png,14,Right,Yes,22.35,25.0,21.0,25,21,TRUE
wpi6174k6489827s320,2025-05-05_20h22.23.669,Incongruent,IC1.png,15,Left,Yes,13.916,87.0,12.0,29,4,TRUE
wpi6174k6489827s320,2025-05-05_20h22.23.669,Incongruent,IC9.png,16,Right,Yes,20.185,43.0,14.0,43,14,TRUE
wpi6174k6489827s320,2025-05-05_20h22.23.669,Incongruent,IC3.png,17,Left,Yes,26.166,89.0,36.0,89,36,TRUE
wpi6174k6489827s320,2025-05-05_20h22.23.669,Incongruent,IC11.png,18,Right,No,29.056,19.0,24.0,19,24,TRUE
wpi6174k6489827s320,2025-05-05_20h22.23.669,Incongruent,IC5.png,19,Left,No,48.141,29.0,18.0,29,18,TRUE
wpi6174k6489827s320,2025-05-05_20h22.23.669,Incongruent,IC7.png,20,Right,Yes,10.576,38.0,20.0,19,10,TRUE
wpi6174k6489827s320,2025-05-05_20h22.23.669,Incongruent,IC10.png,21,Right,No,10.688,37.0,16.0,37,16,TRUE
wpi6174k6489827s320,2025-05-05_20h22.23.669,Incongruent,IC4.png,22,Left,No,9.163,49.0,16.0,49,16,TRUE
wpi6174k6489827s320,2025-05-05_20h22.23.669,Incongruent,IC6.png,23,Left,No,33.838,37.0,30.0,37,30,TRUE
wpi6174k6489827s320,2025-05-05_20h22.23.669,Incongruent,IC2.png,24,Left,Yes,24.166,41.0,21.0,41,21,TRUE
wpi6174k655x7734948,2025-05-06_15h14.25.703,Incongruent,P7.png,1,Right,Yes,314.8814,752.0,18.0,67,9,FALSE
wpi6174k655x7734948,2025-05-06_15h14.25.703,Incongruent,P4.png,2,Left,No,32.8934,281.0,12.0,71,12,FALSE
wpi6174k655x7734948,2025-05-06_15h14.25.703,Incongruent,P2.png,3,Left,Yes,183.987,370.0,15.0,28,15,FALSE
wpi6174k655x7734948,2025-05-06_15h14.25.703,Incongruent,P6.png,4,Left,No,26.3819,46.0,6.0,49,24,FALSE
wpi6174k655x7734948,2025-05-06_15h14.25.703,Incongruent,P5.png,5,Left,No,45.178,81.0,24.0,31,24,FALSE
wpi6174k655x7734948,2025-05-06_15h14.25.703,Incongruent,P10.png,6,Right,No,45.5797,109.0,6.0,43,12,FALSE
wpi6174k655x7734948,2025-05-06_15h14.25.703,Incongruent,P12.png,7,Right,No,58.9453,861.0,28.0,51,28,FALSE
wpi6174k655x7734948,2025-05-06_15h14.25.703,Incongruent,P3.png,8,Left,Yes,94.5235,735.0,60.0,21,20,FALSE
wpi6174k655x7734948,2025-05-06_15h14.25.703,Incongruent,P9.png,9,Right,Yes,167.6616,819.0,42.0,33,14,FALSE
wpi6174k655x7734948,2025-05-06_15h14.25.703,Incongruent,P11.png,10,Right,No,49.1978,98.0,18.0,23,18,FALSE
wpi6174k655x7734948,2025-05-06_15h14.25.703,Incongruent,P1.png,11,Left,Yes,31.1823,247.0,20.0,31,20,FALSE
wpi6174k655x7734948,2025-05-06_15h14.25.703,Incongruent,P8.png,12,Right,Yes,76.2895,365.0,20.0,41,20,FALSE
wpi6174k655x7734948,2025-05-06_15h14.25.703,Incongruent,IC8.png,13,Right,Yes,112.1362,259.0,21.0,25,21,FALSE
wpi6174k655x7734948,2025-05-06_15h14.25.703,Incongruent,IC4.png,14,Left,No,69.537,175.0,16.0,49,16,FALSE
wpi6174k655x7734948,2025-05-06_15h14.25.703,Incongruent,IC7.png,15,Right,Yes,64.207,494.0,20.0,19,10,FALSE
wpi6174k655x7734948,2025-05-06_15h14.25.703,Incongruent,IC5.png,16,Left,No,34.5641,52.0,9.0,29,18,FALSE
wpi6174k655x7734948,2025-05-06_15h14.25.703,Incongruent,IC10.png,17,Right,No,24.3725,127.0,16.0,37,16,FALSE
wpi6174k655x7734948,2025-05-06_15h14.25.703,Incongruent,IC12.png,18,Right,No,55.2894,141.0,4.0,73,12,FALSE
wpi6174k655x7734948,2025-05-06_15h14.25.703,Incongruent,IC6.png,19,Left,No,36.6745,87.0,10.0,37,30,FALSE
wpi6174k655x7734948,2025-05-06_15h14.25.703,Incongruent,IC3.png,20,Left,Yes,170.111,1449.0,36.0,89,36,FALSE
wpi6174k655x7734948,2025-05-06_15h14.25.703,Incongruent,IC2.png,21,Left,Yes,105.6789,382.0,21.0,41,21,FALSE
wpi6174k655x7734948,2025-05-06_15h14.25.703,Incongruent,IC1.png,22,Left,Yes,70.0126,67.0,2.0,29,4,FALSE
wpi6174k655x7734948,2025-05-06_15h14.25.703,Incongruent,IC11.png,23,Right,No,36.2379,23.0,12.0,19,24,FALSE
wpi6174k655x7734948,2025-05-06_15h14.25.703,Incongruent,IC9.png,24,Right,Yes,185.2152,529.0,42.0,43,14,FALSE
wpi6174l640257f2344,2025-05-04_20h05.36.841,Incongruent,P11.png,1,Right,No,25.1628,19.0,18.0,23,18,FALSE
wpi6174l640257f2344,2025-05-04_20h05.36.841,Incongruent,P8.png,2,Right,Yes,40.2537,41.0,20.0,41,20,TRUE
wpi6174l640257f2344,2025-05-04_20h05.36.841,Incongruent,P1.png,3,Left,Yes,14.3988,31.0,20.0,31,20,TRUE
wpi6174l640257f2344,2025-05-04_20h05.36.841,Incongruent,P7.png,4,Right,Yes,30.001,134.0,18.0,67,9,TRUE
wpi6174l640257f2344,2025-05-04_20h05.36.841,Incongruent,P6.png,5,Left,No,26.6789,49.0,24.0,49,24,TRUE
wpi6174l640257f2344,2025-05-04_20h05.36.841,Incongruent,P4.png,6,Left,No,24.6108,71.0,12.0,71,12,TRUE
wpi6174l640257f2344,2025-05-04_20h05.36.841,Incongruent,P2.png,7,Left,Yes,25.2145,112.0,60.0,28,15,TRUE
wpi6174l640257f2344,2025-05-04_20h05.36.841,Incongruent,P10.png,8,Right,No,20.916,43.0,12.0,43,12,TRUE
wpi6174l640257f2344,2025-05-04_20h05.36.841,Incongruent,P3.png,9,Left,Yes,37.3406,63.0,60.0,21,20,TRUE
wpi6174l640257f2344,2025-05-04_20h05.36.841,Incongruent,P5.png,10,Left,No,14.4276,31.0,24.0,31,24,TRUE
wpi6174l640257f2344,2025-05-04_20h05.36.841,Incongruent,P9.png,11,Right,Yes,34.3857,81.0,42.0,33,14,FALSE
wpi6174l640257f2344,2025-05-04_20h05.36.841,Incongruent,P12.png,12,Right,No,20.7657,51.0,28.0,51,28,TRUE
wpi6174l640257f2344,2025-05-04_20h05.36.841,Incongruent,IC7.png,13,Right,Yes,21.9342,38.0,20.0,19,10,TRUE
wpi6174l640257f2344,2025-05-04_20h05.36.841,Incongruent,IC12.png,14,Right,No,15.4493,73.0,12.0,73,12,TRUE
wpi6174l640257f2344,2025-05-04_20h05.36.841,Incongruent,IC6.png,15,Left,No,19.0698,37.0,30.0,37,30,TRUE
wpi6174l640257f2344,2025-05-04_20h05.36.841,Incongruent,IC4.png,16,Left,No,10.9157,49.0,16.0,49,16,TRUE
wpi6174l640257f2344,2025-05-04_20h05.36.841,Incongruent,IC11.png,17,Right,No,14.4296,19.0,24.0,19,24,TRUE
wpi6174l640257f2344,2025-05-04_20h05.36.841,Incongruent,IC5.png,18,Left,No,12.2509,29.0,18.0,29,18,TRUE
wpi6174l640257f2344,2025-05-04_20h05.36.841,Incongruent,IC8.png,19,Right,Yes,33.5803,50.0,42.0,25,21,TRUE
wpi6174l640257f2344,2025-05-04_20h05.36.841,Incongruent,IC9.png,20,Right,Yes,23.6331,129.0,42.0,43,14,TRUE
wpi6174l640257f2344,2025-05-04_20h05.36.841,Incongruent,IC10.png,21,Right,No,12.0017,37.0,16.0,37,16,TRUE
wpi6174l640257f2344,2025-05-04_20h05.36.841,Incongruent,IC3.png,22,Left,Yes,15.1644,89.0,36.0,89,36,TRUE
wpi6174l640257f2344,2025-05-04_20h05.36.841,Incongruent,IC1.png,23,Left,Yes,17.256,82.0,12.0,29,4,FALSE
wpi6174l640257f2344,2025-05-04_20h05.36.841,Incongruent,IC2.png,24,Left,Yes,36.16,82.0,42.0,41,21,TRUE
wpi6174o64579885r14,2025-05-05_11h32.21.483,Congruent,P1.png,1,Left,Yes,17.3205,31,20.0,31,20,TRUE
wpi6174o64579885r14,2025-05-05_11h32.21.483,Congruent,P10.png,2,Right,No,15.296,30,12.0,43,12,FALSE
wpi6174o64579885r14,2025-05-05_11h32.21.483,Congruent,P11.png,3,Right,No,28.2558,23,18.0,23,18,TRUE
wpi6174o64579885r14,2025-05-05_11h32.21.483,Congruent,P5.png,4,Left,No,17.6721,31,24.0,31,24,TRUE
wpi6174o64579885r14,2025-05-05_11h32.21.483,Congruent,P12.png,5,Right,No,19.7413,51,28.0,51,28,TRUE
wpi6174o64579885r14,2025-05-05_11h32.21.483,Congruent,P8.png,6,Right,Yes,25.463,41,20.0,41,20,TRUE
wpi6174o64579885r14,2025-05-05_11h32.21.483,Congruent,P7.png,7,Right,Yes,24.577,134,18.0,67,9,TRUE
wpi6174o64579885r14,2025-05-05_11h32.21.483,Congruent,P4.png,8,Left,No,19.5033,71,12.0,71,12,TRUE
wpi6174o64579885r14,2025-05-05_11h32.21.483,Congruent,P2.png,9,Left,Yes,113.9605,112,60.0,28,15,TRUE
wpi6174o64579885r14,2025-05-05_11h32.21.483,Congruent,P6.png,10,Left,No,24.6548,49,24.0,49,24,TRUE
wpi6174o64579885r14,2025-05-05_11h32.21.483,Congruent,P9.png,11,Right,Yes,49.5712,97,42.0,33,14,FALSE
wpi6174o64579885r14,2025-05-05_11h32.21.483,Congruent,P3.png,12,Left,Yes,53.5665,63,60.0,21,20,TRUE
wpi6174o64579885r14,2025-05-05_11h32.21.483,Congruent,CC11.png,13,Right,No,24.3365,22,24.0,19,24,FALSE
wpi6174o64579885r14,2025-05-05_11h32.21.483,Congruent,CC1.png,14,Left,Yes,21.1358,87,12.0,29,4,TRUE
wpi6174o64579885r14,2025-05-05_11h32.21.483,Congruent,CC12.png,15,Right,No,18.2928,73,12.0,73,12,TRUE
wpi6174o64579885r14,2025-05-05_11h32.21.483,Congruent,CC4.png,16,Left,No,18.7226,49,16.0,49,16,TRUE
wpi6174o64579885r14,2025-05-05_11h32.21.483,Congruent,CC9.png,17,Right,Yes,31.0017,129,42.0,43,14,TRUE
wpi6174o64579885r14,2025-05-05_11h32.21.483,Congruent,CC5.png,18,Left,No,20.4782,29,18.0,29,18,TRUE
wpi6174o64579885r14,2025-05-05_11h32.21.483,Congruent,CC6.png,19,Left,No,28.475,37,30.0,37,30,TRUE
wpi6174o64579885r14,2025-05-05_11h32.21.483,Congruent,CC7.png,20,Right,Yes,16.7915,38,20.0,19,10,TRUE
wpi6174o64579885r14,2025-05-05_11h32.21.483,Congruent,CC3.png,21,Left,Yes,27.2147,89,36.0,89,36,TRUE
wpi6174o64579885r14,2025-05-05_11h32.21.483,Congruent,CC2.png,22,Left,Yes,63.5778,28+36+18,42.0,41,21,FALSE
wpi6174o64579885r14,2025-05-05_11h32.21.483,Congruent,CC8.png,23,Right,Yes,36.6837,36+14,42.0,25,21,FALSE
wpi6174o64579885r14,2025-05-05_11h32.21.483,Congruent,CC10.png,24,Right,No,7.0359,37,16.0,37,16,TRUE
wpi6174p24145429l05,2025-03-19_16h16.37.777,Congruent,P2.png,1,Left,Yes,42.1242,20.0,15.0,28,15,FALSE
wpi6174p24145429l05,2025-03-19_16h16.37.777,Congruent,P8.png,2,Right,Yes,30.9132,181.0,40.0,41,20,FALSE
wpi6174p24145429l05,2025-03-19_16h16.37.777,Congruent,P7.png,3,Right,Yes,25.1312,97.0,9.0,67,9,FALSE
wpi6174p24145429l05,2025-03-19_16h16.37.777,Congruent,P12.png,4,Right,No,48.4155,51.0,28.0,51,28,TRUE
wpi6174p24145429l05,2025-03-19_16h16.37.777,Congruent,P10.png,5,Right,No,15.6298,42.0,12.0,43,12,FALSE
wpi6174p24145429l05,2025-03-19_16h16.37.777,Congruent,P1.png,6,Left,Yes,47.7137,31.0,20.0,31,20,TRUE
wpi6174p24145429l05,2025-03-19_16h16.37.777,Congruent,P11.png,7,Right,No,18.2634,19.0,18.0,23,18,FALSE
wpi6174p24145429l05,2025-03-19_16h16.37.777,Congruent,P4.png,8,Left,No,20.766,71.0,12.0,71,12,TRUE
wpi6174p24145429l05,2025-03-19_16h16.37.777,Congruent,P5.png,9,Left,No,20.2475,31.0,24.0,31,24,TRUE
wpi6174p24145429l05,2025-03-19_16h16.37.777,Congruent,P9.png,10,Right,Yes,24.1603,33.0,14.0,33,14,TRUE
wpi6174p24145429l05,2025-03-19_16h16.37.777,Congruent,P3.png,11,Left,Yes,22.5446,21.0,20.0,21,20,TRUE
wpi6174p24145429l05,2025-03-19_16h16.37.777,Congruent,P6.png,12,Left,No,48.3792,33.0,18.0,49,24,FALSE
wpi6174p24145429l05,2025-03-19_16h16.37.777,Congruent,CC2.png,13,Left,Yes,69.1251,41.0,21.0,41,21,TRUE
wpi6174p24145429l05,2025-03-19_16h16.37.777,Congruent,CC1.png,14,Left,Yes,14.6465,29.0,4.0,29,4,TRUE
wpi6174p24145429l05,2025-03-19_16h16.37.777,Congruent,CC6.png,15,Left,No,26.6143,41.0,30.0,37,30,FALSE
wpi6174p24145429l05,2025-03-19_16h16.37.777,Congruent,CC9.png,16,Right,Yes,16.5995,13.0,14.0,43,14,FALSE
wpi6174p24145429l05,2025-03-19_16h16.37.777,Congruent,CC10.png,17,Right,No,16.6973,37.0,16.0,37,16,TRUE
wpi6174p24145429l05,2025-03-19_16h16.37.777,Congruent,CC11.png,18,Right,No,13.0314,17.0,12.0,19,24,FALSE
wpi6174p24145429l05,2025-03-19_16h16.37.777,Congruent,CC4.png,19,Left,No,16.6975,49.0,16.0,49,16,TRUE
wpi6174p24145429l05,2025-03-19_16h16.37.777,Congruent,CC3.png,20,Left,Yes,21.4311,46.0,18.0,89,36,FALSE
wpi6174p24145429l05,2025-03-19_16h16.37.777,Congruent,CC5.png,21,Left,No,23.9632,29.0,18.0,29,18,TRUE
wpi6174p24145429l05,2025-03-19_16h16.37.777,Congruent,CC8.png,22,Right,Yes,27.1978,23.0,21.0,25,21,FALSE
wpi6174p24145429l05,2025-03-19_16h16.37.777,Congruent,CC12.png,23,Right,No,22.7794,73.0,12.0,73,12,TRUE
wpi6174p24145429l05,2025-03-19_16h16.37.777,Congruent,CC7.png,24,Right,Yes,11.3809,19.0,10.0,19,10,TRUE
wpi6174q648202320p8,2025-05-05_18h11.54.035,Incongruent,P5.png,1,Left,No,49.9166,31.0,24.0,31,24,TRUE
wpi6174q648202320p8,2025-05-05_18h11.54.035,Incongruent,P3.png,2,Left,Yes,44.2418,21.0,20.0,21,20,TRUE
wpi6174q648202320p8,2025-05-05_18h11.54.035,Incongruent,P7.png,3,Right,Yes,41.9341,67.0,9.0,67,9,TRUE
wpi6174q648202320p8,2025-05-05_18h11.54.035,Incongruent,P10.png,4,Right,No,7.5086,56.0,67.0,43,12,FALSE
wpi6174q648202320p8,2025-05-05_18h11.54.035,Incongruent,P2.png,5,Left,Yes,10.7218,15.0,9.0,28,15,FALSE
wpi6174q648202320p8,2025-05-05_18h11.54.035,Incongruent,P8.png,6,Right,Yes,30.023,8.0,20.0,41,20,FALSE
wpi6174q648202320p8,2025-05-05_18h11.54.035,Incongruent,P1.png,7,Left,Yes,12.972,17.0,20.0,31,20,FALSE
wpi6174q648202320p8,2025-05-05_18h11.54.035,Incongruent,P6.png,8,Left,No,30.6322,49.0,24.0,49,24,TRUE
wpi6174q648202320p8,2025-05-05_18h11.54.035,Incongruent,P4.png,9,Left,No,9.2274,10.0,12.0,71,12,FALSE
wpi6174q648202320p8,2025-05-05_18h11.54.035,Incongruent,P11.png,10,Right,No,8.5862,5.0,6.0,23,18,FALSE
wpi6174q648202320p8,2025-05-05_18h11.54.035,Incongruent,P12.png,11,Right,No,12.0258,16.0,32.0,51,28,FALSE
wpi6174q648202320p8,2025-05-05_18h11.54.035,Incongruent,P9.png,12,Right,Yes,7.8455,8.0,57.0,33,14,FALSE
wpi6174q648202320p8,2025-05-05_18h11.54.035,Incongruent,IC12.png,13,Right,No,8.2843,10.0,24.0,73,12,FALSE
wpi6174q648202320p8,2025-05-05_18h11.54.035,Incongruent,IC7.png,14,Right,Yes,4.6337,56.0,50.0,19,10,FALSE
wpi6174q648202320p8,2025-05-05_18h11.54.035,Incongruent,IC5.png,15,Left,No,10.8543,56.0,54.0,29,18,FALSE
wpi6174q648202320p8,2025-05-05_18h11.54.035,Incongruent,IC11.png,16,Right,No,4.8224,7.0,12.0,19,24,FALSE
wpi6174q648202320p8,2025-05-05_18h11.54.035,Incongruent,IC4.png,17,Left,No,11.5684,9.0,16.0,49,16,FALSE
wpi6174q648202320p8,2025-05-05_18h11.54.035,Incongruent,IC8.png,18,Right,Yes,9.1677,7.0,24.0,25,21,FALSE
wpi6174q648202320p8,2025-05-05_18h11.54.035,Incongruent,IC6.png,19,Left,No,8.281,56.0,30.0,37,30,FALSE
wpi6174q648202320p8,2025-05-05_18h11.54.035,Incongruent,IC9.png,20,Right,Yes,4.1981,56.0,21.0,43,14,FALSE
wpi6174q648202320p8,2025-05-05_18h11.54.035,Incongruent,IC10.png,21,Right,No,5.8993,2.0,16.0,37,16,FALSE
wpi6174q648202320p8,2025-05-05_18h11.54.035,Incongruent,IC3.png,22,Left,Yes,3.2644,12.0,12.0,89,36,FALSE
wpi6174q648202320p8,2025-05-05_18h11.54.035,Incongruent,IC1.png,23,Left,Yes,2.8135,21.0,23.0,29,4,FALSE
wpi6174q648202320p8,2025-05-05_18h11.54.035,Incongruent,IC2.png,24,Left,Yes,4.6796,34.0,24.0,41,21,FALSE
wpi6174rx6388216152,2025-05-04_16h09.42.945,Incongruent,P12.png,1,Right,No,56.377,51.0,28.0,51,28,TRUE
wpi6174rx6388216152,2025-05-04_16h09.42.945,Incongruent,P8.png,2,Right,Yes,28.208,41.0,20.0,41,20,TRUE
wpi6174rx6388216152,2025-05-04_16h09.42.945,Incongruent,P2.png,3,Left,Yes,38.052,28.0,15.0,28,15,TRUE
wpi6174rx6388216152,2025-05-04_16h09.42.945,Incongruent,P5.png,4,Left,No,28.644,31.0,24.0,31,24,TRUE
wpi6174rx6388216152,2025-05-04_16h09.42.945,Incongruent,P4.png,5,Left,No,20.4,71.0,12.0,71,12,TRUE
wpi6174rx6388216152,2025-05-04_16h09.42.945,Incongruent,P11.png,6,Right,No,88.253,23.0,18.0,23,18,TRUE
wpi6174rx6388216152,2025-05-04_16h09.42.945,Incongruent,P6.png,7,Left,No,28.327,49.0,24.0,49,24,TRUE
wpi6174rx6388216152,2025-05-04_16h09.42.945,Incongruent,P10.png,8,Right,No,23.245,43.0,12.0,43,12,TRUE
wpi6174rx6388216152,2025-05-04_16h09.42.945,Incongruent,P1.png,9,Left,Yes,35.053,31.0,20.0,31,20,TRUE
wpi6174rx6388216152,2025-05-04_16h09.42.945,Incongruent,P7.png,10,Right,Yes,30.997,67.0,9.0,67,9,TRUE
wpi6174rx6388216152,2025-05-04_16h09.42.945,Incongruent,P3.png,11,Left,Yes,39.96,21.0,20.0,21,20,TRUE
wpi6174rx6388216152,2025-05-04_16h09.42.945,Incongruent,P9.png,12,Right,Yes,35.788,33.0,14.0,33,14,TRUE
wpi6174rx6388216152,2025-05-04_16h09.42.945,Incongruent,IC8.png,13,Right,Yes,35.541,25.0,21.0,25,21,TRUE
wpi6174rx6388216152,2025-05-04_16h09.42.945,Incongruent,IC9.png,14,Right,Yes,37.825,43.0,14.0,43,14,TRUE
wpi6174rx6388216152,2025-05-04_16h09.42.945,Incongruent,IC4.png,15,Left,No,23.494,49.0,16.0,49,16,TRUE
wpi6174rx6388216152,2025-05-04_16h09.42.945,Incongruent,IC12.png,16,Right,No,26.995,73.0,12.0,73,12,TRUE
wpi6174rx6388216152,2025-05-04_16h09.42.945,Incongruent,IC10.png,17,Right,No,23.041,37.0,16.0,37,16,TRUE
wpi6174rx6388216152,2025-05-04_16h09.42.945,Incongruent,IC11.png,18,Right,No,33.325,19.0,24.0,19,24,TRUE
wpi6174rx6388216152,2025-05-04_16h09.42.945,Incongruent,IC3.png,19,Left,Yes,51.92,89.0,36.0,89,36,TRUE
wpi6174rx6388216152,2025-05-04_16h09.42.945,Incongruent,IC2.png,20,Left,Yes,61.009,41.0,21.0,41,21,TRUE
wpi6174rx6388216152,2025-05-04_16h09.42.945,Incongruent,IC7.png,21,Right,Yes,21.111,19.0,10.0,19,10,TRUE
wpi6174rx6388216152,2025-05-04_16h09.42.945,Incongruent,IC6.png,22,Left,No,35.575,37.0,30.0,37,30,TRUE
wpi6174rx6388216152,2025-05-04_16h09.42.945,Incongruent,IC1.png,23,Left,Yes,17.579,29.0,4.0,29,4,TRUE
wpi6174rx6388216152,2025-05-04_16h09.42.945,Incongruent,IC5.png,24,Left,No,35.592,51.0,36.0,29,18,FALSE
wpi6174sw5558164473,2025-04-25_01h34.03.983,Congruent,P6.png,1,Left,No,57.32,98.0,48.0,49,24,TRUE
wpi6174sw5558164473,2025-04-25_01h34.03.983,Congruent,P9.png,2,Right,Yes,51.832,33.0,14.0,33,14,TRUE
wpi6174sw5558164473,2025-04-25_01h34.03.983,Congruent,P3.png,3,Left,Yes,29.855,21.0,20.0,21,20,TRUE
wpi6174sw5558164473,2025-04-25_01h34.03.983,Congruent,P4.png,4,Left,No,23.587,71.0,12.0,71,12,TRUE
wpi6174sw5558164473,2025-04-25_01h34.03.983,Congruent,P12.png,5,Right,No,115.4,102.0,54.0,51,28,FALSE
wpi6174sw5558164473,2025-04-25_01h34.03.983,Congruent,P5.png,6,Left,No,80.423,31.0,24.0,31,24,TRUE
wpi6174sw5558164473,2025-04-25_01h34.03.983,Congruent,P8.png,7,Right,Yes,34.215,41.0,20.0,41,20,TRUE
wpi6174sw5558164473,2025-04-25_01h34.03.983,Congruent,P1.png,8,Left,Yes,28.465,31.0,20.0,31,20,TRUE
wpi6174sw5558164473,2025-04-25_01h34.03.983,Congruent,P11.png,9,Right,No,33.542,23.0,18.0,23,18,TRUE
wpi6174sw5558164473,2025-04-25_01h34.03.983,Congruent,P10.png,10,Right,No,22.148,43.0,12.0,43,12,TRUE
wpi6174sw5558164473,2025-04-25_01h34.03.983,Congruent,P2.png,11,Left,Yes,27.455,28.0,15.0,28,15,TRUE
wpi6174sw5558164473,2025-04-25_01h34.03.983,Congruent,P7.png,12,Right,Yes,25.081,67.0,9.0,67,9,TRUE
wpi6174sw5558164473,2025-04-25_01h34.03.983,Congruent,CC6.png,13,Left,No,43.16,37.0,30.0,37,30,TRUE
wpi6174sw5558164473,2025-04-25_01h34.03.983,Congruent,CC9.png,14,Right,Yes,26.946,43.0,14.0,43,14,TRUE
wpi6174sw5558164473,2025-04-25_01h34.03.983,Congruent,CC11.png,15,Right,No,30.771,19.0,24.0,19,24,TRUE
wpi6174sw5558164473,2025-04-25_01h34.03.983,Congruent,CC5.png,16,Left,No,21.066,29.0,18.0,29,18,TRUE
wpi6174sw5558164473,2025-04-25_01h34.03.983,Congruent,CC7.png,17,Right,Yes,25.148,19.0,10.0,19,10,TRUE
wpi6174sw5558164473,2025-04-25_01h34.03.983,Congruent,CC3.png,18,Left,Yes,41.601,89.0,36.0,89,36,TRUE
wpi6174sw5558164473,2025-04-25_01h34.03.983,Congruent,CC4.png,19,Left,No,13.612,49.0,16.0,49,16,TRUE
wpi6174sw5558164473,2025-04-25_01h34.03.983,Congruent,CC10.png,20,Right,No,18.226,37.0,16.0,37,16,TRUE
wpi6174sw5558164473,2025-04-25_01h34.03.983,Congruent,CC12.png,21,Right,No,25.134,73.0,12.0,73,12,TRUE
wpi6174sw5558164473,2025-04-25_01h34.03.983,Congruent,CC1.png,22,Left,Yes,17.078,29.0,4.0,29,4,TRUE
wpi6174sw5558164473,2025-04-25_01h34.03.983,Congruent,CC8.png,23,Right,Yes,22.771,25.0,21.0,25,21,TRUE
wpi6174sw5558164473,2025-04-25_01h34.03.983,Congruent,CC2.png,24,Left,Yes,40.431,41.0,21.0,41,21,TRUE
wpi6174u1114139w854,2025-03-04_14h16.24.307,Congruent,P2.png,1,Left,Yes,53.0694,28.0,15.0,28,15,TRUE
wpi6174u1114139w854,2025-03-04_14h16.24.307,Congruent,P4.png,2,Left,No,65.8425,426.0,72.0,71,12,TRUE
wpi6174u1114139w854,2025-03-04_14h16.24.307,Congruent,P1.png,3,Left,Yes,25.5845,31.0,20.0,31,20,TRUE
wpi6174u1114139w854,2025-03-04_14h16.24.307,Congruent,P5.png,4,Left,No,69.9031,124.0,84.0,31,24,FALSE
wpi6174u1114139w854,2025-03-04_14h16.24.307,Congruent,P3.png,5,Left,Yes,52.2265,63.0,60.0,21,20,TRUE
wpi6174u1114139w854,2025-03-04_14h16.24.307,Congruent,P12.png,6,Right,No,63.476,102.0,56.0,51,28,TRUE
wpi6174u1114139w854,2025-03-04_14h16.24.307,Congruent,P9.png,7,Right,Yes,71.9009,101.0,42.0,33,14,FALSE
wpi6174u1114139w854,2025-03-04_14h16.24.307,Congruent,P8.png,8,Right,Yes,66.4211,82.0,40.0,41,20,TRUE
wpi6174u1114139w854,2025-03-04_14h16.24.307,Congruent,P6.png,9,Left,No,34.7901,98.0,48.0,49,24,TRUE
wpi6174u1114139w854,2025-03-04_14h16.24.307,Congruent,P11.png,10,Right,No,45.4237,69.0,54.0,23,18,TRUE
wpi6174u1114139w854,2025-03-04_14h16.24.307,Congruent,P7.png,11,Right,Yes,36.0772,67.0,9.0,67,9,TRUE
wpi6174u1114139w854,2025-03-04_14h16.24.307,Congruent,P10.png,12,Right,No,45.0137,43.0,12.0,43,12,TRUE
wpi6174u1114139w854,2025-03-04_14h16.24.307,Congruent,CC4.png,13,Left,No,24.7142,49.0,16.0,49,16,TRUE
wpi6174u1114139w854,2025-03-04_14h16.24.307,Congruent,CC3.png,14,Left,Yes,33.8511,168.0,72.0,89,36,FALSE
wpi6174u1114139w854,2025-03-04_14h16.24.307,Congruent,CC2.png,15,Left,Yes,51.9986,72.0,21.0,41,21,FALSE
wpi6174u1114139w854,2025-03-04_14h16.24.307,Congruent,CC9.png,16,Right,Yes,74.1164,129.0,42.0,43,14,TRUE
wpi6174u1114139w854,2025-03-04_14h16.24.307,Congruent,CC6.png,17,Left,No,65.4627,185.0,150.0,37,30,TRUE
wpi6174u1114139w854,2025-03-04_14h16.24.307,Congruent,CC7.png,18,Right,Yes,23.91,19.0,10.0,19,10,TRUE
wpi6174u1114139w854,2025-03-04_14h16.24.307,Congruent,CC11.png,19,Right,No,42.5053,76.0,96.0,19,24,TRUE
wpi6174u1114139w854,2025-03-04_14h16.24.307,Congruent,CC1.png,20,Left,Yes,49.9259,87.0,12.0,29,4,TRUE
wpi6174u1114139w854,2025-03-04_14h16.24.307,Congruent,CC12.png,21,Right,No,31.2424,146.0,24.0,73,12,TRUE
wpi6174u1114139w854,2025-03-04_14h16.24.307,Congruent,CC10.png,22,Right,No,26.6017,37.0,16.0,37,16,TRUE
wpi6174u1114139w854,2025-03-04_14h16.24.307,Congruent,CC8.png,23,Right,Yes,43.7542,25.0,21.0,25,21,TRUE
wpi6174u1114139w854,2025-03-04_14h16.24.307,Congruent,CC5.png,24,Left,No,48.1196,87.0,54.0,29,18,TRUE
wpi6174u352s5874757,2025-04-01_13h03.02.331,Congruent,P2.png,1,Left,Yes,59.1946,112.0,60.0,28,15,TRUE
wpi6174u352s5874757,2025-04-01_13h03.02.331,Congruent,P4.png,2,Left,No,15.0768,71.0,12.0,71,12,TRUE
wpi6174u352s5874757,2025-04-01_13h03.02.331,Congruent,P8.png,3,Right,Yes,50.9769,41.0,20.0,41,20,TRUE
wpi6174u352s5874757,2025-04-01_13h03.02.331,Congruent,P5.png,4,Left,No,68.4354,31.0,24.0,31,24,TRUE
wpi6174u352s5874757,2025-04-01_13h03.02.331,Congruent,P12.png,5,Right,No,23.5748,51.0,28.0,51,28,TRUE
wpi6174u352s5874757,2025-04-01_13h03.02.331,Congruent,P3.png,6,Left,Yes,22.5701,21.0,20.0,21,20,TRUE
wpi6174u352s5874757,2025-04-01_13h03.02.331,Congruent,P9.png,7,Right,Yes,31.4756,33.0,14.0,33,14,TRUE
wpi6174u352s5874757,2025-04-01_13h03.02.331,Congruent,P7.png,8,Right,Yes,30.1663,67.0,9.0,67,9,TRUE
wpi6174u352s5874757,2025-04-01_13h03.02.331,Congruent,P6.png,9,Left,No,13.1208,16.0,6.0,49,24,FALSE
wpi6174u352s5874757,2025-04-01_13h03.02.331,Congruent,P1.png,10,Left,Yes,15.944,31.0,20.0,31,20,TRUE
wpi6174u352s5874757,2025-04-01_13h03.02.331,Congruent,P10.png,11,Right,No,25.9045,43.0,12.0,43,12,TRUE
wpi6174u352s5874757,2025-04-01_13h03.02.331,Congruent,P11.png,12,Right,No,40.4752,23.0,18.0,23,18,TRUE
wpi6174u352s5874757,2025-04-01_13h03.02.331,Congruent,CC11.png,13,Right,No,29.9539,19.0,24.0,19,24,TRUE
wpi6174u352s5874757,2025-04-01_13h03.02.331,Congruent,CC6.png,14,Left,No,24.1575,37.0,30.0,37,30,TRUE
wpi6174u352s5874757,2025-04-01_13h03.02.331,Congruent,CC7.png,15,Right,Yes,13.3995,19.0,10.0,19,10,TRUE
wpi6174u352s5874757,2025-04-01_13h03.02.331,Congruent,CC10.png,16,Right,No,11.0803,37.0,16.0,37,16,TRUE
wpi6174u352s5874757,2025-04-01_13h03.02.331,Congruent,CC2.png,17,Left,Yes,25.4159,32.0,21.0,41,21,FALSE
wpi6174u352s5874757,2025-04-01_13h03.02.331,Congruent,CC12.png,18,Right,No,23.3653,73.0,12.0,73,12,TRUE
wpi6174u352s5874757,2025-04-01_13h03.02.331,Congruent,CC9.png,19,Right,Yes,31.0424,39.0,14.0,43,14,FALSE
wpi6174u352s5874757,2025-04-01_13h03.02.331,Congruent,CC8.png,20,Right,Yes,17.2087,25.0,21.0,25,21,TRUE
wpi6174u352s5874757,2025-04-01_13h03.02.331,Congruent,CC4.png,21,Left,No,17.7715,49.0,16.0,49,16,TRUE
wpi6174u352s5874757,2025-04-01_13h03.02.331,Congruent,CC3.png,22,Left,Yes,47.2818,169.0,36.0,89,36,FALSE
wpi6174u352s5874757,2025-04-01_13h03.02.331,Congruent,CC1.png,23,Left,Yes,14.3979,29.0,4.0,29,4,TRUE
wpi6174u352s5874757,2025-04-01_13h03.02.331,Congruent,CC5.png,24,Left,No,20.1847,29.0,18.0,29,18,TRUE
wpi6174u597718963b7,2025-04-29_22h09.26.986,Congruent,P8.png,1,Right,Yes,35.8652,27.0,36.0,41,20,FALSE
wpi6174u597718963b7,2025-04-29_22h09.26.986,Congruent,P10.png,2,Right,No,20.6194,47.0,18.0,43,12,FALSE
wpi6174u597718963b7,2025-04-29_22h09.26.986,Congruent,P1.png,3,Left,Yes,27.8935,31.0,20.0,31,20,TRUE
wpi6174u597718963b7,2025-04-29_22h09.26.986,Congruent,P3.png,4,Left,Yes,37.4171,21.0,20.0,21,20,TRUE
wpi6174u597718963b7,2025-04-29_22h09.26.986,Congruent,P5.png,5,Left,No,36.2589,38.0,24.0,31,24,FALSE
wpi6174u597718963b7,2025-04-29_22h09.26.986,Congruent,P6.png,6,Left,No,36.163,98.0,48.0,49,24,TRUE
wpi6174u597718963b7,2025-04-29_22h09.26.986,Congruent,P7.png,7,Right,Yes,14.2487,67.0,9.0,67,9,TRUE
wpi6174u597718963b7,2025-04-29_22h09.26.986,Congruent,P12.png,8,Right,No,34.7384,51.0,28.0,51,28,TRUE
wpi6174u597718963b7,2025-04-29_22h09.26.986,Congruent,P4.png,9,Left,No,16.6293,71.0,12.0,71,12,TRUE
wpi6174u597718963b7,2025-04-29_22h09.26.986,Congruent,P9.png,10,Right,Yes,26.633,33.0,14.0,33,14,TRUE
wpi6174u597718963b7,2025-04-29_22h09.26.986,Congruent,P2.png,11,Left,Yes,19.1162,28.0,15.0,28,15,TRUE
wpi6174u597718963b7,2025-04-29_22h09.26.986,Congruent,P11.png,12,Right,No,64.0719,69.0,54.0,23,18,TRUE
wpi6174u597718963b7,2025-04-29_22h09.26.986,Congruent,CC12.png,13,Right,No,22.7578,73.0,12.0,73,12,TRUE
wpi6174u597718963b7,2025-04-29_22h09.26.986,Congruent,CC3.png,14,Left,Yes,23.3266,89.0,36.0,89,36,TRUE
wpi6174u597718963b7,2025-04-29_22h09.26.986,Congruent,CC2.png,15,Left,Yes,34.3802,41.0,21.0,41,21,TRUE
wpi6174u597718963b7,2025-04-29_22h09.26.986,Congruent,CC6.png,16,Left,No,27.4108,37.0,30.0,37,30,TRUE
wpi6174u597718963b7,2025-04-29_22h09.26.986,Congruent,CC5.png,17,Left,No,27.9635,89.0,54.0,29,18,FALSE
wpi6174u597718963b7,2025-04-29_22h09.26.986,Congruent,CC7.png,18,Right,Yes,17.6619,19.0,10.0,19,10,TRUE
wpi6174u597718963b7,2025-04-29_22h09.26.986,Congruent,CC1.png,19,Left,Yes,15.7831,29.0,4.0,29,4,TRUE
wpi6174u597718963b7,2025-04-29_22h09.26.986,Congruent,CC11.png,20,Right,No,23.6157,19.0,24.0,19,24,TRUE
wpi6174u597718963b7,2025-04-29_22h09.26.986,Congruent,CC9.png,21,Right,Yes,25.6961,43.0,14.0,43,14,TRUE
wpi6174u597718963b7,2025-04-29_22h09.26.986,Congruent,CC4.png,22,Left,No,11.9832,49.0,16.0,49,16,TRUE
wpi6174u597718963b7,2025-04-29_22h09.26.986,Congruent,CC10.png,23,Right,No,10.5558,37.0,16.0,37,16,TRUE
wpi6174u597718963b7,2025-04-29_22h09.26.986,Congruent,CC8.png,24,Right,Yes,19.0878,25.0,21.0,25,21,TRUE
wpi6174u6a585618818,2025-05-06_23h30.11.642,Congruent,P9.png,1,Right,Yes,34.9985,"Â 
4",5.0,33,14,FALSE
wpi6174u6a585618818,2025-05-06_23h30.11.642,Congruent,P11.png,2,Right,No,62.6414,19,9.0,23,18,FALSE
wpi6174u6a585618818,2025-05-06_23h30.11.642,Congruent,P10.png,3,Right,No,47.3188,43,12.0,43,12,TRUE
wpi6174u6a585618818,2025-05-06_23h30.11.642,Congruent,P5.png,4,Left,No,22.6411,9,16.0,31,24,FALSE
wpi6174u6a585618818,2025-05-06_23h30.11.642,Congruent,P1.png,5,Left,Yes,16.2044,15,20.0,31,20,FALSE
wpi6174u6a585618818,2025-05-06_23h30.11.642,Congruent,P7.png,6,Right,Yes,37.173,18,9.0,67,9,FALSE
wpi6174u6a585618818,2025-05-06_23h30.11.642,Congruent,P12.png,7,Right,No,9.8935,9,14.0,51,28,FALSE
wpi6174u6a585618818,2025-05-06_23h30.11.642,Congruent,P3.png,8,Left,Yes,11.8617,17,20.0,21,20,FALSE
wpi6174u6a585618818,2025-05-06_23h30.11.642,Congruent,P8.png,9,Right,Yes,18.8782,10,20.0,41,20,FALSE
wpi6174u6a585618818,2025-05-06_23h30.11.642,Congruent,P2.png,10,Left,Yes,19.4571,19,20.0,28,15,FALSE
wpi6174u6a585618818,2025-05-06_23h30.11.642,Congruent,P6.png,11,Left,No,12.092,15,18.0,49,24,FALSE
wpi6174u6a585618818,2025-05-06_23h30.11.642,Congruent,P4.png,12,Left,No,8.3733,24,12.0,71,12,FALSE
wpi6174u6a585618818,2025-05-06_23h30.11.642,Congruent,CC6.png,13,Left,No,32.625,22,15.0,37,30,FALSE
wpi6174u6a585618818,2025-05-06_23h30.11.642,Congruent,CC2.png,14,Left,Yes,7.3469,9,14.0,41,21,FALSE
wpi6174u6a585618818,2025-05-06_23h30.11.642,Congruent,CC5.png,15,Left,No,41.8483,8,6.0,29,18,FALSE
wpi6174u6a585618818,2025-05-06_23h30.11.642,Congruent,CC3.png,16,Left,Yes,6.3474,8,28.0,89,36,FALSE
wpi6174u6a585618818,2025-05-06_23h30.11.642,Congruent,CC8.png,17,Right,Yes,28.2129,20,14.0,25,21,FALSE
wpi6174u6a585618818,2025-05-06_23h30.11.642,Congruent,CC4.png,18,Left,No,14.9423,21,8.0,49,16,FALSE
wpi6174u6a585618818,2025-05-06_23h30.11.642,Congruent,CC9.png,19,Right,Yes,13.0224,18,21.0,43,14,FALSE
wpi6174u6a585618818,2025-05-06_23h30.11.642,Congruent,CC12.png,20,Right,No,10.4904,15,12.0,73,12,FALSE
wpi6174u6a585618818,2025-05-06_23h30.11.642,Congruent,CC7.png,21,Right,Yes,9.9061,24,20.0,19,10,FALSE
wpi6174u6a585618818,2025-05-06_23h30.11.642,Congruent,CC11.png,22,Right,No,5.2391,3,8.0,19,24,FALSE
wpi6174u6a585618818,2025-05-06_23h30.11.642,Congruent,CC1.png,23,Left,Yes,15.6697,12,24.0,29,4,FALSE
wpi6174u6a585618818,2025-05-06_23h30.11.642,Congruent,CC10.png,24,Right,No,8.8725,15,8.0,37,16,FALSE
wpi6174w0i668552492,2025-02-27_10h18.08.283,Incongruent,P9.png,1,Right,Yes,46.1432,107.0,42.0,33,14,FALSE
wpi6174w0i668552492,2025-02-27_10h18.08.283,Incongruent,P7.png,2,Right,Yes,32.7812,67.0,9.0,67,9,TRUE
wpi6174w0i668552492,2025-02-27_10h18.08.283,Incongruent,P6.png,3,Left,No,50.1761,49.0,24.0,49,24,TRUE
wpi6174w0i668552492,2025-02-27_10h18.08.283,Incongruent,P5.png,4,Left,No,33.3259,31.0,24.0,31,24,TRUE
wpi6174w0i668552492,2025-02-27_10h18.08.283,Incongruent,P10.png,5,Right,No,30.6824,43.0,12.0,43,12,TRUE
wpi6174w0i668552492,2025-02-27_10h18.08.283,Incongruent,P4.png,6,Left,No,16.8869,71.0,12.0,71,12,TRUE
wpi6174w0i668552492,2025-02-27_10h18.08.283,Incongruent,P8.png,7,Right,Yes,28.1372,41.0,20.0,41,20,TRUE
wpi6174w0i668552492,2025-02-27_10h18.08.283,Incongruent,P3.png,8,Left,Yes,62.2925,63.0,60.0,21,20,TRUE
wpi6174w0i668552492,2025-02-27_10h18.08.283,Incongruent,P12.png,9,Right,No,33.9529,51.0,28.0,51,28,TRUE
wpi6174w0i668552492,2025-02-27_10h18.08.283,Incongruent,P2.png,10,Left,Yes,44.4058,112.0,60.0,28,15,TRUE
wpi6174w0i668552492,2025-02-27_10h18.08.283,Incongruent,P11.png,11,Right,No,42.7487,54.0,36.0,23,18,FALSE
wpi6174w0i668552492,2025-02-27_10h18.08.283,Incongruent,P1.png,12,Left,Yes,21.2345,31.0,20.0,31,20,TRUE
wpi6174w0i668552492,2025-02-27_10h18.08.283,Incongruent,IC8.png,13,Right,Yes,58.5239,50.0,42.0,25,21,TRUE
wpi6174w0i668552492,2025-02-27_10h18.08.283,Incongruent,IC5.png,14,Left,No,28.9853,58.0,36.0,29,18,TRUE
wpi6174w0i668552492,2025-02-27_10h18.08.283,Incongruent,IC4.png,15,Left,No,24.5666,49.0,16.0,49,16,TRUE
wpi6174w0i668552492,2025-02-27_10h18.08.283,Incongruent,IC2.png,16,Left,Yes,72.7636,82.0,42.0,41,21,TRUE
wpi6174w0i668552492,2025-02-27_10h18.08.283,Incongruent,IC11.png,17,Right,No,25.2149,19.0,24.0,19,24,TRUE
wpi6174w0i668552492,2025-02-27_10h18.08.283,Incongruent,IC3.png,18,Left,Yes,41.7313,89.0,36.0,89,36,TRUE
wpi6174w0i668552492,2025-02-27_10h18.08.283,Incongruent,IC1.png,19,Left,Yes,27.5759,87.0,12.0,29,4,TRUE
wpi6174w0i668552492,2025-02-27_10h18.08.283,Incongruent,IC10.png,20,Right,No,12.377,37.0,16.0,37,16,TRUE
wpi6174w0i668552492,2025-02-27_10h18.08.283,Incongruent,IC6.png,21,Left,No,20.5538,37.0,30.0,37,30,TRUE
wpi6174w0i668552492,2025-02-27_10h18.08.283,Incongruent,IC12.png,22,Right,No,24.1764,73.0,12.0,73,12,TRUE
wpi6174w0i668552492,2025-02-27_10h18.08.283,Incongruent,IC9.png,23,Right,Yes,27.8289,117.0,21.0,43,14,FALSE
wpi6174w0i668552492,2025-02-27_10h18.08.283,Incongruent,IC7.png,24,Right,Yes,17.9369,38.0,20.0,19,10,TRUE
wpi617aa46449773482,2025-05-05_09h13.15.823,Congruent,P7.png,1,Right,Yes,22.2524,14.0,16.0,67,9,FALSE
wpi617aa46449773482,2025-05-05_09h13.15.823,Congruent,P4.png,2,Left,No,62.0498,55.0,12.0,71,12,FALSE
wpi617aa46449773482,2025-05-05_09h13.15.823,Congruent,P5.png,3,Left,No,25.7802,7.0,24.0,31,24,FALSE
wpi617aa46449773482,2025-05-05_09h13.15.823,Congruent,P2.png,4,Left,Yes,44.0124,112.0,60.0,28,15,TRUE
wpi617aa46449773482,2025-05-05_09h13.15.823,Congruent,P8.png,5,Right,Yes,39.8715,29.0,36.0,41,20,FALSE
wpi617aa46449773482,2025-05-05_09h13.15.823,Congruent,P12.png,6,Right,No,32.4287,51.0,28.0,51,28,TRUE
wpi617aa46449773482,2025-05-05_09h13.15.823,Congruent,P6.png,7,Left,No,22.8022,49.0,24.0,49,24,TRUE
wpi617aa46449773482,2025-05-05_09h13.15.823,Congruent,P1.png,8,Left,Yes,26.1406,31.0,20.0,31,20,TRUE
wpi617aa46449773482,2025-05-05_09h13.15.823,Congruent,P11.png,9,Right,No,29.2799,23.0,18.0,23,18,TRUE
wpi617aa46449773482,2025-05-05_09h13.15.823,Congruent,P10.png,10,Right,No,20.9811,43.0,12.0,43,12,TRUE
wpi617aa46449773482,2025-05-05_09h13.15.823,Congruent,P3.png,11,Left,Yes,25.8107,21.0,20.0,21,20,TRUE
wpi617aa46449773482,2025-05-05_09h13.15.823,Congruent,P9.png,12,Right,Yes,31.5636,99.0,42.0,33,14,TRUE
wpi617aa46449773482,2025-05-05_09h13.15.823,Congruent,CC7.png,13,Right,Yes,43.4533,19.0,10.0,19,10,TRUE
wpi617aa46449773482,2025-05-05_09h13.15.823,Congruent,CC11.png,14,Right,No,36.8435,19.0,24.0,19,24,TRUE
wpi617aa46449773482,2025-05-05_09h13.15.823,Congruent,CC8.png,15,Right,Yes,25.5523,25.0,21.0,25,21,TRUE
wpi617aa46449773482,2025-05-05_09h13.15.823,Congruent,CC10.png,16,Right,No,24.4498,37.0,16.0,37,16,TRUE
wpi617aa46449773482,2025-05-05_09h13.15.823,Congruent,CC12.png,17,Right,No,24.8335,73.0,12.0,73,12,TRUE
wpi617aa46449773482,2025-05-05_09h13.15.823,Congruent,CC5.png,18,Left,No,26.6546,29.0,18.0,29,18,TRUE
wpi617aa46449773482,2025-05-05_09h13.15.823,Congruent,CC9.png,19,Right,Yes,29.7029,129.0,42.0,43,14,TRUE
wpi617aa46449773482,2025-05-05_09h13.15.823,Congruent,CC3.png,20,Left,Yes,29.2279,89.0,36.0,89,36,TRUE
wpi617aa46449773482,2025-05-05_09h13.15.823,Congruent,CC2.png,21,Left,Yes,23.1445,41.0,21.0,41,21,TRUE
wpi617aa46449773482,2025-05-05_09h13.15.823,Congruent,CC4.png,22,Left,No,22.3787,49.0,16.0,49,16,TRUE
wpi617aa46449773482,2025-05-05_09h13.15.823,Congruent,CC6.png,23,Left,No,45.92,37.0,30.0,37,30,TRUE
wpi617aa46449773482,2025-05-05_09h13.15.823,Congruent,CC1.png,24,Left,Yes,30.17,29.0,4.0,29,4,TRUE
wpi617d4c3710767579,2025-04-03_16h22.55.129,Congruent,P2.png,1,Left,Yes,51.3394,74.0,60.0,28,15,FALSE
wpi617d4c3710767579,2025-04-03_16h22.55.129,Congruent,P11.png,2,Right,No,27.0034,23.0,18.0,23,18,TRUE
wpi617d4c3710767579,2025-04-03_16h22.55.129,Congruent,P10.png,3,Right,No,29.6377,43.0,12.0,43,12,TRUE
wpi617d4c3710767579,2025-04-03_16h22.55.129,Congruent,P4.png,4,Left,No,18.5372,71.0,12.0,71,12,TRUE
wpi617d4c3710767579,2025-04-03_16h22.55.129,Congruent,P3.png,5,Left,Yes,20.4862,49.0,60.0,21,20,FALSE
wpi617d4c3710767579,2025-04-03_16h22.55.129,Congruent,P5.png,6,Left,No,42.4518,17.0,24.0,31,24,FALSE
wpi617d4c3710767579,2025-04-03_16h22.55.129,Congruent,P6.png,7,Left,No,37.612,49.0,24.0,49,24,TRUE
wpi617d4c3710767579,2025-04-03_16h22.55.129,Congruent,P1.png,8,Left,Yes,16.3533,31.0,20.0,31,20,TRUE
wpi617d4c3710767579,2025-04-03_16h22.55.129,Congruent,P7.png,9,Right,Yes,35.5681,134.0,18.0,67,9,TRUE
wpi617d4c3710767579,2025-04-03_16h22.55.129,Congruent,P8.png,10,Right,Yes,27.4917,82.0,40.0,41,20,TRUE
wpi617d4c3710767579,2025-04-03_16h22.55.129,Congruent,P9.png,11,Right,Yes,44.1746,33.0,14.0,33,14,TRUE
wpi617d4c3710767579,2025-04-03_16h22.55.129,Congruent,P12.png,12,Right,No,44.6325,51.0,28.0,51,28,TRUE
wpi617d4c3710767579,2025-04-03_16h22.55.129,Congruent,CC3.png,13,Left,Yes,32.8227,89.0,36.0,89,36,TRUE
wpi617d4c3710767579,2025-04-03_16h22.55.129,Congruent,CC2.png,14,Left,Yes,32.2545,41.0,21.0,41,21,TRUE
wpi617d4c3710767579,2025-04-03_16h22.55.129,Congruent,CC7.png,15,Right,Yes,15.5668,38.0,20.0,19,10,TRUE
wpi617d4c3710767579,2025-04-03_16h22.55.129,Congruent,CC9.png,16,Right,Yes,32.4722,43.0,14.0,43,14,TRUE
wpi617d4c3710767579,2025-04-03_16h22.55.129,Congruent,CC5.png,17,Left,No,16.8091,29.0,18.0,29,18,TRUE
wpi617d4c3710767579,2025-04-03_16h22.55.129,Congruent,CC1.png,18,Left,Yes,32.0622,87.0,12.0,29,4,TRUE
wpi617d4c3710767579,2025-04-03_16h22.55.129,Congruent,CC8.png,19,Right,Yes,23.927,25.0,21.0,25,21,TRUE
wpi617d4c3710767579,2025-04-03_16h22.55.129,Congruent,CC12.png,20,Right,No,15.3303,38.0,12.0,73,12,FALSE
wpi617d4c3710767579,2025-04-03_16h22.55.129,Congruent,CC4.png,21,Left,No,14.8715,49.0,16.0,49,16,TRUE
wpi617d4c3710767579,2025-04-03_16h22.55.129,Congruent,CC11.png,22,Right,No,22.2682,19.0,24.0,19,24,TRUE
wpi617d4c3710767579,2025-04-03_16h22.55.129,Congruent,CC6.png,23,Left,No,16.9851,37.0,30.0,37,30,TRUE
wpi617d4c3710767579,2025-04-03_16h22.55.129,Congruent,CC10.png,24,Right,No,14.8841,37.0,16.0,37,16,TRUE
wpi617f339q34159746,2024-12-11_11h42.08.432,Congruent,P9.png,1,Right,Yes,31.0819,81.0,42.0,33,14,FALSE
wpi617f339q34159746,2024-12-11_11h42.08.432,Congruent,P1.png,2,Left,Yes,14.4723,31.0,20.0,31,20,TRUE
wpi617f339q34159746,2024-12-11_11h42.08.432,Congruent,P4.png,3,Left,No,21.0873,71.0,21.0,71,12,FALSE
wpi617f339q34159746,2024-12-11_11h42.08.432,Congruent,P3.png,4,Left,Yes,21.2268,63.0,60.0,21,20,TRUE
wpi617f339q34159746,2024-12-11_11h42.08.432,Congruent,P5.png,5,Left,No,34.5289,124.0,96.0,31,24,TRUE
wpi617f339q34159746,2024-12-11_11h42.08.432,Congruent,P2.png,6,Left,Yes,29.2821,112.0,60.0,28,15,TRUE
wpi617f339q34159746,2024-12-11_11h42.08.432,Congruent,P8.png,7,Right,Yes,21.2569,82.0,40.0,41,20,TRUE
wpi617f339q34159746,2024-12-11_11h42.08.432,Congruent,P11.png,8,Right,No,23.1965,46.0,36.0,23,18,TRUE
wpi617f339q34159746,2024-12-11_11h42.08.432,Congruent,P6.png,9,Left,No,24.6942,98.0,48.0,49,24,TRUE
wpi617f339q34159746,2024-12-11_11h42.08.432,Congruent,P10.png,10,Right,No,16.9856,43.0,12.0,43,12,TRUE
wpi617f339q34159746,2024-12-11_11h42.08.432,Congruent,P7.png,11,Right,Yes,23.6088,268.0,36.0,67,9,TRUE
wpi617f339q34159746,2024-12-11_11h42.08.432,Congruent,P12.png,12,Right,No,50.6879,51.0,28.0,51,28,TRUE
wpi617f339q34159746,2024-12-11_11h42.08.432,Congruent,CC5.png,13,Left,No,4.9586,1.0,1.0,29,18,FALSE
wpi617f339q34159746,2024-12-11_11h42.08.432,Congruent,CC2.png,14,Left,Yes,1.8804,1.0,1.0,41,21,FALSE
wpi617f339q34159746,2024-12-11_11h42.08.432,Congruent,CC1.png,15,Left,Yes,1.8904,1.0,1.0,29,4,FALSE
wpi617f339q34159746,2024-12-11_11h42.08.432,Congruent,CC9.png,16,Right,Yes,1.9109,1.0,1.0,43,14,FALSE
wpi617f339q34159746,2024-12-11_11h42.08.432,Congruent,CC10.png,17,Right,No,1.6927,1.0,1.0,37,16,FALSE
wpi617f339q34159746,2024-12-11_11h42.08.432,Congruent,CC3.png,18,Left,Yes,1.6982,1.0,1.0,89,36,FALSE
wpi617f339q34159746,2024-12-11_11h42.08.432,Congruent,CC7.png,19,Right,Yes,1.6268,1.0,1.0,19,10,FALSE
wpi617f339q34159746,2024-12-11_11h42.08.432,Congruent,CC6.png,20,Left,No,1.7529,1.0,1.0,37,30,FALSE
wpi617f339q34159746,2024-12-11_11h42.08.432,Congruent,CC11.png,21,Right,No,1.585,1.0,1.0,19,24,FALSE
wpi617f339q34159746,2024-12-11_11h42.08.432,Congruent,CC12.png,22,Right,No,1.5721,1.0,1.0,73,12,FALSE
wpi617f339q34159746,2024-12-11_11h42.08.432,Congruent,CC8.png,23,Right,Yes,1.6856,1.0,1.0,25,21,FALSE
wpi617f339q34159746,2024-12-11_11h42.08.432,Congruent,CC4.png,24,Left,No,1.8595,1.0,1.0,49,16,FALSE
wpi617f3888076p6356,2025-02-06_17h46.50.277,Incongruent,P11.png,1,Right,No,30.5393,19.0,30.0,23,18,FALSE
wpi617f3888076p6356,2025-02-06_17h46.50.277,Incongruent,P6.png,2,Left,No,24.9315,21.0,6.0,49,24,FALSE
wpi617f3888076p6356,2025-02-06_17h46.50.277,Incongruent,P1.png,3,Left,Yes,64.1136,63.0,40.0,31,20,FALSE
wpi617f3888076p6356,2025-02-06_17h46.50.277,Incongruent,P2.png,4,Left,Yes,22.8495,42.0,15.0,28,15,FALSE
wpi617f3888076p6356,2025-02-06_17h46.50.277,Incongruent,P4.png,5,Left,No,112.7467,132.0,60.0,71,12,FALSE
wpi617f3888076p6356,2025-02-06_17h46.50.277,Incongruent,P12.png,6,Right,No,45.1469,57.0,20.0,51,28,FALSE
wpi617f3888076p6356,2025-02-06_17h46.50.277,Incongruent,P9.png,7,Right,Yes,58.2993,48.0,14.0,33,14,FALSE
wpi617f3888076p6356,2025-02-06_17h46.50.277,Incongruent,P7.png,8,Right,Yes,28.964,29.0,18.0,67,9,FALSE
wpi617f3888076p6356,2025-02-06_17h46.50.277,Incongruent,P8.png,9,Right,Yes,13.3321,18.0,12.0,41,20,FALSE
wpi617f3888076p6356,2025-02-06_17h46.50.277,Incongruent,P3.png,10,Left,Yes,33.582,28.0,32.0,21,20,FALSE
wpi617f3888076p6356,2025-02-06_17h46.50.277,Incongruent,P10.png,11,Right,No,17.3498,34.0,30.0,43,12,FALSE
wpi617f3888076p6356,2025-02-06_17h46.50.277,Incongruent,P5.png,12,Left,No,15.1986,127.0,8.0,31,24,FALSE
wpi617f3888076p6356,2025-02-06_17h46.50.277,Incongruent,IC4.png,13,Left,No,77.9564,38.0,48.0,49,16,FALSE
wpi617f3888076p6356,2025-02-06_17h46.50.277,Incongruent,IC1.png,14,Left,Yes,17.1625,97.0,20.0,29,4,FALSE
wpi617f3888076p6356,2025-02-06_17h46.50.277,Incongruent,IC5.png,15,Left,No,45.8319,159.0,18.0,29,18,FALSE
wpi617f3888076p6356,2025-02-06_17h46.50.277,Incongruent,IC10.png,16,Right,No,41.9667,156.0,160.0,37,16,FALSE
wpi617f3888076p6356,2025-02-06_17h46.50.277,Incongruent,IC6.png,17,Left,No,18.8308,19.0,10.0,37,30,FALSE
wpi617f3888076p6356,2025-02-06_17h46.50.277,Incongruent,IC12.png,18,Right,No,27.2128,58.0,40.0,73,12,FALSE
wpi617f3888076p6356,2025-02-06_17h46.50.277,Incongruent,IC8.png,19,Right,Yes,29.4172,15.0,21.0,25,21,FALSE
wpi617f3888076p6356,2025-02-06_17h46.50.277,Incongruent,IC3.png,20,Left,Yes,15.8558,49.0,16.0,89,36,FALSE
wpi617f3888076p6356,2025-02-06_17h46.50.277,Incongruent,IC2.png,21,Left,Yes,22.6366,56.0,12.0,41,21,FALSE
wpi617f3888076p6356,2025-02-06_17h46.50.277,Incongruent,IC7.png,22,Right,Yes,26.9859,85.0,30.0,19,10,FALSE
wpi617f3888076p6356,2025-02-06_17h46.50.277,Incongruent,IC11.png,23,Right,No,10.8949,7.0,12.0,19,24,FALSE
wpi617f3888076p6356,2025-02-06_17h46.50.277,Incongruent,IC9.png,24,Right,Yes,32.0356,53.0,14.0,43,14,FALSE
wpi617g334u18281498,2024-12-05_12h25.47.825,Congruent,P6.png,1,Left,No,86.8994,64.0,24.0,49,24,FALSE
wpi617g334u18281498,2024-12-05_12h25.47.825,Congruent,P9.png,2,Right,Yes,154.4414,99.0,42.0,33,14,TRUE
wpi617g334u18281498,2024-12-05_12h25.47.825,Congruent,P11.png,3,Right,No,47.3701,23.0,18.0,23,18,TRUE
wpi617g334u18281498,2024-12-05_12h25.47.825,Congruent,P10.png,4,Right,No,43.8604,43.0,12.0,43,12,TRUE
wpi617g334u18281498,2024-12-05_12h25.47.825,Congruent,P7.png,5,Right,Yes,33.781,134.0,18.0,67,9,TRUE
wpi617g334u18281498,2024-12-05_12h25.47.825,Congruent,P5.png,6,Left,No,32.6542,31.0,24.0,31,24,TRUE
wpi617g334u18281498,2024-12-05_12h25.47.825,Congruent,P8.png,7,Right,Yes,47.4921,41.0,20.0,41,20,TRUE
wpi617g334u18281498,2024-12-05_12h25.47.825,Congruent,P3.png,8,Left,Yes,115.7928,63.0,60.0,21,20,TRUE
wpi617g334u18281498,2024-12-05_12h25.47.825,Congruent,P12.png,9,Right,No,85.4993,51.0,28.0,51,28,TRUE
wpi617g334u18281498,2024-12-05_12h25.47.825,Congruent,P1.png,10,Left,Yes,31.5378,31.0,20.0,31,20,TRUE
wpi617g334u18281498,2024-12-05_12h25.47.825,Congruent,P4.png,11,Left,No,35.6767,71.0,12.0,71,12,TRUE
wpi617g334u18281498,2024-12-05_12h25.47.825,Congruent,P2.png,12,Left,Yes,126.3745,112.0,60.0,28,15,TRUE
wpi617g334u18281498,2024-12-05_12h25.47.825,Congruent,CC11.png,13,Right,No,50.1202,19.0,24.0,19,24,TRUE
wpi617g334u18281498,2024-12-05_12h25.47.825,Congruent,CC4.png,14,Left,No,29.4456,49.0,16.0,49,16,TRUE
wpi617g334u18281498,2024-12-05_12h25.47.825,Congruent,CC3.png,15,Left,Yes,46.0504,89.0,36.0,89,36,TRUE
wpi617g334u18281498,2024-12-05_12h25.47.825,Congruent,CC1.png,16,Left,Yes,27.2871,87.0,12.0,29,4,TRUE
wpi617g334u18281498,2024-12-05_12h25.47.825,Congruent,CC9.png,17,Right,Yes,54.6396,129.0,42.0,43,14,TRUE
wpi617g334u18281498,2024-12-05_12h25.47.825,Congruent,CC7.png,18,Right,Yes,25.5714,38.0,20.0,19,10,TRUE
wpi617g334u18281498,2024-12-05_12h25.47.825,Congruent,CC8.png,19,Right,Yes,119.9846,50.0,42.0,25,21,TRUE
wpi617g334u18281498,2024-12-05_12h25.47.825,Congruent,CC12.png,20,Right,No,53.5881,73.0,12.0,73,12,TRUE
wpi617g334u18281498,2024-12-05_12h25.47.825,Congruent,CC6.png,21,Left,No,50.1205,37.0,30.0,37,30,TRUE
wpi617g334u18281498,2024-12-05_12h25.47.825,Congruent,CC2.png,22,Left,Yes,84.9918,82.0,42.0,41,21,TRUE
wpi617g334u18281498,2024-12-05_12h25.47.825,Congruent,CC5.png,23,Left,No,30.347,29.0,18.0,29,18,TRUE
wpi617g334u18281498,2024-12-05_12h25.47.825,Congruent,CC10.png,24,Right,No,26.0051,37.0,16.0,37,16,TRUE
wpi617gc32670874638,2024-11-26_20h45.09.820,Incongruent,P12.png,1,Right,No,74.367,27.0,56.0,51,28,FALSE
wpi617gc32670874638,2024-11-26_20h45.09.820,Incongruent,P5.png,2,Left,No,47.4575,89.0,96.0,31,24,FALSE
wpi617gc32670874638,2024-11-26_20h45.09.820,Incongruent,P4.png,3,Left,No,33.4529,71.0,12.0,71,12,TRUE
wpi617gc32670874638,2024-11-26_20h45.09.820,Incongruent,P11.png,4,Right,No,46.3234,69.0,54.0,23,18,TRUE
wpi617gc32670874638,2024-11-26_20h45.09.820,Incongruent,P8.png,5,Right,Yes,48.118,82.0,40.0,41,20,TRUE
wpi617gc32670874638,2024-11-26_20h45.09.820,Incongruent,P10.png,6,Right,No,28.8242,43.0,12.0,43,12,TRUE
wpi617gc32670874638,2024-11-26_20h45.09.820,Incongruent,P3.png,7,Left,Yes,41.8085,63.0,60.0,21,20,TRUE
wpi617gc32670874638,2024-11-26_20h45.09.820,Incongruent,P2.png,8,Left,Yes,54.2673,92.0,60.0,28,15,FALSE
wpi617gc32670874638,2024-11-26_20h45.09.820,Incongruent,P7.png,9,Right,Yes,96.9418,201.0,27.0,67,9,TRUE
wpi617gc32670874638,2024-11-26_20h45.09.820,Incongruent,P6.png,10,Left,No,48.149,98.0,48.0,49,24,TRUE
wpi617gc32670874638,2024-11-26_20h45.09.820,Incongruent,P9.png,11,Right,Yes,44.3844,99.0,42.0,33,14,TRUE
wpi617gc32670874638,2024-11-26_20h45.09.820,Incongruent,P1.png,12,Left,Yes,22.6102,31.0,20.0,31,20,TRUE
wpi617gc32670874638,2024-11-26_20h45.09.820,Incongruent,IC4.png,13,Left,No,62.1573,210.0,96.0,49,16,FALSE
wpi617gc32670874638,2024-11-26_20h45.09.820,Incongruent,IC1.png,14,Left,Yes,48.7644,87.0,12.0,29,4,TRUE
wpi617gc32670874638,2024-11-26_20h45.09.820,Incongruent,IC10.png,15,Right,No,47.301,162.0,96.0,37,16,FALSE
wpi617gc32670874638,2024-11-26_20h45.09.820,Incongruent,IC9.png,16,Right,Yes,60.4412,129.0,42.0,43,14,TRUE
wpi617gc32670874638,2024-11-26_20h45.09.820,Incongruent,IC8.png,17,Right,Yes,36.0296,50.0,42.0,25,21,TRUE
wpi617gc32670874638,2024-11-26_20h45.09.820,Incongruent,IC2.png,18,Left,Yes,28.1356,82.0,42.0,41,21,TRUE
wpi617gc32670874638,2024-11-26_20h45.09.820,Incongruent,IC7.png,19,Right,Yes,23.8769,38.0,20.0,19,10,TRUE
wpi617gc32670874638,2024-11-26_20h45.09.820,Incongruent,IC12.png,20,Right,No,26.9326,146.0,24.0,73,12,TRUE
wpi617gc32670874638,2024-11-26_20h45.09.820,Incongruent,IC11.png,21,Right,No,33.1977,76.0,96.0,19,24,TRUE
wpi617gc32670874638,2024-11-26_20h45.09.820,Incongruent,IC6.png,22,Left,No,37.9844,185.0,150.0,37,30,TRUE
wpi617gc32670874638,2024-11-26_20h45.09.820,Incongruent,IC5.png,23,Left,No,24.4479,87.0,54.0,29,18,TRUE
wpi617gc32670874638,2024-11-26_20h45.09.820,Incongruent,IC3.png,24,Left,Yes,58.9936,178.0,72.0,89,36,TRUE
wpi617h3110578387b4,2024-11-08_18h02.42.691,Incongruent,P10.png,1,Right,No,31.2769,43.0,12.0,43,12,TRUE
wpi617h3110578387b4,2024-11-08_18h02.42.691,Incongruent,P5.png,2,Left,No,85.7377,124.0,96.0,31,24,TRUE
wpi617h3110578387b4,2024-11-08_18h02.42.691,Incongruent,P12.png,3,Right,No,91.9801,102.0,56.0,51,28,TRUE
wpi617h3110578387b4,2024-11-08_18h02.42.691,Incongruent,P2.png,4,Left,Yes,73.0309,112.0,60.0,28,15,TRUE
wpi617h3110578387b4,2024-11-08_18h02.42.691,Incongruent,P11.png,5,Right,No,53.8423,77.0,54.0,23,18,FALSE
wpi617h3110578387b4,2024-11-08_18h02.42.691,Incongruent,P3.png,6,Left,Yes,80.5899,63.0,60.0,21,20,TRUE
wpi617h3110578387b4,2024-11-08_18h02.42.691,Incongruent,P9.png,7,Right,Yes,67.1598,99.0,42.0,33,14,TRUE
wpi617h3110578387b4,2024-11-08_18h02.42.691,Incongruent,P8.png,8,Right,Yes,75.2688,92.0,80.0,41,20,FALSE
wpi617h3110578387b4,2024-11-08_18h02.42.691,Incongruent,P1.png,9,Left,Yes,49.4641,310.0,200.0,31,20,TRUE
wpi617h3110578387b4,2024-11-08_18h02.42.691,Incongruent,P6.png,10,Left,No,42.647,98.0,48.0,49,24,TRUE
wpi617h3110578387b4,2024-11-08_18h02.42.691,Incongruent,P4.png,11,Left,No,69.3409,426.0,72.0,71,12,TRUE
wpi617h3110578387b4,2024-11-08_18h02.42.691,Incongruent,P7.png,12,Right,Yes,88.0899,402.0,54.0,67,9,TRUE
wpi617h3110578387b4,2024-11-08_18h02.42.691,Incongruent,IC9.png,13,Right,Yes,77.7483,129.0,42.0,43,14,TRUE
wpi617h3110578387b4,2024-11-08_18h02.42.691,Incongruent,IC4.png,14,Left,No,123.9192,49.0,16.0,49,16,TRUE
wpi617h3110578387b4,2024-11-08_18h02.42.691,Incongruent,IC5.png,15,Left,No,34.1517,87.0,54.0,29,18,TRUE
wpi617h3110578387b4,2024-11-08_18h02.42.691,Incongruent,IC11.png,16,Right,No,38.7417,76.0,96.0,19,24,TRUE
wpi617h3110578387b4,2024-11-08_18h02.42.691,Incongruent,IC10.png,17,Right,No,84.1671,296.0,128.0,37,16,TRUE
wpi617h3110578387b4,2024-11-08_18h02.42.691,Incongruent,IC3.png,18,Left,Yes,66.6786,178.0,72.0,89,36,TRUE
wpi617h3110578387b4,2024-11-08_18h02.42.691,Incongruent,IC6.png,19,Left,No,36.5064,185.0,150.0,37,30,TRUE
wpi617h3110578387b4,2024-11-08_18h02.42.691,Incongruent,IC8.png,20,Right,Yes,44.8635,50.0,42.0,25,21,TRUE
wpi617h3110578387b4,2024-11-08_18h02.42.691,Incongruent,IC12.png,21,Right,No,37.724,146.0,24.0,73,12,TRUE
wpi617h3110578387b4,2024-11-08_18h02.42.691,Incongruent,IC1.png,22,Left,Yes,23.488,174.0,24.0,29,4,TRUE
wpi617h3110578387b4,2024-11-08_18h02.42.691,Incongruent,IC7.png,23,Right,Yes,52.3586,380.0,200.0,19,10,TRUE
wpi617h3110578387b4,2024-11-08_18h02.42.691,Incongruent,IC2.png,24,Left,Yes,48.0802,82.0,42.0,41,21,TRUE
wpi617h37i859872534,2025-01-25_22h06.59.492,Congruent,P1.png,1,Left,Yes,24.5744,31.0,20.0,31,20,TRUE
wpi617h37i859872534,2025-01-25_22h06.59.492,Congruent,P11.png,2,Right,No,13.3545,9.0,9.0,23,18,FALSE
wpi617h37i859872534,2025-01-25_22h06.59.492,Congruent,P10.png,3,Right,No,16.9487,43.0,12.0,43,12,TRUE
wpi617h37i859872534,2025-01-25_22h06.59.492,Congruent,P3.png,4,Left,Yes,15.6018,17.0,20.0,21,20,FALSE
wpi617h37i859872534,2025-01-25_22h06.59.492,Congruent,P2.png,5,Left,Yes,18.3692,28.0,15.0,28,15,TRUE
wpi617h37i859872534,2025-01-25_22h06.59.492,Congruent,P8.png,6,Right,Yes,18.2202,41.0,20.0,41,20,TRUE
wpi617h37i859872534,2025-01-25_22h06.59.492,Congruent,P5.png,7,Left,No,16.7883,31.0,24.0,31,24,TRUE
wpi617h37i859872534,2025-01-25_22h06.59.492,Congruent,P4.png,8,Left,No,12.9372,71.0,12.0,71,12,TRUE
wpi617h37i859872534,2025-01-25_22h06.59.492,Congruent,P9.png,9,Right,Yes,22.2734,33.0,14.0,33,14,TRUE
wpi617h37i859872534,2025-01-25_22h06.59.492,Congruent,P12.png,10,Right,No,20.4559,51.0,28.0,51,28,TRUE
wpi617h37i859872534,2025-01-25_22h06.59.492,Congruent,P6.png,11,Left,No,20.9131,49.0,24.0,49,24,TRUE
wpi617h37i859872534,2025-01-25_22h06.59.492,Congruent,P7.png,12,Right,Yes,14.6528,67.0,9.0,67,9,TRUE
wpi617h37i859872534,2025-01-25_22h06.59.492,Congruent,CC4.png,13,Left,No,19.2461,49.0,16.0,49,16,TRUE
wpi617h37i859872534,2025-01-25_22h06.59.492,Congruent,CC5.png,14,Left,No,18.3133,29.0,18.0,29,18,TRUE
wpi617h37i859872534,2025-01-25_22h06.59.492,Congruent,CC11.png,15,Right,No,16.4917,19.0,24.0,19,24,TRUE
wpi617h37i859872534,2025-01-25_22h06.59.492,Congruent,CC8.png,16,Right,Yes,22.1582,25.0,21.0,25,21,TRUE
wpi617h37i859872534,2025-01-25_22h06.59.492,Congruent,CC9.png,17,Right,Yes,28.131,43.0,14.0,43,14,TRUE
wpi617h37i859872534,2025-01-25_22h06.59.492,Congruent,CC6.png,18,Left,No,35.6155,37.0,30.0,37,30,TRUE
wpi617h37i859872534,2025-01-25_22h06.59.492,Congruent,CC3.png,19,Left,Yes,31.6974,89.0,36.0,89,36,TRUE
wpi617h37i859872534,2025-01-25_22h06.59.492,Congruent,CC7.png,20,Right,Yes,13.6996,19.0,10.0,19,10,TRUE
wpi617h37i859872534,2025-01-25_22h06.59.492,Congruent,CC12.png,21,Right,No,18.5773,73.0,12.0,73,12,TRUE
wpi617h37i859872534,2025-01-25_22h06.59.492,Congruent,CC1.png,22,Left,Yes,19.3919,80.0,12.0,29,4,FALSE
wpi617h37i859872534,2025-01-25_22h06.59.492,Congruent,CC2.png,23,Left,Yes,40.8725,41.0,21.0,41,21,TRUE
wpi617h37i859872534,2025-01-25_22h06.59.492,Congruent,CC10.png,24,Right,No,9.9976,37.0,16.0,37,16,TRUE
wpi617m3326052i0740,2024-12-03_16h32.13.750,Congruent,P12.png,1,Right,No,61.039,51.0,28.0,51,28,TRUE
wpi617m3326052i0740,2024-12-03_16h32.13.750,Congruent,P10.png,2,Right,No,24.197,43.0,12.0,43,12,TRUE
wpi617m3326052i0740,2024-12-03_16h32.13.750,Congruent,P9.png,3,Right,Yes,47.798,99.0,42.0,33,14,TRUE
wpi617m3326052i0740,2024-12-03_16h32.13.750,Congruent,P11.png,4,Right,No,22.337,23.0,18.0,23,18,TRUE
wpi617m3326052i0740,2024-12-03_16h32.13.750,Congruent,P7.png,5,Right,Yes,26.31,134.0,18.0,67,9,TRUE
wpi617m3326052i0740,2024-12-03_16h32.13.750,Congruent,P8.png,6,Right,Yes,25.441,41.0,20.0,41,20,TRUE
wpi617m3326052i0740,2024-12-03_16h32.13.750,Congruent,P5.png,7,Left,No,31.922,36.0,24.0,31,24,FALSE
wpi617m3326052i0740,2024-12-03_16h32.13.750,Congruent,P2.png,8,Left,Yes,28.083,92.0,60.0,28,15,FALSE
wpi617m3326052i0740,2024-12-03_16h32.13.750,Congruent,P6.png,9,Left,No,48.277,49.0,24.0,49,24,TRUE
wpi617m3326052i0740,2024-12-03_16h32.13.750,Congruent,P3.png,10,Left,Yes,34.283,21.0,20.0,21,20,TRUE
wpi617m3326052i0740,2024-12-03_16h32.13.750,Congruent,P1.png,11,Left,Yes,25.151,31.0,20.0,31,20,TRUE
wpi617m3326052i0740,2024-12-03_16h32.13.750,Congruent,P4.png,12,Left,No,15.262,71.0,12.0,71,12,TRUE
wpi617m3326052i0740,2024-12-03_16h32.13.750,Congruent,CC10.png,13,Right,No,69.541,141.0,48.0,37,16,FALSE
wpi617m3326052i0740,2024-12-03_16h32.13.750,Congruent,CC5.png,14,Left,No,21.06,29.0,18.0,29,18,TRUE
wpi617m3326052i0740,2024-12-03_16h32.13.750,Congruent,CC1.png,15,Left,Yes,54.693,97.0,12.0,29,4,FALSE
wpi617m3326052i0740,2024-12-03_16h32.13.750,Congruent,CC6.png,16,Left,No,48.116,37.0,30.0,37,30,TRUE
wpi617m3326052i0740,2024-12-03_16h32.13.750,Congruent,CC3.png,17,Left,Yes,17.367,89.0,36.0,89,36,TRUE
wpi617m3326052i0740,2024-12-03_16h32.13.750,Congruent,CC7.png,18,Right,Yes,15.774,35.0,20.0,19,10,FALSE
wpi617m3326052i0740,2024-12-03_16h32.13.750,Congruent,CC8.png,19,Right,Yes,65.3,50.0,42.0,25,21,TRUE
wpi617m3326052i0740,2024-12-03_16h32.13.750,Congruent,CC4.png,20,Left,No,11.394,49.0,16.0,49,16,TRUE
wpi617m3326052i0740,2024-12-03_16h32.13.750,Congruent,CC2.png,21,Left,Yes,107.786,41.0,21.0,41,21,TRUE
wpi617m3326052i0740,2024-12-03_16h32.13.750,Congruent,CC12.png,22,Right,No,26.265,73.0,12.0,73,12,TRUE
wpi617m3326052i0740,2024-12-03_16h32.13.750,Congruent,CC9.png,23,Right,Yes,70.806,136.0,42.0,43,14,FALSE
wpi617m3326052i0740,2024-12-03_16h32.13.750,Congruent,CC11.png,24,Right,No,12.264,11.0,12.0,19,24,FALSE
wpi617n3308449928h0,2024-12-01_15h36.55.290,Congruent,P9.png,1,Right,Yes,30.556,Â 7,11.0,33,14,FALSE
wpi617n3308449928h0,2024-12-01_15h36.55.290,Congruent,P12.png,2,Right,No,39.446,51,28.0,51,28,TRUE
wpi617n3308449928h0,2024-12-01_15h36.55.290,Congruent,P5.png,3,Left,No,32.546,31,24.0,31,24,TRUE
wpi617n3308449928h0,2024-12-01_15h36.55.290,Congruent,P11.png,4,Right,No,28.198,23,18.0,23,18,TRUE
wpi617n3308449928h0,2024-12-01_15h36.55.290,Congruent,P2.png,5,Left,Yes,30.377,40,24.0,28,15,FALSE
wpi617n3308449928h0,2024-12-01_15h36.55.290,Congruent,P4.png,6,Left,No,51.402,70,12.0,71,12,FALSE
wpi617n3308449928h0,2024-12-01_15h36.55.290,Congruent,P7.png,7,Right,Yes,37.853,80,18.0,67,9,FALSE
wpi617n3308449928h0,2024-12-01_15h36.55.290,Congruent,P8.png,8,Right,Yes,17.358,22,40.0,41,20,FALSE
wpi617n3308449928h0,2024-12-01_15h36.55.290,Congruent,P10.png,9,Right,No,15.18,39,12.0,43,12,FALSE
wpi617n3308449928h0,2024-12-01_15h36.55.290,Congruent,P1.png,10,Left,Yes,25.792,31,20.0,31,20,TRUE
wpi617n3308449928h0,2024-12-01_15h36.55.290,Congruent,P6.png,11,Left,No,30.273,59,24.0,49,24,FALSE
wpi617n3308449928h0,2024-12-01_15h36.55.290,Congruent,P3.png,12,Left,Yes,18.328,12,32.0,21,20,FALSE
wpi617n3308449928h0,2024-12-01_15h36.55.290,Congruent,CC2.png,13,Left,Yes,33.59,18,14.0,41,21,FALSE
wpi617n3308449928h0,2024-12-01_15h36.55.290,Congruent,CC9.png,14,Right,Yes,29.141,12,21.0,43,14,FALSE
wpi617n3308449928h0,2024-12-01_15h36.55.290,Congruent,CC11.png,15,Right,No,17.058,19,24.0,19,24,TRUE
wpi617n3308449928h0,2024-12-01_15h36.55.290,Congruent,CC1.png,16,Left,Yes,46.785,87,24.0,29,4,FALSE
wpi617n3308449928h0,2024-12-01_15h36.55.290,Congruent,CC8.png,17,Right,Yes,33.058,30,40.0,25,21,FALSE
wpi617n3308449928h0,2024-12-01_15h36.55.290,Congruent,CC7.png,18,Right,Yes,22.755,38,20,19,10,TRUE
wpi617n3308449928h0,2024-12-01_15h36.55.290,Congruent,CC3.png,19,Left,Yes,17.889,40,18.0,89,36,FALSE
wpi617n3308449928h0,2024-12-01_15h36.55.290,Congruent,CC5.png,20,Left,No,19.143,29,18.0,29,18,TRUE
wpi617n3308449928h0,2024-12-01_15h36.55.290,Congruent,CC6.png,21,Left,No,27.024,101,30.0,37,30,FALSE
wpi617n3308449928h0,2024-12-01_15h36.55.290,Congruent,CC4.png,22,Left,No,18.546,48,16.0,49,16,FALSE
wpi617n3308449928h0,2024-12-01_15h36.55.290,Congruent,CC10.png,23,Right,No,11.822,37,16.0,37,16,TRUE
wpi617n3308449928h0,2024-12-01_15h36.55.290,Congruent,CC12.png,24,Right,No,23.794,73,12.0,73,12,TRUE
wpi617pd30418782931,2024-10-31_20h09.17.922,Congruent,P7.png,1,Right,Yes,20.8781,67.0,9.0,67,9,TRUE
wpi617pd30418782931,2024-10-31_20h09.17.922,Congruent,P3.png,2,Left,Yes,25.5884,21.0,20.0,21,20,TRUE
wpi617pd30418782931,2024-10-31_20h09.17.922,Congruent,P5.png,3,Left,No,19.3347,31.0,24.0,31,24,TRUE
wpi617pd30418782931,2024-10-31_20h09.17.922,Congruent,P11.png,4,Right,No,21.909,74.0,54.0,23,18,FALSE
wpi617pd30418782931,2024-10-31_20h09.17.922,Congruent,P6.png,5,Left,No,30.074,49.0,24.0,49,24,TRUE
wpi617pd30418782931,2024-10-31_20h09.17.922,Congruent,P9.png,6,Right,Yes,24.3465,33.0,14.0,33,14,TRUE
wpi617pd30418782931,2024-10-31_20h09.17.922,Congruent,P1.png,7,Left,Yes,13.6971,31.0,20.0,31,20,TRUE
wpi617pd30418782931,2024-10-31_20h09.17.922,Congruent,P2.png,8,Left,Yes,16.9164,28.0,15.0,28,15,TRUE
wpi617pd30418782931,2024-10-31_20h09.17.922,Congruent,P8.png,9,Right,Yes,17.6296,41.0,20.0,41,20,TRUE
wpi617pd30418782931,2024-10-31_20h09.17.922,Congruent,P10.png,10,Right,No,10.3142,43.0,12.0,43,12,TRUE
wpi617pd30418782931,2024-10-31_20h09.17.922,Congruent,P12.png,11,Right,No,17.4643,51.0,28.0,51,28,TRUE
wpi617pd30418782931,2024-10-31_20h09.17.922,Congruent,P4.png,12,Left,No,10.7542,71.0,12.0,71,12,TRUE
wpi617pd30418782931,2024-10-31_20h09.17.922,Congruent,CC1.png,13,Left,Yes,16.6083,29.0,14.0,29,4,FALSE
wpi617pd30418782931,2024-10-31_20h09.17.922,Congruent,CC7.png,14,Right,Yes,9.5956,19.0,10.0,19,10,TRUE
wpi617pd30418782931,2024-10-31_20h09.17.922,Congruent,CC5.png,15,Left,No,14.9516,29.0,18.0,29,18,TRUE
wpi617pd30418782931,2024-10-31_20h09.17.922,Congruent,CC10.png,16,Right,No,8.8008,37.0,16.0,37,16,TRUE
wpi617pd30418782931,2024-10-31_20h09.17.922,Congruent,CC2.png,17,Left,Yes,18.362,32.0,21.0,41,21,FALSE
wpi617pd30418782931,2024-10-31_20h09.17.922,Congruent,CC4.png,18,Left,No,11.7152,49.0,16.0,49,16,TRUE
wpi617pd30418782931,2024-10-31_20h09.17.922,Congruent,CC8.png,19,Right,Yes,12.3096,25.0,21.0,25,21,TRUE
wpi617pd30418782931,2024-10-31_20h09.17.922,Congruent,CC12.png,20,Right,No,29.1149,146.0,24.0,73,12,TRUE
wpi617pd30418782931,2024-10-31_20h09.17.922,Congruent,CC3.png,21,Left,Yes,11.0971,89.0,36.0,89,36,TRUE
wpi617pd30418782931,2024-10-31_20h09.17.922,Congruent,CC6.png,22,Left,No,23.9725,136.0,350.0,37,30,FALSE
wpi617pd30418782931,2024-10-31_20h09.17.922,Congruent,CC9.png,23,Right,Yes,17.4595,47.0,14.0,43,14,FALSE
wpi617pd30418782931,2024-10-31_20h09.17.922,Congruent,CC11.png,24,Right,No,34.4323,76.0,96.0,19,24,TRUE
wpi617q46y062910766,2025-04-30_21h47.48.897,Incongruent,P9.png,1,Right,Yes,130.217,99.0,42.0,33,14,TRUE
wpi617q46y062910766,2025-04-30_21h47.48.897,Incongruent,P4.png,2,Left,No,86.743,71.0,12.0,71,12,TRUE
wpi617q46y062910766,2025-04-30_21h47.48.897,Incongruent,P6.png,3,Left,No,53.535,49.0,24.0,49,24,TRUE
wpi617q46y062910766,2025-04-30_21h47.48.897,Incongruent,P8.png,4,Right,Yes,46.202,82.0,40.0,41,20,TRUE
wpi617q46y062910766,2025-04-30_21h47.48.897,Incongruent,P5.png,5,Left,No,47.925,31.0,24.0,31,24,TRUE
wpi617q46y062910766,2025-04-30_21h47.48.897,Incongruent,P10.png,6,Right,No,46.513,43.0,12.0,43,12,TRUE
wpi617q46y062910766,2025-04-30_21h47.48.897,Incongruent,P2.png,7,Left,Yes,82.228,112.0,60.0,28,15,TRUE
wpi617q46y062910766,2025-04-30_21h47.48.897,Incongruent,P7.png,8,Right,Yes,42.929,134.0,18.0,67,9,TRUE
wpi617q46y062910766,2025-04-30_21h47.48.897,Incongruent,P12.png,9,Right,No,72.265,51.0,28.0,51,28,TRUE
wpi617q46y062910766,2025-04-30_21h47.48.897,Incongruent,P3.png,10,Left,Yes,57.098,63.0,60.0,21,20,TRUE
wpi617q46y062910766,2025-04-30_21h47.48.897,Incongruent,P11.png,11,Right,No,35.606,23.0,18.0,23,18,TRUE
wpi617q46y062910766,2025-04-30_21h47.48.897,Incongruent,P1.png,12,Left,Yes,21.203,31.0,20.0,31,20,TRUE
wpi617q46y062910766,2025-04-30_21h47.48.897,Incongruent,IC9.png,13,Right,Yes,54.25,129.0,42.0,43,14,TRUE
wpi617q46y062910766,2025-04-30_21h47.48.897,Incongruent,IC11.png,14,Right,No,55.356,11.0,12.0,19,24,FALSE
wpi617q46y062910766,2025-04-30_21h47.48.897,Incongruent,IC6.png,15,Left,No,42.053,37.0,30.0,37,30,TRUE
wpi617q46y062910766,2025-04-30_21h47.48.897,Incongruent,IC7.png,16,Right,Yes,20.685,38.0,20.0,19,10,TRUE
wpi617q46y062910766,2025-04-30_21h47.48.897,Incongruent,IC4.png,17,Left,No,18.393,49.0,16.0,49,16,TRUE
wpi617q46y062910766,2025-04-30_21h47.48.897,Incongruent,IC10.png,18,Right,No,31.8,37.0,16.0,37,16,TRUE
wpi617q46y062910766,2025-04-30_21h47.48.897,Incongruent,IC3.png,19,Left,Yes,39.89,89.0,36.0,89,36,TRUE
wpi617q46y062910766,2025-04-30_21h47.48.897,Incongruent,IC1.png,20,Left,Yes,44.331,87.0,12.0,29,4,TRUE
wpi617q46y062910766,2025-04-30_21h47.48.897,Incongruent,IC8.png,21,Right,Yes,51.814,50.0,42.0,25,21,TRUE
wpi617q46y062910766,2025-04-30_21h47.48.897,Incongruent,IC5.png,22,Left,No,64.272,29.0,18.0,29,18,TRUE
wpi617q46y062910766,2025-04-30_21h47.48.897,Incongruent,IC2.png,23,Left,Yes,59.613,82.0,42.0,41,21,TRUE
wpi617q46y062910766,2025-04-30_21h47.48.897,Incongruent,IC12.png,24,Right,No,49.244,73.0,12.0,73,12,TRUE
wpi617s4648133m0525,2025-05-05_17h59.40.033,Congruent,P2.png,1,Left,Yes,162.512,112.0,60.0,28,15,TRUE
wpi617s4648133m0525,2025-05-05_17h59.40.033,Congruent,P10.png,2,Right,No,26.8508,55.0,12.0,43,12,FALSE
wpi617s4648133m0525,2025-05-05_17h59.40.033,Congruent,P6.png,3,Left,No,92.6157,20.0,24.0,49,24,FALSE
wpi617s4648133m0525,2025-05-05_17h59.40.033,Congruent,P5.png,4,Left,No,63.1125,31.0,24.0,31,24,TRUE
wpi617s4648133m0525,2025-05-05_17h59.40.033,Congruent,P9.png,5,Right,Yes,77.5783,99.0,42.0,33,14,TRUE
wpi617s4648133m0525,2025-05-05_17h59.40.033,Congruent,P4.png,6,Left,No,18.0914,71.0,12.0,71,12,TRUE
wpi617s4648133m0525,2025-05-05_17h59.40.033,Congruent,P1.png,7,Left,Yes,15.8384,31.0,20.0,31,20,TRUE
wpi617s4648133m0525,2025-05-05_17h59.40.033,Congruent,P7.png,8,Right,Yes,42.5481,67.0,9.0,67,9,TRUE
wpi617s4648133m0525,2025-05-05_17h59.40.033,Congruent,P12.png,9,Right,No,25.721800000000002,45.0,23.0,51,28,FALSE
wpi617s4648133m0525,2025-05-05_17h59.40.033,Congruent,P11.png,10,Right,No,64.6,23.0,18.0,23,18,TRUE
wpi617s4648133m0525,2025-05-05_17h59.40.033,Congruent,P3.png,11,Left,Yes,78.4865,45.0,7.0,21,20,FALSE
wpi617s4648133m0525,2025-05-05_17h59.40.033,Congruent,P8.png,12,Right,Yes,42.3573,41.0,20.0,41,20,TRUE
wpi617s4648133m0525,2025-05-05_17h59.40.033,Congruent,CC6.png,13,Left,No,32.7555,37.0,30.0,37,30,TRUE
wpi617s4648133m0525,2025-05-05_17h59.40.033,Congruent,CC7.png,14,Right,Yes,33.8415,45.0,20.0,19,10,FALSE
wpi617s4648133m0525,2025-05-05_17h59.40.033,Congruent,CC12.png,15,Right,No,22.858,73.0,12.0,73,12,TRUE
wpi617s4648133m0525,2025-05-05_17h59.40.033,Congruent,CC9.png,16,Right,Yes,92.106,129.0,42.0,43,14,TRUE
wpi617s4648133m0525,2025-05-05_17h59.40.033,Congruent,CC11.png,17,Right,No,25.2901,19.0,24.0,19,24,TRUE
wpi617s4648133m0525,2025-05-05_17h59.40.033,Congruent,CC3.png,18,Left,Yes,67.7365,89.0,36.0,89,36,TRUE
wpi617s4648133m0525,2025-05-05_17h59.40.033,Congruent,CC5.png,19,Left,No,37.3585,29.0,18.0,29,18,TRUE
wpi617s4648133m0525,2025-05-05_17h59.40.033,Congruent,CC10.png,20,Right,No,17.3501,37.0,16.0,37,16,TRUE
wpi617s4648133m0525,2025-05-05_17h59.40.033,Congruent,CC4.png,21,Left,No,18.3347,49.0,16.0,49,16,TRUE
wpi617s4648133m0525,2025-05-05_17h59.40.033,Congruent,CC1.png,22,Left,Yes,55.2993,87.0,12.0,29,4,TRUE
wpi617s4648133m0525,2025-05-05_17h59.40.033,Congruent,CC8.png,23,Right,Yes,64.002,16.0,12.0,25,21,FALSE
wpi617s4648133m0525,2025-05-05_17h59.40.033,Congruent,CC2.png,24,Left,Yes,54.0008,32.0,21.0,41,21,FALSE
wpi617t29952p498059,2024-10-26_10h43.43.925,Incongruent,P5.png,1,Left,No,20.0826,12.0,20.0,31,24,FALSE
wpi617t29952p498059,2024-10-26_10h43.43.925,Incongruent,P10.png,2,Right,No,33.7462,49.0,18.0,43,12,FALSE
wpi617t29952p498059,2024-10-26_10h43.43.925,Incongruent,P12.png,3,Right,No,27.2858,24.0,22.0,51,28,FALSE
wpi617t29952p498059,2024-10-26_10h43.43.925,Incongruent,P6.png,4,Left,No,13.2797,15.0,14.0,49,24,FALSE
wpi617t29952p498059,2024-10-26_10h43.43.925,Incongruent,P9.png,5,Right,Yes,13.1347,24.0,21.0,33,14,FALSE
wpi617t29952p498059,2024-10-26_10h43.43.925,Incongruent,P7.png,6,Right,Yes,34.2758,96.0,33.0,67,9,FALSE
wpi617t29952p498059,2024-10-26_10h43.43.925,Incongruent,P11.png,7,Right,No,8.7286,9.0,22.0,23,18,FALSE
wpi617t29952p498059,2024-10-26_10h43.43.925,Incongruent,P3.png,8,Left,Yes,31.2397,12.0,70.0,21,20,FALSE
wpi617t29952p498059,2024-10-26_10h43.43.925,Incongruent,P2.png,9,Left,Yes,28.0538,26.0,23.0,28,15,FALSE
wpi617t29952p498059,2024-10-26_10h43.43.925,Incongruent,P8.png,10,Right,Yes,11.527,21.0,18.0,41,20,FALSE
wpi617t29952p498059,2024-10-26_10h43.43.925,Incongruent,P1.png,11,Left,Yes,24.9143,19.0,30.0,31,20,FALSE
wpi617t29952p498059,2024-10-26_10h43.43.925,Incongruent,P4.png,12,Left,No,22.9083,35.0,18.0,71,12,FALSE
wpi617t29952p498059,2024-10-26_10h43.43.925,Incongruent,IC12.png,13,Right,No,20.8793,40.0,18.0,73,12,FALSE
wpi617t29952p498059,2024-10-26_10h43.43.925,Incongruent,IC6.png,14,Left,No,40.6582,15.0,25.0,37,30,FALSE
wpi617t29952p498059,2024-10-26_10h43.43.925,Incongruent,IC3.png,15,Left,Yes,16.9599,41.0,22.0,89,36,FALSE
wpi617t29952p498059,2024-10-26_10h43.43.925,Incongruent,IC8.png,16,Right,Yes,6.9134,15.0,20.0,25,21,FALSE
wpi617t29952p498059,2024-10-26_10h43.43.925,Incongruent,IC2.png,17,Left,Yes,10.7151,20.0,17.0,41,21,FALSE
wpi617t29952p498059,2024-10-26_10h43.43.925,Incongruent,IC4.png,18,Left,No,22.3238,28.0,24.0,49,16,FALSE
wpi617t29952p498059,2024-10-26_10h43.43.925,Incongruent,IC11.png,19,Right,No,24.4058,18.0,32.0,19,24,FALSE
wpi617t29952p498059,2024-10-26_10h43.43.925,Incongruent,IC10.png,20,Right,No,21.0723,36.0,40.0,37,16,FALSE
wpi617t29952p498059,2024-10-26_10h43.43.925,Incongruent,IC9.png,21,Right,Yes,23.0779,22.0,42.0,43,14,FALSE
wpi617t29952p498059,2024-10-26_10h43.43.925,Incongruent,IC7.png,22,Right,Yes,41.388,45.0,50.0,19,10,FALSE
wpi617t29952p498059,2024-10-26_10h43.43.925,Incongruent,IC1.png,23,Left,Yes,17.0701,52.0,14.0,29,4,FALSE
wpi617t29952p498059,2024-10-26_10h43.43.925,Incongruent,IC5.png,24,Left,No,13.8115,12.0,15.0,29,18,FALSE
wpi617u398172e74462,2025-03-03_16h25.12.836,Incongruent,P10.png,1,Right,No,41.6579,50.0,12.0,43,12,FALSE
wpi617u398172e74462,2025-03-03_16h25.12.836,Incongruent,P2.png,2,Left,Yes,59.465,183.0,60.0,28,15,FALSE
wpi617u398172e74462,2025-03-03_16h25.12.836,Incongruent,P12.png,3,Right,No,93.93,142.0,56.0,51,28,FALSE
wpi617u398172e74462,2025-03-03_16h25.12.836,Incongruent,P1.png,4,Left,Yes,23.6682,53.0,20.0,31,20,FALSE
wpi617u398172e74462,2025-03-03_16h25.12.836,Incongruent,P8.png,5,Right,Yes,81.4688,41.0,20.0,41,20,TRUE
wpi617u398172e74462,2025-03-03_16h25.12.836,Incongruent,P3.png,6,Left,Yes,67.717,63.0,60.0,21,20,TRUE
wpi617u398172e74462,2025-03-03_16h25.12.836,Incongruent,P6.png,7,Left,No,37.0594,49.0,24.0,49,24,TRUE
wpi617u398172e74462,2025-03-03_16h25.12.836,Incongruent,P4.png,8,Left,No,14.8606,71.0,12.0,71,12,TRUE
wpi617u398172e74462,2025-03-03_16h25.12.836,Incongruent,P11.png,9,Right,No,28.3879,23.0,18.0,23,18,TRUE
wpi617u398172e74462,2025-03-03_16h25.12.836,Incongruent,P7.png,10,Right,Yes,17.8027,134.0,18.0,67,9,TRUE
wpi617u398172e74462,2025-03-03_16h25.12.836,Incongruent,P9.png,11,Right,Yes,36.05,33.0,14.0,33,14,TRUE
wpi617u398172e74462,2025-03-03_16h25.12.836,Incongruent,P5.png,12,Left,No,10.4552,31.0,24.0,31,24,TRUE
wpi617u398172e74462,2025-03-03_16h25.12.836,Incongruent,IC7.png,13,Right,Yes,13.6945,35.0,20.0,19,10,FALSE
wpi617u398172e74462,2025-03-03_16h25.12.836,Incongruent,IC1.png,14,Left,Yes,29.0873,81.0,12.0,29,4,FALSE
wpi617u398172e74462,2025-03-03_16h25.12.836,Incongruent,IC12.png,15,Right,No,27.521,73.0,12.0,73,12,TRUE
wpi617u398172e74462,2025-03-03_16h25.12.836,Incongruent,IC4.png,16,Left,No,16.4274,49.0,16.0,49,16,TRUE
wpi617u398172e74462,2025-03-03_16h25.12.836,Incongruent,IC8.png,17,Right,Yes,34.9594,50.0,42.0,25,21,TRUE
wpi617u398172e74462,2025-03-03_16h25.12.836,Incongruent,IC5.png,18,Left,No,16.0753,29.0,18.0,29,18,TRUE
wpi617u398172e74462,2025-03-03_16h25.12.836,Incongruent,IC11.png,19,Right,No,13.911,19.0,24.0,19,24,TRUE
wpi617u398172e74462,2025-03-03_16h25.12.836,Incongruent,IC2.png,20,Left,Yes,45.6676,82.0,52.0,41,21,FALSE
wpi617u398172e74462,2025-03-03_16h25.12.836,Incongruent,IC3.png,21,Left,Yes,27.4563,89.0,36.0,89,36,TRUE
wpi617u398172e74462,2025-03-03_16h25.12.836,Incongruent,IC6.png,22,Left,No,23.5077,37.0,30.0,37,30,TRUE
wpi617u398172e74462,2025-03-03_16h25.12.836,Incongruent,IC9.png,23,Right,Yes,45.8611,141.0,42.0,43,14,FALSE
wpi617u398172e74462,2025-03-03_16h25.12.836,Incongruent,IC10.png,24,Right,No,26.9686,37.0,16.0,37,16,TRUE
wpi617u4e6477394553,2025-05-05_16h52.17.400,Congruent,P12.png,1,Right,No,69.0968,123.0,56.0,51,28,FALSE
wpi617u4e6477394553,2025-05-05_16h52.17.400,Congruent,P3.png,2,Left,Yes,33.8707,58.0,60.0,21,20,FALSE
wpi617u4e6477394553,2025-05-05_16h52.17.400,Congruent,P5.png,3,Left,No,47.2006,27.0,48.0,31,24,FALSE
wpi617u4e6477394553,2025-05-05_16h52.17.400,Congruent,P4.png,4,Left,No,32.2392,215.0,36.0,71,12,FALSE
wpi617u4e6477394553,2025-05-05_16h52.17.400,Congruent,P2.png,5,Left,Yes,34.2512,102.0,60.0,28,15,FALSE
wpi617u4e6477394553,2025-05-05_16h52.17.400,Congruent,P6.png,6,Left,No,21.3815,48.0,24.0,49,24,FALSE
wpi617u4e6477394553,2025-05-05_16h52.17.400,Congruent,P10.png,7,Right,No,35.0965,55.0,12.0,43,12,FALSE
wpi617u4e6477394553,2025-05-05_16h52.17.400,Congruent,P11.png,8,Right,No,43.096,19.0,18.0,23,18,FALSE
wpi617u4e6477394553,2025-05-05_16h52.17.400,Congruent,P1.png,9,Left,Yes,30.2055,31.0,20.0,31,20,TRUE
wpi617u4e6477394553,2025-05-05_16h52.17.400,Congruent,P8.png,10,Right,Yes,46.2709,180.0,40.0,41,20,FALSE
wpi617u4e6477394553,2025-05-05_16h52.17.400,Congruent,P9.png,11,Right,Yes,66.7781,71.0,42.0,33,14,FALSE
wpi617u4e6477394553,2025-05-05_16h52.17.400,Congruent,P7.png,12,Right,Yes,53.5143,134.0,18.0,67,9,TRUE
wpi617u4e6477394553,2025-05-05_16h52.17.400,Congruent,CC3.png,13,Left,Yes,42.4988,89.0,36.0,89,36,TRUE
wpi617u4e6477394553,2025-05-05_16h52.17.400,Congruent,CC9.png,14,Right,Yes,41.2499,24.0,42.0,43,14,FALSE
wpi617u4e6477394553,2025-05-05_16h52.17.400,Congruent,CC5.png,15,Left,No,44.5534,29.0,18.0,29,18,TRUE
wpi617u4e6477394553,2025-05-05_16h52.17.400,Congruent,CC2.png,16,Left,Yes,73.1819,18.0,14.0,41,21,FALSE
wpi617u4e6477394553,2025-05-05_16h52.17.400,Congruent,CC6.png,17,Left,No,30.0217,37.0,30.0,37,30,TRUE
wpi617u4e6477394553,2025-05-05_16h52.17.400,Congruent,CC11.png,18,Right,No,22.6198,19.0,24.0,19,24,TRUE
wpi617u4e6477394553,2025-05-05_16h52.17.400,Congruent,CC4.png,19,Left,No,26.8534,49.0,16.0,49,16,TRUE
wpi617u4e6477394553,2025-05-05_16h52.17.400,Congruent,CC10.png,20,Right,No,20.3886,37.0,16.0,37,16,TRUE
wpi617u4e6477394553,2025-05-05_16h52.17.400,Congruent,CC8.png,21,Right,Yes,67.3996,25.0,21.0,25,21,TRUE
wpi617u4e6477394553,2025-05-05_16h52.17.400,Congruent,CC7.png,22,Right,Yes,17.1924,38.0,20.0,19,10,TRUE
wpi617u4e6477394553,2025-05-05_16h52.17.400,Congruent,CC1.png,23,Left,Yes,23.4947,87.0,12.0,29,4,TRUE
wpi617u4e6477394553,2025-05-05_16h52.17.400,Congruent,CC12.png,24,Right,No,54.4137,73.0,12.0,73,12,TRUE
wpi617v297313h20163,2024-10-23_21h13.12.143,Incongruent,P8.png,1,Right,Yes,48.0817,87.0,40.0,41,20,FALSE
wpi617v297313h20163,2024-10-23_21h13.12.143,Incongruent,P7.png,2,Right,Yes,49.5215,472.0,54.0,67,9,FALSE
wpi617v297313h20163,2024-10-23_21h13.12.143,Incongruent,P12.png,3,Right,No,24.1998,123.0,56.0,51,28,FALSE
wpi617v297313h20163,2024-10-23_21h13.12.143,Incongruent,P9.png,4,Right,Yes,16.5741,78.0,42.0,33,14,FALSE
wpi617v297313h20163,2024-10-23_21h13.12.143,Incongruent,P2.png,5,Left,Yes,60.3683,112.0,60.0,28,15,TRUE
wpi617v297313h20163,2024-10-23_21h13.12.143,Incongruent,P11.png,6,Right,No,39.7603,23.0,18.0,23,18,TRUE
wpi617v297313h20163,2024-10-23_21h13.12.143,Incongruent,P6.png,7,Left,No,29.1727,49.0,24.0,49,24,TRUE
wpi617v297313h20163,2024-10-23_21h13.12.143,Incongruent,P3.png,8,Left,Yes,25.1546,63.0,60.0,21,20,TRUE
wpi617v297313h20163,2024-10-23_21h13.12.143,Incongruent,P5.png,9,Left,No,18.0347,69.0,24.0,31,24,FALSE
wpi617v297313h20163,2024-10-23_21h13.12.143,Incongruent,P10.png,10,Right,No,9.4153,53.0,12.0,43,12,FALSE
wpi617v297313h20163,2024-10-23_21h13.12.143,Incongruent,P4.png,11,Left,No,11.6019,71.0,12.0,71,12,TRUE
wpi617v297313h20163,2024-10-23_21h13.12.143,Incongruent,P1.png,12,Left,Yes,7.8826,31.0,20.0,31,20,TRUE
wpi617v297313h20163,2024-10-23_21h13.12.143,Incongruent,IC12.png,13,Right,No,20.6725,73.0,12.0,73,12,TRUE
wpi617v297313h20163,2024-10-23_21h13.12.143,Incongruent,IC4.png,14,Left,No,10.7963,49.0,16.0,49,16,TRUE
wpi617v297313h20163,2024-10-23_21h13.12.143,Incongruent,IC10.png,15,Right,No,8.3802,37.0,16.0,37,16,TRUE
wpi617v297313h20163,2024-10-23_21h13.12.143,Incongruent,IC6.png,16,Left,No,16.5086,37.0,30.0,37,30,TRUE
wpi617v297313h20163,2024-10-23_21h13.12.143,Incongruent,IC3.png,17,Left,Yes,22.7949,89.0,36.0,89,36,TRUE
wpi617v297313h20163,2024-10-23_21h13.12.143,Incongruent,IC9.png,18,Right,Yes,45.5181,129.0,42.0,43,14,TRUE
wpi617v297313h20163,2024-10-23_21h13.12.143,Incongruent,IC2.png,19,Left,Yes,52.6257,92.0,42.0,41,21,FALSE
wpi617v297313h20163,2024-10-23_21h13.12.143,Incongruent,IC11.png,20,Right,No,26.801,19.0,24.0,19,24,TRUE
wpi617v297313h20163,2024-10-23_21h13.12.143,Incongruent,IC7.png,21,Right,Yes,12.4339,38.0,20.0,19,10,TRUE
wpi617v297313h20163,2024-10-23_21h13.12.143,Incongruent,IC1.png,22,Left,Yes,12.1652,87.0,12.0,29,4,TRUE
wpi617v297313h20163,2024-10-23_21h13.12.143,Incongruent,IC8.png,23,Right,Yes,43.302,50.0,42.0,25,21,TRUE
wpi617v297313h20163,2024-10-23_21h13.12.143,Incongruent,IC5.png,24,Left,No,22.8978,58.0,36.0,29,18,TRUE
wpi617w4543e2142467,2025-04-23_14h37.48.674,Congruent,P5.png,1,Left,No,25.162,31.0,24.0,31,24,TRUE
wpi617w4543e2142467,2025-04-23_14h37.48.674,Congruent,P3.png,2,Left,Yes,85.641,63.0,60.0,21,20,TRUE
wpi617w4543e2142467,2025-04-23_14h37.48.674,Congruent,P1.png,3,Left,Yes,15.706,31.0,20.0,31,20,TRUE
wpi617w4543e2142467,2025-04-23_14h37.48.674,Congruent,P7.png,4,Right,Yes,36.505,134.0,18.0,67,9,TRUE
wpi617w4543e2142467,2025-04-23_14h37.48.674,Congruent,P2.png,5,Left,Yes,54.273,112.0,60.0,28,15,TRUE
wpi617w4543e2142467,2025-04-23_14h37.48.674,Congruent,P6.png,6,Left,No,21.054,49.0,24.0,49,24,TRUE
wpi617w4543e2142467,2025-04-23_14h37.48.674,Congruent,P12.png,7,Right,No,19.19,51.0,28.0,51,28,TRUE
wpi617w4543e2142467,2025-04-23_14h37.48.674,Congruent,P10.png,8,Right,No,13.77,43.0,12.0,43,12,TRUE
wpi617w4543e2142467,2025-04-23_14h37.48.674,Congruent,P4.png,9,Left,No,11.636,71.0,12.0,71,12,TRUE
wpi617w4543e2142467,2025-04-23_14h37.48.674,Congruent,P9.png,10,Right,Yes,46.961,114.0,42.0,33,14,FALSE
wpi617w4543e2142467,2025-04-23_14h37.48.674,Congruent,P11.png,11,Right,No,15.611,23.0,18.0,23,18,TRUE
wpi617w4543e2142467,2025-04-23_14h37.48.674,Congruent,P8.png,12,Right,Yes,19.918,41.0,20.0,41,20,TRUE
wpi617w4543e2142467,2025-04-23_14h37.48.674,Congruent,CC10.png,13,Right,No,11.688,37.0,16.0,37,16,TRUE
wpi617w4543e2142467,2025-04-23_14h37.48.674,Congruent,CC11.png,14,Right,No,13.429,19.0,24.0,19,24,TRUE
wpi617w4543e2142467,2025-04-23_14h37.48.674,Congruent,CC4.png,15,Left,No,17.524,49.0,16.0,49,16,TRUE
wpi617w4543e2142467,2025-04-23_14h37.48.674,Congruent,CC12.png,16,Right,No,17.144,73.0,12.0,73,12,TRUE
wpi617w4543e2142467,2025-04-23_14h37.48.674,Congruent,CC3.png,17,Left,Yes,20.608,92.0,36.0,89,36,FALSE
wpi617w4543e2142467,2025-04-23_14h37.48.674,Congruent,CC9.png,18,Right,Yes,25.75,139.0,42.0,43,14,FALSE
wpi617w4543e2142467,2025-04-23_14h37.48.674,Congruent,CC8.png,19,Right,Yes,69.246,50.0,42.0,25,21,TRUE
wpi617w4543e2142467,2025-04-23_14h37.48.674,Congruent,CC6.png,20,Left,No,26.023,37.0,30.0,37,30,TRUE
wpi617w4543e2142467,2025-04-23_14h37.48.674,Congruent,CC7.png,21,Right,Yes,21.946,38.0,20.0,19,10,TRUE
wpi617w4543e2142467,2025-04-23_14h37.48.674,Congruent,CC1.png,22,Left,Yes,24.683,87.0,12.0,29,4,TRUE
wpi617w4543e2142467,2025-04-23_14h37.48.674,Congruent,CC5.png,23,Left,No,18.212,29.0,18.0,29,18,TRUE
wpi617w4543e2142467,2025-04-23_14h37.48.674,Congruent,CC2.png,24,Left,Yes,11.368,18.0,14.0,41,21,FALSE
wpi617y4318c3570291,2025-03-28_13h54.17.326,Incongruent,P7.png,1,Right,Yes,86.283,352.0,54.0,67,9,FALSE
wpi617y4318c3570291,2025-03-28_13h54.17.326,Incongruent,P10.png,2,Right,No,34.816,43.0,12.0,43,12,TRUE
wpi617y4318c3570291,2025-03-28_13h54.17.326,Incongruent,P2.png,3,Left,Yes,45.881,112.0,60.0,28,15,TRUE
wpi617y4318c3570291,2025-03-28_13h54.17.326,Incongruent,P11.png,4,Right,No,94.393,69.0,54.0,23,18,TRUE
wpi617y4318c3570291,2025-03-28_13h54.17.326,Incongruent,P8.png,5,Right,Yes,35.925,82.0,40.0,41,20,TRUE
wpi617y4318c3570291,2025-03-28_13h54.17.326,Incongruent,P5.png,6,Left,No,49.228,62.0,48.0,31,24,TRUE
wpi617y4318c3570291,2025-03-28_13h54.17.326,Incongruent,P1.png,7,Left,Yes,9.916,19.0,20.0,31,20,FALSE
wpi617y4318c3570291,2025-03-28_13h54.17.326,Incongruent,P6.png,8,Left,No,24.201,49.0,24.0,49,24,TRUE
wpi617y4318c3570291,2025-03-28_13h54.17.326,Incongruent,P4.png,9,Left,No,8.848,71.0,12.0,71,12,TRUE
wpi617y4318c3570291,2025-03-28_13h54.17.326,Incongruent,P9.png,10,Right,Yes,33.929,99.0,42.0,33,14,TRUE
wpi617y4318c3570291,2025-03-28_13h54.17.326,Incongruent,P3.png,11,Left,Yes,40.539,63.0,60.0,21,20,TRUE
wpi617y4318c3570291,2025-03-28_13h54.17.326,Incongruent,P12.png,12,Right,No,104.482,102.0,56.0,51,28,TRUE
wpi617y4318c3570291,2025-03-28_13h54.17.326,Incongruent,IC2.png,13,Left,Yes,36.926,118.0,42.0,41,21,FALSE
wpi617y4318c3570291,2025-03-28_13h54.17.326,Incongruent,IC1.png,14,Left,Yes,31.951,174.0,24.0,29,4,TRUE
wpi617y4318c3570291,2025-03-28_13h54.17.326,Incongruent,IC4.png,15,Left,No,10.865,49.0,16.0,49,16,TRUE
wpi617y4318c3570291,2025-03-28_13h54.17.326,Incongruent,IC8.png,16,Right,Yes,46.202,50.0,42.0,25,21,TRUE
wpi617y4318c3570291,2025-03-28_13h54.17.326,Incongruent,IC12.png,17,Right,No,21.114,146.0,24.0,73,12,TRUE
wpi617y4318c3570291,2025-03-28_13h54.17.326,Incongruent,IC9.png,18,Right,Yes,69.77,129.0,42.0,43,14,TRUE
wpi617y4318c3570291,2025-03-28_13h54.17.326,Incongruent,IC7.png,19,Right,Yes,26.443,38.0,20.0,19,10,TRUE
wpi617y4318c3570291,2025-03-28_13h54.17.326,Incongruent,IC3.png,20,Left,Yes,43.955,44.5,18.0,89,36,TRUE
wpi617y4318c3570291,2025-03-28_13h54.17.326,Incongruent,IC5.png,21,Left,No,30.557,87.0,54.0,29,18,TRUE
wpi617y4318c3570291,2025-03-28_13h54.17.326,Incongruent,IC10.png,22,Right,No,12.657,37.0,16.0,37,16,TRUE
wpi617y4318c3570291,2025-03-28_13h54.17.326,Incongruent,IC11.png,23,Right,No,79.339,14.0,24.0,19,24,FALSE
wpi617y4318c3570291,2025-03-28_13h54.17.326,Incongruent,IC6.png,24,Left,No,20.156,43.0,30.0,37,30,FALSE
wpi617y46298255z571,2025-05-03_15h07.54.844,Incongruent,P11.png,1,Right,No,17.3841,19.0,18.0,23,18,FALSE
wpi617y46298255z571,2025-05-03_15h07.54.844,Incongruent,P9.png,2,Right,Yes,39.6828,78.0,42.0,33,14,FALSE
wpi617y46298255z571,2025-05-03_15h07.54.844,Incongruent,P5.png,3,Left,No,54.132,67.0,24.0,31,24,FALSE
wpi617y46298255z571,2025-05-03_15h07.54.844,Incongruent,P4.png,4,Left,No,10.784,71.0,12.0,71,12,TRUE
wpi617y46298255z571,2025-05-03_15h07.54.844,Incongruent,P12.png,5,Right,No,76.5162,51.0,28.0,51,28,TRUE
wpi617y46298255z571,2025-05-03_15h07.54.844,Incongruent,P8.png,6,Right,Yes,62.6308,76.0,40.0,41,20,FALSE
wpi617y46298255z571,2025-05-03_15h07.54.844,Incongruent,P7.png,7,Right,Yes,19.6816,134.0,18.0,67,9,TRUE
wpi617y46298255z571,2025-05-03_15h07.54.844,Incongruent,P1.png,8,Left,Yes,12.1461,31.0,20.0,31,20,TRUE
wpi617y46298255z571,2025-05-03_15h07.54.844,Incongruent,P2.png,9,Left,Yes,62.8126,144.0,20.0,28,15,FALSE
wpi617y46298255z571,2025-05-03_15h07.54.844,Incongruent,P6.png,10,Left,No,22.6098,49.0,24.0,49,24,TRUE
wpi617y46298255z571,2025-05-03_15h07.54.844,Incongruent,P3.png,11,Left,Yes,27.2157,60.0,60.0,21,20,FALSE
wpi617y46298255z571,2025-05-03_15h07.54.844,Incongruent,P10.png,12,Right,No,12.9614,43.0,12.0,43,12,TRUE
wpi617y46298255z571,2025-05-03_15h07.54.844,Incongruent,IC6.png,13,Left,No,24.6745,37.0,30.0,37,30,TRUE
wpi617y46298255z571,2025-05-03_15h07.54.844,Incongruent,IC3.png,14,Left,Yes,42.0488,49.0,18.0,89,36,FALSE
wpi617y46298255z571,2025-05-03_15h07.54.844,Incongruent,IC11.png,15,Right,No,41.3584,29.0,24.0,19,24,FALSE
wpi617y46298255z571,2025-05-03_15h07.54.844,Incongruent,IC1.png,16,Left,Yes,12.6361,87.0,12.0,29,4,TRUE
wpi617y46298255z571,2025-05-03_15h07.54.844,Incongruent,IC7.png,17,Right,Yes,13.9929,38.0,20.0,19,10,TRUE
wpi617y46298255z571,2025-05-03_15h07.54.844,Incongruent,IC10.png,18,Right,No,11.7793,37.0,16.0,37,16,TRUE
wpi617y46298255z571,2025-05-03_15h07.54.844,Incongruent,IC9.png,19,Right,Yes,32.617,49.0,42.0,43,14,FALSE
wpi617y46298255z571,2025-05-03_15h07.54.844,Incongruent,IC2.png,20,Left,Yes,27.4529,18.0,14.0,41,21,FALSE
wpi617y46298255z571,2025-05-03_15h07.54.844,Incongruent,IC8.png,21,Right,Yes,52.7741,25.0,21.0,25,21,TRUE
wpi617y46298255z571,2025-05-03_15h07.54.844,Incongruent,IC12.png,22,Right,No,32.3725,73.0,12.0,73,12,TRUE
wpi617y46298255z571,2025-05-03_15h07.54.844,Incongruent,IC4.png,23,Left,No,15.8834,49.0,16.0,49,16,TRUE
wpi617y46298255z571,2025-05-03_15h07.54.844,Incongruent,IC5.png,24,Left,No,16.3055,29.0,18.0,29,18,TRUE
wpi617y46d141458189,2025-05-01_19h34.25.003,Incongruent,P9.png,1,Right,Yes,26.2608,18.0,14.0,33,14,FALSE
wpi617y46d141458189,2025-05-01_19h34.25.003,Incongruent,P4.png,2,Left,No,10.9934,71.0,12.0,71,12,TRUE
wpi617y46d141458189,2025-05-01_19h34.25.003,Incongruent,P3.png,3,Left,Yes,10.0511,9.0,20.0,21,20,FALSE
wpi617y46d141458189,2025-05-01_19h34.25.003,Incongruent,P8.png,4,Right,Yes,26.4043,41.0,20.0,41,20,TRUE
wpi617y46d141458189,2025-05-01_19h34.25.003,Incongruent,P12.png,5,Right,No,82.643,51.0,28.0,51,28,TRUE
wpi617y46d141458189,2025-05-01_19h34.25.003,Incongruent,P7.png,6,Right,Yes,16.9005,67.0,9.0,67,9,TRUE
wpi617y46d141458189,2025-05-01_19h34.25.003,Incongruent,P6.png,7,Left,No,23.7903,49.0,24.0,49,24,TRUE
wpi617y46d141458189,2025-05-01_19h34.25.003,Incongruent,P1.png,8,Left,Yes,13.5161,31.0,20.0,31,20,TRUE
wpi617y46d141458189,2025-05-01_19h34.25.003,Incongruent,P11.png,9,Right,No,14.7731,23.0,18.0,23,18,TRUE
wpi617y46d141458189,2025-05-01_19h34.25.003,Incongruent,P2.png,10,Left,Yes,76.4516,28.0,15.0,28,15,TRUE
wpi617y46d141458189,2025-05-01_19h34.25.003,Incongruent,P10.png,11,Right,No,15.7297,43.0,12.0,43,12,TRUE
wpi617y46d141458189,2025-05-01_19h34.25.003,Incongruent,P5.png,12,Left,No,11.4198,31.0,24.0,31,24,TRUE
wpi617y46d141458189,2025-05-01_19h34.25.003,Incongruent,IC2.png,13,Left,Yes,52.0442,41.0,21.0,41,21,TRUE
wpi617y46d141458189,2025-05-01_19h34.25.003,Incongruent,IC9.png,14,Right,Yes,68.7718,43.0,14.0,43,14,TRUE
wpi617y46d141458189,2025-05-01_19h34.25.003,Incongruent,IC6.png,15,Left,No,27.5027,37.0,30.0,37,30,TRUE
wpi617y46d141458189,2025-05-01_19h34.25.003,Incongruent,IC10.png,16,Right,No,10.2781,37.0,16.0,37,16,TRUE
wpi617y46d141458189,2025-05-01_19h34.25.003,Incongruent,IC12.png,17,Right,No,23.1402,73.0,12.0,73,12,TRUE
wpi617y46d141458189,2025-05-01_19h34.25.003,Incongruent,IC11.png,18,Right,No,20.9479,19.0,24.0,19,24,TRUE
wpi617y46d141458189,2025-05-01_19h34.25.003,Incongruent,IC1.png,19,Left,Yes,14.644,29.0,4.0,29,4,TRUE
wpi617y46d141458189,2025-05-01_19h34.25.003,Incongruent,IC5.png,20,Left,No,31.386,29.0,18.0,29,18,TRUE
wpi617y46d141458189,2025-05-01_19h34.25.003,Incongruent,IC7.png,21,Right,Yes,18.2352,19.0,10.0,19,10,TRUE
wpi617y46d141458189,2025-05-01_19h34.25.003,Incongruent,IC8.png,22,Right,Yes,15.9107,25.0,21.0,25,21,TRUE
wpi617y46d141458189,2025-05-01_19h34.25.003,Incongruent,IC3.png,23,Left,Yes,35.6895,89.0,36.0,89,36,TRUE
wpi617y46d141458189,2025-05-01_19h34.25.003,Incongruent,IC4.png,24,Left,No,13.165,49.0,16.0,49,16,TRUE
wpi617z337n71914500,2024-12-09_14h39.35.670,Incongruent,P10.png,1,Right,No,59.3857,43.0,12.0,43,12,TRUE
wpi617z337n71914500,2024-12-09_14h39.35.670,Incongruent,P11.png,2,Right,No,84.2494,60.0,54.0,23,18,FALSE
wpi617z337n71914500,2024-12-09_14h39.35.670,Incongruent,P3.png,3,Left,Yes,74.8854,12.0,1.0,21,20,FALSE
wpi617z337n71914500,2024-12-09_14h39.35.670,Incongruent,P8.png,4,Right,Yes,67.5089,86.0,10.0,41,20,FALSE
wpi617z337n71914500,2024-12-09_14h39.35.670,Incongruent,P5.png,5,Left,No,125.0549,31.0,24.0,31,24,TRUE
wpi617z337n71914500,2024-12-09_14h39.35.670,Incongruent,P7.png,6,Right,Yes,82.7784,406.0,54.0,67,9,FALSE
wpi617z337n71914500,2024-12-09_14h39.35.670,Incongruent,P9.png,7,Right,Yes,164.077,81.0,42.0,33,14,FALSE
wpi617z337n71914500,2024-12-09_14h39.35.670,Incongruent,P4.png,8,Left,No,26.387,71.0,12.0,71,12,TRUE
wpi617z337n71914500,2024-12-09_14h39.35.670,Incongruent,P2.png,9,Left,Yes,62.4645,28.0,15.0,28,15,TRUE
wpi617z337n71914500,2024-12-09_14h39.35.670,Incongruent,P1.png,10,Left,Yes,32.6692,31.0,20.0,31,20,TRUE
wpi617z337n71914500,2024-12-09_14h39.35.670,Incongruent,P12.png,11,Right,No,48.6357,0.0,0.0,51,28,FALSE
wpi617z337n71914500,2024-12-09_14h39.35.670,Incongruent,P6.png,12,Left,No,87.0718,158.0,42.0,49,24,FALSE
wpi617z337n71914500,2024-12-09_14h39.35.670,Incongruent,IC11.png,13,Right,No,44.1291,76.0,96.0,19,24,TRUE
wpi617z337n71914500,2024-12-09_14h39.35.670,Incongruent,IC8.png,14,Right,Yes,50.8643,25.0,21.0,25,21,TRUE
wpi617z337n71914500,2024-12-09_14h39.35.670,Incongruent,IC3.png,15,Left,Yes,33.1678,89.0,36.0,89,36,TRUE
wpi617z337n71914500,2024-12-09_14h39.35.670,Incongruent,IC2.png,16,Left,Yes,48.52,51.0,21.0,41,21,FALSE
wpi617z337n71914500,2024-12-09_14h39.35.670,Incongruent,IC9.png,17,Right,Yes,67.4666,47.0,14.0,43,14,FALSE
wpi617z337n71914500,2024-12-09_14h39.35.670,Incongruent,IC5.png,18,Left,No,33.2939,77.0,54.0,29,18,FALSE
wpi617z337n71914500,2024-12-09_14h39.35.670,Incongruent,IC6.png,19,Left,No,43.5734,37.0,30.0,37,30,TRUE
wpi617z337n71914500,2024-12-09_14h39.35.670,Incongruent,IC12.png,20,Right,No,46.3228,146.0,24.0,73,12,TRUE
wpi617z337n71914500,2024-12-09_14h39.35.670,Incongruent,IC10.png,21,Right,No,19.8874,37.0,16.0,37,16,TRUE
wpi617z337n71914500,2024-12-09_14h39.35.670,Incongruent,IC4.png,22,Left,No,33.4999,49.0,16.0,49,16,TRUE
wpi617z337n71914500,2024-12-09_14h39.35.670,Incongruent,IC7.png,23,Right,Yes,32.9427,19.0,10.0,19,10,TRUE
wpi617z337n71914500,2024-12-09_14h39.35.670,Incongruent,IC1.png,24,Left,Yes,26.8182,29.0,4.0,29,4,TRUE
wpi617z40o880451621,2025-03-01_21h19.41.021,Congruent,P3.png,1,Left,Yes,49.9477,105.0,100.0,21,20,TRUE
wpi617z40o880451621,2025-03-01_21h19.41.021,Congruent,P2.png,2,Left,Yes,25.2967,9.0,6.0,28,15,FALSE
wpi617z40o880451621,2025-03-01_21h19.41.021,Congruent,P12.png,3,Right,No,40.3546,102.0,56.0,51,28,TRUE
wpi617z40o880451621,2025-03-01_21h19.41.021,Congruent,P6.png,4,Left,No,35.1213,49.0,24.0,49,24,TRUE
wpi617z40o880451621,2025-03-01_21h19.41.021,Congruent,P1.png,5,Left,Yes,12.512,31.0,20.0,31,20,TRUE
wpi617z40o880451621,2025-03-01_21h19.41.021,Congruent,P4.png,6,Left,No,11.4188,71.0,12.0,71,12,TRUE
wpi617z40o880451621,2025-03-01_21h19.41.021,Congruent,P5.png,7,Left,No,27.0769,31.0,24.0,31,24,TRUE
wpi617z40o880451621,2025-03-01_21h19.41.021,Congruent,P11.png,8,Right,No,16.2063,23.0,17.0,23,18,FALSE
wpi617z40o880451621,2025-03-01_21h19.41.021,Congruent,P7.png,9,Right,Yes,15.5188,134.0,18.0,67,9,TRUE
wpi617z40o880451621,2025-03-01_21h19.41.021,Congruent,P9.png,10,Right,Yes,39.0354,33.0,14.0,33,14,TRUE
wpi617z40o880451621,2025-03-01_21h19.41.021,Congruent,P8.png,11,Right,Yes,37.1228,41.0,20.0,41,20,TRUE
wpi617z40o880451621,2025-03-01_21h19.41.021,Congruent,P10.png,12,Right,No,13.7014,43.0,12.0,43,12,TRUE
wpi617z40o880451621,2025-03-01_21h19.41.021,Congruent,CC4.png,13,Left,No,13.7424,49.0,16.0,49,16,TRUE
wpi617z40o880451621,2025-03-01_21h19.41.021,Congruent,CC5.png,14,Left,No,12.6812,29.0,18.0,29,18,TRUE
wpi617z40o880451621,2025-03-01_21h19.41.021,Congruent,CC9.png,15,Right,Yes,32.4942,43.0,14.0,43,14,TRUE
wpi617z40o880451621,2025-03-01_21h19.41.021,Congruent,CC2.png,16,Left,Yes,21.1961,41.0,21.0,41,21,TRUE
wpi617z40o880451621,2025-03-01_21h19.41.021,Congruent,CC8.png,17,Right,Yes,16.5558,25.0,21.0,25,21,TRUE
wpi617z40o880451621,2025-03-01_21h19.41.021,Congruent,CC6.png,18,Left,No,18.6653,37.0,30.0,37,30,TRUE
wpi617z40o880451621,2025-03-01_21h19.41.021,Congruent,CC12.png,19,Right,No,23.6747,146.0,24.0,73,12,TRUE
wpi617z40o880451621,2025-03-01_21h19.41.021,Congruent,CC1.png,20,Left,Yes,28.6912,725.0,100.0,29,4,TRUE
wpi617z40o880451621,2025-03-01_21h19.41.021,Congruent,CC11.png,21,Right,No,17.1493,19.0,24.0,19,24,TRUE
wpi617z40o880451621,2025-03-01_21h19.41.021,Congruent,CC3.png,22,Left,Yes,20.8243,247.0,100.0,89,36,FALSE
wpi617z40o880451621,2025-03-01_21h19.41.021,Congruent,CC7.png,23,Right,Yes,10.2781,1.0,1.0,19,10,FALSE
wpi617z40o880451621,2025-03-01_21h19.41.021,Congruent,CC10.png,24,Right,No,1.926,1.0,1.0,37,16,FALSE
wpi617z42g312914732,2025-03-18_12h06.47.065,Incongruent,P10.png,1,Right,No,35.2758,53.0,12.0,43,12,FALSE
wpi617z42g312914732,2025-03-18_12h06.47.065,Incongruent,P7.png,2,Right,Yes,51.5251,134.0,18.0,67,9,TRUE
wpi617z42g312914732,2025-03-18_12h06.47.065,Incongruent,P3.png,3,Left,Yes,68.1977,21.0,20.0,21,20,TRUE
wpi617z42g312914732,2025-03-18_12h06.47.065,Incongruent,P2.png,4,Left,Yes,70.7327,8.0,6.0,28,15,FALSE
wpi617z42g312914732,2025-03-18_12h06.47.065,Incongruent,P8.png,5,Right,Yes,38.647,41.0,20.0,41,20,TRUE
wpi617z42g312914732,2025-03-18_12h06.47.065,Incongruent,P11.png,6,Right,No,28.8844,23.0,18.0,23,18,TRUE
wpi617z42g312914732,2025-03-18_12h06.47.065,Incongruent,P5.png,7,Left,No,31.2336,20.0,16.0,31,24,FALSE
wpi617z42g312914732,2025-03-18_12h06.47.065,Incongruent,P9.png,8,Right,Yes,70.3542,45.0,21.0,33,14,FALSE
wpi617z42g312914732,2025-03-18_12h06.47.065,Incongruent,P4.png,9,Left,No,22.5171,71.0,12.0,71,12,TRUE
wpi617z42g312914732,2025-03-18_12h06.47.065,Incongruent,P1.png,10,Left,Yes,33.4841,31.0,20.0,31,20,TRUE
wpi617z42g312914732,2025-03-18_12h06.47.065,Incongruent,P6.png,11,Left,No,44.6763,34.0,24.0,49,24,FALSE
wpi617z42g312914732,2025-03-18_12h06.47.065,Incongruent,P12.png,12,Right,No,35.8976,27.0,14.0,51,28,FALSE
wpi617z42g312914732,2025-03-18_12h06.47.065,Incongruent,IC1.png,13,Left,Yes,31.343,78.0,12.0,29,4,FALSE
wpi617z42g312914732,2025-03-18_12h06.47.065,Incongruent,IC10.png,14,Right,No,16.3065,37.0,16.0,37,16,TRUE
wpi617z42g312914732,2025-03-18_12h06.47.065,Incongruent,IC8.png,15,Right,Yes,32.756100000000004,18.0,14.0,25,21,FALSE
wpi617z42g312914732,2025-03-18_12h06.47.065,Incongruent,IC3.png,16,Left,Yes,36.5031,22.5,9.0,89,36,FALSE
wpi617z42g312914732,2025-03-18_12h06.47.065,Incongruent,IC5.png,17,Left,No,68.8587,29.0,18.0,29,18,TRUE
wpi617z42g312914732,2025-03-18_12h06.47.065,Incongruent,IC9.png,18,Right,Yes,31.5689,65.0,21.0,43,14,FALSE
wpi617z42g312914732,2025-03-18_12h06.47.065,Incongruent,IC2.png,19,Left,Yes,43.5935,24.0,9.0,41,21,FALSE
wpi617z42g312914732,2025-03-18_12h06.47.065,Incongruent,IC12.png,20,Right,No,23.9837,73.0,12.0,73,12,TRUE
wpi617z42g312914732,2025-03-18_12h06.47.065,Incongruent,IC6.png,21,Left,No,26.9188,9.0,15.0,37,30,FALSE
wpi617z42g312914732,2025-03-18_12h06.47.065,Incongruent,IC11.png,22,Right,No,37.1144,9.5,12.0,19,24,TRUE
wpi617z42g312914732,2025-03-18_12h06.47.065,Incongruent,IC4.png,23,Left,No,20.9222,49.0,16.0,49,16,TRUE
wpi617z42g312914732,2025-03-18_12h06.47.065,Incongruent,IC7.png,24,Right,Yes,26.417,38.0,20.0,19,10,TRUE
wpi617z4x5977989754,2025-04-29_22h10.15.237,Congruent,P9.png,1,Right,Yes,118.786,99.0,42.0,33,14,TRUE
wpi617z4x5977989754,2025-04-29_22h10.15.237,Congruent,P5.png,2,Left,No,56.5251,22.0,24.0,31,24,FALSE
wpi617z4x5977989754,2025-04-29_22h10.15.237,Congruent,P10.png,3,Right,No,36.2952,43.0,12.0,43,12,TRUE
wpi617z4x5977989754,2025-04-29_22h10.15.237,Congruent,P8.png,4,Right,Yes,32.5069,41.0,20.0,41,20,TRUE
wpi617z4x5977989754,2025-04-29_22h10.15.237,Congruent,P11.png,5,Right,No,40.6525,23.0,18.0,23,18,TRUE
wpi617z4x5977989754,2025-04-29_22h10.15.237,Congruent,P12.png,6,Right,No,56.3941,51.0,28.0,51,28,TRUE
wpi617z4x5977989754,2025-04-29_22h10.15.237,Congruent,P2.png,7,Left,Yes,110.029,102.0,60.0,28,15,FALSE
wpi617z4x5977989754,2025-04-29_22h10.15.237,Congruent,P1.png,8,Left,Yes,30.1406,31.0,20.0,31,20,TRUE
wpi617z4x5977989754,2025-04-29_22h10.15.237,Congruent,P4.png,9,Left,No,25.8793,71.0,12.0,71,12,TRUE
wpi617z4x5977989754,2025-04-29_22h10.15.237,Congruent,P6.png,10,Left,No,31.9282,49.0,24.0,49,24,TRUE
wpi617z4x5977989754,2025-04-29_22h10.15.237,Congruent,P3.png,11,Left,Yes,55.5011,63.0,60.0,21,20,TRUE
wpi617z4x5977989754,2025-04-29_22h10.15.237,Congruent,P7.png,12,Right,Yes,41.2345,134.0,18.0,67,9,TRUE
wpi617z4x5977989754,2025-04-29_22h10.15.237,Congruent,CC2.png,13,Left,Yes,95.1347,91.0,42.0,41,21,FALSE
wpi617z4x5977989754,2025-04-29_22h10.15.237,Congruent,CC10.png,14,Right,No,13.3449,37.0,16.0,37,16,TRUE
wpi617z4x5977989754,2025-04-29_22h10.15.237,Congruent,CC11.png,15,Right,No,23.9172,14.0,24.0,19,24,FALSE
wpi617z4x5977989754,2025-04-29_22h10.15.237,Congruent,CC9.png,16,Right,Yes,71.0497,129.0,42.0,43,14,TRUE
wpi617z4x5977989754,2025-04-29_22h10.15.237,Congruent,CC5.png,17,Left,No,29.4196,29.0,18.0,29,18,TRUE
wpi617z4x5977989754,2025-04-29_22h10.15.237,Congruent,CC4.png,18,Left,No,15.2136,49.0,16.0,49,16,TRUE
wpi617z4x5977989754,2025-04-29_22h10.15.237,Congruent,CC8.png,19,Right,Yes,60.2921,50.0,42.0,25,21,TRUE
wpi617z4x5977989754,2025-04-29_22h10.15.237,Congruent,CC12.png,20,Right,No,41.949,73.0,12.0,73,12,TRUE
wpi617z4x5977989754,2025-04-29_22h10.15.237,Congruent,CC1.png,21,Left,Yes,50.758,87.0,12.0,29,4,TRUE
wpi617z4x5977989754,2025-04-29_22h10.15.237,Congruent,CC3.png,22,Left,Yes,38.8814,89.0,36.0,89,36,TRUE
wpi617z4x5977989754,2025-04-29_22h10.15.237,Congruent,CC6.png,23,Left,No,23.6503,37.0,30.0,37,30,TRUE
wpi617z4x5977989754,2025-04-29_22h10.15.237,Congruent,CC7.png,24,Right,Yes,47.8908,38.0,20.0,19,10,TRUE
wpi61c730p668698806,2024-11-03_16h36.12.916,Incongruent,P3.png,1,Left,Yes,45.6328,63.0,60.0,21,20,TRUE
wpi61c730p668698806,2024-11-03_16h36.12.916,Incongruent,P4.png,2,Left,No,12.892,71.0,12.0,71,12,TRUE
wpi61c730p668698806,2024-11-03_16h36.12.916,Incongruent,P8.png,3,Right,Yes,28.9554,41.0,20.0,41,20,TRUE
wpi61c730p668698806,2024-11-03_16h36.12.916,Incongruent,P11.png,4,Right,No,31.4789,23.0,18.0,23,18,TRUE
wpi61c730p668698806,2024-11-03_16h36.12.916,Incongruent,P10.png,5,Right,No,12.5426,43.0,12.0,43,12,TRUE
wpi61c730p668698806,2024-11-03_16h36.12.916,Incongruent,P6.png,6,Left,No,34.2651,49.0,24.0,49,24,TRUE
wpi61c730p668698806,2024-11-03_16h36.12.916,Incongruent,P12.png,7,Right,No,40.8916,51.0,24.0,51,28,FALSE
wpi61c730p668698806,2024-11-03_16h36.12.916,Incongruent,P5.png,8,Left,No,18.049,31.0,24.0,31,24,TRUE
wpi61c730p668698806,2024-11-03_16h36.12.916,Incongruent,P7.png,9,Right,Yes,23.2969,134.0,18.0,67,9,TRUE
wpi61c730p668698806,2024-11-03_16h36.12.916,Incongruent,P1.png,10,Left,Yes,17.8532,31.0,20.0,31,20,TRUE
wpi61c730p668698806,2024-11-03_16h36.12.916,Incongruent,P2.png,11,Left,Yes,42.8165,112.0,60.0,28,15,TRUE
wpi61c730p668698806,2024-11-03_16h36.12.916,Incongruent,P9.png,12,Right,Yes,25.1246,33.0,14.0,33,14,TRUE
wpi61c730p668698806,2024-11-03_16h36.12.916,Incongruent,IC2.png,13,Left,Yes,38.1512,41.0,21.0,41,21,TRUE
wpi61c730p668698806,2024-11-03_16h36.12.916,Incongruent,IC11.png,14,Right,No,20.3795,19.0,24.0,19,24,TRUE
wpi61c730p668698806,2024-11-03_16h36.12.916,Incongruent,IC5.png,15,Left,No,14.0319,29.0,18.0,29,18,TRUE
wpi61c730p668698806,2024-11-03_16h36.12.916,Incongruent,IC12.png,16,Right,No,35.6935,70.0,12.0,73,12,FALSE
wpi61c730p668698806,2024-11-03_16h36.12.916,Incongruent,IC4.png,17,Left,No,20.8543,49.0,16.0,49,16,TRUE
wpi61c730p668698806,2024-11-03_16h36.12.916,Incongruent,IC6.png,18,Left,No,23.7724,37.0,30.0,37,30,TRUE
wpi61c730p668698806,2024-11-03_16h36.12.916,Incongruent,IC3.png,19,Left,Yes,36.5761,89.0,36.0,89,36,TRUE
wpi61c730p668698806,2024-11-03_16h36.12.916,Incongruent,IC8.png,20,Right,Yes,39.3716,50.0,42.0,25,21,TRUE
wpi61c730p668698806,2024-11-03_16h36.12.916,Incongruent,IC1.png,21,Left,Yes,37.0401,87.0,12.0,29,4,TRUE
wpi61c730p668698806,2024-11-03_16h36.12.916,Incongruent,IC7.png,22,Right,Yes,15.2733,38.0,20.0,19,10,TRUE
wpi61c730p668698806,2024-11-03_16h36.12.916,Incongruent,IC10.png,23,Right,No,51.2177,37.0,16.0,37,16,TRUE
wpi61c730p668698806,2024-11-03_16h36.12.916,Incongruent,IC9.png,24,Right,Yes,45.3839,43.0,14.0,43,14,TRUE
wpi61c731899243p416,2024-11-17_22h29.21.651,Congruent,P5.png,1,Left,No,70.9414,31.0,24.0,31,24,TRUE
wpi61c731899243p416,2024-11-17_22h29.21.651,Congruent,P6.png,2,Left,No,30.6935,95.0,30.0,49,24,FALSE
wpi61c731899243p416,2024-11-17_22h29.21.651,Congruent,P9.png,3,Right,Yes,48.3354,36.0,3.0,33,14,FALSE
wpi61c731899243p416,2024-11-17_22h29.21.651,Congruent,P2.png,4,Left,Yes,26.1102,24.0,20.0,28,15,FALSE
wpi61c731899243p416,2024-11-17_22h29.21.651,Congruent,P11.png,5,Right,No,26.9618,5.0,6.0,23,18,FALSE
wpi61c731899243p416,2024-11-17_22h29.21.651,Congruent,P8.png,6,Right,Yes,17.7392,82.0,40.0,41,20,TRUE
wpi61c731899243p416,2024-11-17_22h29.21.651,Congruent,P3.png,7,Left,Yes,12.4412,12.0,15.0,21,20,FALSE
wpi61c731899243p416,2024-11-17_22h29.21.651,Congruent,P12.png,8,Right,No,60.8612,33.0,24.0,51,28,FALSE
wpi61c731899243p416,2024-11-17_22h29.21.651,Congruent,P7.png,9,Right,Yes,23.175,54.0,6.0,67,9,FALSE
wpi61c731899243p416,2024-11-17_22h29.21.651,Congruent,P4.png,10,Left,No,21.1378,71.0,12.0,71,12,TRUE
wpi61c731899243p416,2024-11-17_22h29.21.651,Congruent,P1.png,11,Left,Yes,16.5488,32.0,20.0,31,20,FALSE
wpi61c731899243p416,2024-11-17_22h29.21.651,Congruent,P10.png,12,Right,No,19.5328,43.0,12.0,43,12,TRUE
wpi61c731899243p416,2024-11-17_22h29.21.651,Congruent,CC6.png,13,Left,No,53.4887,40.0,3.0,37,30,FALSE
wpi61c731899243p416,2024-11-17_22h29.21.651,Congruent,CC4.png,14,Left,No,12.6989,49.0,16.0,49,16,TRUE
wpi61c731899243p416,2024-11-17_22h29.21.651,Congruent,CC11.png,15,Right,No,23.0646,42.0,24.0,19,24,FALSE
wpi61c731899243p416,2024-11-17_22h29.21.651,Congruent,CC8.png,16,Right,Yes,15.8918,14.0,3.0,25,21,FALSE
wpi61c731899243p416,2024-11-17_22h29.21.651,Congruent,CC2.png,17,Left,Yes,14.1411,18.0,14.0,41,21,FALSE
wpi61c731899243p416,2024-11-17_22h29.21.651,Congruent,CC9.png,18,Right,Yes,20.3966,125.0,42.0,43,14,FALSE
wpi61c731899243p416,2024-11-17_22h29.21.651,Congruent,CC12.png,19,Right,No,17.4633,73.0,12.0,73,12,TRUE
wpi61c731899243p416,2024-11-17_22h29.21.651,Congruent,CC7.png,20,Right,Yes,11.0079,35.0,20.0,19,10,FALSE
wpi61c731899243p416,2024-11-17_22h29.21.651,Congruent,CC3.png,21,Left,Yes,10.6141,40.0,18.0,89,36,FALSE
wpi61c731899243p416,2024-11-17_22h29.21.651,Congruent,CC10.png,22,Right,No,9.6646,37.0,16.0,37,16,TRUE
wpi61c731899243p416,2024-11-17_22h29.21.651,Congruent,CC5.png,23,Left,No,6.234,5.0,6.0,29,18,FALSE
wpi61c731899243p416,2024-11-17_22h29.21.651,Congruent,CC1.png,24,Left,Yes,9.4212,54.0,12.0,29,4,FALSE
wpi61c73t3962767618,2024-12-11_21h03.08.659,Incongruent,P8.png,1,Right,Yes,85.8283,82.0,40.0,41,20,TRUE
wpi61c73t3962767618,2024-12-11_21h03.08.659,Incongruent,P3.png,2,Left,Yes,141.3787,63.0,60.0,21,20,TRUE
wpi61c73t3962767618,2024-12-11_21h03.08.659,Incongruent,P11.png,3,Right,No,57.0369,13.0,18.0,23,18,FALSE
wpi61c73t3962767618,2024-12-11_21h03.08.659,Incongruent,P10.png,4,Right,No,57.6863,43.0,12.0,43,12,TRUE
wpi61c73t3962767618,2024-12-11_21h03.08.659,Incongruent,P12.png,5,Right,No,49.8145,51.0,28.0,51,28,TRUE
wpi61c73t3962767618,2024-12-11_21h03.08.659,Incongruent,P9.png,6,Right,Yes,61.0105,99.0,42.0,33,14,TRUE
wpi61c73t3962767618,2024-12-11_21h03.08.659,Incongruent,P5.png,7,Left,No,91.5774,31.0,24.0,31,24,TRUE
wpi61c73t3962767618,2024-12-11_21h03.08.659,Incongruent,P7.png,8,Right,Yes,45.6465,134.0,18.0,67,9,TRUE
wpi61c73t3962767618,2024-12-11_21h03.08.659,Incongruent,P4.png,9,Left,No,22.4321,71.0,12.0,71,12,TRUE
wpi61c73t3962767618,2024-12-11_21h03.08.659,Incongruent,P1.png,10,Left,Yes,28.9676,31.0,20.0,31,20,TRUE
wpi61c73t3962767618,2024-12-11_21h03.08.659,Incongruent,P2.png,11,Left,Yes,68.2339,74.0,120.0,28,15,FALSE
wpi61c73t3962767618,2024-12-11_21h03.08.659,Incongruent,P6.png,12,Left,No,45.9195,49.0,24.0,49,24,TRUE
wpi61c73t3962767618,2024-12-11_21h03.08.659,Incongruent,IC2.png,13,Left,Yes,176.0974,82.0,42.0,41,21,TRUE
wpi61c73t3962767618,2024-12-11_21h03.08.659,Incongruent,IC11.png,14,Right,No,35.5611,13.0,24.0,19,24,FALSE
wpi61c73t3962767618,2024-12-11_21h03.08.659,Incongruent,IC3.png,15,Left,Yes,59.5934,89.0,36.0,89,36,TRUE
wpi61c73t3962767618,2024-12-11_21h03.08.659,Incongruent,IC9.png,16,Right,Yes,36.4124,126.0,42.0,43,14,FALSE
wpi61c73t3962767618,2024-12-11_21h03.08.659,Incongruent,IC7.png,17,Right,Yes,41.9563,38.0,20.0,19,10,TRUE
wpi61c73t3962767618,2024-12-11_21h03.08.659,Incongruent,IC4.png,18,Left,No,24.1984,49.0,16.0,49,16,TRUE
wpi61c73t3962767618,2024-12-11_21h03.08.659,Incongruent,IC10.png,19,Right,No,18.8402,37.0,16.0,37,16,TRUE
wpi61c73t3962767618,2024-12-11_21h03.08.659,Incongruent,IC12.png,20,Right,No,33.3904,73.0,12.0,73,12,TRUE
wpi61c73t3962767618,2024-12-11_21h03.08.659,Incongruent,IC5.png,21,Left,No,35.2879,29.0,18.0,29,18,TRUE
wpi61c73t3962767618,2024-12-11_21h03.08.659,Incongruent,IC1.png,22,Left,Yes,27.4993,87.0,12.0,29,4,TRUE
wpi61c73t3962767618,2024-12-11_21h03.08.659,Incongruent,IC6.png,23,Left,No,39.0415,37.0,30.0,37,30,TRUE
wpi61c73t3962767618,2024-12-11_21h03.08.659,Incongruent,IC8.png,24,Right,Yes,130.9209,50.0,42.0,25,21,TRUE
wpi61d732z553804786,2024-11-25_12h14.30.148,Congruent,P6.png,1,Left,No,42.8046,52.0,24.0,49,24,FALSE
wpi61d732z553804786,2024-11-25_12h14.30.148,Congruent,P8.png,2,Right,Yes,22.2588,190.0,40.0,41,20,FALSE
wpi61d732z553804786,2024-11-25_12h14.30.148,Congruent,P7.png,3,Right,Yes,24.5327,67.0,9.0,67,9,TRUE
wpi61d732z553804786,2024-11-25_12h14.30.148,Congruent,P3.png,4,Left,Yes,72.9119,27.0,60.0,21,20,FALSE
wpi61d732z553804786,2024-11-25_12h14.30.148,Congruent,P2.png,5,Left,Yes,47.4195,56.0,30.0,28,15,TRUE
wpi61d732z553804786,2024-11-25_12h14.30.148,Congruent,P9.png,6,Right,Yes,67.5485,27.0,14.0,33,14,FALSE
wpi61d732z553804786,2024-11-25_12h14.30.148,Congruent,P1.png,7,Left,Yes,19.1088,31.0,20.0,31,20,TRUE
wpi61d732z553804786,2024-11-25_12h14.30.148,Congruent,P12.png,8,Right,No,40.776,51.0,28.0,51,28,TRUE
wpi61d732z553804786,2024-11-25_12h14.30.148,Congruent,P11.png,9,Right,No,36.9352,23.0,18.0,23,18,TRUE
wpi61d732z553804786,2024-11-25_12h14.30.148,Congruent,P5.png,10,Left,No,35.4948,31.0,24.0,31,24,TRUE
wpi61d732z553804786,2024-11-25_12h14.30.148,Congruent,P4.png,11,Left,No,19.3716,71.0,12.0,71,12,TRUE
wpi61d732z553804786,2024-11-25_12h14.30.148,Congruent,P10.png,12,Right,No,18.8943,43.0,12.0,43,12,TRUE
wpi61d732z553804786,2024-11-25_12h14.30.148,Congruent,CC5.png,13,Left,No,22.7552,29.0,18.0,29,18,TRUE
wpi61d732z553804786,2024-11-25_12h14.30.148,Congruent,CC10.png,14,Right,No,10.4781,37.0,16.0,37,16,TRUE
wpi61d732z553804786,2024-11-25_12h14.30.148,Congruent,CC7.png,15,Right,Yes,16.5632,19.0,10.0,19,10,TRUE
wpi61d732z553804786,2024-11-25_12h14.30.148,Congruent,CC2.png,16,Left,Yes,59.7024,52.0,24.0,41,21,FALSE
wpi61d732z553804786,2024-11-25_12h14.30.148,Congruent,CC6.png,17,Left,No,53.0501,37.0,30.0,37,30,TRUE
wpi61d732z553804786,2024-11-25_12h14.30.148,Congruent,CC12.png,18,Right,No,25.1917,73.0,12.0,73,12,TRUE
wpi61d732z553804786,2024-11-25_12h14.30.148,Congruent,CC3.png,19,Left,Yes,59.3243,89.0,36.0,89,36,TRUE
wpi61d732z553804786,2024-11-25_12h14.30.148,Congruent,CC1.png,20,Left,Yes,16.4244,87.0,12.0,29,4,TRUE
wpi61d732z553804786,2024-11-25_12h14.30.148,Congruent,CC9.png,21,Right,Yes,29.1679,43.0,14.0,43,14,TRUE
wpi61d732z553804786,2024-11-25_12h14.30.148,Congruent,CC4.png,22,Left,No,12.998,49.0,16.0,49,16,TRUE
wpi61d732z553804786,2024-11-25_12h14.30.148,Congruent,CC8.png,23,Right,Yes,26.5423,25.0,21.0,25,21,TRUE
wpi61d732z553804786,2024-11-25_12h14.30.148,Congruent,CC11.png,24,Right,No,45.6378,76.0,96.0,19,24,TRUE
wpi61e74071347v6471,2025-02-27_22h46.55.869,Congruent,P3.png,1,Left,Yes,79.671,22121221222112122df21212121,5.0,21,20,FALSE
wpi61e74071347v6471,2025-02-27_22h46.55.869,Congruent,P4.png,2,Left,No,42.768,63,12.0,71,12,FALSE
wpi61e74071347v6471,2025-02-27_22h46.55.869,Congruent,P1.png,3,Left,Yes,25.415,31,20.0,31,20,TRUE
wpi61e74071347v6471,2025-02-27_22h46.55.869,Congruent,P10.png,4,Right,No,35.301,52,12.0,43,12,FALSE
wpi61e74071347v6471,2025-02-27_22h46.55.869,Congruent,P8.png,5,Right,Yes,24.295,41,20.0,41,20,TRUE
wpi61e74071347v6471,2025-02-27_22h46.55.869,Congruent,P6.png,6,Left,No,70.544,168,48.0,49,24,FALSE
wpi61e74071347v6471,2025-02-27_22h46.55.869,Congruent,P2.png,7,Left,Yes,54.536,26,15.0,28,15,FALSE
wpi61e74071347v6471,2025-02-27_22h46.55.869,Congruent,P11.png,8,Right,No,43.898,81,27.0,23,18,FALSE
wpi61e74071347v6471,2025-02-27_22h46.55.869,Congruent,P12.png,9,Right,No,148.913,81,28.0,51,28,FALSE
wpi61e74071347v6471,2025-02-27_22h46.55.869,Congruent,P9.png,10,Right,Yes,22.103,33,14.0,33,14,TRUE
wpi61e74071347v6471,2025-02-27_22h46.55.869,Congruent,P5.png,11,Left,No,29.691,124,16.0,31,24,FALSE
wpi61e74071347v6471,2025-02-27_22h46.55.869,Congruent,P7.png,12,Right,Yes,19.416,67,9.0,67,9,TRUE
wpi61e74071347v6471,2025-02-27_22h46.55.869,Congruent,CC11.png,13,Right,No,47.571,76,96.0,19,24,TRUE
wpi61e74071347v6471,2025-02-27_22h46.55.869,Congruent,CC1.png,14,Left,Yes,37.098,29,4.0,29,4,TRUE
wpi61e74071347v6471,2025-02-27_22h46.55.869,Congruent,CC6.png,15,Left,No,46.839,175,150.0,37,30,FALSE
wpi61e74071347v6471,2025-02-27_22h46.55.869,Congruent,CC9.png,16,Right,Yes,42.941,43,14.0,43,14,TRUE
wpi61e74071347v6471,2025-02-27_22h46.55.869,Congruent,CC10.png,17,Right,No,14.227,37,16.0,37,16,TRUE
wpi61e74071347v6471,2025-02-27_22h46.55.869,Congruent,CC5.png,18,Left,No,26.952,57,27.0,29,18,FALSE
wpi61e74071347v6471,2025-02-27_22h46.55.869,Congruent,CC8.png,19,Right,Yes,26.186,25,21.0,25,21,TRUE
wpi61e74071347v6471,2025-02-27_22h46.55.869,Congruent,CC3.png,20,Left,Yes,20.302,89,36.0,89,36,TRUE
wpi61e74071347v6471,2025-02-27_22h46.55.869,Congruent,CC4.png,21,Left,No,13.788,49,16.0,49,16,TRUE
wpi61e74071347v6471,2025-02-27_22h46.55.869,Congruent,CC7.png,22,Right,Yes,11.118,19,10.0,19,10,TRUE
wpi61e74071347v6471,2025-02-27_22h46.55.869,Congruent,CC12.png,23,Right,No,34.143,146,24.0,73,12,TRUE
wpi61e74071347v6471,2025-02-27_22h46.55.869,Congruent,CC2.png,24,Left,Yes,22.044,41,27.0,41,21,FALSE
wpi61f730130297q771,2024-10-28_12h03.30.592,Congruent,P2.png,1,Left,Yes,45.1185,40.0,21.0,28,15,FALSE
wpi61f730130297q771,2024-10-28_12h03.30.592,Congruent,P9.png,2,Right,Yes,30.111,18.0,21.0,33,14,FALSE
wpi61f730130297q771,2024-10-28_12h03.30.592,Congruent,P1.png,3,Left,Yes,33.5946,24.0,20.0,31,20,FALSE
wpi61f730130297q771,2024-10-28_12h03.30.592,Congruent,P11.png,4,Right,No,18.4314,5.0,6.0,23,18,FALSE
wpi61f730130297q771,2024-10-28_12h03.30.592,Congruent,P7.png,5,Right,Yes,11.1874,40.0,6.0,67,9,FALSE
wpi61f730130297q771,2024-10-28_12h03.30.592,Congruent,P5.png,6,Left,No,7.7928,5.0,12.0,31,24,FALSE
wpi61f730130297q771,2024-10-28_12h03.30.592,Congruent,P3.png,7,Left,Yes,8.9788,12.0,15.0,21,20,FALSE
wpi61f730130297q771,2024-10-28_12h03.30.592,Congruent,P8.png,8,Right,Yes,7.2426,6.0,20.0,41,20,FALSE
wpi61f730130297q771,2024-10-28_12h03.30.592,Congruent,P4.png,9,Left,No,4.9144,35.0,6.0,71,12,FALSE
wpi61f730130297q771,2024-10-28_12h03.30.592,Congruent,P12.png,10,Right,No,10.7469,15.0,14.0,51,28,FALSE
wpi61f730130297q771,2024-10-28_12h03.30.592,Congruent,P10.png,11,Right,No,4.3498,35.0,12.0,43,12,FALSE
wpi61f730130297q771,2024-10-28_12h03.30.592,Congruent,P6.png,12,Left,No,6.9307,15.0,8.0,49,24,FALSE
wpi61f730130297q771,2024-10-28_12h03.30.592,Congruent,CC4.png,13,Left,No,23.0883,21.0,8.0,49,16,FALSE
wpi61f730130297q771,2024-10-28_12h03.30.592,Congruent,CC1.png,14,Left,Yes,7.325,45.0,12.0,29,4,FALSE
wpi61f730130297q771,2024-10-28_12h03.30.592,Congruent,CC10.png,15,Right,No,5.7363,15.0,8.0,37,16,FALSE
wpi61f730130297q771,2024-10-28_12h03.30.592,Congruent,CC2.png,16,Left,Yes,6.8001,18.0,14.0,41,21,FALSE
wpi61f730130297q771,2024-10-28_12h03.30.592,Congruent,CC5.png,17,Left,No,4.2228,5.0,6.0,29,18,FALSE
wpi61f730130297q771,2024-10-28_12h03.30.592,Congruent,CC11.png,18,Right,No,5.239,3.0,8.0,19,24,FALSE
wpi61f730130297q771,2024-10-28_12h03.30.592,Congruent,CC3.png,19,Left,Yes,7.6357,40.0,18.0,89,36,FALSE
wpi61f730130297q771,2024-10-28_12h03.30.592,Congruent,CC9.png,20,Right,Yes,7.0353,18.0,21.0,43,14,FALSE
wpi61f730130297q771,2024-10-28_12h03.30.592,Congruent,CC7.png,21,Right,Yes,13.7287,21.0,20.0,19,10,FALSE
wpi61f730130297q771,2024-10-28_12h03.30.592,Congruent,CC8.png,22,Right,Yes,2.9557,12.0,14.0,25,21,FALSE
wpi61f730130297q771,2024-10-28_12h03.30.592,Congruent,CC6.png,23,Left,No,6.0773,8.0,15.0,37,30,FALSE
wpi61f730130297q771,2024-10-28_12h03.30.592,Congruent,CC12.png,24,Right,No,5.4282,35.0,6.0,73,12,FALSE
wpi61f7406g77677691,2025-02-27_12h52.34.780,Congruent,P1.png,1,Left,Yes,27.3742,37.0,20.0,31,20,FALSE
wpi61f7406g77677691,2025-02-27_12h52.34.780,Congruent,P5.png,2,Left,No,30.4997,31.0,24.0,31,24,TRUE
wpi61f7406g77677691,2025-02-27_12h52.34.780,Congruent,P7.png,3,Right,Yes,22.8988,96.0,18.0,67,9,FALSE
wpi61f7406g77677691,2025-02-27_12h52.34.780,Congruent,P4.png,4,Left,No,14.116,89.0,60.0,71,12,FALSE
wpi61f7406g77677691,2025-02-27_12h52.34.780,Congruent,P2.png,5,Left,Yes,13.7995,64.0,3.0,28,15,FALSE
wpi61f7406g77677691,2025-02-27_12h52.34.780,Congruent,P3.png,6,Left,Yes,11.8659,20.0,60.0,21,20,FALSE
wpi61f7406g77677691,2025-02-27_12h52.34.780,Congruent,P8.png,7,Right,Yes,20.199,50.0,20.0,41,20,FALSE
wpi61f7406g77677691,2025-02-27_12h52.34.780,Congruent,P6.png,8,Left,No,19.4173,15.0,24.0,49,24,FALSE
wpi61f7406g77677691,2025-02-27_12h52.34.780,Congruent,P11.png,9,Right,No,13.5823,12.0,18.0,23,18,FALSE
wpi61f7406g77677691,2025-02-27_12h52.34.780,Congruent,P9.png,10,Right,Yes,9.049,20.0,42.0,33,14,FALSE
wpi61f7406g77677691,2025-02-27_12h52.34.780,Congruent,P12.png,11,Right,No,33.799,20.0,42.0,51,28,FALSE
wpi61f7406g77677691,2025-02-27_12h52.34.780,Congruent,P10.png,12,Right,No,10.7155,8.0,20.0,43,12,FALSE
wpi61f7406g77677691,2025-02-27_12h52.34.780,Congruent,CC4.png,13,Left,No,11.0929,21.0,8.0,49,16,FALSE
wpi61f7406g77677691,2025-02-27_12h52.34.780,Congruent,CC5.png,14,Left,No,3.0827,5.0,6.0,29,18,FALSE
wpi61f7406g77677691,2025-02-27_12h52.34.780,Congruent,CC10.png,15,Right,No,5.5984,15.0,8.0,37,16,FALSE
wpi61f7406g77677691,2025-02-27_12h52.34.780,Congruent,CC8.png,16,Right,Yes,5.7841,12.0,14.0,25,21,FALSE
wpi61f7406g77677691,2025-02-27_12h52.34.780,Congruent,CC7.png,17,Right,Yes,8.515,15.0,20.0,19,10,FALSE
wpi61f7406g77677691,2025-02-27_12h52.34.780,Congruent,CC3.png,18,Left,Yes,3.7833,40.0,8.0,89,36,FALSE
wpi61f7406g77677691,2025-02-27_12h52.34.780,Congruent,CC12.png,19,Right,No,2.8326,35.0,6.0,73,12,FALSE
wpi61f7406g77677691,2025-02-27_12h52.34.780,Congruent,CC2.png,20,Left,Yes,3.5323,18.0,14.0,41,21,FALSE
wpi61f7406g77677691,2025-02-27_12h52.34.780,Congruent,CC11.png,21,Right,No,3.1331,3.0,8.0,19,24,FALSE
wpi61f7406g77677691,2025-02-27_12h52.34.780,Congruent,CC9.png,22,Right,Yes,3.0149,12.0,21.0,43,14,FALSE
wpi61f7406g77677691,2025-02-27_12h52.34.780,Congruent,CC6.png,23,Left,No,3.0165,8.0,15.0,37,30,FALSE
wpi61f7406g77677691,2025-02-27_12h52.34.780,Congruent,CC1.png,24,Left,Yes,3.0331,45.0,12.0,29,4,FALSE
wpi61f74252o4451050,2025-03-20_22h51.11.760,Congruent,P6.png,1,Left,No,90.5595,46.0,48.0,49,24,FALSE
wpi61f74252o4451050,2025-03-20_22h51.11.760,Congruent,P11.png,2,Right,No,99.0297,11.5,9.0,23,18,TRUE
wpi61f74252o4451050,2025-03-20_22h51.11.760,Congruent,P9.png,3,Right,Yes,103.7981,99.0,42.0,33,14,TRUE
wpi61f74252o4451050,2025-03-20_22h51.11.760,Congruent,P3.png,4,Left,Yes,94.6826,63.0,60.0,21,20,TRUE
wpi61f74252o4451050,2025-03-20_22h51.11.760,Congruent,P10.png,5,Right,No,23.347,43.0,12.0,43,12,TRUE
wpi61f74252o4451050,2025-03-20_22h51.11.760,Congruent,P1.png,6,Left,Yes,28.4314,31.0,20.0,31,20,TRUE
wpi61f74252o4451050,2025-03-20_22h51.11.760,Congruent,P8.png,7,Right,Yes,56.948,41.0,20.0,41,20,TRUE
wpi61f74252o4451050,2025-03-20_22h51.11.760,Congruent,P2.png,8,Left,Yes,60.3665,46.0,30.0,28,15,FALSE
wpi61f74252o4451050,2025-03-20_22h51.11.760,Congruent,P5.png,9,Left,No,62.6811,120.0,96.0,31,24,FALSE
wpi61f74252o4451050,2025-03-20_22h51.11.760,Congruent,P4.png,10,Left,No,19.8474,71.0,12.0,71,12,TRUE
wpi61f74252o4451050,2025-03-20_22h51.11.760,Congruent,P7.png,11,Right,Yes,52.4821,204.0,27.0,67,9,FALSE
wpi61f74252o4451050,2025-03-20_22h51.11.760,Congruent,P12.png,12,Right,No,46.2265,102.0,56.0,51,28,TRUE
wpi61f74252o4451050,2025-03-20_22h51.11.760,Congruent,CC1.png,13,Left,Yes,41.9583,87.0,12.0,29,4,TRUE
wpi61f74252o4451050,2025-03-20_22h51.11.760,Congruent,CC10.png,14,Right,No,18.5468,37.0,16.0,37,16,TRUE
wpi61f74252o4451050,2025-03-20_22h51.11.760,Congruent,CC4.png,15,Left,No,19.5152,49.0,16.0,49,16,TRUE
wpi61f74252o4451050,2025-03-20_22h51.11.760,Congruent,CC7.png,16,Right,Yes,26.1163,38.0,20.0,19,10,TRUE
wpi61f74252o4451050,2025-03-20_22h51.11.760,Congruent,CC3.png,17,Left,Yes,46.814,89.0,36.0,89,36,TRUE
wpi61f74252o4451050,2025-03-20_22h51.11.760,Congruent,CC11.png,18,Right,No,33.7655,35.0,12.0,19,24,FALSE
wpi61f74252o4451050,2025-03-20_22h51.11.760,Congruent,CC2.png,19,Left,Yes,46.5482,54.0,42.0,41,21,FALSE
wpi61f74252o4451050,2025-03-20_22h51.11.760,Congruent,CC12.png,20,Right,No,21.7645,73.0,12.0,73,12,TRUE
wpi61f74252o4451050,2025-03-20_22h51.11.760,Congruent,CC8.png,21,Right,Yes,31.4982,25.0,21.0,25,21,TRUE
wpi61f74252o4451050,2025-03-20_22h51.11.760,Congruent,CC9.png,22,Right,Yes,40.5647,79.0,42.0,43,14,FALSE
wpi61f74252o4451050,2025-03-20_22h51.11.760,Congruent,CC5.png,23,Left,No,33.181,14.5,9.0,29,18,TRUE
wpi61f74252o4451050,2025-03-20_22h51.11.760,Congruent,CC6.png,24,Left,No,25.1472,18.5,15.0,37,30,TRUE
wpi61h740973f335708,2025-03-02_22h55.16.660,Congruent,P12.png,1,Right,No,63.2254,51.0,28.0,51,28,TRUE
wpi61h740973f335708,2025-03-02_22h55.16.660,Congruent,P11.png,2,Right,No,37.6795,23.0,18.0,23,18,TRUE
wpi61h740973f335708,2025-03-02_22h55.16.660,Congruent,P8.png,3,Right,Yes,20.6249,37.0,20.0,41,20,FALSE
wpi61h740973f335708,2025-03-02_22h55.16.660,Congruent,P3.png,4,Left,Yes,43.7133,63.0,60.0,21,20,TRUE
wpi61h740973f335708,2025-03-02_22h55.16.660,Congruent,P5.png,5,Left,No,18.6219,17.0,24.0,31,24,FALSE
wpi61h740973f335708,2025-03-02_22h55.16.660,Congruent,P10.png,6,Right,No,36.5035,43.0,12.0,43,12,TRUE
wpi61h740973f335708,2025-03-02_22h55.16.660,Congruent,P4.png,7,Left,No,9.9006,36.0,12.0,71,12,FALSE
wpi61h740973f335708,2025-03-02_22h55.16.660,Congruent,P9.png,8,Right,Yes,37.8421,83.0,21.0,33,14,FALSE
wpi61h740973f335708,2025-03-02_22h55.16.660,Congruent,P2.png,9,Left,Yes,24.5705,28.0,15.0,28,15,TRUE
wpi61h740973f335708,2025-03-02_22h55.16.660,Congruent,P7.png,10,Right,Yes,28.7665,134.0,18.0,67,9,TRUE
wpi61h740973f335708,2025-03-02_22h55.16.660,Congruent,P1.png,11,Left,Yes,16.5175,30.0,20.0,31,20,FALSE
wpi61h740973f335708,2025-03-02_22h55.16.660,Congruent,P6.png,12,Left,No,33.9068,48.0,18.0,49,24,FALSE
wpi61h740973f335708,2025-03-02_22h55.16.660,Congruent,CC1.png,13,Left,Yes,11.4872,82.0,12.0,29,4,FALSE
wpi61h740973f335708,2025-03-02_22h55.16.660,Congruent,CC5.png,14,Left,No,19.6666,29.0,18.0,29,18,TRUE
wpi61h740973f335708,2025-03-02_22h55.16.660,Congruent,CC9.png,15,Right,Yes,45.4915,126.0,42.0,43,14,FALSE
wpi61h740973f335708,2025-03-02_22h55.16.660,Congruent,CC10.png,16,Right,No,10.3699,37.0,16.0,37,16,TRUE
wpi61h740973f335708,2025-03-02_22h55.16.660,Congruent,CC4.png,17,Left,No,13.1285,48.0,16.0,49,16,FALSE
wpi61h740973f335708,2025-03-02_22h55.16.660,Congruent,CC11.png,18,Right,No,14.8535,14.0,24.0,19,24,FALSE
wpi61h740973f335708,2025-03-02_22h55.16.660,Congruent,CC8.png,19,Right,Yes,59.8818,50.0,28.0,25,21,FALSE
wpi61h740973f335708,2025-03-02_22h55.16.660,Congruent,CC6.png,20,Left,No,26.3597,185.0,150.0,37,30,TRUE
wpi61h740973f335708,2025-03-02_22h55.16.660,Congruent,CC3.png,21,Left,Yes,86.5268,178.0,72.0,89,36,TRUE
wpi61h740973f335708,2025-03-02_22h55.16.660,Congruent,CC2.png,22,Left,Yes,128.2769,70.0,42.0,41,21,FALSE
wpi61h740973f335708,2025-03-02_22h55.16.660,Congruent,CC12.png,23,Right,No,50.9798,150.0,24.0,73,12,FALSE
wpi61h740973f335708,2025-03-02_22h55.16.660,Congruent,CC7.png,24,Right,Yes,14.2442,38.0,20.0,19,10,TRUE
wpi61i7304e00496415,2024-10-31_15h06.37.126,Congruent,P4.png,1,Left,No,88.5543,36.0,18.0,71,12,FALSE
wpi61i7304e00496415,2024-10-31_15h06.37.126,Congruent,P6.png,2,Left,No,58.7363,7.0,4.0,49,24,FALSE
wpi61i7304e00496415,2024-10-31_15h06.37.126,Congruent,P3.png,3,Left,Yes,5.0187,8.0,12.0,21,20,FALSE
wpi61i7304e00496415,2024-10-31_15h06.37.126,Congruent,P7.png,4,Right,Yes,4.6413,45.0,3.0,67,9,FALSE
wpi61i7304e00496415,2024-10-31_15h06.37.126,Congruent,P11.png,5,Right,No,3.7128,7.0,3.0,23,18,FALSE
wpi61i7304e00496415,2024-10-31_15h06.37.126,Congruent,P9.png,6,Right,Yes,3.0533,3.0,2.0,33,14,FALSE
wpi61i7304e00496415,2024-10-31_15h06.37.126,Congruent,P1.png,7,Left,Yes,3.6038,6.0,3.0,31,20,FALSE
wpi61i7304e00496415,2024-10-31_15h06.37.126,Congruent,P10.png,8,Right,No,5.7572,43.0,67.0,43,12,FALSE
wpi61i7304e00496415,2024-10-31_15h06.37.126,Congruent,P8.png,9,Right,Yes,4.5222,34.0,23.0,41,20,FALSE
wpi61i7304e00496415,2024-10-31_15h06.37.126,Congruent,P5.png,10,Left,No,8.7758,32.0,5.0,31,24,FALSE
wpi61i7304e00496415,2024-10-31_15h06.37.126,Congruent,P2.png,11,Left,Yes,3.6608,3.0,23.0,28,15,FALSE
wpi61i7304e00496415,2024-10-31_15h06.37.126,Congruent,P12.png,12,Right,No,3.6234,43.0,23.0,51,28,FALSE
wpi61i7304e00496415,2024-10-31_15h06.37.126,Congruent,CC8.png,13,Right,Yes,11.0833,5.0,4.0,25,21,FALSE
wpi61i7304e00496415,2024-10-31_15h06.37.126,Congruent,CC1.png,14,Left,Yes,3.2454,3.0,4.0,29,4,FALSE
wpi61i7304e00496415,2024-10-31_15h06.37.126,Congruent,CC2.png,15,Left,Yes,2.9074,4.0,2.0,41,21,FALSE
wpi61i7304e00496415,2024-10-31_15h06.37.126,Congruent,CC4.png,16,Left,No,4.7338,2.0,5.0,49,16,FALSE
wpi61i7304e00496415,2024-10-31_15h06.37.126,Congruent,CC12.png,17,Right,No,7.792,3.0,673.0,73,12,FALSE
wpi61i7304e00496415,2024-10-31_15h06.37.126,Congruent,CC3.png,18,Left,Yes,3.4658,5.0,3.0,89,36,FALSE
wpi61i7304e00496415,2024-10-31_15h06.37.126,Congruent,CC7.png,19,Right,Yes,3.4709,5.0,3.0,19,10,FALSE
wpi61i7304e00496415,2024-10-31_15h06.37.126,Congruent,CC5.png,20,Left,No,2.6711,2.0,5.0,29,18,FALSE
wpi61i7304e00496415,2024-10-31_15h06.37.126,Congruent,CC11.png,21,Right,No,2.1818,3.0,2.0,19,24,FALSE
wpi61i7304e00496415,2024-10-31_15h06.37.126,Congruent,CC9.png,22,Right,Yes,2.7625,5.0,6.0,43,14,FALSE
wpi61i7304e00496415,2024-10-31_15h06.37.126,Congruent,CC6.png,23,Left,No,3.0716,5.0,3.0,37,30,FALSE
wpi61i7304e00496415,2024-10-31_15h06.37.126,Congruent,CC10.png,24,Right,No,3.0549,4.0,3.0,37,16,FALSE
wpi61i73396523t4991,2024-12-11_20h18.52.515,Incongruent,P10.png,1,Right,No,21.3438,5.0,2.0,43,12,FALSE
wpi61i73396523t4991,2024-12-11_20h18.52.515,Incongruent,P5.png,2,Left,No,40.6018,3.0,5.0,31,24,FALSE
wpi61i73396523t4991,2024-12-11_20h18.52.515,Incongruent,P7.png,3,Right,Yes,12.8741,3.0,4.0,67,9,FALSE
wpi61i73396523t4991,2024-12-11_20h18.52.515,Incongruent,P8.png,4,Right,Yes,32.8179,7.0,9.0,41,20,FALSE
wpi61i73396523t4991,2024-12-11_20h18.52.515,Incongruent,P6.png,5,Left,No,21.0541,9.0,32.0,49,24,FALSE
wpi61i73396523t4991,2024-12-11_20h18.52.515,Incongruent,P9.png,6,Right,Yes,25.9925,24.0,27.0,33,14,FALSE
wpi61i73396523t4991,2024-12-11_20h18.52.515,Incongruent,P1.png,7,Left,Yes,12.2614,2.0,3.0,31,20,FALSE
wpi61i73396523t4991,2024-12-11_20h18.52.515,Incongruent,P12.png,8,Right,No,37.584,12.0,11.0,51,28,FALSE
wpi61i73396523t4991,2024-12-11_20h18.52.515,Incongruent,P3.png,9,Left,Yes,19.8226,14.0,27.0,21,20,FALSE
wpi61i73396523t4991,2024-12-11_20h18.52.515,Incongruent,P2.png,10,Left,Yes,29.2871,5.0,4.0,28,15,FALSE
wpi61i73396523t4991,2024-12-11_20h18.52.515,Incongruent,P11.png,11,Right,No,20.1904,3.0,8.0,23,18,FALSE
wpi61i73396523t4991,2024-12-11_20h18.52.515,Incongruent,P4.png,12,Left,No,32.0084,10.0,11.0,71,12,FALSE
wpi61i73396523t4991,2024-12-11_20h18.52.515,Incongruent,IC9.png,13,Right,Yes,5.5641,5.0,7.0,43,14,FALSE
wpi61i73396523t4991,2024-12-11_20h18.52.515,Incongruent,IC1.png,14,Left,Yes,7.8234,5.0,7.0,29,4,FALSE
wpi61i73396523t4991,2024-12-11_20h18.52.515,Incongruent,IC6.png,15,Left,No,3.4632,3.0,4.0,37,30,FALSE
wpi61i73396523t4991,2024-12-11_20h18.52.515,Incongruent,IC11.png,16,Right,No,2.5561,2.0,5.0,19,24,FALSE
wpi61i73396523t4991,2024-12-11_20h18.52.515,Incongruent,IC2.png,17,Left,Yes,3.0142,8.0,7.0,41,21,FALSE
wpi61i73396523t4991,2024-12-11_20h18.52.515,Incongruent,IC7.png,18,Right,Yes,4.1831,10.0,5.0,19,10,FALSE
wpi61i73396523t4991,2024-12-11_20h18.52.515,Incongruent,IC10.png,19,Right,No,4.0515,4.0,1.0,37,16,FALSE
wpi61i73396523t4991,2024-12-11_20h18.52.515,Incongruent,IC12.png,20,Right,No,3.3767,1.0,3.0,73,12,FALSE
wpi61i73396523t4991,2024-12-11_20h18.52.515,Incongruent,IC3.png,21,Left,Yes,3.6287,5.0,2.0,89,36,FALSE
wpi61i73396523t4991,2024-12-11_20h18.52.515,Incongruent,IC8.png,22,Right,Yes,3.917,4.0,6.0,25,21,FALSE
wpi61i73396523t4991,2024-12-11_20h18.52.515,Incongruent,IC5.png,23,Left,No,5.7776,8.0,12.0,29,18,FALSE
wpi61i73396523t4991,2024-12-11_20h18.52.515,Incongruent,IC4.png,24,Left,No,12.06,10.0,16.0,49,16,FALSE
wpi61i7z33955583506,2024-12-11_17h34.24.533,Congruent,P3.png,1,Left,Yes,142.4527,21.0,20.0,21,20,TRUE
wpi61i7z33955583506,2024-12-11_17h34.24.533,Congruent,P4.png,2,Left,No,41.6004,85.0,12.0,71,12,FALSE
wpi61i7z33955583506,2024-12-11_17h34.24.533,Congruent,P6.png,3,Left,No,80.0483,98.0,48.0,49,24,TRUE
wpi61i7z33955583506,2024-12-11_17h34.24.533,Congruent,P1.png,4,Left,Yes,28.4549,31.0,20.0,31,20,TRUE
wpi61i7z33955583506,2024-12-11_17h34.24.533,Congruent,P9.png,5,Right,Yes,51.4499,99.0,42.0,33,14,TRUE
wpi61i7z33955583506,2024-12-11_17h34.24.533,Congruent,P7.png,6,Right,Yes,70.3556,402.0,54.0,67,9,TRUE
wpi61i7z33955583506,2024-12-11_17h34.24.533,Congruent,P12.png,7,Right,No,5.2107,1.0,1.0,51,28,FALSE
wpi61i7z33955583506,2024-12-11_17h34.24.533,Congruent,P8.png,8,Right,Yes,1.7398,1.0,1.0,41,20,FALSE
wpi61i7z33955583506,2024-12-11_17h34.24.533,Congruent,P10.png,9,Right,No,1.4768,1.0,1.0,43,12,FALSE
wpi61i7z33955583506,2024-12-11_17h34.24.533,Congruent,P5.png,10,Left,No,1.1093,1.0,1.0,31,24,FALSE
wpi61i7z33955583506,2024-12-11_17h34.24.533,Congruent,P11.png,11,Right,No,1.1695,1.0,1.0,23,18,FALSE
wpi61i7z33955583506,2024-12-11_17h34.24.533,Congruent,P2.png,12,Left,Yes,1.1073,1.0,1.0,28,15,FALSE
wpi61i7z33955583506,2024-12-11_17h34.24.533,Congruent,CC5.png,13,Left,No,11.4297,5.0,6.0,29,18,FALSE
wpi61i7z33955583506,2024-12-11_17h34.24.533,Congruent,CC7.png,14,Right,Yes,14.4906,24.0,20.0,19,10,FALSE
wpi61i7z33955583506,2024-12-11_17h34.24.533,Congruent,CC9.png,15,Right,Yes,4.2789,12.0,21.0,43,14,FALSE
wpi61i7z33955583506,2024-12-11_17h34.24.533,Congruent,CC3.png,16,Left,Yes,11.5485,40.0,18.0,89,36,FALSE
wpi61i7z33955583506,2024-12-11_17h34.24.533,Congruent,CC11.png,17,Right,No,4.4429,3.0,8.0,19,24,FALSE
wpi61i7z33955583506,2024-12-11_17h34.24.533,Congruent,CC6.png,18,Left,No,4.1167,8.0,15.0,37,30,FALSE
wpi61i7z33955583506,2024-12-11_17h34.24.533,Congruent,CC1.png,19,Left,Yes,7.2825,45.0,12.0,29,4,FALSE
wpi61i7z33955583506,2024-12-11_17h34.24.533,Congruent,CC8.png,20,Right,Yes,3.2833,12.0,14.0,25,21,FALSE
wpi61i7z33955583506,2024-12-11_17h34.24.533,Congruent,CC12.png,21,Right,No,4.1964,35.0,6.0,73,12,FALSE
wpi61i7z33955583506,2024-12-11_17h34.24.533,Congruent,CC2.png,22,Left,Yes,5.544,18.0,14.0,41,21,FALSE
wpi61i7z33955583506,2024-12-11_17h34.24.533,Congruent,CC10.png,23,Right,No,9.5148,15.0,8.0,37,16,FALSE
wpi61i7z33955583506,2024-12-11_17h34.24.533,Congruent,CC4.png,24,Left,No,3.7151,21.0,8.0,49,16,FALSE
wpi61l7339482913t05,2024-12-11_15h30.42.479,Incongruent,P10.png,1,Right,No,27.8622,43.0,12.0,43,12,TRUE
wpi61l7339482913t05,2024-12-11_15h30.42.479,Incongruent,P11.png,2,Right,No,19.4531,23.0,18.0,23,18,TRUE
wpi61l7339482913t05,2024-12-11_15h30.42.479,Incongruent,P8.png,3,Right,Yes,13.6593,41.0,20.0,41,20,TRUE
wpi61l7339482913t05,2024-12-11_15h30.42.479,Incongruent,P12.png,4,Right,No,37.631100000000004,51.0,28.0,51,28,TRUE
wpi61l7339482913t05,2024-12-11_15h30.42.479,Incongruent,P9.png,5,Right,Yes,28.9765,99.0,42.0,33,14,TRUE
wpi61l7339482913t05,2024-12-11_15h30.42.479,Incongruent,P3.png,6,Left,Yes,40.4195,63.0,23.0,21,20,FALSE
wpi61l7339482913t05,2024-12-11_15h30.42.479,Incongruent,P2.png,7,Left,Yes,18.5132,152.0,60.0,28,15,FALSE
wpi61l7339482913t05,2024-12-11_15h30.42.479,Incongruent,P7.png,8,Right,Yes,19.76,154.0,18.0,67,9,FALSE
wpi61l7339482913t05,2024-12-11_15h30.42.479,Incongruent,P6.png,9,Left,No,19.3271,64.0,24.0,49,24,FALSE
wpi61l7339482913t05,2024-12-11_15h30.42.479,Incongruent,P1.png,10,Left,Yes,10.0691,31.0,20.0,31,20,TRUE
wpi61l7339482913t05,2024-12-11_15h30.42.479,Incongruent,P5.png,11,Left,No,15.5285,41.0,24.0,31,24,FALSE
wpi61l7339482913t05,2024-12-11_15h30.42.479,Incongruent,P4.png,12,Left,No,11.2495,71.0,12.0,71,12,TRUE
wpi61l7339482913t05,2024-12-11_15h30.42.479,Incongruent,IC5.png,13,Left,No,24.4356,29.0,18.0,29,18,TRUE
wpi61l7339482913t05,2024-12-11_15h30.42.479,Incongruent,IC3.png,14,Left,Yes,32.1308,89.0,36.0,89,36,TRUE
wpi61l7339482913t05,2024-12-11_15h30.42.479,Incongruent,IC2.png,15,Left,Yes,82.1955,41.0,21.0,41,21,TRUE
wpi61l7339482913t05,2024-12-11_15h30.42.479,Incongruent,IC4.png,16,Left,No,19.2044,49.0,16.0,49,16,TRUE
wpi61l7339482913t05,2024-12-11_15h30.42.479,Incongruent,IC12.png,17,Right,No,9.5889,38.0,12.0,73,12,FALSE
wpi61l7339482913t05,2024-12-11_15h30.42.479,Incongruent,IC10.png,18,Right,No,11.587,37.0,16.0,37,16,TRUE
wpi61l7339482913t05,2024-12-11_15h30.42.479,Incongruent,IC11.png,19,Right,No,12.9624,19.0,24.0,19,24,TRUE
wpi61l7339482913t05,2024-12-11_15h30.42.479,Incongruent,IC6.png,20,Left,No,14.549,39.0,40.0,37,30,FALSE
wpi61l7339482913t05,2024-12-11_15h30.42.479,Incongruent,IC7.png,21,Right,Yes,10.9013,38.0,20.0,19,10,TRUE
wpi61l7339482913t05,2024-12-11_15h30.42.479,Incongruent,IC1.png,22,Left,Yes,20.8648,87.0,12.0,29,4,TRUE
wpi61l7339482913t05,2024-12-11_15h30.42.479,Incongruent,IC9.png,23,Right,Yes,22.6855,125.0,42.0,43,14,FALSE
wpi61l7339482913t05,2024-12-11_15h30.42.479,Incongruent,IC8.png,24,Right,Yes,32.2106,25.0,21.0,25,21,TRUE
wpi61l736995524u302,2025-01-15_22h10.29.237,Congruent,P12.png,1,Right,No,145.845,51.0,28.0,51,28,TRUE
wpi61l736995524u302,2025-01-15_22h10.29.237,Congruent,P8.png,2,Right,Yes,31.881,37.0,20.0,41,20,FALSE
wpi61l736995524u302,2025-01-15_22h10.29.237,Congruent,P2.png,3,Left,Yes,135.996,28.0,15.0,28,15,TRUE
wpi61l736995524u302,2025-01-15_22h10.29.237,Congruent,P3.png,4,Left,Yes,34.658,9.0,20.0,21,20,FALSE
wpi61l736995524u302,2025-01-15_22h10.29.237,Congruent,P4.png,5,Left,No,35.161,71.0,12.0,71,12,TRUE
wpi61l736995524u302,2025-01-15_22h10.29.237,Congruent,P11.png,6,Right,No,66.415,69.0,54.0,23,18,TRUE
wpi61l736995524u302,2025-01-15_22h10.29.237,Congruent,P9.png,7,Right,Yes,89.531,33.0,14.0,33,14,TRUE
wpi61l736995524u302,2025-01-15_22h10.29.237,Congruent,P10.png,8,Right,No,49.616,43.0,12.0,43,12,TRUE
wpi61l736995524u302,2025-01-15_22h10.29.237,Congruent,P1.png,9,Left,Yes,21.949,31.0,20.0,31,20,TRUE
wpi61l736995524u302,2025-01-15_22h10.29.237,Congruent,P7.png,10,Right,Yes,86.298,134.0,18.0,67,9,TRUE
wpi61l736995524u302,2025-01-15_22h10.29.237,Congruent,P6.png,11,Left,No,40.561,49.0,24.0,49,24,TRUE
wpi61l736995524u302,2025-01-15_22h10.29.237,Congruent,P5.png,12,Left,No,38.418,31.0,24.0,31,24,TRUE
wpi61l736995524u302,2025-01-15_22h10.29.237,Congruent,CC9.png,13,Right,Yes,51.056,129.0,42.0,43,14,TRUE
wpi61l736995524u302,2025-01-15_22h10.29.237,Congruent,CC11.png,14,Right,No,26.241,19.0,24.0,19,24,TRUE
wpi61l736995524u302,2025-01-15_22h10.29.237,Congruent,CC4.png,15,Left,No,21.466,49.0,16.0,49,16,TRUE
wpi61l736995524u302,2025-01-15_22h10.29.237,Congruent,CC7.png,16,Right,Yes,16.533,45.0,20.0,19,10,FALSE
wpi61l736995524u302,2025-01-15_22h10.29.237,Congruent,CC10.png,17,Right,No,14.383,37.0,16.0,37,16,TRUE
wpi61l736995524u302,2025-01-15_22h10.29.237,Congruent,CC3.png,18,Left,Yes,52.794,89.0,36.0,89,36,TRUE
wpi61l736995524u302,2025-01-15_22h10.29.237,Congruent,CC6.png,19,Left,No,18.399,37.0,30.0,37,30,TRUE
wpi61l736995524u302,2025-01-15_22h10.29.237,Congruent,CC1.png,20,Left,Yes,21.995,87.0,12.0,29,4,TRUE
wpi61l736995524u302,2025-01-15_22h10.29.237,Congruent,CC2.png,21,Left,Yes,59.982,41.0,21.0,41,21,TRUE
wpi61l736995524u302,2025-01-15_22h10.29.237,Congruent,CC8.png,22,Right,Yes,28.35,25.0,21.0,25,21,TRUE
wpi61l736995524u302,2025-01-15_22h10.29.237,Congruent,CC12.png,23,Right,No,36.38,73.0,12.0,73,12,TRUE
wpi61l736995524u302,2025-01-15_22h10.29.237,Congruent,CC5.png,24,Left,No,42.917,44.0,9.0,29,18,FALSE
wpi61m73704443z1595,2025-01-16_11h39.38.928,Incongruent,P4.png,1,Left,No,25.806,73.0,12.0,71,12,FALSE
wpi61m73704443z1595,2025-01-16_11h39.38.928,Incongruent,P6.png,2,Left,No,28.9798,49.0,24.0,49,24,TRUE
wpi61m73704443z1595,2025-01-16_11h39.38.928,Incongruent,P8.png,3,Right,Yes,16.5809,41.0,20.0,41,20,TRUE
wpi61m73704443z1595,2025-01-16_11h39.38.928,Incongruent,P2.png,4,Left,Yes,22.7822,112.0,60.0,28,15,TRUE
wpi61m73704443z1595,2025-01-16_11h39.38.928,Incongruent,P3.png,5,Left,Yes,20.5637,63.0,60.0,21,20,TRUE
wpi61m73704443z1595,2025-01-16_11h39.38.928,Incongruent,P1.png,6,Left,Yes,10.9651,31.0,10.0,31,20,FALSE
wpi61m73704443z1595,2025-01-16_11h39.38.928,Incongruent,P10.png,7,Right,No,14.7469,43.0,12.0,43,12,TRUE
wpi61m73704443z1595,2025-01-16_11h39.38.928,Incongruent,P11.png,8,Right,No,20.6592,23.0,18.0,23,18,TRUE
wpi61m73704443z1595,2025-01-16_11h39.38.928,Incongruent,P5.png,9,Left,No,21.0805,31.0,12.0,31,24,FALSE
wpi61m73704443z1595,2025-01-16_11h39.38.928,Incongruent,P12.png,10,Right,No,15.2308,51.0,28.0,51,28,TRUE
wpi61m73704443z1595,2025-01-16_11h39.38.928,Incongruent,P7.png,11,Right,Yes,16.4308,134.0,18.0,67,9,TRUE
wpi61m73704443z1595,2025-01-16_11h39.38.928,Incongruent,P9.png,12,Right,Yes,28.6839,99.0,42.0,33,14,TRUE
wpi61m73704443z1595,2025-01-16_11h39.38.928,Incongruent,IC5.png,13,Left,No,17.157,29.0,18.0,29,18,TRUE
wpi61m73704443z1595,2025-01-16_11h39.38.928,Incongruent,IC10.png,14,Right,No,9.4285,37.0,16.0,37,16,TRUE
wpi61m73704443z1595,2025-01-16_11h39.38.928,Incongruent,IC7.png,15,Right,Yes,10.3832,38.0,20.0,19,10,TRUE
wpi61m73704443z1595,2025-01-16_11h39.38.928,Incongruent,IC1.png,16,Left,Yes,12.7635,87.0,12.0,29,4,TRUE
wpi61m73704443z1595,2025-01-16_11h39.38.928,Incongruent,IC12.png,17,Right,No,18.9138,73.0,12.0,73,12,TRUE
wpi61m73704443z1595,2025-01-16_11h39.38.928,Incongruent,IC8.png,18,Right,Yes,62.0789,50.0,52.0,25,21,FALSE
wpi61m73704443z1595,2025-01-16_11h39.38.928,Incongruent,IC11.png,19,Right,No,21.1624,19.0,24.0,19,24,TRUE
wpi61m73704443z1595,2025-01-16_11h39.38.928,Incongruent,IC6.png,20,Left,No,28.8487,37.0,30.0,37,30,TRUE
wpi61m73704443z1595,2025-01-16_11h39.38.928,Incongruent,IC9.png,21,Right,Yes,32.7188,129.0,42.0,43,14,TRUE
wpi61m73704443z1595,2025-01-16_11h39.38.928,Incongruent,IC3.png,22,Left,Yes,31.2443,89.0,36.0,89,36,TRUE
wpi61m73704443z1595,2025-01-16_11h39.38.928,Incongruent,IC2.png,23,Left,Yes,56.5583,84.0,52.0,41,21,FALSE
wpi61m73704443z1595,2025-01-16_11h39.38.928,Incongruent,IC4.png,24,Left,No,13.2973,49.0,16.0,49,16,TRUE
wpi61m7412r29608936,2025-03-05_22h10.43.448,Incongruent,P5.png,1,Left,No,44.0932,85.0,24.0,31,24,FALSE
wpi61m7412r29608936,2025-03-05_22h10.43.448,Incongruent,P2.png,2,Left,Yes,88.3133,89.0,60.0,28,15,FALSE
wpi61m7412r29608936,2025-03-05_22h10.43.448,Incongruent,P9.png,3,Right,Yes,73.6166,99.0,42.0,33,14,TRUE
wpi61m7412r29608936,2025-03-05_22h10.43.448,Incongruent,P7.png,4,Right,Yes,22.7155,134.0,18.0,67,9,TRUE
wpi61m7412r29608936,2025-03-05_22h10.43.448,Incongruent,P8.png,5,Right,Yes,14.1123,37.0,20.0,41,20,FALSE
wpi61m7412r29608936,2025-03-05_22h10.43.448,Incongruent,P12.png,6,Right,No,23.4668,51.0,28.0,51,28,TRUE
wpi61m7412r29608936,2025-03-05_22h10.43.448,Incongruent,P3.png,7,Left,Yes,33.2981,63.0,60.0,21,20,TRUE
wpi61m7412r29608936,2025-03-05_22h10.43.448,Incongruent,P11.png,8,Right,No,19.4862,19.0,18.0,23,18,FALSE
wpi61m7412r29608936,2025-03-05_22h10.43.448,Incongruent,P1.png,9,Left,Yes,13.2446,31.0,20.0,31,20,TRUE
wpi61m7412r29608936,2025-03-05_22h10.43.448,Incongruent,P4.png,10,Left,No,11.5154,71.0,12.0,71,12,TRUE
wpi61m7412r29608936,2025-03-05_22h10.43.448,Incongruent,P6.png,11,Left,No,29.5677,49.0,24.0,49,24,TRUE
wpi61m7412r29608936,2025-03-05_22h10.43.448,Incongruent,P10.png,12,Right,No,11.9965,43.0,12.0,43,12,TRUE
wpi61m7412r29608936,2025-03-05_22h10.43.448,Incongruent,IC8.png,13,Right,Yes,41.9628,50.0,42.0,25,21,TRUE
wpi61m7412r29608936,2025-03-05_22h10.43.448,Incongruent,IC10.png,14,Right,No,11.5768,37.0,16.0,37,16,TRUE
wpi61m7412r29608936,2025-03-05_22h10.43.448,Incongruent,IC6.png,15,Left,No,11.0822,23.0,30.0,37,30,FALSE
wpi61m7412r29608936,2025-03-05_22h10.43.448,Incongruent,IC5.png,16,Left,No,15.9666,29.0,18.0,29,18,TRUE
wpi61m7412r29608936,2025-03-05_22h10.43.448,Incongruent,IC3.png,17,Left,Yes,14.6349,88.0,32.0,89,36,FALSE
wpi61m7412r29608936,2025-03-05_22h10.43.448,Incongruent,IC2.png,18,Left,Yes,31.128,82.0,42.0,41,21,TRUE
wpi61m7412r29608936,2025-03-05_22h10.43.448,Incongruent,IC12.png,19,Right,No,15.6652,73.0,12.0,73,12,TRUE
wpi61m7412r29608936,2025-03-05_22h10.43.448,Incongruent,IC11.png,20,Right,No,12.2348,19.0,24.0,19,24,TRUE
wpi61m7412r29608936,2025-03-05_22h10.43.448,Incongruent,IC4.png,21,Left,No,11.2474,49.0,16.0,49,16,TRUE
wpi61m7412r29608936,2025-03-05_22h10.43.448,Incongruent,IC1.png,22,Left,Yes,13.514,108.0,12.0,29,4,FALSE
wpi61m7412r29608936,2025-03-05_22h10.43.448,Incongruent,IC9.png,23,Right,Yes,25.7341,134.0,42.0,43,14,FALSE
wpi61m7412r29608936,2025-03-05_22h10.43.448,Incongruent,IC7.png,24,Right,Yes,15.4466,38.0,20.0,19,10,TRUE
wpi61o72998d8194381,2024-10-26_20h39.31.088,Congruent,P4.png,1,Left,No,16.7191,71.0,12.0,71,12,TRUE
wpi61o72998d8194381,2024-10-26_20h39.31.088,Congruent,P12.png,2,Right,No,19.4021,51.0,28.0,51,28,TRUE
wpi61o72998d8194381,2024-10-26_20h39.31.088,Congruent,P2.png,3,Left,Yes,20.9769,112.0,60.0,28,15,TRUE
wpi61o72998d8194381,2024-10-26_20h39.31.088,Congruent,P11.png,4,Right,No,20.0682,23.0,18.0,23,18,TRUE
wpi61o72998d8194381,2024-10-26_20h39.31.088,Congruent,P9.png,5,Right,Yes,23.2491,99.0,42.0,33,14,TRUE
wpi61o72998d8194381,2024-10-26_20h39.31.088,Congruent,P5.png,6,Left,No,18.4487,31.0,24.0,31,24,TRUE
wpi61o72998d8194381,2024-10-26_20h39.31.088,Congruent,P1.png,7,Left,Yes,10.7152,31.0,20.0,31,20,TRUE
wpi61o72998d8194381,2024-10-26_20h39.31.088,Congruent,P7.png,8,Right,Yes,17.3161,134.0,18.0,67,9,TRUE
wpi61o72998d8194381,2024-10-26_20h39.31.088,Congruent,P6.png,9,Left,No,19.1501,49.0,24.0,49,24,TRUE
wpi61o72998d8194381,2024-10-26_20h39.31.088,Congruent,P10.png,10,Right,No,18.0823,43.0,18.0,43,12,FALSE
wpi61o72998d8194381,2024-10-26_20h39.31.088,Congruent,P3.png,11,Left,Yes,22.999,63.0,60.0,21,20,TRUE
wpi61o72998d8194381,2024-10-26_20h39.31.088,Congruent,P8.png,12,Right,Yes,11.6486,41.0,20.0,41,20,TRUE
wpi61o72998d8194381,2024-10-26_20h39.31.088,Congruent,CC1.png,13,Left,Yes,30.3944,97.0,12.0,29,4,FALSE
wpi61o72998d8194381,2024-10-26_20h39.31.088,Congruent,CC12.png,14,Right,No,10.1986,36.0,12.0,73,12,FALSE
wpi61o72998d8194381,2024-10-26_20h39.31.088,Congruent,CC6.png,15,Left,No,14.2827,41.0,30.0,37,30,FALSE
wpi61o72998d8194381,2024-10-26_20h39.31.088,Congruent,CC11.png,16,Right,No,9.0336,11.0,12.0,19,24,FALSE
wpi61o72998d8194381,2024-10-26_20h39.31.088,Congruent,CC10.png,17,Right,No,21.5994,37.0,16.0,37,16,TRUE
wpi61o72998d8194381,2024-10-26_20h39.31.088,Congruent,CC9.png,18,Right,Yes,17.3496,142.0,42.0,43,14,FALSE
wpi61o72998d8194381,2024-10-26_20h39.31.088,Congruent,CC8.png,19,Right,Yes,23.3326,21.0,23.0,25,21,FALSE
wpi61o72998d8194381,2024-10-26_20h39.31.088,Congruent,CC4.png,20,Left,No,10.2657,49.0,16.0,49,16,TRUE
wpi61o72998d8194381,2024-10-26_20h39.31.088,Congruent,CC7.png,21,Right,Yes,10.8491,38.0,20.0,19,10,TRUE
wpi61o72998d8194381,2024-10-26_20h39.31.088,Congruent,CC2.png,22,Left,Yes,9.849,32.0,30.0,41,21,FALSE
wpi61o72998d8194381,2024-10-26_20h39.31.088,Congruent,CC3.png,23,Left,Yes,9.5483,83.0,40.0,89,36,FALSE
wpi61o72998d8194381,2024-10-26_20h39.31.088,Congruent,CC5.png,24,Left,No,12.5499,29.0,18.0,29,18,TRUE
wpi61o74642159c6210,2025-05-05_01h21.53.905,Incongruent,P10.png,1,Right,No,19.5772,55.0,12.0,43,12,FALSE
wpi61o74642159c6210,2025-05-05_01h21.53.905,Incongruent,P12.png,2,Right,No,11.2447,123.0,14.0,51,28,FALSE
wpi61o74642159c6210,2025-05-05_01h21.53.905,Incongruent,P5.png,3,Left,No,16.2892,112.0,48.0,31,24,FALSE
wpi61o74642159c6210,2025-05-05_01h21.53.905,Incongruent,P8.png,4,Right,Yes,15.5384,87.0,40.0,41,20,FALSE
wpi61o74642159c6210,2025-05-05_01h21.53.905,Incongruent,P3.png,5,Left,Yes,15.762,28.0,60.0,21,20,FALSE
wpi61o74642159c6210,2025-05-05_01h21.53.905,Incongruent,P4.png,6,Left,No,19.6399,71.0,12.0,71,12,TRUE
wpi61o74642159c6210,2025-05-05_01h21.53.905,Incongruent,P2.png,7,Left,Yes,25.5555,112.0,60.0,28,15,TRUE
wpi61o74642159c6210,2025-05-05_01h21.53.905,Incongruent,P9.png,8,Right,Yes,18.9376,99.0,42.0,33,14,TRUE
wpi61o74642159c6210,2025-05-05_01h21.53.905,Incongruent,P1.png,9,Left,Yes,12.4334,31.0,20.0,31,20,TRUE
wpi61o74642159c6210,2025-05-05_01h21.53.905,Incongruent,P7.png,10,Right,Yes,18.2977,134.0,18.0,67,9,TRUE
wpi61o74642159c6210,2025-05-05_01h21.53.905,Incongruent,P11.png,11,Right,No,13.7976,23.0,18.0,23,18,TRUE
wpi61o74642159c6210,2025-05-05_01h21.53.905,Incongruent,P6.png,12,Left,No,6.721,16.0,6.0,49,24,FALSE
wpi61o74642159c6210,2025-05-05_01h21.53.905,Incongruent,IC1.png,13,Left,Yes,11.4965,87.0,12.0,29,4,TRUE
wpi61o74642159c6210,2025-05-05_01h21.53.905,Incongruent,IC7.png,14,Right,Yes,10.6632,38.0,20.0,19,10,TRUE
wpi61o74642159c6210,2025-05-05_01h21.53.905,Incongruent,IC9.png,15,Right,Yes,25.3369,129.0,42.0,43,14,TRUE
wpi61o74642159c6210,2025-05-05_01h21.53.905,Incongruent,IC5.png,16,Left,No,9.6987,29.0,18.0,29,18,TRUE
wpi61o74642159c6210,2025-05-05_01h21.53.905,Incongruent,IC6.png,17,Left,No,15.9201,37.0,30.0,37,30,TRUE
wpi61o74642159c6210,2025-05-05_01h21.53.905,Incongruent,IC3.png,18,Left,Yes,13.2887,89.0,36.0,89,36,TRUE
wpi61o74642159c6210,2025-05-05_01h21.53.905,Incongruent,IC10.png,19,Right,No,8.6378,37.0,16.0,37,16,TRUE
wpi61o74642159c6210,2025-05-05_01h21.53.905,Incongruent,IC8.png,20,Right,Yes,25.6903,50.0,42.0,25,21,TRUE
wpi61o74642159c6210,2025-05-05_01h21.53.905,Incongruent,IC4.png,21,Left,No,9.2343,49.0,16.0,49,16,TRUE
wpi61o74642159c6210,2025-05-05_01h21.53.905,Incongruent,IC2.png,22,Left,Yes,27.5785,82.0,42.0,41,21,TRUE
wpi61o74642159c6210,2025-05-05_01h21.53.905,Incongruent,IC11.png,23,Right,No,12.2546,19.0,24.0,19,24,TRUE
wpi61o74642159c6210,2025-05-05_01h21.53.905,Incongruent,IC12.png,24,Right,No,9.4222,73.0,12.0,73,12,TRUE
wpi61q7443c20405493,2025-04-10_17h41.52.291,Incongruent,P8.png,1,Right,Yes,139.6554,41.0,20.0,41,20,TRUE
wpi61q7443c20405493,2025-04-10_17h41.52.291,Incongruent,P6.png,2,Left,No,69.5665,98.0,48.0,49,24,TRUE
wpi61q7443c20405493,2025-04-10_17h41.52.291,Incongruent,P10.png,3,Right,No,48.6608,43.0,12.0,43,12,TRUE
wpi61q7443c20405493,2025-04-10_17h41.52.291,Incongruent,P3.png,4,Left,Yes,61.1136,63.0,60.0,21,20,TRUE
wpi61q7443c20405493,2025-04-10_17h41.52.291,Incongruent,P11.png,5,Right,No,59.7163,64.0,54.0,23,18,FALSE
wpi61q7443c20405493,2025-04-10_17h41.52.291,Incongruent,P4.png,6,Left,No,43.8689,61.0,12.0,71,12,FALSE
wpi61q7443c20405493,2025-04-10_17h41.52.291,Incongruent,P7.png,7,Right,Yes,78.5127,402.0,54.0,67,9,TRUE
wpi61q7443c20405493,2025-04-10_17h41.52.291,Incongruent,P12.png,8,Right,No,41.2754,54.0,5.0,51,28,FALSE
wpi61q7443c20405493,2025-04-10_17h41.52.291,Incongruent,P9.png,9,Right,Yes,86.7788,99.0,42.0,33,14,TRUE
wpi61q7443c20405493,2025-04-10_17h41.52.291,Incongruent,P1.png,10,Left,Yes,29.4552,31.0,20.0,31,20,TRUE
wpi61q7443c20405493,2025-04-10_17h41.52.291,Incongruent,P2.png,11,Left,Yes,65.0875,24.0,20.0,28,15,FALSE
wpi61q7443c20405493,2025-04-10_17h41.52.291,Incongruent,P5.png,12,Left,No,87.6033,124.0,96.0,31,24,TRUE
wpi61q7443c20405493,2025-04-10_17h41.52.291,Incongruent,IC10.png,13,Right,No,37.0611,37.0,16.0,37,16,TRUE
wpi61q7443c20405493,2025-04-10_17h41.52.291,Incongruent,IC4.png,14,Left,No,22.7143,49.0,16.0,49,16,TRUE
wpi61q7443c20405493,2025-04-10_17h41.52.291,Incongruent,IC11.png,15,Right,No,50.7734,76.0,96.0,19,24,TRUE
wpi61q7443c20405493,2025-04-10_17h41.52.291,Incongruent,IC1.png,16,Left,Yes,48.3432,87.0,12.0,29,4,TRUE
wpi61q7443c20405493,2025-04-10_17h41.52.291,Incongruent,IC3.png,17,Left,Yes,57.5153,178.0,72.0,89,36,TRUE
wpi61q7443c20405493,2025-04-10_17h41.52.291,Incongruent,IC6.png,18,Left,No,35.9148,195.0,150.0,37,30,FALSE
wpi61q7443c20405493,2025-04-10_17h41.52.291,Incongruent,IC5.png,19,Left,No,41.0698,87.0,54.0,29,18,TRUE
wpi61q7443c20405493,2025-04-10_17h41.52.291,Incongruent,IC9.png,20,Right,Yes,48.9264,129.0,42.0,43,14,TRUE
wpi61q7443c20405493,2025-04-10_17h41.52.291,Incongruent,IC7.png,21,Right,Yes,29.2897,38.0,20.0,19,10,TRUE
wpi61q7443c20405493,2025-04-10_17h41.52.291,Incongruent,IC8.png,22,Right,Yes,56.0359,50.0,42.0,25,21,TRUE
wpi61q7443c20405493,2025-04-10_17h41.52.291,Incongruent,IC12.png,23,Right,No,39.7992,146.0,24.0,73,12,TRUE
wpi61q7443c20405493,2025-04-10_17h41.52.291,Incongruent,IC2.png,24,Left,Yes,60.1938,82.0,42.0,41,21,TRUE
wpi61qv740192824504,2025-02-21_22h11.38.263,Congruent,P12.png,1,Right,No,27.5912,idk,idk,51,28,FALSE
wpi61qv740192824504,2025-02-21_22h11.38.263,Congruent,P2.png,2,Left,Yes,14.3331,5,5,28,15,FALSE
wpi61qv740192824504,2025-02-21_22h11.38.263,Congruent,P4.png,3,Left,No,40.132,71,12,71,12,TRUE
wpi61qv740192824504,2025-02-21_22h11.38.263,Congruent,P1.png,4,Left,Yes,10.1,31,20,31,20,TRUE
wpi61qv740192824504,2025-02-21_22h11.38.263,Congruent,P11.png,5,Right,No,27.2998,11.5,9,23,18,TRUE
wpi61qv740192824504,2025-02-21_22h11.38.263,Congruent,P9.png,6,Right,Yes,4.8315,2,2,33,14,FALSE
wpi61qv740192824504,2025-02-21_22h11.38.263,Congruent,P10.png,7,Right,No,24.2654,41,12,43,12,FALSE
wpi61qv740192824504,2025-02-21_22h11.38.263,Congruent,P5.png,8,Left,No,3.9332,2,2,31,24,FALSE
wpi61qv740192824504,2025-02-21_22h11.38.263,Congruent,P7.png,9,Right,Yes,1.7657,2,2,67,9,FALSE
wpi61qv740192824504,2025-02-21_22h11.38.263,Congruent,P8.png,10,Right,Yes,3.365400001,1,1,41,20,FALSE
wpi61qv740192824504,2025-02-21_22h11.38.263,Congruent,P3.png,11,Left,Yes,7.4316,idk,d,21,20,FALSE
wpi61qv740192824504,2025-02-21_22h11.38.263,Congruent,P6.png,12,Left,No,17.5334,17,7,49,24,FALSE
wpi61qv740192824504,2025-02-21_22h11.38.263,Congruent,CC9.png,13,Right,Yes,6.8926,12,21,43,14,FALSE
wpi61qv740192824504,2025-02-21_22h11.38.263,Congruent,CC10.png,14,Right,No,4.365,15,8,37,16,FALSE
wpi61qv740192824504,2025-02-21_22h11.38.263,Congruent,CC11.png,15,Right,No,4.0658,3,8,19,24,FALSE
wpi61qv740192824504,2025-02-21_22h11.38.263,Congruent,CC7.png,16,Right,Yes,4.633400001,24,20,19,10,FALSE
wpi61qv740192824504,2025-02-21_22h11.38.263,Congruent,CC1.png,17,Left,Yes,4.1998,36,12,29,4,FALSE
wpi61qv740192824504,2025-02-21_22h11.38.263,Congruent,CC4.png,18,Left,No,3.9318,21,8,49,16,FALSE
wpi61qv740192824504,2025-02-21_22h11.38.263,Congruent,CC2.png,19,Left,Yes,4.3668,18,14,41,21,FALSE
wpi61qv740192824504,2025-02-21_22h11.38.263,Congruent,CC12.png,20,Right,No,4.4657,35,6,73,12,FALSE
wpi61qv740192824504,2025-02-21_22h11.38.263,Congruent,CC6.png,21,Left,No,3.2322,8,15,37,30,FALSE
wpi61qv740192824504,2025-02-21_22h11.38.263,Congruent,CC8.png,22,Right,Yes,3.0659,12,14,25,21,FALSE
wpi61qv740192824504,2025-02-21_22h11.38.263,Congruent,CC3.png,23,Left,Yes,3.6661,40,18,89,36,FALSE
wpi61qv740192824504,2025-02-21_22h11.38.263,Congruent,CC5.png,24,Left,No,3.6995,5,6,29,18,FALSE
wpi61r7320512a66565,2024-11-19_16h41.18.187,Congruent,P10.png,1,Right,No,43.7257,43.0,12.0,43,12,TRUE
wpi61r7320512a66565,2024-11-19_16h41.18.187,Congruent,P7.png,2,Right,Yes,25.6965,67.0,9.0,67,9,TRUE
wpi61r7320512a66565,2024-11-19_16h41.18.187,Congruent,P2.png,3,Left,Yes,15.3456,28.0,15.0,28,15,TRUE
wpi61r7320512a66565,2024-11-19_16h41.18.187,Congruent,P3.png,4,Left,Yes,14.8475,21.0,20.0,21,20,TRUE
wpi61r7320512a66565,2024-11-19_16h41.18.187,Congruent,P9.png,5,Right,Yes,15.0326,33.0,14.0,33,14,TRUE
wpi61r7320512a66565,2024-11-19_16h41.18.187,Congruent,P11.png,6,Right,No,14.6758,23.0,18.0,23,18,TRUE
wpi61r7320512a66565,2024-11-19_16h41.18.187,Congruent,P4.png,7,Left,No,14.2315,71.0,12.0,71,12,TRUE
wpi61r7320512a66565,2024-11-19_16h41.18.187,Congruent,P8.png,8,Right,Yes,19.2944,41.0,20.0,41,20,TRUE
wpi61r7320512a66565,2024-11-19_16h41.18.187,Congruent,P12.png,9,Right,No,17.4293,51.0,28.0,51,28,TRUE
wpi61r7320512a66565,2024-11-19_16h41.18.187,Congruent,P5.png,10,Left,No,13.0612,31.0,24.0,31,24,TRUE
wpi61r7320512a66565,2024-11-19_16h41.18.187,Congruent,P6.png,11,Left,No,12.6968,49.0,24.0,49,24,TRUE
wpi61r7320512a66565,2024-11-19_16h41.18.187,Congruent,P1.png,12,Left,Yes,16.6339,31.0,20.0,31,20,TRUE
wpi61r7320512a66565,2024-11-19_16h41.18.187,Congruent,CC10.png,13,Right,No,27.1652,81.0,32.0,37,16,FALSE
wpi61r7320512a66565,2024-11-19_16h41.18.187,Congruent,CC3.png,14,Left,Yes,13.9907,89.0,36.0,89,36,TRUE
wpi61r7320512a66565,2024-11-19_16h41.18.187,Congruent,CC11.png,15,Right,No,17.4457,19.0,24.0,19,24,TRUE
wpi61r7320512a66565,2024-11-19_16h41.18.187,Congruent,CC7.png,16,Right,Yes,16.481,19.0,10.0,19,10,TRUE
wpi61r7320512a66565,2024-11-19_16h41.18.187,Congruent,CC8.png,17,Right,Yes,15.2615,25.0,21.0,25,21,TRUE
wpi61r7320512a66565,2024-11-19_16h41.18.187,Congruent,CC4.png,18,Left,No,16.7493,49.0,16.0,49,16,TRUE
wpi61r7320512a66565,2024-11-19_16h41.18.187,Congruent,CC5.png,19,Left,No,17.5743,29.0,18.0,29,18,TRUE
wpi61r7320512a66565,2024-11-19_16h41.18.187,Congruent,CC9.png,20,Right,Yes,19.5654,43.0,14.0,43,14,TRUE
wpi61r7320512a66565,2024-11-19_16h41.18.187,Congruent,CC2.png,21,Left,Yes,14.5257,41.0,21.0,41,21,TRUE
wpi61r7320512a66565,2024-11-19_16h41.18.187,Congruent,CC12.png,22,Right,No,16.4628,73.0,12.0,73,12,TRUE
wpi61r7320512a66565,2024-11-19_16h41.18.187,Congruent,CC1.png,23,Left,Yes,18.4111,29.0,4.0,29,4,TRUE
wpi61r7320512a66565,2024-11-19_16h41.18.187,Congruent,CC6.png,24,Left,No,15.1791,37.0,30.0,37,30,TRUE
wpi61r737154721n469,2025-01-17_18h15.20.896,Incongruent,P4.png,1,Left,No,19.1677,71.0,12.0,71,12,TRUE
wpi61r737154721n469,2025-01-17_18h15.20.896,Incongruent,P6.png,2,Left,No,15.2625,91.0,48.0,49,24,FALSE
wpi61r737154721n469,2025-01-17_18h15.20.896,Incongruent,P10.png,3,Right,No,26.5893,39.0,12.0,43,12,FALSE
wpi61r737154721n469,2025-01-17_18h15.20.896,Incongruent,P5.png,4,Left,No,21.5905,31.0,24.0,31,24,TRUE
wpi61r737154721n469,2025-01-17_18h15.20.896,Incongruent,P8.png,5,Right,Yes,38.2562,82.0,40.0,41,20,TRUE
wpi61r737154721n469,2025-01-17_18h15.20.896,Incongruent,P11.png,6,Right,No,20.1584,65.0,54.0,23,18,FALSE
wpi61r737154721n469,2025-01-17_18h15.20.896,Incongruent,P1.png,7,Left,Yes,11.3391,31.0,20.0,31,20,TRUE
wpi61r737154721n469,2025-01-17_18h15.20.896,Incongruent,P7.png,8,Right,Yes,24.0918,134.0,18.0,67,9,TRUE
wpi61r737154721n469,2025-01-17_18h15.20.896,Incongruent,P9.png,9,Right,Yes,26.7813,39.0,21.0,33,14,FALSE
wpi61r737154721n469,2025-01-17_18h15.20.896,Incongruent,P3.png,10,Left,Yes,40.7166,63.0,60.0,21,20,TRUE
wpi61r737154721n469,2025-01-17_18h15.20.896,Incongruent,P12.png,11,Right,No,26.7207,81.0,56.0,51,28,FALSE
wpi61r737154721n469,2025-01-17_18h15.20.896,Incongruent,P2.png,12,Left,Yes,52.0131,28.0,15.0,28,15,TRUE
wpi61r737154721n469,2025-01-17_18h15.20.896,Incongruent,IC7.png,13,Right,Yes,10.4945,38.0,20.0,19,10,TRUE
wpi61r737154721n469,2025-01-17_18h15.20.896,Incongruent,IC2.png,14,Left,Yes,77.6111,82.0,42.0,41,21,TRUE
wpi61r737154721n469,2025-01-17_18h15.20.896,Incongruent,IC1.png,15,Left,Yes,9.2987,87.0,12.0,29,4,TRUE
wpi61r737154721n469,2025-01-17_18h15.20.896,Incongruent,IC11.png,16,Right,No,22.7132,76.0,96.0,19,24,TRUE
wpi61r737154721n469,2025-01-17_18h15.20.896,Incongruent,IC10.png,17,Right,No,92.0715,345.0,128.0,37,16,FALSE
wpi61r737154721n469,2025-01-17_18h15.20.896,Incongruent,IC4.png,18,Left,No,15.9059,49.0,16.0,49,16,TRUE
wpi61r737154721n469,2025-01-17_18h15.20.896,Incongruent,IC12.png,19,Right,No,22.1121,140.0,24.0,73,12,FALSE
wpi61r737154721n469,2025-01-17_18h15.20.896,Incongruent,IC3.png,20,Left,Yes,22.4361,178.0,72.0,89,36,TRUE
wpi61r737154721n469,2025-01-17_18h15.20.896,Incongruent,IC5.png,21,Left,No,28.9222,87.0,56.0,29,18,FALSE
wpi61r737154721n469,2025-01-17_18h15.20.896,Incongruent,IC6.png,22,Left,No,30.1379,185.0,150.0,37,30,TRUE
wpi61r737154721n469,2025-01-17_18h15.20.896,Incongruent,IC9.png,23,Right,Yes,28.1519,129.0,42.0,43,14,TRUE
wpi61r737154721n469,2025-01-17_18h15.20.896,Incongruent,IC8.png,24,Right,Yes,28.9157,60.0,42.0,25,21,FALSE
wpi61s7297926890r26,2024-10-24_17h33.40.940,Congruent,P3.png,1,Left,Yes,38.2798,21.0,20.0,21,20,TRUE
wpi61s7297926890r26,2024-10-24_17h33.40.940,Congruent,P6.png,2,Left,No,26.6705,48.0,24.0,49,24,FALSE
wpi61s7297926890r26,2024-10-24_17h33.40.940,Congruent,P8.png,3,Right,Yes,29.6897,41.0,20.0,41,20,TRUE
wpi61s7297926890r26,2024-10-24_17h33.40.940,Congruent,P5.png,4,Left,No,25.6808,31.0,24.0,31,24,TRUE
wpi61s7297926890r26,2024-10-24_17h33.40.940,Congruent,P9.png,5,Right,Yes,43.3821,33.0,14.0,33,14,TRUE
wpi61s7297926890r26,2024-10-24_17h33.40.940,Congruent,P2.png,6,Left,Yes,29.3192,28.0,15.0,28,15,TRUE
wpi61s7297926890r26,2024-10-24_17h33.40.940,Congruent,P4.png,7,Left,No,15.0418,71.0,12.0,71,12,TRUE
wpi61s7297926890r26,2024-10-24_17h33.40.940,Congruent,P1.png,8,Left,Yes,14.4287,31.0,20.0,31,20,TRUE
wpi61s7297926890r26,2024-10-24_17h33.40.940,Congruent,P10.png,9,Right,No,17.3946,43.0,12.0,43,12,TRUE
wpi61s7297926890r26,2024-10-24_17h33.40.940,Congruent,P11.png,10,Right,No,15.4583,23.0,18.0,23,18,TRUE
wpi61s7297926890r26,2024-10-24_17h33.40.940,Congruent,P12.png,11,Right,No,21.3692,51.0,28.0,51,28,TRUE
wpi61s7297926890r26,2024-10-24_17h33.40.940,Congruent,P7.png,12,Right,Yes,21.3256,134.0,18.0,67,9,TRUE
wpi61s7297926890r26,2024-10-24_17h33.40.940,Congruent,CC6.png,13,Left,No,17.8826,45.0,30.0,37,30,FALSE
wpi61s7297926890r26,2024-10-24_17h33.40.940,Congruent,CC8.png,14,Right,Yes,65.0212,50.0,42.0,25,21,TRUE
wpi61s7297926890r26,2024-10-24_17h33.40.940,Congruent,CC10.png,15,Right,No,15.7098,37.0,16.0,37,16,TRUE
wpi61s7297926890r26,2024-10-24_17h33.40.940,Congruent,CC5.png,16,Left,No,12.8777,29.0,18.0,29,18,TRUE
wpi61s7297926890r26,2024-10-24_17h33.40.940,Congruent,CC7.png,17,Right,Yes,15.1597,38.0,20.0,19,10,TRUE
wpi61s7297926890r26,2024-10-24_17h33.40.940,Congruent,CC11.png,18,Right,No,15.0586,19.0,24.0,19,24,TRUE
wpi61s7297926890r26,2024-10-24_17h33.40.940,Congruent,CC3.png,19,Left,Yes,22.5662,89.0,36.0,89,36,TRUE
wpi61s7297926890r26,2024-10-24_17h33.40.940,Congruent,CC4.png,20,Left,No,12.3732,49.0,16.0,49,16,TRUE
wpi61s7297926890r26,2024-10-24_17h33.40.940,Congruent,CC1.png,21,Left,Yes,24.1342,87.0,45.0,29,4,FALSE
wpi61s7297926890r26,2024-10-24_17h33.40.940,Congruent,CC12.png,22,Right,No,36.6858,73.0,12.0,73,12,TRUE
wpi61s7297926890r26,2024-10-24_17h33.40.940,Congruent,CC9.png,23,Right,Yes,36.2463,129.0,42.0,43,14,TRUE
wpi61s7297926890r26,2024-10-24_17h33.40.940,Congruent,CC2.png,24,Left,Yes,73.3363,82.0,42.0,41,21,TRUE
wpi61s74m5783106125,2025-04-27_16h02.22.471,Incongruent,P8.png,1,Right,Yes,57.9837,84.0,20.0,41,20,FALSE
wpi61s74m5783106125,2025-04-27_16h02.22.471,Incongruent,P11.png,2,Right,No,53.1963,69.0,54.0,23,18,TRUE
wpi61s74m5783106125,2025-04-27_16h02.22.471,Incongruent,P1.png,3,Left,Yes,16.8092,31.0,20.0,31,20,TRUE
wpi61s74m5783106125,2025-04-27_16h02.22.471,Incongruent,P3.png,4,Left,Yes,74.4259,63.0,60.0,21,20,TRUE
wpi61s74m5783106125,2025-04-27_16h02.22.471,Incongruent,P4.png,5,Left,No,12.0916,71.0,12.0,71,12,TRUE
wpi61s74m5783106125,2025-04-27_16h02.22.471,Incongruent,P2.png,6,Left,Yes,37.7032,112.0,60.0,28,15,TRUE
wpi61s74m5783106125,2025-04-27_16h02.22.471,Incongruent,P7.png,7,Right,Yes,53.7412,402.0,54.0,67,9,TRUE
wpi61s74m5783106125,2025-04-27_16h02.22.471,Incongruent,P6.png,8,Left,No,30.1753,98.0,48.0,49,24,TRUE
wpi61s74m5783106125,2025-04-27_16h02.22.471,Incongruent,P10.png,9,Right,No,18.0914,43.0,12.0,43,12,TRUE
wpi61s74m5783106125,2025-04-27_16h02.22.471,Incongruent,P9.png,10,Right,Yes,27.7073,99.0,42.0,33,14,TRUE
wpi61s74m5783106125,2025-04-27_16h02.22.471,Incongruent,P12.png,11,Right,No,41.7965,87.0,56.0,51,28,FALSE
wpi61s74m5783106125,2025-04-27_16h02.22.471,Incongruent,P5.png,12,Left,No,37.928,112.0,96.0,31,24,FALSE
wpi61s74m5783106125,2025-04-27_16h02.22.471,Incongruent,IC6.png,13,Left,No,34.9358,145.0,150.0,37,30,FALSE
wpi61s74m5783106125,2025-04-27_16h02.22.471,Incongruent,IC11.png,14,Right,No,25.0974,76.0,96.0,19,24,TRUE
wpi61s74m5783106125,2025-04-27_16h02.22.471,Incongruent,IC2.png,15,Left,Yes,68.1446,82.0,42.0,41,21,TRUE
wpi61s74m5783106125,2025-04-27_16h02.22.471,Incongruent,IC1.png,16,Left,Yes,24.5942,87.0,24.0,29,4,FALSE
wpi61s74m5783106125,2025-04-27_16h02.22.471,Incongruent,IC9.png,17,Right,Yes,42.7472,129.0,42.0,43,14,TRUE
wpi61s74m5783106125,2025-04-27_16h02.22.471,Incongruent,IC4.png,18,Left,No,18.4852,49.0,16.0,49,16,TRUE
wpi61s74m5783106125,2025-04-27_16h02.22.471,Incongruent,IC5.png,19,Left,No,26.2637,81.0,54.0,29,18,FALSE
wpi61s74m5783106125,2025-04-27_16h02.22.471,Incongruent,IC10.png,20,Right,No,18.2094,37.0,16.0,37,16,TRUE
wpi61s74m5783106125,2025-04-27_16h02.22.471,Incongruent,IC12.png,21,Right,No,40.7275,146.0,24.0,73,12,TRUE
wpi61s74m5783106125,2025-04-27_16h02.22.471,Incongruent,IC3.png,22,Left,Yes,36.7884,178.0,72.0,89,36,TRUE
wpi61s74m5783106125,2025-04-27_16h02.22.471,Incongruent,IC7.png,23,Right,Yes,22.4661,38.0,20.0,19,10,TRUE
wpi61s74m5783106125,2025-04-27_16h02.22.471,Incongruent,IC8.png,24,Right,Yes,34.3423,26.0,42.0,25,21,FALSE
wpi61v729990s628152,2024-10-26_21h13.06.749,Incongruent,P9.png,1,Right,Yes,34.307,99.0,42.0,33,14,TRUE
wpi61v729990s628152,2024-10-26_21h13.06.749,Incongruent,P2.png,2,Left,Yes,23.677,112.0,60.0,28,15,TRUE
wpi61v729990s628152,2024-10-26_21h13.06.749,Incongruent,P4.png,3,Left,No,11.896,71.0,12.0,71,12,TRUE
wpi61v729990s628152,2024-10-26_21h13.06.749,Incongruent,P7.png,4,Right,Yes,26.38,134.0,18.0,67,9,TRUE
wpi61v729990s628152,2024-10-26_21h13.06.749,Incongruent,P1.png,5,Left,Yes,14.757,31.0,20.0,31,20,TRUE
wpi61v729990s628152,2024-10-26_21h13.06.749,Incongruent,P5.png,6,Left,No,19.534,31.0,24.0,31,24,TRUE
wpi61v729990s628152,2024-10-26_21h13.06.749,Incongruent,P6.png,7,Left,No,19.073,49.0,24.0,49,24,TRUE
wpi61v729990s628152,2024-10-26_21h13.06.749,Incongruent,P11.png,8,Right,No,16.094,23.0,18.0,23,18,TRUE
wpi61v729990s628152,2024-10-26_21h13.06.749,Incongruent,P10.png,9,Right,No,19.086,43.0,12.0,43,12,TRUE
wpi61v729990s628152,2024-10-26_21h13.06.749,Incongruent,P12.png,10,Right,No,16.535,51.0,28.0,51,28,TRUE
wpi61v729990s628152,2024-10-26_21h13.06.749,Incongruent,P3.png,11,Left,Yes,22.703,63.0,60.0,21,20,TRUE
wpi61v729990s628152,2024-10-26_21h13.06.749,Incongruent,P8.png,12,Right,Yes,15.987,41.0,20.0,41,20,TRUE
wpi61v729990s628152,2024-10-26_21h13.06.749,Incongruent,IC8.png,13,Right,Yes,29.731,50.0,42.0,25,21,TRUE
wpi61v729990s628152,2024-10-26_21h13.06.749,Incongruent,IC6.png,14,Left,No,24.35,37.0,30.0,37,30,TRUE
wpi61v729990s628152,2024-10-26_21h13.06.749,Incongruent,IC2.png,15,Left,Yes,29.664,82.0,42.0,41,21,TRUE
wpi61v729990s628152,2024-10-26_21h13.06.749,Incongruent,IC1.png,16,Left,Yes,28.593,87.0,12.0,29,4,TRUE
wpi61v729990s628152,2024-10-26_21h13.06.749,Incongruent,IC10.png,17,Right,No,11.872,37.0,16.0,37,16,TRUE
wpi61v729990s628152,2024-10-26_21h13.06.749,Incongruent,IC12.png,18,Right,No,15.35,73.0,12.0,73,12,TRUE
wpi61v729990s628152,2024-10-26_21h13.06.749,Incongruent,IC11.png,19,Right,No,9.192,19.0,24.0,19,24,TRUE
wpi61v729990s628152,2024-10-26_21h13.06.749,Incongruent,IC3.png,20,Left,Yes,24.396,89.0,36.0,89,36,TRUE
wpi61v729990s628152,2024-10-26_21h13.06.749,Incongruent,IC9.png,21,Right,Yes,41.36,129.0,42.0,43,14,TRUE
wpi61v729990s628152,2024-10-26_21h13.06.749,Incongruent,IC7.png,22,Right,Yes,12.662,38.0,20.0,19,10,TRUE
wpi61v729990s628152,2024-10-26_21h13.06.749,Incongruent,IC5.png,23,Left,No,13.273,29.0,18.0,29,18,TRUE
wpi61v729990s628152,2024-10-26_21h13.06.749,Incongruent,IC4.png,24,Left,No,15.012,49.0,16.0,49,16,TRUE
wpi61v733i955008467,2024-12-11_17h25.30.065,Incongruent,P3.png,1,Left,Yes,20.4752,21.0,20.0,21,20,TRUE
wpi61v733i955008467,2024-12-11_17h25.30.065,Incongruent,P11.png,2,Right,No,25.8238,18.0,18.0,23,18,FALSE
wpi61v733i955008467,2024-12-11_17h25.30.065,Incongruent,P9.png,3,Right,Yes,27.776,33.0,14.0,33,14,TRUE
wpi61v733i955008467,2024-12-11_17h25.30.065,Incongruent,P6.png,4,Left,No,19.5496,49.0,24.0,49,24,TRUE
wpi61v733i955008467,2024-12-11_17h25.30.065,Incongruent,P5.png,5,Left,No,11.3856,31.0,24.0,31,24,TRUE
wpi61v733i955008467,2024-12-11_17h25.30.065,Incongruent,P10.png,6,Right,No,9.4274,43.0,12.0,43,12,TRUE
wpi61v733i955008467,2024-12-11_17h25.30.065,Incongruent,P12.png,7,Right,No,31.971800000000002,51.0,28.0,51,28,TRUE
wpi61v733i955008467,2024-12-11_17h25.30.065,Incongruent,P7.png,8,Right,Yes,22.2139,67.0,9.0,67,9,TRUE
wpi61v733i955008467,2024-12-11_17h25.30.065,Incongruent,P1.png,9,Left,Yes,17.5405,31.0,20.0,31,20,TRUE
wpi61v733i955008467,2024-12-11_17h25.30.065,Incongruent,P2.png,10,Left,Yes,25.5293,112.0,60.0,28,15,TRUE
wpi61v733i955008467,2024-12-11_17h25.30.065,Incongruent,P8.png,11,Right,Yes,16.5579,41.0,20.0,41,20,TRUE
wpi61v733i955008467,2024-12-11_17h25.30.065,Incongruent,P4.png,12,Left,No,11.1258,71.0,12.0,71,12,TRUE
wpi61v733i955008467,2024-12-11_17h25.30.065,Incongruent,IC12.png,13,Right,No,20.6094,73.0,12.0,73,12,TRUE
wpi61v733i955008467,2024-12-11_17h25.30.065,Incongruent,IC11.png,14,Right,No,22.8302,19.0,24.0,19,24,TRUE
wpi61v733i955008467,2024-12-11_17h25.30.065,Incongruent,IC3.png,15,Left,Yes,16.2493,89.0,36.0,89,36,TRUE
wpi61v733i955008467,2024-12-11_17h25.30.065,Incongruent,IC2.png,16,Left,Yes,71.8359,82.0,42.0,41,21,TRUE
wpi61v733i955008467,2024-12-11_17h25.30.065,Incongruent,IC9.png,17,Right,Yes,32.1233,129.0,42.0,43,14,TRUE
wpi61v733i955008467,2024-12-11_17h25.30.065,Incongruent,IC1.png,18,Left,Yes,14.6375,87.0,12.0,29,4,TRUE
wpi61v733i955008467,2024-12-11_17h25.30.065,Incongruent,IC8.png,19,Right,Yes,50.8516,77.0,42.0,25,21,FALSE
wpi61v733i955008467,2024-12-11_17h25.30.065,Incongruent,IC5.png,20,Left,No,19.835,29.0,18.0,29,18,TRUE
wpi61v733i955008467,2024-12-11_17h25.30.065,Incongruent,IC7.png,21,Right,Yes,13.8033,38.0,20.0,19,10,TRUE
wpi61v733i955008467,2024-12-11_17h25.30.065,Incongruent,IC6.png,22,Left,No,14.8384,37.0,30.0,37,30,TRUE
wpi61v733i955008467,2024-12-11_17h25.30.065,Incongruent,IC4.png,23,Left,No,23.4482,49.0,16.0,49,16,TRUE
wpi61v733i955008467,2024-12-11_17h25.30.065,Incongruent,IC10.png,24,Right,No,17.8736,37.0,16.0,37,16,TRUE
wpi61v7c41059919525,2025-03-03_23h00.10.307,Congruent,P7.png,1,Right,Yes,33.1487,127.0,18.0,67,9,FALSE
wpi61v7c41059919525,2025-03-03_23h00.10.307,Congruent,P3.png,2,Left,Yes,32.3228,185.0,60.0,21,20,FALSE
wpi61v7c41059919525,2025-03-03_23h00.10.307,Congruent,P4.png,3,Left,No,13.3268,71.0,12.0,71,12,TRUE
wpi61v7c41059919525,2025-03-03_23h00.10.307,Congruent,P5.png,4,Left,No,13.2664,24.0,24.0,31,24,FALSE
wpi61v7c41059919525,2025-03-03_23h00.10.307,Congruent,P10.png,5,Right,No,18.6763,43.0,12.0,43,12,TRUE
wpi61v7c41059919525,2025-03-03_23h00.10.307,Congruent,P1.png,6,Left,Yes,11.8212,31.0,20.0,31,20,TRUE
wpi61v7c41059919525,2025-03-03_23h00.10.307,Congruent,P2.png,7,Left,Yes,27.6904,112.0,60.0,28,15,TRUE
wpi61v7c41059919525,2025-03-03_23h00.10.307,Congruent,P8.png,8,Right,Yes,20.6818,41.0,20.0,41,20,TRUE
wpi61v7c41059919525,2025-03-03_23h00.10.307,Congruent,P6.png,9,Left,No,19.3629,49.0,24.0,49,24,TRUE
wpi61v7c41059919525,2025-03-03_23h00.10.307,Congruent,P11.png,10,Right,No,21.1637,23.0,18.0,23,18,TRUE
wpi61v7c41059919525,2025-03-03_23h00.10.307,Congruent,P9.png,11,Right,Yes,31.551,99.0,42.0,33,14,TRUE
wpi61v7c41059919525,2025-03-03_23h00.10.307,Congruent,P12.png,12,Right,No,18.3737,51.0,28.0,51,28,TRUE
wpi61v7c41059919525,2025-03-03_23h00.10.307,Congruent,CC11.png,13,Right,No,19.6463,19.0,24.0,19,24,TRUE
wpi61v7c41059919525,2025-03-03_23h00.10.307,Congruent,CC2.png,14,Left,Yes,66.9588,82.0,42.0,41,21,TRUE
wpi61v7c41059919525,2025-03-03_23h00.10.307,Congruent,CC3.png,15,Left,Yes,19.1244,89.0,36.0,89,36,TRUE
wpi61v7c41059919525,2025-03-03_23h00.10.307,Congruent,CC4.png,16,Left,No,13.1949,49.0,16.0,49,16,TRUE
wpi61v7c41059919525,2025-03-03_23h00.10.307,Congruent,CC9.png,17,Right,Yes,41.5663,150.0,42.0,43,14,FALSE
wpi61v7c41059919525,2025-03-03_23h00.10.307,Congruent,CC5.png,18,Left,No,23.5557,29.0,18.0,29,18,TRUE
wpi61v7c41059919525,2025-03-03_23h00.10.307,Congruent,CC8.png,19,Right,Yes,27.7034,50.0,42.0,25,21,TRUE
wpi61v7c41059919525,2025-03-03_23h00.10.307,Congruent,CC12.png,20,Right,No,17.6812,73.0,12.0,73,12,TRUE
wpi61v7c41059919525,2025-03-03_23h00.10.307,Congruent,CC1.png,21,Left,Yes,29.0931,87.0,12.0,29,4,TRUE
wpi61v7c41059919525,2025-03-03_23h00.10.307,Congruent,CC7.png,22,Right,Yes,15.1575,38.0,20.0,19,10,TRUE
wpi61v7c41059919525,2025-03-03_23h00.10.307,Congruent,CC10.png,23,Right,No,12.3085,37.0,16.0,37,16,TRUE
wpi61v7c41059919525,2025-03-03_23h00.10.307,Congruent,CC6.png,24,Left,No,15.2758,45.0,30.0,37,30,FALSE
wpi61w7462g13741808,2025-05-02_15h56.10.347,Congruent,P8.png,1,Right,Yes,22.907,56.0,20.0,41,20,FALSE
wpi61w7462g13741808,2025-05-02_15h56.10.347,Congruent,P6.png,2,Left,No,8.4166,14.0,12.0,49,24,FALSE
wpi61w7462g13741808,2025-05-02_15h56.10.347,Congruent,P2.png,3,Left,Yes,26.4626,56.0,30.0,28,15,TRUE
wpi61w7462g13741808,2025-05-02_15h56.10.347,Congruent,P1.png,4,Left,Yes,11.9443,31.0,20.0,31,20,TRUE
wpi61w7462g13741808,2025-05-02_15h56.10.347,Congruent,P4.png,5,Left,No,11.2736,71.0,12.0,71,12,TRUE
wpi61w7462g13741808,2025-05-02_15h56.10.347,Congruent,P9.png,6,Right,Yes,28.9611,57.0,24.0,33,14,FALSE
wpi61w7462g13741808,2025-05-02_15h56.10.347,Congruent,P12.png,7,Right,No,43.9023,112.0,56.0,51,28,FALSE
wpi61w7462g13741808,2025-05-02_15h56.10.347,Congruent,P5.png,8,Left,No,21.5211,31.0,24.0,31,24,TRUE
wpi61w7462g13741808,2025-05-02_15h56.10.347,Congruent,P7.png,9,Right,Yes,14.0824,67.0,9.0,67,9,TRUE
wpi61w7462g13741808,2025-05-02_15h56.10.347,Congruent,P3.png,10,Left,Yes,17.6682,21.0,20.0,21,20,TRUE
wpi61w7462g13741808,2025-05-02_15h56.10.347,Congruent,P11.png,11,Right,No,11.7256,23.0,18.0,23,18,TRUE
wpi61w7462g13741808,2025-05-02_15h56.10.347,Congruent,P10.png,12,Right,No,10.5854,43.0,12.0,43,12,TRUE
wpi61w7462g13741808,2025-05-02_15h56.10.347,Congruent,CC7.png,13,Right,Yes,12.7351,19.0,10.0,19,10,TRUE
wpi61w7462g13741808,2025-05-02_15h56.10.347,Congruent,CC12.png,14,Right,No,14.9205,73.0,12.0,73,12,TRUE
wpi61w7462g13741808,2025-05-02_15h56.10.347,Congruent,CC2.png,15,Left,Yes,26.998,52.0,24.0,41,21,FALSE
wpi61w7462g13741808,2025-05-02_15h56.10.347,Congruent,CC5.png,16,Left,No,13.3111,22.0,18.0,29,18,FALSE
wpi61w7462g13741808,2025-05-02_15h56.10.347,Congruent,CC10.png,17,Right,No,9.604,37.0,16.0,37,16,TRUE
wpi61w7462g13741808,2025-05-02_15h56.10.347,Congruent,CC1.png,18,Left,Yes,17.5044,41.0,6.0,29,4,FALSE
wpi61w7462g13741808,2025-05-02_15h56.10.347,Congruent,CC6.png,19,Left,No,13.933,37.0,30.0,37,30,TRUE
wpi61w7462g13741808,2025-05-02_15h56.10.347,Congruent,CC8.png,20,Right,Yes,20.126,25.0,21.0,25,21,TRUE
wpi61w7462g13741808,2025-05-02_15h56.10.347,Congruent,CC9.png,21,Right,Yes,70.7869,43.0,14.0,43,14,TRUE
wpi61w7462g13741808,2025-05-02_15h56.10.347,Congruent,CC3.png,22,Left,Yes,25.1415,89.0,36.0,89,36,TRUE
wpi61w7462g13741808,2025-05-02_15h56.10.347,Congruent,CC11.png,23,Right,No,33.9849,38.0,48.0,19,24,TRUE
wpi61w7462g13741808,2025-05-02_15h56.10.347,Congruent,CC4.png,24,Left,No,8.1861,49.0,16.0,49,16,TRUE
wpi61w7f46406191343,2025-05-04_21h06.35.004,Congruent,P7.png,1,Right,Yes,64.9199,67.0,9.0,67,9,TRUE
wpi61w7f46406191343,2025-05-04_21h06.35.004,Congruent,P8.png,2,Right,Yes,109.7775,41.0,20.0,41,20,TRUE
wpi61w7f46406191343,2025-05-04_21h06.35.004,Congruent,P9.png,3,Right,Yes,86.2237,33.0,14.0,33,14,TRUE
wpi61w7f46406191343,2025-05-04_21h06.35.004,Congruent,P11.png,4,Right,No,73.2618,23.0,18.0,23,18,TRUE
wpi61w7f46406191343,2025-05-04_21h06.35.004,Congruent,P5.png,5,Left,No,66.6904,31.0,24.0,31,24,TRUE
wpi61w7f46406191343,2025-05-04_21h06.35.004,Congruent,P1.png,6,Left,Yes,34.9468,31.0,20.0,31,20,TRUE
wpi61w7f46406191343,2025-05-04_21h06.35.004,Congruent,P3.png,7,Left,Yes,55.1774,21.0,20.0,21,20,TRUE
wpi61w7f46406191343,2025-05-04_21h06.35.004,Congruent,P6.png,8,Left,No,99.558,49.0,24.0,49,24,TRUE
wpi61w7f46406191343,2025-05-04_21h06.35.004,Congruent,P12.png,9,Right,No,59.6402,51.0,28.0,51,28,TRUE
wpi61w7f46406191343,2025-05-04_21h06.35.004,Congruent,P2.png,10,Left,Yes,71.9998,109.0,60.0,28,15,FALSE
wpi61w7f46406191343,2025-05-04_21h06.35.004,Congruent,P10.png,11,Right,No,60.1701,43.0,12.0,43,12,TRUE
wpi61w7f46406191343,2025-05-04_21h06.35.004,Congruent,P4.png,12,Left,No,46.5458,71.0,12.0,71,12,TRUE
wpi61w7f46406191343,2025-05-04_21h06.35.004,Congruent,CC5.png,13,Left,No,31.604,29.0,18.0,29,18,TRUE
wpi61w7f46406191343,2025-05-04_21h06.35.004,Congruent,CC11.png,14,Right,No,35.7677,19.0,24.0,19,24,TRUE
wpi61w7f46406191343,2025-05-04_21h06.35.004,Congruent,CC6.png,15,Left,No,80.0064,185.0,150.0,37,30,TRUE
wpi61w7f46406191343,2025-05-04_21h06.35.004,Congruent,CC9.png,16,Right,Yes,62.8885,129.0,42.0,43,14,TRUE
wpi61w7f46406191343,2025-05-04_21h06.35.004,Congruent,CC7.png,17,Right,Yes,26.4337,38.0,20.0,19,10,TRUE
wpi61w7f46406191343,2025-05-04_21h06.35.004,Congruent,CC10.png,18,Right,No,21.3314,37.0,16.0,37,16,TRUE
wpi61w7f46406191343,2025-05-04_21h06.35.004,Congruent,CC2.png,19,Left,Yes,63.9828,82.0,42.0,41,21,TRUE
wpi61w7f46406191343,2025-05-04_21h06.35.004,Congruent,CC8.png,20,Right,Yes,40.5085,50.0,42.0,25,21,TRUE
wpi61w7f46406191343,2025-05-04_21h06.35.004,Congruent,CC3.png,21,Left,Yes,70.8953,89.0,36.0,89,36,TRUE
wpi61w7f46406191343,2025-05-04_21h06.35.004,Congruent,CC12.png,22,Right,No,43.4649,73.0,12.0,73,12,TRUE
wpi61w7f46406191343,2025-05-04_21h06.35.004,Congruent,CC4.png,23,Left,No,21.2226,49.0,16.0,49,16,TRUE
wpi61w7f46406191343,2025-05-04_21h06.35.004,Congruent,CC1.png,24,Left,Yes,33.7744,87.0,12.0,29,4,TRUE
wpi61wq733864020191,2024-12-10_16h12.06.731,Congruent,P5.png,1,Left,No,146.4515,124.0,96.0,31,24,TRUE
wpi61wq733864020191,2024-12-10_16h12.06.731,Congruent,P3.png,2,Left,Yes,52.0493,27.0,60.0,21,20,FALSE
wpi61wq733864020191,2024-12-10_16h12.06.731,Congruent,P8.png,3,Right,Yes,45.5141,205.0,100.0,41,20,TRUE
wpi61wq733864020191,2024-12-10_16h12.06.731,Congruent,P1.png,4,Left,Yes,24.2764,31.0,20.0,31,20,TRUE
wpi61wq733864020191,2024-12-10_16h12.06.731,Congruent,P2.png,5,Left,Yes,40.1729,112.0,60.0,28,15,TRUE
wpi61wq733864020191,2024-12-10_16h12.06.731,Congruent,P11.png,6,Right,No,27.607,23.0,18.0,23,18,TRUE
wpi61wq733864020191,2024-12-10_16h12.06.731,Congruent,P4.png,7,Left,No,37.1461,71.0,12.0,71,12,TRUE
wpi61wq733864020191,2024-12-10_16h12.06.731,Congruent,P7.png,8,Right,Yes,21.5027,134.0,18.0,67,9,TRUE
wpi61wq733864020191,2024-12-10_16h12.06.731,Congruent,P10.png,9,Right,No,21.7493,43.0,12.0,43,12,TRUE
wpi61wq733864020191,2024-12-10_16h12.06.731,Congruent,P6.png,10,Left,No,27.837,49.0,24.0,49,24,TRUE
wpi61wq733864020191,2024-12-10_16h12.06.731,Congruent,P9.png,11,Right,Yes,70.247,99.0,42.0,33,14,TRUE
wpi61wq733864020191,2024-12-10_16h12.06.731,Congruent,P12.png,12,Right,No,66.4426,51.0,28.0,51,28,TRUE
wpi61wq733864020191,2024-12-10_16h12.06.731,Congruent,CC7.png,13,Right,Yes,32.655,38.0,20.0,19,10,TRUE
wpi61wq733864020191,2024-12-10_16h12.06.731,Congruent,CC6.png,14,Left,No,23.3606,37.0,30.0,37,30,TRUE
wpi61wq733864020191,2024-12-10_16h12.06.731,Congruent,CC3.png,15,Left,Yes,36.5124,89.0,36.0,89,36,TRUE
wpi61wq733864020191,2024-12-10_16h12.06.731,Congruent,CC8.png,16,Right,Yes,54.0193,25.0,21.0,25,21,TRUE
wpi61wq733864020191,2024-12-10_16h12.06.731,Congruent,CC1.png,17,Left,Yes,31.3552,87.0,12.0,29,4,TRUE
wpi61wq733864020191,2024-12-10_16h12.06.731,Congruent,CC5.png,18,Left,No,17.6372,29.0,18.0,29,18,TRUE
wpi61wq733864020191,2024-12-10_16h12.06.731,Congruent,CC11.png,19,Right,No,34.7138,19.0,24.0,19,24,TRUE
wpi61wq733864020191,2024-12-10_16h12.06.731,Congruent,CC4.png,20,Left,No,23.3347,49.0,16.0,49,16,TRUE
wpi61wq733864020191,2024-12-10_16h12.06.731,Congruent,CC12.png,21,Right,No,24.6877,73.0,12.0,73,12,TRUE
wpi61wq733864020191,2024-12-10_16h12.06.731,Congruent,CC9.png,22,Right,Yes,40.8606,129.0,42.0,43,14,TRUE
wpi61wq733864020191,2024-12-10_16h12.06.731,Congruent,CC2.png,23,Left,Yes,46.1748,41.0,21.0,41,21,TRUE
wpi61wq733864020191,2024-12-10_16h12.06.731,Congruent,CC10.png,24,Right,No,20.5985,37.0,16.0,37,16,TRUE
wpi61x742405b300238,2025-03-19_13h46.01.221,Congruent,P10.png,1,Right,No,47.1173,109.0,6.0,43,12,FALSE
wpi61x742405b300238,2025-03-19_13h46.01.221,Congruent,P4.png,2,Left,No,47.4063,421.0,12.0,71,12,FALSE
wpi61x742405b300238,2025-03-19_13h46.01.221,Congruent,P1.png,3,Left,Yes,30.4585,247.0,20.0,31,20,FALSE
wpi61x742405b300238,2025-03-19_13h46.01.221,Congruent,P11.png,4,Right,No,52.427,49.0,9.0,23,18,FALSE
wpi61x742405b300238,2025-03-19_13h46.01.221,Congruent,P9.png,5,Right,Yes,217.3076,819.0,42.0,33,14,FALSE
wpi61x742405b300238,2025-03-19_13h46.01.221,Congruent,P8.png,6,Right,Yes,79.3678,730.0,40.0,41,20,FALSE
wpi61x742405b300238,2025-03-19_13h46.01.221,Congruent,P12.png,7,Right,No,93.6938,441.0,28.0,51,28,FALSE
wpi61x742405b300238,2025-03-19_13h46.01.221,Congruent,P3.png,8,Left,Yes,122.5162,49.0,4.0,21,20,FALSE
wpi61x742405b300238,2025-03-19_13h46.01.221,Congruent,P7.png,9,Right,Yes,96.8292,367.0,9.0,67,9,FALSE
wpi61x742405b300238,2025-03-19_13h46.01.221,Congruent,P5.png,10,Left,No,63.5228,47.0,8.0,31,24,FALSE
wpi61x742405b300238,2025-03-19_13h46.01.221,Congruent,P2.png,11,Left,Yes,66.7234,76.0,3.0,28,15,FALSE
wpi61x742405b300238,2025-03-19_13h46.01.221,Congruent,P6.png,12,Left,No,81.1143,145.0,6.0,49,24,FALSE
wpi61x742405b300238,2025-03-19_13h46.01.221,Congruent,CC10.png,13,Right,No,87.9382,247.0,16.0,37,16,FALSE
wpi61x742405b300238,2025-03-19_13h46.01.221,Congruent,CC3.png,14,Left,Yes,117.5365,161.0,4.0,89,36,FALSE
wpi61x742405b300238,2025-03-19_13h46.01.221,Congruent,CC5.png,15,Left,No,59.0823,15.0,3.0,29,18,FALSE
wpi61x742405b300238,2025-03-19_13h46.01.221,Congruent,CC2.png,16,Left,Yes,150.6513,362.0,21.0,41,21,FALSE
wpi61x742405b300238,2025-03-19_13h46.01.221,Congruent,CC12.png,17,Right,No,48.3923,423.0,12.0,73,12,FALSE
wpi61x742405b300238,2025-03-19_13h46.01.221,Congruent,CC1.png,18,Left,Yes,37.5121,0.0,0.0,29,4,FALSE
wpi61x742405b300238,2025-03-19_13h46.01.221,Congruent,CC8.png,19,Right,Yes,1.1551,0.0,0.0,25,21,FALSE
wpi61x742405b300238,2025-03-19_13h46.01.221,Congruent,CC7.png,20,Right,Yes,0.9427,0.0,0.0,19,10,FALSE
wpi61x742405b300238,2025-03-19_13h46.01.221,Congruent,CC11.png,21,Right,No,0.9887,0.0,0.0,19,24,FALSE
wpi61x742405b300238,2025-03-19_13h46.01.221,Congruent,CC6.png,22,Left,No,1.0881,0.0,0.0,37,30,FALSE
wpi61x742405b300238,2025-03-19_13h46.01.221,Congruent,CC9.png,23,Right,Yes,0.9747,0.0,0.0,43,14,FALSE
wpi61x742405b300238,2025-03-19_13h46.01.221,Congruent,CC4.png,24,Left,No,0.9488,0.0,0.0,49,16,FALSE
wpi61y733962t796929,2024-12-11_19h36.41.291,Congruent,P3.png,1,Left,Yes,87.8914,21.0,20.0,21,20,TRUE
wpi61y733962t796929,2024-12-11_19h36.41.291,Congruent,P7.png,2,Right,Yes,86.0462,67.0,9.0,67,9,TRUE
wpi61y733962t796929,2024-12-11_19h36.41.291,Congruent,P4.png,3,Left,No,39.4635,75.0,12.0,71,12,FALSE
wpi61y733962t796929,2024-12-11_19h36.41.291,Congruent,P11.png,4,Right,No,63.3004,42.0,18.0,23,18,FALSE
wpi61y733962t796929,2024-12-11_19h36.41.291,Congruent,P1.png,5,Left,Yes,34.5311,53.0,20.0,31,20,FALSE
wpi61y733962t796929,2024-12-11_19h36.41.291,Congruent,P9.png,6,Right,Yes,69.6805,33.0,14.0,33,14,TRUE
wpi61y733962t796929,2024-12-11_19h36.41.291,Congruent,P12.png,7,Right,No,43.164,51.0,28.0,51,28,TRUE
wpi61y733962t796929,2024-12-11_19h36.41.291,Congruent,P2.png,8,Left,Yes,61.8005,28.0,15.0,28,15,TRUE
wpi61y733962t796929,2024-12-11_19h36.41.291,Congruent,P8.png,9,Right,Yes,37.665,41.0,20.0,41,20,TRUE
wpi61y733962t796929,2024-12-11_19h36.41.291,Congruent,P10.png,10,Right,No,28.6991,26.0,6.0,43,12,FALSE
wpi61y733962t796929,2024-12-11_19h36.41.291,Congruent,P6.png,11,Left,No,38.8617,41.0,12.0,49,24,FALSE
wpi61y733962t796929,2024-12-11_19h36.41.291,Congruent,P5.png,12,Left,No,40.1986,88.0,24.0,31,24,FALSE
wpi61y733962t796929,2024-12-11_19h36.41.291,Congruent,CC1.png,13,Left,Yes,28.7591,95.0,12.0,29,4,FALSE
wpi61y733962t796929,2024-12-11_19h36.41.291,Congruent,CC9.png,14,Right,Yes,46.5315,43.0,14.0,43,14,TRUE
wpi61y733962t796929,2024-12-11_19h36.41.291,Congruent,CC6.png,15,Left,No,38.1305,37.0,30.0,37,30,TRUE
wpi61y733962t796929,2024-12-11_19h36.41.291,Congruent,CC4.png,16,Left,No,53.9842,75.0,16.0,49,16,FALSE
wpi61y733962t796929,2024-12-11_19h36.41.291,Congruent,CC5.png,17,Left,No,37.3643,65.0,18.0,29,18,FALSE
wpi61y733962t796929,2024-12-11_19h36.41.291,Congruent,CC3.png,18,Left,Yes,59.732,89.0,36.0,89,36,TRUE
wpi61y733962t796929,2024-12-11_19h36.41.291,Congruent,CC7.png,19,Right,Yes,38.7973,61.0,20.0,19,10,FALSE
wpi61y733962t796929,2024-12-11_19h36.41.291,Congruent,CC11.png,20,Right,No,22.3368,44.0,12.0,19,24,FALSE
wpi61y733962t796929,2024-12-11_19h36.41.291,Congruent,CC10.png,21,Right,No,25.4096,51.0,16.0,37,16,FALSE
wpi61y733962t796929,2024-12-11_19h36.41.291,Congruent,CC12.png,22,Right,No,22.414,77.0,12.0,73,12,FALSE
wpi61y733962t796929,2024-12-11_19h36.41.291,Congruent,CC2.png,23,Left,Yes,30.2152,41.0,21.0,41,21,TRUE
wpi61y733962t796929,2024-12-11_19h36.41.291,Congruent,CC8.png,24,Right,Yes,23.1809,33.0,14.0,25,21,FALSE
wpi6a174r6234632268,2025-05-02_21h27.04.720,Congruent,P2.png,1,Left,Yes,38.3188,28.0,15.0,28,15,TRUE
wpi6a174r6234632268,2025-05-02_21h27.04.720,Congruent,P7.png,2,Right,Yes,58.399,134.0,18.0,67,9,TRUE
wpi6a174r6234632268,2025-05-02_21h27.04.720,Congruent,P11.png,3,Right,No,23.6465,23.0,18.0,23,18,TRUE
wpi6a174r6234632268,2025-05-02_21h27.04.720,Congruent,P9.png,4,Right,Yes,40.439,99.0,42.0,33,14,TRUE
wpi6a174r6234632268,2025-05-02_21h27.04.720,Congruent,P1.png,5,Left,Yes,52.3546,31.0,20.0,31,20,TRUE
wpi6a174r6234632268,2025-05-02_21h27.04.720,Congruent,P8.png,6,Right,Yes,22.5651,41.0,20.0,41,20,TRUE
wpi6a174r6234632268,2025-05-02_21h27.04.720,Congruent,P12.png,7,Right,No,30.0926,48.0,28.0,51,28,FALSE
wpi6a174r6234632268,2025-05-02_21h27.04.720,Congruent,P4.png,8,Left,No,18.8356,71.0,12.0,71,12,TRUE
wpi6a174r6234632268,2025-05-02_21h27.04.720,Congruent,P10.png,9,Right,No,6.3731,71.0,12.0,43,12,FALSE
wpi6a174r6234632268,2025-05-02_21h27.04.720,Congruent,P5.png,10,Left,No,17.3634,31.0,24.0,31,24,TRUE
wpi6a174r6234632268,2025-05-02_21h27.04.720,Congruent,P3.png,11,Left,Yes,38.8428,63.0,60.0,21,20,TRUE
wpi6a174r6234632268,2025-05-02_21h27.04.720,Congruent,P6.png,12,Left,No,28.96,98.0,60.0,49,24,FALSE
wpi6a174r6234632268,2025-05-02_21h27.04.720,Congruent,CC1.png,13,Left,Yes,23.5718,87.0,12.0,29,4,TRUE
wpi6a174r6234632268,2025-05-02_21h27.04.720,Congruent,CC5.png,14,Left,No,19.1605,29.0,18.0,29,18,TRUE
wpi6a174r6234632268,2025-05-02_21h27.04.720,Congruent,CC3.png,15,Left,Yes,24.9928,87.0,28.0,89,36,FALSE
wpi6a174r6234632268,2025-05-02_21h27.04.720,Congruent,CC7.png,16,Right,Yes,24.685,38.0,20.0,19,10,TRUE
wpi6a174r6234632268,2025-05-02_21h27.04.720,Congruent,CC12.png,17,Right,No,24.6558,73.0,12.0,73,12,TRUE
wpi6a174r6234632268,2025-05-02_21h27.04.720,Congruent,CC6.png,18,Left,No,16.9781,37.0,30.0,37,30,TRUE
wpi6a174r6234632268,2025-05-02_21h27.04.720,Congruent,CC9.png,19,Right,Yes,47.5152,444.0,48.0,43,14,FALSE
wpi6a174r6234632268,2025-05-02_21h27.04.720,Congruent,CC2.png,20,Left,Yes,37.1737,18.0,0.0,41,21,FALSE
wpi6a174r6234632268,2025-05-02_21h27.04.720,Congruent,CC10.png,21,Right,No,9.7481,37.0,16.0,37,16,TRUE
wpi6a174r6234632268,2025-05-02_21h27.04.720,Congruent,CC11.png,22,Right,No,18.964,19.0,24.0,19,24,TRUE
wpi6a174r6234632268,2025-05-02_21h27.04.720,Congruent,CC8.png,23,Right,Yes,24.4488,25.0,21.0,25,21,TRUE
wpi6a174r6234632268,2025-05-02_21h27.04.720,Congruent,CC4.png,24,Left,No,24.045,28.0,16.0,49,16,FALSE
wpi6c1741232235t549,2025-03-05_22h52.13.672,Congruent,P8.png,1,Right,Yes,55.559,41.0,20.0,41,20,TRUE
wpi6c1741232235t549,2025-03-05_22h52.13.672,Congruent,P3.png,2,Left,Yes,60.802,21.0,20.0,21,20,TRUE
wpi6c1741232235t549,2025-03-05_22h52.13.672,Congruent,P9.png,3,Right,Yes,37.108,98.0,42.0,33,14,FALSE
wpi6c1741232235t549,2025-03-05_22h52.13.672,Congruent,P7.png,4,Right,Yes,16.859,67.0,9.0,67,9,TRUE
wpi6c1741232235t549,2025-03-05_22h52.13.672,Congruent,P12.png,5,Right,No,52.252,51.0,28.0,51,28,TRUE
wpi6c1741232235t549,2025-03-05_22h52.13.672,Congruent,P1.png,6,Left,Yes,11.933,31.0,20.0,31,20,TRUE
wpi6c1741232235t549,2025-03-05_22h52.13.672,Congruent,P4.png,7,Left,No,12.338,71.0,12.0,71,12,TRUE
wpi6c1741232235t549,2025-03-05_22h52.13.672,Congruent,P2.png,8,Left,Yes,15.584,68.0,60.0,28,15,FALSE
wpi6c1741232235t549,2025-03-05_22h52.13.672,Congruent,P6.png,9,Left,No,42.635,49.0,24.0,49,24,TRUE
wpi6c1741232235t549,2025-03-05_22h52.13.672,Congruent,P10.png,10,Right,No,13.927,43.0,12.0,43,12,TRUE
wpi6c1741232235t549,2025-03-05_22h52.13.672,Congruent,P11.png,11,Right,No,22.235,23.0,18.0,23,18,TRUE
wpi6c1741232235t549,2025-03-05_22h52.13.672,Congruent,P5.png,12,Left,No,15.186,31.0,24.0,31,24,TRUE
wpi6c1741232235t549,2025-03-05_22h52.13.672,Congruent,CC7.png,13,Right,Yes,15.682,62.0,20.0,19,10,FALSE
wpi6c1741232235t549,2025-03-05_22h52.13.672,Congruent,CC3.png,14,Left,Yes,21.024,89.0,36.0,89,36,TRUE
wpi6c1741232235t549,2025-03-05_22h52.13.672,Congruent,CC12.png,15,Right,No,9.112,73.0,12.0,73,12,TRUE
wpi6c1741232235t549,2025-03-05_22h52.13.672,Congruent,CC1.png,16,Left,Yes,9.564,59.0,12.0,29,4,FALSE
wpi6c1741232235t549,2025-03-05_22h52.13.672,Congruent,CC8.png,17,Right,Yes,42.087,50.0,42.0,25,21,TRUE
wpi6c1741232235t549,2025-03-05_22h52.13.672,Congruent,CC10.png,18,Right,No,10.678,37.0,16.0,37,16,TRUE
wpi6c1741232235t549,2025-03-05_22h52.13.672,Congruent,CC9.png,19,Right,Yes,27.141,129.0,42.0,43,14,TRUE
wpi6c1741232235t549,2025-03-05_22h52.13.672,Congruent,CC2.png,20,Left,Yes,36.919,96.0,42.0,41,21,FALSE
wpi6c1741232235t549,2025-03-05_22h52.13.672,Congruent,CC5.png,21,Left,No,13.521,29.0,18.0,29,18,TRUE
wpi6c1741232235t549,2025-03-05_22h52.13.672,Congruent,CC4.png,22,Left,No,11.208,49.0,16.0,49,16,TRUE
wpi6c1741232235t549,2025-03-05_22h52.13.672,Congruent,CC11.png,23,Right,No,16.193,19.0,24.0,19,24,TRUE
wpi6c1741232235t549,2025-03-05_22h52.13.672,Congruent,CC6.png,24,Left,No,15.877,37.0,30.0,37,30,TRUE
wpi6d173397n9368828,2024-12-12_00h13.48.579,Incongruent,P12.png,1,Right,No,66.8722,51.0,28.0,51,28,TRUE
wpi6d173397n9368828,2024-12-12_00h13.48.579,Incongruent,P11.png,2,Right,No,57.0972,23.0,18.0,23,18,TRUE
wpi6d173397n9368828,2024-12-12_00h13.48.579,Incongruent,P9.png,3,Right,Yes,88.0664,99.0,42.0,33,14,TRUE
wpi6d173397n9368828,2024-12-12_00h13.48.579,Incongruent,P2.png,4,Left,Yes,118.4351,112.0,60.0,28,15,TRUE
wpi6d173397n9368828,2024-12-12_00h13.48.579,Incongruent,P3.png,5,Left,Yes,92.6651,63.0,60.0,21,20,TRUE
wpi6d173397n9368828,2024-12-12_00h13.48.579,Incongruent,P8.png,6,Right,Yes,47.0649,41.0,20.0,41,20,TRUE
wpi6d173397n9368828,2024-12-12_00h13.48.579,Incongruent,P1.png,7,Left,Yes,38.8488,31.0,20.0,31,20,TRUE
wpi6d173397n9368828,2024-12-12_00h13.48.579,Incongruent,P7.png,8,Right,Yes,50.0672,134.0,18.0,67,9,TRUE
wpi6d173397n9368828,2024-12-12_00h13.48.579,Incongruent,P10.png,9,Right,No,37.9154,43.0,12.0,43,12,TRUE
wpi6d173397n9368828,2024-12-12_00h13.48.579,Incongruent,P6.png,10,Left,No,43.7157,49.0,24.0,49,24,TRUE
wpi6d173397n9368828,2024-12-12_00h13.48.579,Incongruent,P4.png,11,Left,No,37.7154,71.0,12.0,71,12,TRUE
wpi6d173397n9368828,2024-12-12_00h13.48.579,Incongruent,P5.png,12,Left,No,33.8323,31.0,24.0,31,24,TRUE
wpi6d173397n9368828,2024-12-12_00h13.48.579,Incongruent,IC3.png,13,Left,Yes,40.0408,89.0,36.0,89,36,TRUE
wpi6d173397n9368828,2024-12-12_00h13.48.579,Incongruent,IC2.png,14,Left,Yes,126.1491,82.0,42.0,41,21,TRUE
wpi6d173397n9368828,2024-12-12_00h13.48.579,Incongruent,IC6.png,15,Left,No,39.5505,37.0,30.0,37,30,TRUE
wpi6d173397n9368828,2024-12-12_00h13.48.579,Incongruent,IC9.png,16,Right,Yes,71.5326,129.0,42.0,43,14,TRUE
wpi6d173397n9368828,2024-12-12_00h13.48.579,Incongruent,IC8.png,17,Right,Yes,81.065,50.0,52.0,25,21,FALSE
wpi6d173397n9368828,2024-12-12_00h13.48.579,Incongruent,IC7.png,18,Right,Yes,46.2133,38.0,20.0,19,10,TRUE
wpi6d173397n9368828,2024-12-12_00h13.48.579,Incongruent,IC10.png,19,Right,No,22.8485,37.0,16.0,37,16,TRUE
wpi6d173397n9368828,2024-12-12_00h13.48.579,Incongruent,IC4.png,20,Left,No,21.5822,49.0,16.0,49,16,TRUE
wpi6d173397n9368828,2024-12-12_00h13.48.579,Incongruent,IC1.png,21,Left,Yes,38.5157,82.0,12.0,29,4,FALSE
wpi6d173397n9368828,2024-12-12_00h13.48.579,Incongruent,IC5.png,22,Left,No,25.5985,29.0,18.0,29,18,TRUE
wpi6d173397n9368828,2024-12-12_00h13.48.579,Incongruent,IC11.png,23,Right,No,22.1821,19.0,24.0,19,24,TRUE
wpi6d173397n9368828,2024-12-12_00h13.48.579,Incongruent,IC12.png,24,Right,No,22.4318,83.0,12.0,73,12,FALSE
wpi6e1733y347534582,2024-12-04_16h46.41.494,Congruent,P1.png,1,Left,Yes,15.4348,14.0,20.0,31,20,FALSE
wpi6e1733y347534582,2024-12-04_16h46.41.494,Congruent,P11.png,2,Right,No,20.4357,13.0,9.0,23,18,FALSE
wpi6e1733y347534582,2024-12-04_16h46.41.494,Congruent,P8.png,3,Right,Yes,55.2609,46.0,40.0,41,20,FALSE
wpi6e1733y347534582,2024-12-04_16h46.41.494,Congruent,P6.png,4,Left,No,76.7109,49.0,24.0,49,24,TRUE
wpi6e1733y347534582,2024-12-04_16h46.41.494,Congruent,P12.png,5,Right,No,28.4834,7.0,4.0,51,28,FALSE
wpi6e1733y347534582,2024-12-04_16h46.41.494,Congruent,P9.png,6,Right,Yes,29.6438,33.0,14.0,33,14,TRUE
wpi6e1733y347534582,2024-12-04_16h46.41.494,Congruent,P3.png,7,Left,Yes,20.9766,21.0,20.0,21,20,TRUE
wpi6e1733y347534582,2024-12-04_16h46.41.494,Congruent,P7.png,8,Right,Yes,19.5813,67.0,9.0,67,9,TRUE
wpi6e1733y347534582,2024-12-04_16h46.41.494,Congruent,P4.png,9,Left,No,19.8195,71.0,12.0,71,12,TRUE
wpi6e1733y347534582,2024-12-04_16h46.41.494,Congruent,P2.png,10,Left,Yes,21.452,28.0,25.0,28,15,FALSE
wpi6e1733y347534582,2024-12-04_16h46.41.494,Congruent,P10.png,11,Right,No,22.0297,43.0,12.0,43,12,TRUE
wpi6e1733y347534582,2024-12-04_16h46.41.494,Congruent,P5.png,12,Left,No,17.7278,31.0,24.0,31,24,TRUE
wpi6e1733y347534582,2024-12-04_16h46.41.494,Congruent,CC9.png,13,Right,Yes,22.7279,43.0,14.0,43,14,TRUE
wpi6e1733y347534582,2024-12-04_16h46.41.494,Congruent,CC3.png,14,Left,Yes,22.0302,89.0,36.0,89,36,TRUE
wpi6e1733y347534582,2024-12-04_16h46.41.494,Congruent,CC8.png,15,Right,Yes,22.3579,25.0,21.0,25,21,TRUE
wpi6e1733y347534582,2024-12-04_16h46.41.494,Congruent,CC7.png,16,Right,Yes,18.3144,19.0,10.0,19,10,TRUE
wpi6e1733y347534582,2024-12-04_16h46.41.494,Congruent,CC12.png,17,Right,No,20.4555,73.0,12.0,73,12,TRUE
wpi6e1733y347534582,2024-12-04_16h46.41.494,Congruent,CC6.png,18,Left,No,16.8304,37.0,30.0,37,30,TRUE
wpi6e1733y347534582,2024-12-04_16h46.41.494,Congruent,CC11.png,19,Right,No,15.7732,19.0,24.0,19,24,TRUE
wpi6e1733y347534582,2024-12-04_16h46.41.494,Congruent,CC2.png,20,Left,Yes,17.5677,41.0,21.0,41,21,TRUE
wpi6e1733y347534582,2024-12-04_16h46.41.494,Congruent,CC1.png,21,Left,Yes,20.5905,29.0,4.0,29,4,TRUE
wpi6e1733y347534582,2024-12-04_16h46.41.494,Congruent,CC10.png,22,Right,No,15.6903,37.0,16.0,37,16,TRUE
wpi6e1733y347534582,2024-12-04_16h46.41.494,Congruent,CC5.png,23,Left,No,15.575,29.0,18.0,29,18,TRUE
wpi6e1733y347534582,2024-12-04_16h46.41.494,Congruent,CC4.png,24,Left,No,14.7353,49.0,16.0,49,16,TRUE
wpi6g174242653912y4,2025-03-19_19h39.19.853,Congruent,P2.png,1,Left,Yes,35.084,26.0,23.0,28,15,FALSE
wpi6g174242653912y4,2025-03-19_19h39.19.853,Congruent,P12.png,2,Right,No,18.67,21.0,18.0,51,28,FALSE
wpi6g174242653912y4,2025-03-19_19h39.19.853,Congruent,P8.png,3,Right,Yes,9.573,19.0,14.0,41,20,FALSE
wpi6g174242653912y4,2025-03-19_19h39.19.853,Congruent,P1.png,4,Left,Yes,11.343,19.0,30.0,31,20,FALSE
wpi6g174242653912y4,2025-03-19_19h39.19.853,Congruent,P3.png,5,Left,Yes,28.413,13.0,19.0,21,20,FALSE
wpi6g174242653912y4,2025-03-19_19h39.19.853,Congruent,P7.png,6,Right,Yes,16.569,37.0,15.0,67,9,FALSE
wpi6g174242653912y4,2025-03-19_19h39.19.853,Congruent,P11.png,7,Right,No,24.106,24.0,9.0,23,18,FALSE
wpi6g174242653912y4,2025-03-19_19h39.19.853,Congruent,P6.png,8,Left,No,12.626,18.0,14.0,49,24,FALSE
wpi6g174242653912y4,2025-03-19_19h39.19.853,Congruent,P10.png,9,Right,No,12.556,35.0,12.0,43,12,FALSE
wpi6g174242653912y4,2025-03-19_19h39.19.853,Congruent,P4.png,10,Left,No,10.658,36.0,18.0,71,12,FALSE
wpi6g174242653912y4,2025-03-19_19h39.19.853,Congruent,P5.png,11,Left,No,8.293,12.0,20.0,31,24,FALSE
wpi6g174242653912y4,2025-03-19_19h39.19.853,Congruent,P9.png,12,Right,Yes,12.074,21.0,23.0,33,14,FALSE
wpi6g174242653912y4,2025-03-19_19h39.19.853,Congruent,CC1.png,13,Left,Yes,12.081,47.0,14.0,29,4,FALSE
wpi6g174242653912y4,2025-03-19_19h39.19.853,Congruent,CC12.png,14,Right,No,12.073,36.0,10.0,73,12,FALSE
wpi6g174242653912y4,2025-03-19_19h39.19.853,Congruent,CC3.png,15,Left,Yes,6.878,41.0,22.0,89,36,FALSE
wpi6g174242653912y4,2025-03-19_19h39.19.853,Congruent,CC9.png,16,Right,Yes,7.558,17.0,23.0,43,14,FALSE
wpi6g174242653912y4,2025-03-19_19h39.19.853,Congruent,CC5.png,17,Left,No,13.772,12.0,15.0,29,18,FALSE
wpi6g174242653912y4,2025-03-19_19h39.19.853,Congruent,CC2.png,18,Left,Yes,6.294,20.0,17.0,41,21,FALSE
wpi6g174242653912y4,2025-03-19_19h39.19.853,Congruent,CC7.png,19,Right,Yes,10.512,31.0,30.0,19,10,FALSE
wpi6g174242653912y4,2025-03-19_19h39.19.853,Congruent,CC10.png,20,Right,No,11.99,22.0,24.0,37,16,FALSE
wpi6g174242653912y4,2025-03-19_19h39.19.853,Congruent,CC8.png,21,Right,Yes,9.208,13.0,17.0,25,21,FALSE
wpi6g174242653912y4,2025-03-19_19h39.19.853,Congruent,CC11.png,22,Right,No,10.375,8.0,20.0,19,24,FALSE
wpi6g174242653912y4,2025-03-19_19h39.19.853,Congruent,CC6.png,23,Left,No,9.209,15.0,25.0,37,30,FALSE
wpi6g174242653912y4,2025-03-19_19h39.19.853,Congruent,CC4.png,24,Left,No,10.39,28.0,24.0,49,16,FALSE
wpi6i17g45773868541,2025-04-27_13h24.23.896,Incongruent,P6.png,1,Left,No,34.2594,23.0,12.0,49,24,FALSE
wpi6i17g45773868541,2025-04-27_13h24.23.896,Incongruent,P2.png,2,Left,Yes,24.4481,28.0,15.0,28,15,TRUE
wpi6i17g45773868541,2025-04-27_13h24.23.896,Incongruent,P5.png,3,Left,No,29.2603,12.0,17.0,31,24,FALSE
wpi6i17g45773868541,2025-04-27_13h24.23.896,Incongruent,P8.png,4,Right,Yes,22.438,49.0,20.0,41,20,FALSE
wpi6i17g45773868541,2025-04-27_13h24.23.896,Incongruent,P3.png,5,Left,Yes,31.8807,21.0,20.0,21,20,TRUE
wpi6i17g45773868541,2025-04-27_13h24.23.896,Incongruent,P9.png,6,Right,Yes,24.7798,33.0,14.0,33,14,TRUE
wpi6i17g45773868541,2025-04-27_13h24.23.896,Incongruent,P4.png,7,Left,No,18.6051,83.0,12.0,71,12,FALSE
wpi6i17g45773868541,2025-04-27_13h24.23.896,Incongruent,P1.png,8,Left,Yes,12.1909,31.0,20.0,31,20,TRUE
wpi6i17g45773868541,2025-04-27_13h24.23.896,Incongruent,P10.png,9,Right,No,19.8589,43.0,12.0,43,12,TRUE
wpi6i17g45773868541,2025-04-27_13h24.23.896,Incongruent,P7.png,10,Right,Yes,20.4268,67.0,6.0,67,9,FALSE
wpi6i17g45773868541,2025-04-27_13h24.23.896,Incongruent,P11.png,11,Right,No,26.888,23.0,18.0,23,18,TRUE
wpi6i17g45773868541,2025-04-27_13h24.23.896,Incongruent,P12.png,12,Right,No,28.4989,51.0,28.0,51,28,TRUE
wpi6i17g45773868541,2025-04-27_13h24.23.896,Incongruent,IC3.png,13,Left,Yes,27.4101,49.0,36.0,89,36,FALSE
wpi6i17g45773868541,2025-04-27_13h24.23.896,Incongruent,IC6.png,14,Left,No,19.6378,37.0,30.0,37,30,TRUE
wpi6i17g45773868541,2025-04-27_13h24.23.896,Incongruent,IC11.png,15,Right,No,22.4487,19.0,24.0,19,24,TRUE
wpi6i17g45773868541,2025-04-27_13h24.23.896,Incongruent,IC8.png,16,Right,Yes,53.7695,50.0,42.0,25,21,TRUE
wpi6i17g45773868541,2025-04-27_13h24.23.896,Incongruent,IC2.png,17,Left,Yes,34.4412,72.0,42.0,41,21,FALSE
wpi6i17g45773868541,2025-04-27_13h24.23.896,Incongruent,IC5.png,18,Left,No,39.4826,29.0,18.0,29,18,TRUE
wpi6i17g45773868541,2025-04-27_13h24.23.896,Incongruent,IC7.png,19,Right,Yes,28.2777,26.0,10.0,19,10,FALSE
wpi6i17g45773868541,2025-04-27_13h24.23.896,Incongruent,IC12.png,20,Right,No,28.4615,73.0,12.0,73,12,TRUE
wpi6i17g45773868541,2025-04-27_13h24.23.896,Incongruent,IC10.png,21,Right,No,13.7516,37.0,16.0,37,16,TRUE
wpi6i17g45773868541,2025-04-27_13h24.23.896,Incongruent,IC4.png,22,Left,No,14.8575,7.0,4.0,49,16,FALSE
wpi6i17g45773868541,2025-04-27_13h24.23.896,Incongruent,IC1.png,23,Left,Yes,40.39,87.0,12.0,29,4,TRUE
wpi6i17g45773868541,2025-04-27_13h24.23.896,Incongruent,IC9.png,24,Right,Yes,49.5378,129.0,42.0,43,14,TRUE
wpi6im1729883307292,2024-10-25_15h35.59.824,Congruent,P7.png,1,Right,Yes,20.9272,23.0,2.0,67,9,FALSE
wpi6im1729883307292,2024-10-25_15h35.59.824,Congruent,P3.png,2,Left,Yes,1.7581,23.0,2.0,21,20,FALSE
wpi6im1729883307292,2024-10-25_15h35.59.824,Congruent,P11.png,3,Right,No,1.5478,23.0,2.0,23,18,FALSE
wpi6im1729883307292,2024-10-25_15h35.59.824,Congruent,P6.png,4,Left,No,2.3748,3.0,3.0,49,24,FALSE
wpi6im1729883307292,2024-10-25_15h35.59.824,Congruent,P8.png,5,Right,Yes,1.5075,23.0,3.0,41,20,FALSE
wpi6im1729883307292,2024-10-25_15h35.59.824,Congruent,P2.png,6,Left,Yes,1.4361,23.0,3.0,28,15,FALSE
wpi6im1729883307292,2024-10-25_15h35.59.824,Congruent,P12.png,7,Right,No,1.7537,23.0,3.0,51,28,FALSE
wpi6im1729883307292,2024-10-25_15h35.59.824,Congruent,P10.png,8,Right,No,3.2334,233.0,3.0,43,12,FALSE
wpi6im1729883307292,2024-10-25_15h35.59.824,Congruent,P4.png,9,Left,No,2.2742,321.0,23.0,71,12,FALSE
wpi6im1729883307292,2024-10-25_15h35.59.824,Congruent,P1.png,10,Left,Yes,1.7656,45.0,5.0,31,20,FALSE
wpi6im1729883307292,2024-10-25_15h35.59.824,Congruent,P5.png,11,Left,No,1.6079,54.0,3.0,31,24,FALSE
wpi6im1729883307292,2024-10-25_15h35.59.824,Congruent,P9.png,12,Right,Yes,1.8325,543.0,4.0,33,14,FALSE
wpi6im1729883307292,2024-10-25_15h35.59.824,Congruent,CC9.png,13,Right,Yes,2.0956,3.0,3.0,43,14,FALSE
wpi6im1729883307292,2024-10-25_15h35.59.824,Congruent,CC3.png,14,Left,Yes,1.3157,3.0,3.0,89,36,FALSE
wpi6im1729883307292,2024-10-25_15h35.59.824,Congruent,CC2.png,15,Left,Yes,1.3326,3.0,3.0,41,21,FALSE
wpi6im1729883307292,2024-10-25_15h35.59.824,Congruent,CC11.png,16,Right,No,1.9,3.0,2.0,19,24,FALSE
wpi6im1729883307292,2024-10-25_15h35.59.824,Congruent,CC1.png,17,Left,Yes,4.7909,23.0,23.0,29,4,FALSE
wpi6im1729883307292,2024-10-25_15h35.59.824,Congruent,CC6.png,18,Left,No,1.724,231.0,23.0,37,30,FALSE
wpi6im1729883307292,2024-10-25_15h35.59.824,Congruent,CC12.png,19,Right,No,1.9493,2312.0,344.0,73,12,FALSE
wpi6im1729883307292,2024-10-25_15h35.59.824,Congruent,CC7.png,20,Right,Yes,1.2491,34.0,4.0,19,10,FALSE
wpi6im1729883307292,2024-10-25_15h35.59.824,Congruent,CC8.png,21,Right,Yes,1.8745,34.0,32.0,25,21,FALSE
wpi6im1729883307292,2024-10-25_15h35.59.824,Congruent,CC5.png,22,Left,No,1.8072,2.0,123.0,29,18,FALSE
wpi6im1729883307292,2024-10-25_15h35.59.824,Congruent,CC10.png,23,Right,No,1.4078,23.0,22.0,37,16,FALSE
wpi6im1729883307292,2024-10-25_15h35.59.824,Congruent,CC4.png,24,Left,No,3.2242,23.0,32.0,49,16,FALSE
wpi6j17320561193z94,2024-11-20_14h16.39.657,Incongruent,P10.png,1,Right,No,34.0569,42.0,12.0,43,12,FALSE
wpi6j17320561193z94,2024-11-20_14h16.39.657,Incongruent,P1.png,2,Left,Yes,17.5865,31.0,20.0,31,20,TRUE
wpi6j17320561193z94,2024-11-20_14h16.39.657,Incongruent,P12.png,3,Right,No,39.7046,51.0,28.0,51,28,TRUE
wpi6j17320561193z94,2024-11-20_14h16.39.657,Incongruent,P3.png,4,Left,Yes,66.1633,63.0,60.0,21,20,TRUE
wpi6j17320561193z94,2024-11-20_14h16.39.657,Incongruent,P8.png,5,Right,Yes,28.9761,41.0,20.0,41,20,TRUE
wpi6j17320561193z94,2024-11-20_14h16.39.657,Incongruent,P9.png,6,Right,Yes,43.0028,99.0,42.0,33,14,TRUE
wpi6j17320561193z94,2024-11-20_14h16.39.657,Incongruent,P11.png,7,Right,No,45.2281,23.0,18.0,23,18,TRUE
wpi6j17320561193z94,2024-11-20_14h16.39.657,Incongruent,P7.png,8,Right,Yes,24.4011,134.0,18.0,67,9,TRUE
wpi6j17320561193z94,2024-11-20_14h16.39.657,Incongruent,P4.png,9,Left,No,29.5032,71.0,12.0,71,12,TRUE
wpi6j17320561193z94,2024-11-20_14h16.39.657,Incongruent,P5.png,10,Left,No,17.5453,31.0,24.0,31,24,TRUE
wpi6j17320561193z94,2024-11-20_14h16.39.657,Incongruent,P2.png,11,Left,Yes,87.7573,112.0,60.0,28,15,TRUE
wpi6j17320561193z94,2024-11-20_14h16.39.657,Incongruent,P6.png,12,Left,No,25.4963,49.0,24.0,49,24,TRUE
wpi6j17320561193z94,2024-11-20_14h16.39.657,Incongruent,IC7.png,13,Right,Yes,18.4464,38.0,20.0,19,10,TRUE
wpi6j17320561193z94,2024-11-20_14h16.39.657,Incongruent,IC10.png,14,Right,No,12.715,37.0,16.0,37,16,TRUE
wpi6j17320561193z94,2024-11-20_14h16.39.657,Incongruent,IC12.png,15,Right,No,17.715,73.0,12.0,73,12,TRUE
wpi6j17320561193z94,2024-11-20_14h16.39.657,Incongruent,IC5.png,16,Left,No,13.4312,29.0,18.0,29,18,TRUE
wpi6j17320561193z94,2024-11-20_14h16.39.657,Incongruent,IC11.png,17,Right,No,25.0875,19.0,24.0,19,24,TRUE
wpi6j17320561193z94,2024-11-20_14h16.39.657,Incongruent,IC1.png,18,Left,Yes,27.1194,87.0,12.0,29,4,TRUE
wpi6j17320561193z94,2024-11-20_14h16.39.657,Incongruent,IC3.png,19,Left,Yes,29.9918,89.0,36.0,89,36,TRUE
wpi6j17320561193z94,2024-11-20_14h16.39.657,Incongruent,IC2.png,20,Left,Yes,100.0644,80.0,42.0,41,21,FALSE
wpi6j17320561193z94,2024-11-20_14h16.39.657,Incongruent,IC9.png,21,Right,Yes,80.5521,141.0,42.0,43,14,FALSE
wpi6j17320561193z94,2024-11-20_14h16.39.657,Incongruent,IC6.png,22,Left,No,25.6644,37.0,30.0,37,30,TRUE
wpi6j17320561193z94,2024-11-20_14h16.39.657,Incongruent,IC4.png,23,Left,No,20.8457,49.0,16.0,49,16,TRUE
wpi6j17320561193z94,2024-11-20_14h16.39.657,Incongruent,IC8.png,24,Right,Yes,55.84,50.0,42.0,25,21,TRUE
wpi6j1740370837d880,2025-02-23_23h51.29.976,Congruent,P4.png,1,Left,No,32.4859,63.0,6.0,71,12,FALSE
wpi6j1740370837d880,2025-02-23_23h51.29.976,Congruent,P3.png,2,Left,Yes,38.193600000000004,13.0,12.0,21,20,FALSE
wpi6j1740370837d880,2025-02-23_23h51.29.976,Congruent,P12.png,3,Right,No,65.0711,82.0,84.0,51,28,FALSE
wpi6j1740370837d880,2025-02-23_23h51.29.976,Congruent,P1.png,4,Left,Yes,49.1458,32.0,60.0,31,20,FALSE
wpi6j1740370837d880,2025-02-23_23h51.29.976,Congruent,P8.png,5,Right,Yes,44.7273,58.0,60.0,41,20,FALSE
wpi6j1740370837d880,2025-02-23_23h51.29.976,Congruent,P9.png,6,Right,Yes,43.3717,117.0,28.0,33,14,FALSE
wpi6j1740370837d880,2025-02-23_23h51.29.976,Congruent,P7.png,7,Right,Yes,36.5268,177.0,144.0,67,9,FALSE
wpi6j1740370837d880,2025-02-23_23h51.29.976,Congruent,P11.png,8,Right,No,33.5371,38.0,9.0,23,18,FALSE
wpi6j1740370837d880,2025-02-23_23h51.29.976,Congruent,P10.png,9,Right,No,48.0347,22.0,30.0,43,12,FALSE
wpi6j1740370837d880,2025-02-23_23h51.29.976,Congruent,P6.png,10,Left,No,25.1659,28.0,60.0,49,24,FALSE
wpi6j1740370837d880,2025-02-23_23h51.29.976,Congruent,P2.png,11,Left,Yes,59.3615,109.0,96.0,28,15,FALSE
wpi6j1740370837d880,2025-02-23_23h51.29.976,Congruent,P5.png,12,Left,No,30.8527,226.0,240.0,31,24,FALSE
wpi6j1740370837d880,2025-02-23_23h51.29.976,Congruent,CC7.png,13,Right,Yes,35.5824,92.0,30.0,19,10,FALSE
wpi6j1740370837d880,2025-02-23_23h51.29.976,Congruent,CC8.png,14,Right,Yes,28.239,38.0,63.0,25,21,FALSE
wpi6j1740370837d880,2025-02-23_23h51.29.976,Congruent,CC12.png,15,Right,No,21.8295,45.0,20.0,73,12,FALSE
wpi6j1740370837d880,2025-02-23_23h51.29.976,Congruent,CC5.png,16,Left,No,42.1953,149.0,18.0,29,18,FALSE
wpi6j1740370837d880,2025-02-23_23h51.29.976,Congruent,CC3.png,17,Left,Yes,59.9154,109.0,180.0,89,36,FALSE
wpi6j1740370837d880,2025-02-23_23h51.29.976,Congruent,CC6.png,18,Left,No,30.5782,92.0,60.0,37,30,FALSE
wpi6j1740370837d880,2025-02-23_23h51.29.976,Congruent,CC4.png,19,Left,No,69.0174,197.0,48.0,49,16,FALSE
wpi6j1740370837d880,2025-02-23_23h51.29.976,Congruent,CC9.png,20,Right,Yes,47.7154,149.0,28.0,43,14,FALSE
wpi6j1740370837d880,2025-02-23_23h51.29.976,Congruent,CC2.png,21,Left,Yes,21.7002,29.0,12.0,41,21,FALSE
wpi6j1740370837d880,2025-02-23_23h51.29.976,Congruent,CC1.png,22,Left,Yes,17.2434,97.0,20.0,29,4,FALSE
wpi6j1740370837d880,2025-02-23_23h51.29.976,Congruent,CC11.png,23,Right,No,14.3972,16.0,36.0,19,24,FALSE
wpi6j1740370837d880,2025-02-23_23h51.29.976,Congruent,CC10.png,24,Right,No,18.3852,54.0,48.0,37,16,FALSE
wpi6j1745784410d658,2025-04-27_16h27.09.541,Congruent,P5.png,1,Left,No,299.4706,85.0,24.0,31,24,FALSE
wpi6j1745784410d658,2025-04-27_16h27.09.541,Congruent,P10.png,2,Right,No,60.577,52.0,12.0,43,12,FALSE
wpi6j1745784410d658,2025-04-27_16h27.09.541,Congruent,P3.png,3,Left,Yes,73.8315,127.0,60.0,21,20,FALSE
wpi6j1745784410d658,2025-04-27_16h27.09.541,Congruent,P12.png,4,Right,No,23.6172,83.0,28.0,51,28,FALSE
wpi6j1745784410d658,2025-04-27_16h27.09.541,Congruent,P1.png,5,Left,Yes,20.1314,53.0,20.0,31,20,FALSE
wpi6j1745784410d658,2025-04-27_16h27.09.541,Congruent,P6.png,6,Left,No,56.6309,41.0,12.0,49,24,FALSE
wpi6j1745784410d658,2025-04-27_16h27.09.541,Congruent,P2.png,7,Left,Yes,44.0635,189.0,60.0,28,15,FALSE
wpi6j1745784410d658,2025-04-27_16h27.09.541,Congruent,P9.png,8,Right,Yes,51.5656,127.0,42.0,33,14,FALSE
wpi6j1745784410d658,2025-04-27_16h27.09.541,Congruent,P8.png,9,Right,Yes,21.6306,29.0,20.0,41,20,FALSE
wpi6j1745784410d658,2025-04-27_16h27.09.541,Congruent,P11.png,10,Right,No,45.231,47.0,18.0,23,18,FALSE
wpi6j1745784410d658,2025-04-27_16h27.09.541,Congruent,P4.png,11,Left,No,18.1326,63.0,12.0,71,12,FALSE
wpi6j1745784410d658,2025-04-27_16h27.09.541,Congruent,P7.png,12,Right,Yes,25.7648,107.0,18.0,67,9,FALSE
wpi6j1745784410d658,2025-04-27_16h27.09.541,Congruent,CC2.png,13,Left,Yes,67.5768,127.0,42.0,41,21,FALSE
wpi6j1745784410d658,2025-04-27_16h27.09.541,Congruent,CC12.png,14,Right,No,40.9145,65.0,12.0,73,12,FALSE
wpi6j1745784410d658,2025-04-27_16h27.09.541,Congruent,CC9.png,15,Right,Yes,48.3467,169.0,42.0,43,14,FALSE
wpi6j1745784410d658,2025-04-27_16h27.09.541,Congruent,CC11.png,16,Right,No,33.2994,52.0,24.0,19,24,FALSE
wpi6j1745784410d658,2025-04-27_16h27.09.541,Congruent,CC10.png,17,Right,No,22.3809,51.0,16.0,37,16,FALSE
wpi6j1745784410d658,2025-04-27_16h27.09.541,Congruent,CC4.png,18,Left,No,20.6985,75.0,16.0,49,16,FALSE
wpi6j1745784410d658,2025-04-27_16h27.09.541,Congruent,CC7.png,19,Right,Yes,20.0983,61.0,20.0,19,10,FALSE
wpi6j1745784410d658,2025-04-27_16h27.09.541,Congruent,CC1.png,20,Left,Yes,23.1648,110.0,12.0,29,4,FALSE
wpi6j1745784410d658,2025-04-27_16h27.09.541,Congruent,CC6.png,21,Left,No,21.7648,65.0,30.0,37,30,FALSE
wpi6j1745784410d658,2025-04-27_16h27.09.541,Congruent,CC8.png,22,Right,Yes,31.498,101.0,42.0,25,21,FALSE
wpi6j1745784410d658,2025-04-27_16h27.09.541,Congruent,CC5.png,23,Left,No,31.4309,65.0,18.0,29,18,FALSE
wpi6j1745784410d658,2025-04-27_16h27.09.541,Congruent,CC3.png,24,Left,Yes,38.731,131.0,36.0,89,36,FALSE
wpi6j174x6042488777,2025-04-30_16h04.50.676,Congruent,P10.png,1,Right,No,36.0449,43.0,12.0,43,12,TRUE
wpi6j174x6042488777,2025-04-30_16h04.50.676,Congruent,P7.png,2,Right,Yes,26.3648,67.0,9.0,67,9,TRUE
wpi6j174x6042488777,2025-04-30_16h04.50.676,Congruent,P9.png,3,Right,Yes,101.5844,99.0,42.0,33,14,TRUE
wpi6j174x6042488777,2025-04-30_16h04.50.676,Congruent,P2.png,4,Left,Yes,63.025,28.0,15.0,28,15,TRUE
wpi6j174x6042488777,2025-04-30_16h04.50.676,Congruent,P3.png,5,Left,Yes,47.0306,41.0,45.0,21,20,FALSE
wpi6j174x6042488777,2025-04-30_16h04.50.676,Congruent,P1.png,6,Left,Yes,41.0931,31.0,20.0,31,20,TRUE
wpi6j174x6042488777,2025-04-30_16h04.50.676,Congruent,P5.png,7,Left,No,93.8626,124.0,96.0,31,24,TRUE
wpi6j174x6042488777,2025-04-30_16h04.50.676,Congruent,P11.png,8,Right,No,80.1294,69.0,54.0,23,18,TRUE
wpi6j174x6042488777,2025-04-30_16h04.50.676,Congruent,P4.png,9,Left,No,17.0135,71.0,12.0,71,12,TRUE
wpi6j174x6042488777,2025-04-30_16h04.50.676,Congruent,P6.png,10,Left,No,96.3433,78.0,48.0,49,24,FALSE
wpi6j174x6042488777,2025-04-30_16h04.50.676,Congruent,P12.png,11,Right,No,113.3432,102.0,56.0,51,28,TRUE
wpi6j174x6042488777,2025-04-30_16h04.50.676,Congruent,P8.png,12,Right,Yes,32.9514,41.0,20.0,41,20,TRUE
wpi6j174x6042488777,2025-04-30_16h04.50.676,Congruent,CC6.png,13,Left,No,68.9677,165.0,150.0,37,30,FALSE
wpi6j174x6042488777,2025-04-30_16h04.50.676,Congruent,CC10.png,14,Right,No,29.874,37.0,16.0,37,16,TRUE
wpi6j174x6042488777,2025-04-30_16h04.50.676,Congruent,CC4.png,15,Left,No,27.4071,49.0,16.0,49,16,TRUE
wpi6j174x6042488777,2025-04-30_16h04.50.676,Congruent,CC1.png,16,Left,Yes,40.8109,87.0,12.0,29,4,TRUE
wpi6j174x6042488777,2025-04-30_16h04.50.676,Congruent,CC11.png,17,Right,No,60.9575,76.0,108.0,19,24,FALSE
wpi6j174x6042488777,2025-04-30_16h04.50.676,Congruent,CC8.png,18,Right,Yes,61.2795,50.0,42.0,25,21,TRUE
wpi6j174x6042488777,2025-04-30_16h04.50.676,Congruent,CC3.png,19,Left,Yes,124.2292,178.0,78.0,89,36,FALSE
wpi6j174x6042488777,2025-04-30_16h04.50.676,Congruent,CC2.png,20,Left,Yes,121.2747,82.0,42.0,41,21,TRUE
wpi6j174x6042488777,2025-04-30_16h04.50.676,Congruent,CC5.png,21,Left,No,50.4521,87.0,54.0,29,18,TRUE
wpi6j174x6042488777,2025-04-30_16h04.50.676,Congruent,CC12.png,22,Right,No,36.1687,146.0,24.0,73,12,TRUE
wpi6j174x6042488777,2025-04-30_16h04.50.676,Congruent,CC9.png,23,Right,Yes,32.0992,129.0,42.0,43,14,TRUE
wpi6j174x6042488777,2025-04-30_16h04.50.676,Congruent,CC7.png,24,Right,Yes,85.6052,38.0,20.0,19,10,TRUE
wpi6kp1739744908873,2025-02-16_17h45.47.699,Incongruent,P3.png,1,Left,Yes,37.0818,63.0,15.0,21,20,FALSE
wpi6kp1739744908873,2025-02-16_17h45.47.699,Incongruent,P2.png,2,Left,Yes,21.8693,23.0,15.0,28,15,FALSE
wpi6kp1739744908873,2025-02-16_17h45.47.699,Incongruent,P11.png,3,Right,No,19.0878,23.0,18.0,23,18,TRUE
wpi6kp1739744908873,2025-02-16_17h45.47.699,Incongruent,P8.png,4,Right,Yes,45.3952,41.0,20.0,41,20,TRUE
wpi6kp1739744908873,2025-02-16_17h45.47.699,Incongruent,P6.png,5,Left,No,19.4672,49.0,24.0,49,24,TRUE
wpi6kp1739744908873,2025-02-16_17h45.47.699,Incongruent,P7.png,6,Right,Yes,15.5075,67.0,9.0,67,9,TRUE
wpi6kp1739744908873,2025-02-16_17h45.47.699,Incongruent,P12.png,7,Right,No,43.6207,51.0,28.0,51,28,TRUE
wpi6kp1739744908873,2025-02-16_17h45.47.699,Incongruent,P9.png,8,Right,Yes,24.1999,33.0,14.0,33,14,TRUE
wpi6kp1739744908873,2025-02-16_17h45.47.699,Incongruent,P10.png,9,Right,No,21.0842,43.0,12.0,43,12,TRUE
wpi6kp1739744908873,2025-02-16_17h45.47.699,Incongruent,P5.png,10,Left,No,15.7624,31.0,24.0,31,24,TRUE
wpi6kp1739744908873,2025-02-16_17h45.47.699,Incongruent,P1.png,11,Left,Yes,12.8674,31.0,20.0,31,20,TRUE
wpi6kp1739744908873,2025-02-16_17h45.47.699,Incongruent,P4.png,12,Left,No,8.2016,71.0,12.0,71,12,TRUE
wpi6kp1739744908873,2025-02-16_17h45.47.699,Incongruent,IC2.png,13,Left,Yes,25.8376,41.0,21.0,41,21,TRUE
wpi6kp1739744908873,2025-02-16_17h45.47.699,Incongruent,IC12.png,14,Right,No,12.6951,73.0,12.0,73,12,TRUE
wpi6kp1739744908873,2025-02-16_17h45.47.699,Incongruent,IC9.png,15,Right,Yes,20.5425,43.0,14.0,43,14,TRUE
wpi6kp1739744908873,2025-02-16_17h45.47.699,Incongruent,IC3.png,16,Left,Yes,14.887,89.0,36.0,89,36,TRUE
wpi6kp1739744908873,2025-02-16_17h45.47.699,Incongruent,IC11.png,17,Right,No,11.9636,19.0,24.0,19,24,TRUE
wpi6kp1739744908873,2025-02-16_17h45.47.699,Incongruent,IC7.png,18,Right,Yes,15.1075,19.0,10.0,19,10,TRUE
wpi6kp1739744908873,2025-02-16_17h45.47.699,Incongruent,IC6.png,19,Left,No,14.505,37.0,30.0,37,30,TRUE
wpi6kp1739744908873,2025-02-16_17h45.47.699,Incongruent,IC4.png,20,Left,No,12.4927,49.0,16.0,49,16,TRUE
wpi6kp1739744908873,2025-02-16_17h45.47.699,Incongruent,IC10.png,21,Right,No,8.5218,37.0,16.0,37,16,TRUE
wpi6kp1739744908873,2025-02-16_17h45.47.699,Incongruent,IC8.png,22,Right,Yes,17.0881,25.0,21.0,25,21,TRUE
wpi6kp1739744908873,2025-02-16_17h45.47.699,Incongruent,IC5.png,23,Left,No,15.1946,29.0,18.0,29,18,TRUE
wpi6kp1739744908873,2025-02-16_17h45.47.699,Incongruent,IC1.png,24,Left,Yes,9.1886,29.0,4.0,29,4,TRUE
wpi6l1733792v298275,2024-12-09_20h27.12.541,Incongruent,P3.png,1,Left,Yes,15.8764,21.0,20.0,21,20,TRUE
wpi6l1733792v298275,2024-12-09_20h27.12.541,Incongruent,P12.png,2,Right,No,32.0823,51.0,28.0,51,28,TRUE
wpi6l1733792v298275,2024-12-09_20h27.12.541,Incongruent,P1.png,3,Left,Yes,11.0327,31.0,20.0,31,20,TRUE
wpi6l1733792v298275,2024-12-09_20h27.12.541,Incongruent,P6.png,4,Left,No,27.4005,88.0,48.0,49,24,FALSE
wpi6l1733792v298275,2024-12-09_20h27.12.541,Incongruent,P10.png,5,Right,No,21.7592,43.0,12.0,43,12,TRUE
wpi6l1733792v298275,2024-12-09_20h27.12.541,Incongruent,P4.png,6,Left,No,12.0686,71.0,12.0,71,12,TRUE
wpi6l1733792v298275,2024-12-09_20h27.12.541,Incongruent,P9.png,7,Right,Yes,18.4853,33.0,14.0,33,14,TRUE
wpi6l1733792v298275,2024-12-09_20h27.12.541,Incongruent,P8.png,8,Right,Yes,11.738,41.0,20.0,41,20,TRUE
wpi6l1733792v298275,2024-12-09_20h27.12.541,Incongruent,P2.png,9,Left,Yes,29.7124,28.0,15.0,28,15,TRUE
wpi6l1733792v298275,2024-12-09_20h27.12.541,Incongruent,P11.png,10,Right,No,31.3497,69.0,54.0,23,18,TRUE
wpi6l1733792v298275,2024-12-09_20h27.12.541,Incongruent,P5.png,11,Left,No,37.5884,124.0,96.0,31,24,TRUE
wpi6l1733792v298275,2024-12-09_20h27.12.541,Incongruent,P7.png,12,Right,Yes,18.5773,67.0,9.0,67,9,TRUE
wpi6l1733792v298275,2024-12-09_20h27.12.541,Incongruent,IC3.png,13,Left,Yes,27.1784,178.0,72.0,89,36,TRUE
wpi6l1733792v298275,2024-12-09_20h27.12.541,Incongruent,IC1.png,14,Left,Yes,21.493,29.0,4.0,29,4,TRUE
wpi6l1733792v298275,2024-12-09_20h27.12.541,Incongruent,IC7.png,15,Right,Yes,11.576,19.0,10.0,19,10,TRUE
wpi6l1733792v298275,2024-12-09_20h27.12.541,Incongruent,IC11.png,16,Right,No,24.552,19.0,24.0,19,24,TRUE
wpi6l1733792v298275,2024-12-09_20h27.12.541,Incongruent,IC8.png,17,Right,Yes,20.4924,25.0,21.0,25,21,TRUE
wpi6l1733792v298275,2024-12-09_20h27.12.541,Incongruent,IC5.png,18,Left,No,21.716,86.0,54.0,29,18,FALSE
wpi6l1733792v298275,2024-12-09_20h27.12.541,Incongruent,IC10.png,19,Right,No,10.3131,37.0,16.0,37,16,TRUE
wpi6l1733792v298275,2024-12-09_20h27.12.541,Incongruent,IC6.png,20,Left,No,19.8561,37.0,30.0,37,30,TRUE
wpi6l1733792v298275,2024-12-09_20h27.12.541,Incongruent,IC2.png,21,Left,Yes,30.7888,43.0,21.0,41,21,FALSE
wpi6l1733792v298275,2024-12-09_20h27.12.541,Incongruent,IC9.png,22,Right,Yes,16.5448,43.0,35.0,43,14,FALSE
wpi6l1733792v298275,2024-12-09_20h27.12.541,Incongruent,IC12.png,23,Right,No,20.98,73.0,12.0,73,12,TRUE
wpi6l1733792v298275,2024-12-09_20h27.12.541,Incongruent,IC4.png,24,Left,No,14.1241,49.0,16.0,49,16,TRUE
wpi6l17455810913y40,2025-04-25_07h55.51.094,Incongruent,P8.png,1,Right,Yes,22.6288,41.0,20.0,41,20,TRUE
wpi6l17455810913y40,2025-04-25_07h55.51.094,Incongruent,P12.png,2,Right,No,25.9219,92.0,56.0,51,28,FALSE
wpi6l17455810913y40,2025-04-25_07h55.51.094,Incongruent,P9.png,3,Right,Yes,19.503,33.0,14.0,33,14,TRUE
wpi6l17455810913y40,2025-04-25_07h55.51.094,Incongruent,P5.png,4,Left,No,23.278,124.0,96.0,31,24,TRUE
wpi6l17455810913y40,2025-04-25_07h55.51.094,Incongruent,P2.png,5,Left,Yes,15.1368,28.0,15.0,28,15,TRUE
wpi6l17455810913y40,2025-04-25_07h55.51.094,Incongruent,P11.png,6,Right,No,24.551,69.0,54.0,23,18,TRUE
wpi6l17455810913y40,2025-04-25_07h55.51.094,Incongruent,P6.png,7,Left,No,18.2839,98.0,48.0,49,24,TRUE
wpi6l17455810913y40,2025-04-25_07h55.51.094,Incongruent,P10.png,8,Right,No,21.2207,129.0,36.0,43,12,TRUE
wpi6l17455810913y40,2025-04-25_07h55.51.094,Incongruent,P1.png,9,Left,Yes,16.4727,31.0,20.0,31,20,TRUE
wpi6l17455810913y40,2025-04-25_07h55.51.094,Incongruent,P4.png,10,Left,No,12.9627,71.0,12.0,71,12,TRUE
wpi6l17455810913y40,2025-04-25_07h55.51.094,Incongruent,P7.png,11,Right,Yes,11.5081,67.0,9.0,67,9,TRUE
wpi6l17455810913y40,2025-04-25_07h55.51.094,Incongruent,P3.png,12,Left,Yes,22.2011,21.0,20.0,21,20,TRUE
wpi6l17455810913y40,2025-04-25_07h55.51.094,Incongruent,IC9.png,13,Right,Yes,25.1541,43.0,14.0,43,14,TRUE
wpi6l17455810913y40,2025-04-25_07h55.51.094,Incongruent,IC7.png,14,Right,Yes,8.8029,19.0,10.0,19,10,TRUE
wpi6l17455810913y40,2025-04-25_07h55.51.094,Incongruent,IC5.png,15,Left,No,19.8723,87.0,54.0,29,18,TRUE
wpi6l17455810913y40,2025-04-25_07h55.51.094,Incongruent,IC8.png,16,Right,Yes,12.2424,25.0,21.0,25,21,TRUE
wpi6l17455810913y40,2025-04-25_07h55.51.094,Incongruent,IC1.png,17,Left,Yes,12.1837,29.0,4.0,29,4,TRUE
wpi6l17455810913y40,2025-04-25_07h55.51.094,Incongruent,IC11.png,18,Right,No,23.9692,76.0,96.0,19,24,TRUE
wpi6l17455810913y40,2025-04-25_07h55.51.094,Incongruent,IC3.png,19,Left,Yes,14.9302,89.0,36.0,89,36,TRUE
wpi6l17455810913y40,2025-04-25_07h55.51.094,Incongruent,IC2.png,20,Left,Yes,27.279,41.0,21.0,41,21,TRUE
wpi6l17455810913y40,2025-04-25_07h55.51.094,Incongruent,IC10.png,21,Right,No,10.7902,37.0,16.0,37,16,TRUE
wpi6l17455810913y40,2025-04-25_07h55.51.094,Incongruent,IC6.png,22,Left,No,32.7248,37.0,30.0,37,30,TRUE
wpi6l17455810913y40,2025-04-25_07h55.51.094,Incongruent,IC4.png,23,Left,No,12.6647,49.0,16.0,49,16,TRUE
wpi6l17455810913y40,2025-04-25_07h55.51.094,Incongruent,IC12.png,24,Right,No,14.0879,63.0,12.0,73,12,FALSE
wpi6l174m1221155790,2025-03-05_19h54.16.667,Congruent,P10.png,1,Right,No,79.5666,110.0,24.0,43,12,FALSE
wpi6l174m1221155790,2025-03-05_19h54.16.667,Congruent,P12.png,2,Right,No,110.7658,123.0,56.0,51,28,FALSE
wpi6l174m1221155790,2025-03-05_19h54.16.667,Congruent,P7.png,3,Right,Yes,105.5137,472.0,54.0,67,9,FALSE
wpi6l174m1221155790,2025-03-05_19h54.16.667,Congruent,P5.png,4,Left,No,47.672,31.0,24.0,31,24,TRUE
wpi6l174m1221155790,2025-03-05_19h54.16.667,Congruent,P3.png,5,Left,Yes,99.4084,63.0,60.0,21,20,TRUE
wpi6l174m1221155790,2025-03-05_19h54.16.667,Congruent,P11.png,6,Right,No,31.8862,19.0,18.0,23,18,FALSE
wpi6l174m1221155790,2025-03-05_19h54.16.667,Congruent,P8.png,7,Right,Yes,56.5068,87.0,40.0,41,20,FALSE
wpi6l174m1221155790,2025-03-05_19h54.16.667,Congruent,P2.png,8,Left,Yes,83.1144,112.0,60.0,28,15,TRUE
wpi6l174m1221155790,2025-03-05_19h54.16.667,Congruent,P1.png,9,Left,Yes,63.3384,31.0,20.0,31,20,TRUE
wpi6l174m1221155790,2025-03-05_19h54.16.667,Congruent,P4.png,10,Left,No,38.8176,71.0,12.0,71,12,TRUE
wpi6l174m1221155790,2025-03-05_19h54.16.667,Congruent,P9.png,11,Right,Yes,85.4486,78.0,42.0,33,14,FALSE
wpi6l174m1221155790,2025-03-05_19h54.16.667,Congruent,P6.png,12,Left,No,80.4648,49.0,24.0,49,24,TRUE
wpi6l174m1221155790,2025-03-05_19h54.16.667,Congruent,CC10.png,13,Right,No,29.3988,37.0,16.0,37,16,TRUE
wpi6l174m1221155790,2025-03-05_19h54.16.667,Congruent,CC9.png,14,Right,Yes,60.7241,94.0,42.0,43,14,FALSE
wpi6l174m1221155790,2025-03-05_19h54.16.667,Congruent,CC1.png,15,Left,Yes,68.0572,87.0,12.0,29,4,TRUE
wpi6l174m1221155790,2025-03-05_19h54.16.667,Congruent,CC3.png,16,Left,Yes,59.7198,88.0,32.0,89,36,FALSE
wpi6l174m1221155790,2025-03-05_19h54.16.667,Congruent,CC4.png,17,Left,No,24.6205,49.0,16.0,49,16,TRUE
wpi6l174m1221155790,2025-03-05_19h54.16.667,Congruent,CC7.png,18,Right,Yes,25.0202,38.0,20.0,19,10,TRUE
wpi6l174m1221155790,2025-03-05_19h54.16.667,Congruent,CC6.png,19,Left,No,51.9732,30.0,30.0,37,30,FALSE
wpi6l174m1221155790,2025-03-05_19h54.16.667,Congruent,CC12.png,20,Right,No,46.6014,73.0,12.0,73,12,TRUE
wpi6l174m1221155790,2025-03-05_19h54.16.667,Congruent,CC2.png,21,Left,Yes,140.9186,82.0,42.0,41,21,TRUE
wpi6l174m1221155790,2025-03-05_19h54.16.667,Congruent,CC5.png,22,Left,No,45.8962,29.0,18.0,29,18,TRUE
wpi6l174m1221155790,2025-03-05_19h54.16.667,Congruent,CC11.png,23,Right,No,29.1657,19.0,24.0,19,24,TRUE
wpi6l174m1221155790,2025-03-05_19h54.16.667,Congruent,CC8.png,24,Right,Yes,76.5907,50.0,42.0,25,21,TRUE
wpi6mj1739394319224,2025-02-12_16h24.56.563,Incongruent,P10.png,1,Right,No,57.0917,43.0,12.0,43,12,TRUE
wpi6mj1739394319224,2025-02-12_16h24.56.563,Incongruent,P4.png,2,Left,No,21.1421,71.0,12.0,71,12,TRUE
wpi6mj1739394319224,2025-02-12_16h24.56.563,Incongruent,P7.png,3,Right,Yes,44.243,134.0,18.0,67,9,TRUE
wpi6mj1739394319224,2025-02-12_16h24.56.563,Incongruent,P3.png,4,Left,Yes,27.0843,52.0,12.0,21,20,FALSE
wpi6mj1739394319224,2025-02-12_16h24.56.563,Incongruent,P1.png,5,Left,Yes,18.9418,31.0,20.0,31,20,TRUE
wpi6mj1739394319224,2025-02-12_16h24.56.563,Incongruent,P9.png,6,Right,Yes,54.0179,88.0,42.0,33,14,FALSE
wpi6mj1739394319224,2025-02-12_16h24.56.563,Incongruent,P2.png,7,Left,Yes,52.1398,87.0,60.0,28,15,FALSE
wpi6mj1739394319224,2025-02-12_16h24.56.563,Incongruent,P8.png,8,Right,Yes,58.4698,112.0,40.0,41,20,FALSE
wpi6mj1739394319224,2025-02-12_16h24.56.563,Incongruent,P12.png,9,Right,No,39.9857,51.0,28.0,51,28,TRUE
wpi6mj1739394319224,2025-02-12_16h24.56.563,Incongruent,P11.png,10,Right,No,25.8684,23.0,18.0,23,18,TRUE
wpi6mj1739394319224,2025-02-12_16h24.56.563,Incongruent,P6.png,11,Left,No,45.0301,94.0,24.0,49,24,FALSE
wpi6mj1739394319224,2025-02-12_16h24.56.563,Incongruent,P5.png,12,Left,No,32.8271,31.0,24.0,31,24,TRUE
wpi6mj1739394319224,2025-02-12_16h24.56.563,Incongruent,IC12.png,13,Right,No,66.2477,146.0,24.0,73,12,TRUE
wpi6mj1739394319224,2025-02-12_16h24.56.563,Incongruent,IC2.png,14,Left,Yes,55.1949,237.0,21.0,41,21,FALSE
wpi6mj1739394319224,2025-02-12_16h24.56.563,Incongruent,IC4.png,15,Left,No,29.1866,49.0,16.0,49,16,TRUE
wpi6mj1739394319224,2025-02-12_16h24.56.563,Incongruent,IC7.png,16,Right,Yes,33.2416,38.0,20.0,19,10,TRUE
wpi6mj1739394319224,2025-02-12_16h24.56.563,Incongruent,IC3.png,17,Left,Yes,39.5716,89.0,36.0,89,36,TRUE
wpi6mj1739394319224,2025-02-12_16h24.56.563,Incongruent,IC1.png,18,Left,Yes,25.65,87.0,12.0,29,4,TRUE
wpi6mj1739394319224,2025-02-12_16h24.56.563,Incongruent,IC6.png,19,Left,No,38.5213,37.0,30.0,37,30,TRUE
wpi6mj1739394319224,2025-02-12_16h24.56.563,Incongruent,IC9.png,20,Right,Yes,56.0245,86.0,42.0,43,14,FALSE
wpi6mj1739394319224,2025-02-12_16h24.56.563,Incongruent,IC11.png,21,Right,No,14.6901,19.0,24.0,19,24,TRUE
wpi6mj1739394319224,2025-02-12_16h24.56.563,Incongruent,IC8.png,22,Right,Yes,13.0498,85.0,32.0,25,21,FALSE
wpi6mj1739394319224,2025-02-12_16h24.56.563,Incongruent,IC5.png,23,Left,No,19.0263,29.0,18.0,29,18,TRUE
wpi6mj1739394319224,2025-02-12_16h24.56.563,Incongruent,IC10.png,24,Right,No,12.6468,37.0,16.0,37,16,TRUE
wpi6n174639a7009255,2025-05-04_18h32.49.222,Incongruent,P9.png,1,Right,Yes,66.848,49.5,21.0,33,14,TRUE
wpi6n174639a7009255,2025-05-04_18h32.49.222,Incongruent,P5.png,2,Left,No,55.66,31.0,24.0,31,24,TRUE
wpi6n174639a7009255,2025-05-04_18h32.49.222,Incongruent,P4.png,3,Left,No,24.611,71.0,6.0,71,12,FALSE
wpi6n174639a7009255,2025-05-04_18h32.49.222,Incongruent,P12.png,4,Right,No,31.652,36.0,28.0,51,28,FALSE
wpi6n174639a7009255,2025-05-04_18h32.49.222,Incongruent,P1.png,5,Left,Yes,16.548,31.0,20.0,31,20,TRUE
wpi6n174639a7009255,2025-05-04_18h32.49.222,Incongruent,P8.png,6,Right,Yes,32.564,41.0,20.0,41,20,TRUE
wpi6n174639a7009255,2025-05-04_18h32.49.222,Incongruent,P3.png,7,Left,Yes,67.492,0.0,0.0,21,20,FALSE
wpi6n174639a7009255,2025-05-04_18h32.49.222,Incongruent,P2.png,8,Left,Yes,57.45,104.0,60.0,28,15,FALSE
wpi6n174639a7009255,2025-05-04_18h32.49.222,Incongruent,P6.png,9,Left,No,37.097,98.0,48.0,49,24,TRUE
wpi6n174639a7009255,2025-05-04_18h32.49.222,Incongruent,P7.png,10,Right,Yes,52.616,405.0,54.0,67,9,FALSE
wpi6n174639a7009255,2025-05-04_18h32.49.222,Incongruent,P11.png,11,Right,No,27.373,65.0,54.0,23,18,FALSE
wpi6n174639a7009255,2025-05-04_18h32.49.222,Incongruent,P10.png,12,Right,No,34.811,43.0,12.0,43,12,TRUE
wpi6n174639a7009255,2025-05-04_18h32.49.222,Incongruent,IC12.png,13,Right,No,27.988,146.0,24.0,73,12,TRUE
wpi6n174639a7009255,2025-05-04_18h32.49.222,Incongruent,IC3.png,14,Left,Yes,51.415,178.0,72.0,89,36,TRUE
wpi6n174639a7009255,2025-05-04_18h32.49.222,Incongruent,IC1.png,15,Left,Yes,37.661,75.0,12.0,29,4,FALSE
wpi6n174639a7009255,2025-05-04_18h32.49.222,Incongruent,IC11.png,16,Right,No,56.197,19.0,24.0,19,24,TRUE
wpi6n174639a7009255,2025-05-04_18h32.49.222,Incongruent,IC9.png,17,Right,Yes,35.964,129.0,42.0,43,14,TRUE
wpi6n174639a7009255,2025-05-04_18h32.49.222,Incongruent,IC5.png,18,Left,No,44.463,87.0,54.0,29,18,TRUE
wpi6n174639a7009255,2025-05-04_18h32.49.222,Incongruent,IC2.png,19,Left,Yes,46.099,68.0,42.0,41,21,FALSE
wpi6n174639a7009255,2025-05-04_18h32.49.222,Incongruent,IC7.png,20,Right,Yes,13.802,19.0,10.0,19,10,TRUE
wpi6n174639a7009255,2025-05-04_18h32.49.222,Incongruent,IC10.png,21,Right,No,40.137,44.0,16.0,37,16,FALSE
wpi6n174639a7009255,2025-05-04_18h32.49.222,Incongruent,IC8.png,22,Right,Yes,34.648,43.0,42.0,25,21,FALSE
wpi6n174639a7009255,2025-05-04_18h32.49.222,Incongruent,IC6.png,23,Left,No,27.85,37.0,30.0,37,30,TRUE
wpi6n174639a7009255,2025-05-04_18h32.49.222,Incongruent,IC4.png,24,Left,No,16.597,49.0,16.0,49,16,TRUE
wpi6o173817567g7689,2025-01-29_13h52.45.522,Incongruent,P11.png,1,Right,No,100.1921,54.0,54.0,23,18,FALSE
wpi6o173817567g7689,2025-01-29_13h52.45.522,Incongruent,P3.png,2,Left,Yes,34.3147,29.0,20.0,21,20,FALSE
wpi6o173817567g7689,2025-01-29_13h52.45.522,Incongruent,P2.png,3,Left,Yes,226.3823,102.0,15.0,28,15,FALSE
wpi6o173817567g7689,2025-01-29_13h52.45.522,Incongruent,P6.png,4,Left,No,56.6421,96.0,48.0,49,24,FALSE
wpi6o173817567g7689,2025-01-29_13h52.45.522,Incongruent,P7.png,5,Right,Yes,191.2962,106.0,34.0,67,9,FALSE
wpi6o173817567g7689,2025-01-29_13h52.45.522,Incongruent,P4.png,6,Left,No,135.6028,55.0,36.0,71,12,FALSE
wpi6o173817567g7689,2025-01-29_13h52.45.522,Incongruent,P5.png,7,Left,No,28.6664,27.0,48.0,31,24,FALSE
wpi6o173817567g7689,2025-01-29_13h52.45.522,Incongruent,P8.png,8,Right,Yes,42.0148,52.0,40.0,41,20,FALSE
wpi6o173817567g7689,2025-01-29_13h52.45.522,Incongruent,P1.png,9,Left,Yes,60.3875,58.0,100.0,31,20,FALSE
wpi6o173817567g7689,2025-01-29_13h52.45.522,Incongruent,P12.png,10,Right,No,73.2807,69.0,56.0,51,28,FALSE
wpi6o173817567g7689,2025-01-29_13h52.45.522,Incongruent,P10.png,11,Right,No,60.8044,55.0,12.0,43,12,FALSE
wpi6o173817567g7689,2025-01-29_13h52.45.522,Incongruent,P9.png,12,Right,Yes,39.0967,78.0,52.0,33,14,FALSE
wpi6o173817567g7689,2025-01-29_13h52.45.522,Incongruent,IC2.png,13,Left,Yes,77.8357,96.0,42.0,41,21,FALSE
wpi6o173817567g7689,2025-01-29_13h52.45.522,Incongruent,IC10.png,14,Right,No,64.4187,91.0,32.0,37,16,FALSE
wpi6o173817567g7689,2025-01-29_13h52.45.522,Incongruent,IC5.png,15,Left,No,35.1217,50.0,18.0,29,18,FALSE
wpi6o173817567g7689,2025-01-29_13h52.45.522,Incongruent,IC9.png,16,Right,Yes,63.1993,94.0,42.0,43,14,FALSE
wpi6o173817567g7689,2025-01-29_13h52.45.522,Incongruent,IC12.png,17,Right,No,33.4661,75.0,12.0,73,12,FALSE
wpi6o173817567g7689,2025-01-29_13h52.45.522,Incongruent,IC6.png,18,Left,No,110.7163,30.0,30.0,37,30,FALSE
wpi6o173817567g7689,2025-01-29_13h52.45.522,Incongruent,IC11.png,19,Right,No,21.4876,24.0,24.0,19,24,FALSE
wpi6o173817567g7689,2025-01-29_13h52.45.522,Incongruent,IC8.png,20,Right,Yes,44.1287,57.0,42.0,25,21,FALSE
wpi6o173817567g7689,2025-01-29_13h52.45.522,Incongruent,IC4.png,21,Left,No,78.4968,134.0,32.0,49,16,FALSE
wpi6o173817567g7689,2025-01-29_13h52.45.522,Incongruent,IC1.png,22,Left,Yes,47.5259,279.0,24.0,29,4,FALSE
wpi6o173817567g7689,2025-01-29_13h52.45.522,Incongruent,IC3.png,23,Left,Yes,20.1879,88.0,36.0,89,36,FALSE
wpi6o173817567g7689,2025-01-29_13h52.45.522,Incongruent,IC7.png,24,Right,Yes,29.0521,66.0,40.0,19,10,FALSE
wpi6p17372196220r04,2025-01-18_12h19.18.121,Incongruent,P2.png,1,Left,Yes,121.3863,112.0,60.0,28,15,TRUE
wpi6p17372196220r04,2025-01-18_12h19.18.121,Incongruent,P7.png,2,Right,Yes,100.7764,43.0,9.0,67,9,FALSE
wpi6p17372196220r04,2025-01-18_12h19.18.121,Incongruent,P9.png,3,Right,Yes,78.6577,99.0,42.0,33,14,TRUE
wpi6p17372196220r04,2025-01-18_12h19.18.121,Incongruent,P11.png,4,Right,No,80.5966,69.0,54.0,23,18,TRUE
wpi6p17372196220r04,2025-01-18_12h19.18.121,Incongruent,P1.png,5,Left,Yes,46.5117,31.0,20.0,31,20,TRUE
wpi6p17372196220r04,2025-01-18_12h19.18.121,Incongruent,P6.png,6,Left,No,118.7128,49.0,24.0,49,24,TRUE
wpi6p17372196220r04,2025-01-18_12h19.18.121,Incongruent,P5.png,7,Left,No,71.4927,31.0,24.0,31,24,TRUE
wpi6p17372196220r04,2025-01-18_12h19.18.121,Incongruent,P3.png,8,Left,Yes,123.5453,63.0,60.0,21,20,TRUE
wpi6p17372196220r04,2025-01-18_12h19.18.121,Incongruent,P4.png,9,Left,No,45.2793,71.0,12.0,71,12,TRUE
wpi6p17372196220r04,2025-01-18_12h19.18.121,Incongruent,P12.png,10,Right,No,57.4632,18.5,14.0,51,28,FALSE
wpi6p17372196220r04,2025-01-18_12h19.18.121,Incongruent,P8.png,11,Right,Yes,44.5126,41.0,20.0,41,20,TRUE
wpi6p17372196220r04,2025-01-18_12h19.18.121,Incongruent,P10.png,12,Right,No,40.4972,43.0,12.0,43,12,TRUE
wpi6p17372196220r04,2025-01-18_12h19.18.121,Incongruent,IC7.png,13,Right,Yes,60.9069,38.0,20.0,19,10,TRUE
wpi6p17372196220r04,2025-01-18_12h19.18.121,Incongruent,IC6.png,14,Left,No,70.3616,37.0,30.0,37,30,TRUE
wpi6p17372196220r04,2025-01-18_12h19.18.121,Incongruent,IC10.png,15,Right,No,31.0653,37.0,16.0,37,16,TRUE
wpi6p17372196220r04,2025-01-18_12h19.18.121,Incongruent,IC12.png,16,Right,No,39.0472,73.0,12.0,73,12,TRUE
wpi6p17372196220r04,2025-01-18_12h19.18.121,Incongruent,IC11.png,17,Right,No,66.2959,19.0,24.0,19,24,TRUE
wpi6p17372196220r04,2025-01-18_12h19.18.121,Incongruent,IC9.png,18,Right,Yes,61.4943,129.0,42.0,43,14,TRUE
wpi6p17372196220r04,2025-01-18_12h19.18.121,Incongruent,IC8.png,19,Right,Yes,73.0766,1.2,1.0,25,21,FALSE
wpi6p17372196220r04,2025-01-18_12h19.18.121,Incongruent,IC2.png,20,Left,Yes,108.3939,82.0,42.0,41,21,TRUE
wpi6p17372196220r04,2025-01-18_12h19.18.121,Incongruent,IC5.png,21,Left,No,51.3486,29.0,18.0,29,18,TRUE
wpi6p17372196220r04,2025-01-18_12h19.18.121,Incongruent,IC3.png,22,Left,Yes,40.4939,44.5,18.0,89,36,TRUE
wpi6p17372196220r04,2025-01-18_12h19.18.121,Incongruent,IC1.png,23,Left,Yes,55.08,87.0,12.0,29,4,TRUE
wpi6p17372196220r04,2025-01-18_12h19.18.121,Incongruent,IC4.png,24,Left,No,30.4476,49.0,16.0,49,16,TRUE
wpi6p173e3404848397,2024-12-05_08h36.23.926,Congruent,P2.png,1,Left,Yes,110.3825,0,0,28,15,FALSE
wpi6p173e3404848397,2024-12-05_08h36.23.926,Congruent,P10.png,2,Right,No,42.2818,43,12,43,12,TRUE
wpi6p173e3404848397,2024-12-05_08h36.23.926,Congruent,P1.png,3,Left,Yes,51.7472,53,20,31,20,FALSE
wpi6p173e3404848397,2024-12-05_08h36.23.926,Congruent,P4.png,4,Left,No,63.3787,70,12,71,12,FALSE
wpi6p173e3404848397,2024-12-05_08h36.23.926,Congruent,P3.png,5,Left,Yes,20.9276,0,0,21,20,FALSE
wpi6p173e3404848397,2024-12-05_08h36.23.926,Congruent,P6.png,6,Left,No,52.927,19,24,49,24,FALSE
wpi6p173e3404848397,2024-12-05_08h36.23.926,Congruent,P5.png,7,Left,No,14.8513,0,0,31,24,FALSE
wpi6p173e3404848397,2024-12-05_08h36.23.926,Congruent,P12.png,8,Right,No,85.8409,51,28,51,28,TRUE
wpi6p173e3404848397,2024-12-05_08h36.23.926,Congruent,P7.png,9,Right,Yes,31.4694,40,6,67,9,FALSE
wpi6p173e3404848397,2024-12-05_08h36.23.926,Congruent,P8.png,10,Right,Yes,33.4339,18,1,41,20,FALSE
wpi6p173e3404848397,2024-12-05_08h36.23.926,Congruent,P9.png,11,Right,Yes,9.6101,0,0,33,14,FALSE
wpi6p173e3404848397,2024-12-05_08h36.23.926,Congruent,P11.png,12,Right,No,9.2464,0,0,23,18,FALSE
wpi6p173e3404848397,2024-12-05_08h36.23.926,Congruent,CC10.png,13,Right,No,32.0671,37,16,37,16,TRUE
wpi6p173e3404848397,2024-12-05_08h36.23.926,Congruent,CC4.png,14,Left,No,20.4045,35,16,49,16,FALSE
wpi6p173e3404848397,2024-12-05_08h36.23.926,Congruent,CC1.png,15,Left,Yes,39.3642,82,12,29,4,FALSE
wpi6p173e3404848397,2024-12-05_08h36.23.926,Congruent,CC12.png,16,Right,No,18.3769,35,6,73,12,FALSE
wpi6p173e3404848397,2024-12-05_08h36.23.926,Congruent,CC3.png,17,Left,Yes,5.5139,0,0,89,36,FALSE
wpi6p173e3404848397,2024-12-05_08h36.23.926,Congruent,CC7.png,18,Right,Yes,20.2116,38,20,19,10,TRUE
wpi6p173e3404848397,2024-12-05_08h36.23.926,Congruent,CC8.png,19,Right,Yes,6.8588,0,0,25,21,FALSE
wpi6p173e3404848397,2024-12-05_08h36.23.926,Congruent,CC2.png,20,Left,Yes,7.3072,0,0,41,21,FALSE
wpi6p173e3404848397,2024-12-05_08h36.23.926,Congruent,CC11.png,21,Right,No,35.7697,0,12,19,24,FALSE
wpi6p173e3404848397,2024-12-05_08h36.23.926,Congruent,CC6.png,22,Left,No,11.6756,0,0,37,30,FALSE
wpi6p173e3404848397,2024-12-05_08h36.23.926,Congruent,CC9.png,23,Right,Yes,8.4221,0,0,43,14,FALSE
wpi6p173e3404848397,2024-12-05_08h36.23.926,Congruent,CC5.png,24,Left,No,23.129,?,?,29,18,FALSE
wpi6p174y6391119900,2025-05-04_16h53.46.223,Congruent,P9.png,1,Right,Yes,73.019,117.0,28.0,33,14,FALSE
wpi6p174y6391119900,2025-05-04_16h53.46.223,Congruent,P10.png,2,Right,No,18.631,14.0,3.0,43,12,FALSE
wpi6p174y6391119900,2025-05-04_16h53.46.223,Congruent,P2.png,3,Left,Yes,33.965,14.0,5.0,28,15,FALSE
wpi6p174y6391119900,2025-05-04_16h53.46.223,Congruent,P4.png,4,Left,No,105.899,131.0,60.0,71,12,FALSE
wpi6p174y6391119900,2025-05-04_16h53.46.223,Congruent,P11.png,5,Right,No,17.03,94.0,9.0,23,18,FALSE
wpi6p174y6391119900,2025-05-04_16h53.46.223,Congruent,P7.png,6,Right,Yes,29.748,247.0,144.0,67,9,FALSE
wpi6p174y6391119900,2025-05-04_16h53.46.223,Congruent,P3.png,7,Left,Yes,36.897,77.0,20.0,21,20,FALSE
wpi6p174y6391119900,2025-05-04_16h53.46.223,Congruent,P12.png,8,Right,No,32.866,57.0,20.0,51,28,FALSE
wpi6p174y6391119900,2025-05-04_16h53.46.223,Congruent,P5.png,9,Left,No,30.897,127.0,8.0,31,24,FALSE
wpi6p174y6391119900,2025-05-04_16h53.46.223,Congruent,P6.png,10,Left,No,8.331,21.0,6.0,49,24,FALSE
wpi6p174y6391119900,2025-05-04_16h53.46.223,Congruent,P1.png,11,Left,Yes,24.732,89.0,40.0,31,20,FALSE
wpi6p174y6391119900,2025-05-04_16h53.46.223,Congruent,P8.png,12,Right,Yes,20.997,18.0,12.0,41,20,FALSE
wpi6p174y6391119900,2025-05-04_16h53.46.223,Congruent,CC1.png,13,Left,Yes,20.924,19.0,10.0,29,4,FALSE
wpi6p174y6391119900,2025-05-04_16h53.46.223,Congruent,CC11.png,14,Right,No,26.764,7.0,12.0,19,24,FALSE
wpi6p174y6391119900,2025-05-04_16h53.46.223,Congruent,CC6.png,15,Left,No,13.264,19.0,10.0,37,30,FALSE
wpi6p174y6391119900,2025-05-04_16h53.46.223,Congruent,CC9.png,16,Right,Yes,26.533,53.0,14.0,43,14,FALSE
wpi6p174y6391119900,2025-05-04_16h53.46.223,Congruent,CC10.png,17,Right,No,39.798,55.0,48.0,37,16,FALSE
wpi6p174y6391119900,2025-05-04_16h53.46.223,Congruent,CC5.png,18,Left,No,36.683,149.0,18.0,29,18,FALSE
wpi6p174y6391119900,2025-05-04_16h53.46.223,Congruent,CC12.png,19,Right,No,26.025,46.0,20.0,73,12,FALSE
wpi6p174y6391119900,2025-05-04_16h53.46.223,Congruent,CC8.png,20,Right,Yes,13.197,15.0,21.0,25,21,FALSE
wpi6p174y6391119900,2025-05-04_16h53.46.223,Congruent,CC7.png,21,Right,Yes,24.466,93.0,30.0,19,10,FALSE
wpi6p174y6391119900,2025-05-04_16h53.46.223,Congruent,CC4.png,22,Left,No,34.897,245.0,48.0,49,16,FALSE
wpi6p174y6391119900,2025-05-04_16h53.46.223,Congruent,CC2.png,23,Left,Yes,20.365,29.0,12.0,41,21,FALSE
wpi6p174y6391119900,2025-05-04_16h53.46.223,Congruent,CC3.png,24,Left,Yes,18.998,49.0,46.0,89,36,FALSE
wpi6p17b29773735995,2024-10-24_09h06.58.456,Incongruent,P3.png,1,Left,Yes,63.82,21.0,20.0,21,20,TRUE
wpi6p17b29773735995,2024-10-24_09h06.58.456,Incongruent,P1.png,2,Left,Yes,26.305,31.0,20.0,31,20,TRUE
wpi6p17b29773735995,2024-10-24_09h06.58.456,Incongruent,P12.png,3,Right,No,197.489,65.0,56.0,51,28,FALSE
wpi6p17b29773735995,2024-10-24_09h06.58.456,Incongruent,P11.png,4,Right,No,85.315,23.0,18.0,23,18,TRUE
wpi6p17b29773735995,2024-10-24_09h06.58.456,Incongruent,P9.png,5,Right,Yes,121.588,99.0,42.0,33,14,TRUE
wpi6p17b29773735995,2024-10-24_09h06.58.456,Incongruent,P6.png,6,Left,No,38.786,49.0,24.0,49,24,TRUE
wpi6p17b29773735995,2024-10-24_09h06.58.456,Incongruent,P2.png,7,Left,Yes,101.827,122.0,60.0,28,15,FALSE
wpi6p17b29773735995,2024-10-24_09h06.58.456,Incongruent,P8.png,8,Right,Yes,68.396,41.0,20.0,41,20,TRUE
wpi6p17b29773735995,2024-10-24_09h06.58.456,Incongruent,P4.png,9,Left,No,30.187,71.0,12.0,71,12,TRUE
wpi6p17b29773735995,2024-10-24_09h06.58.456,Incongruent,P7.png,10,Right,Yes,28.292,134.0,18.0,67,9,TRUE
wpi6p17b29773735995,2024-10-24_09h06.58.456,Incongruent,P5.png,11,Left,No,50.431,31.0,24.0,31,24,TRUE
wpi6p17b29773735995,2024-10-24_09h06.58.456,Incongruent,P10.png,12,Right,No,41.163,43.0,12.0,43,12,TRUE
wpi6p17b29773735995,2024-10-24_09h06.58.456,Incongruent,IC3.png,13,Left,Yes,44.379,89.0,36.0,89,36,TRUE
wpi6p17b29773735995,2024-10-24_09h06.58.456,Incongruent,IC11.png,14,Right,No,33.052,19.0,24.0,19,24,TRUE
wpi6p17b29773735995,2024-10-24_09h06.58.456,Incongruent,IC5.png,15,Left,No,34.522,29.0,18.0,29,18,TRUE
wpi6p17b29773735995,2024-10-24_09h06.58.456,Incongruent,IC7.png,16,Right,Yes,36.609,19.0,10.0,19,10,TRUE
wpi6p17b29773735995,2024-10-24_09h06.58.456,Incongruent,IC2.png,17,Left,Yes,41.414,41.0,21.0,41,21,TRUE
wpi6p17b29773735995,2024-10-24_09h06.58.456,Incongruent,IC4.png,18,Left,No,29.862,49.0,16.0,49,16,TRUE
wpi6p17b29773735995,2024-10-24_09h06.58.456,Incongruent,IC12.png,19,Right,No,47.622,146.0,24.0,73,12,TRUE
wpi6p17b29773735995,2024-10-24_09h06.58.456,Incongruent,IC10.png,20,Right,No,23.987,37.0,16.0,37,16,TRUE
wpi6p17b29773735995,2024-10-24_09h06.58.456,Incongruent,IC8.png,21,Right,Yes,63.946,25.0,21.0,25,21,TRUE
wpi6p17b29773735995,2024-10-24_09h06.58.456,Incongruent,IC9.png,22,Right,Yes,72.485,43.0,14.0,43,14,TRUE
wpi6p17b29773735995,2024-10-24_09h06.58.456,Incongruent,IC6.png,23,Left,No,33.095,37.0,30.0,37,30,TRUE
wpi6p17b29773735995,2024-10-24_09h06.58.456,Incongruent,IC1.png,24,Left,Yes,29.01,29.0,4.0,29,4,TRUE
wpi6q1741050307u581,2025-03-03_20h27.16.797,Congruent,P9.png,1,Right,Yes,125.0695,78.0,21.0,33,14,FALSE
wpi6q1741050307u581,2025-03-03_20h27.16.797,Congruent,P5.png,2,Left,No,58.1266,31.0,24.0,31,24,TRUE
wpi6q1741050307u581,2025-03-03_20h27.16.797,Congruent,P4.png,3,Left,No,80.7347,71.0,12.0,71,12,TRUE
wpi6q1741050307u581,2025-03-03_20h27.16.797,Congruent,P2.png,4,Left,Yes,84.2205,102.0,60.0,28,15,FALSE
wpi6q1741050307u581,2025-03-03_20h27.16.797,Congruent,P1.png,5,Left,Yes,32.175,31.0,20.0,31,20,TRUE
wpi6q1741050307u581,2025-03-03_20h27.16.797,Congruent,P10.png,6,Right,No,33.3164,55.0,12.0,43,12,FALSE
wpi6q1741050307u581,2025-03-03_20h27.16.797,Congruent,P6.png,7,Left,No,62.5441,48.0,24.0,49,24,FALSE
wpi6q1741050307u581,2025-03-03_20h27.16.797,Congruent,P11.png,8,Right,No,37.3593,19.0,18.0,23,18,FALSE
wpi6q1741050307u581,2025-03-03_20h27.16.797,Congruent,P12.png,9,Right,No,130.8617,123.0,56.0,51,28,FALSE
wpi6q1741050307u581,2025-03-03_20h27.16.797,Congruent,P8.png,10,Right,Yes,67.0045,87.0,40.0,41,20,FALSE
wpi6q1741050307u581,2025-03-03_20h27.16.797,Congruent,P7.png,11,Right,Yes,280.5926,372.0,54.0,67,9,FALSE
wpi6q1741050307u581,2025-03-03_20h27.16.797,Congruent,P3.png,12,Left,Yes,42.357,58.0,60.0,21,20,FALSE
wpi6q1741050307u581,2025-03-03_20h27.16.797,Congruent,CC6.png,13,Left,No,42.3393,30.0,30.0,37,30,FALSE
wpi6q1741050307u581,2025-03-03_20h27.16.797,Congruent,CC10.png,14,Right,No,48.6878,37.0,16.0,37,16,TRUE
wpi6q1741050307u581,2025-03-03_20h27.16.797,Congruent,CC7.png,15,Right,Yes,60.6229,69.0,40.0,19,10,FALSE
wpi6q1741050307u581,2025-03-03_20h27.16.797,Congruent,CC2.png,16,Left,Yes,79.074,96.0,28.0,41,21,FALSE
wpi6q1741050307u581,2025-03-03_20h27.16.797,Congruent,CC4.png,17,Left,No,152.0446,133.0,32.0,49,16,FALSE
wpi6q1741050307u581,2025-03-03_20h27.16.797,Congruent,CC11.png,18,Right,No,21.9609,21.0,24.0,19,24,FALSE
wpi6q1741050307u581,2025-03-03_20h27.16.797,Congruent,CC8.png,19,Right,Yes,48.8955,57.0,28.0,25,21,FALSE
wpi6q1741050307u581,2025-03-03_20h27.16.797,Congruent,CC5.png,20,Left,No,56.6512,50.0,18.0,29,18,FALSE
wpi6q1741050307u581,2025-03-03_20h27.16.797,Congruent,CC3.png,21,Left,Yes,36.4304,88.0,36.0,89,36,FALSE
wpi6q1741050307u581,2025-03-03_20h27.16.797,Congruent,CC9.png,22,Right,Yes,81.9459,94.0,42.0,43,14,FALSE
wpi6q1741050307u581,2025-03-03_20h27.16.797,Congruent,CC1.png,23,Left,Yes,54.108,216.0,24.0,29,4,FALSE
wpi6q1741050307u581,2025-03-03_20h27.16.797,Congruent,CC12.png,24,Right,No,47.6743,75.0,12.0,73,12,FALSE
wpi6q1r733262180904,2024-12-03_17h04.19.954,Incongruent,P6.png,1,Left,No,34.8675,48.0,24.0,49,24,FALSE
wpi6q1r733262180904,2024-12-03_17h04.19.954,Incongruent,P3.png,2,Left,Yes,25.7683,108.0,60.0,21,20,FALSE
wpi6q1r733262180904,2024-12-03_17h04.19.954,Incongruent,P9.png,3,Right,Yes,36.2039,78.0,42.0,33,14,FALSE
wpi6q1r733262180904,2024-12-03_17h04.19.954,Incongruent,P4.png,4,Left,No,26.9011,215.0,36.0,71,12,FALSE
wpi6q1r733262180904,2024-12-03_17h04.19.954,Incongruent,P12.png,5,Right,No,25.8994,153.0,42.0,51,28,FALSE
wpi6q1r733262180904,2024-12-03_17h04.19.954,Incongruent,P11.png,6,Right,No,10.6313,19.0,18.0,23,18,FALSE
wpi6q1r733262180904,2024-12-03_17h04.19.954,Incongruent,P2.png,7,Left,Yes,26.4755,102.0,60.0,28,15,FALSE
wpi6q1r733262180904,2024-12-03_17h04.19.954,Incongruent,P7.png,8,Right,Yes,89.9074,492.0,81.0,67,9,FALSE
wpi6q1r733262180904,2024-12-03_17h04.19.954,Incongruent,P5.png,9,Left,No,18.5088,27.0,48.0,31,24,FALSE
wpi6q1r733262180904,2024-12-03_17h04.19.954,Incongruent,P10.png,10,Right,No,13.9511,55.0,12.0,43,12,FALSE
wpi6q1r733262180904,2024-12-03_17h04.19.954,Incongruent,P1.png,11,Left,Yes,40.0664,141.0,100.0,31,20,FALSE
wpi6q1r733262180904,2024-12-03_17h04.19.954,Incongruent,P8.png,12,Right,Yes,41.0937,87.0,40.0,41,20,FALSE
wpi6q1r733262180904,2024-12-03_17h04.19.954,Incongruent,IC7.png,13,Right,Yes,16.5196,69.0,40.0,19,10,FALSE
wpi6q1r733262180904,2024-12-03_17h04.19.954,Incongruent,IC1.png,14,Left,Yes,31.0735,87.0,12.0,29,4,TRUE
wpi6q1r733262180904,2024-12-03_17h04.19.954,Incongruent,IC8.png,15,Right,Yes,24.4316,57.0,42.0,25,21,FALSE
wpi6q1r733262180904,2024-12-03_17h04.19.954,Incongruent,IC6.png,16,Left,No,18.1281,30.0,30.0,37,30,FALSE
wpi6q1r733262180904,2024-12-03_17h04.19.954,Incongruent,IC11.png,17,Right,No,11.7908,24.0,24.0,19,24,FALSE
wpi6q1r733262180904,2024-12-03_17h04.19.954,Incongruent,IC5.png,18,Left,No,10.416,50.0,18.0,29,18,FALSE
wpi6q1r733262180904,2024-12-03_17h04.19.954,Incongruent,IC12.png,19,Right,No,16.5595,75.0,12.0,73,12,FALSE
wpi6q1r733262180904,2024-12-03_17h04.19.954,Incongruent,IC3.png,20,Left,Yes,10.0901,88.0,36.0,89,36,FALSE
wpi6q1r733262180904,2024-12-03_17h04.19.954,Incongruent,IC10.png,21,Right,No,13.0004,81.0,32.0,37,16,FALSE
wpi6q1r733262180904,2024-12-03_17h04.19.954,Incongruent,IC4.png,22,Left,No,22.5546,133.0,32.0,49,16,FALSE
wpi6q1r733262180904,2024-12-03_17h04.19.954,Incongruent,IC9.png,23,Right,Yes,30.5366,94.0,42.0,43,14,FALSE
wpi6q1r733262180904,2024-12-03_17h04.19.954,Incongruent,IC2.png,24,Left,Yes,22.5086,96.0,42.0,41,21,FALSE
wpi6r17446q67212312,2025-04-14_18h06.05.224,Congruent,P10.png,1,Right,No,17.3393,33.0,30.0,43,12,FALSE
wpi6r17446q67212312,2025-04-14_18h06.05.224,Congruent,P3.png,2,Left,Yes,61.2353,107.0,60.0,21,20,FALSE
wpi6r17446q67212312,2025-04-14_18h06.05.224,Congruent,P1.png,3,Left,Yes,37.2353,31.0,20.0,31,20,TRUE
wpi6r17446q67212312,2025-04-14_18h06.05.224,Congruent,P7.png,4,Right,Yes,39.1635,67.0,9.0,67,9,TRUE
wpi6r17446q67212312,2025-04-14_18h06.05.224,Congruent,P5.png,5,Left,No,24.5726,31.0,24.0,31,24,TRUE
wpi6r17446q67212312,2025-04-14_18h06.05.224,Congruent,P4.png,6,Left,No,12.2605,71.0,12.0,71,12,TRUE
wpi6r17446q67212312,2025-04-14_18h06.05.224,Congruent,P6.png,7,Left,No,17.0923,49.0,24.0,49,24,TRUE
wpi6r17446q67212312,2025-04-14_18h06.05.224,Congruent,P9.png,8,Right,Yes,21.9153,81.0,21.0,33,14,FALSE
wpi6r17446q67212312,2025-04-14_18h06.05.224,Congruent,P8.png,9,Right,Yes,20.5192,41.0,20.0,41,20,TRUE
wpi6r17446q67212312,2025-04-14_18h06.05.224,Congruent,P12.png,10,Right,No,40.3079,51.0,28.0,51,28,TRUE
wpi6r17446q67212312,2025-04-14_18h06.05.224,Congruent,P11.png,11,Right,No,25.7988,23.0,18.0,23,18,TRUE
wpi6r17446q67212312,2025-04-14_18h06.05.224,Congruent,P2.png,12,Left,Yes,14.5637,88.0,60.0,28,15,FALSE
wpi6r17446q67212312,2025-04-14_18h06.05.224,Congruent,CC5.png,13,Left,No,24.4072,29.0,18.0,29,18,TRUE
wpi6r17446q67212312,2025-04-14_18h06.05.224,Congruent,CC3.png,14,Left,Yes,27.5508,98.0,36.0,89,36,FALSE
wpi6r17446q67212312,2025-04-14_18h06.05.224,Congruent,CC4.png,15,Left,No,15.8377,49.0,16.0,49,16,TRUE
wpi6r17446q67212312,2025-04-14_18h06.05.224,Congruent,CC11.png,16,Right,No,17.4638,19.0,24.0,19,24,TRUE
wpi6r17446q67212312,2025-04-14_18h06.05.224,Congruent,CC2.png,17,Left,Yes,34.8659,52.0,28.0,41,21,FALSE
wpi6r17446q67212312,2025-04-14_18h06.05.224,Congruent,CC8.png,18,Right,Yes,13.3653,31.0,28.0,25,21,FALSE
wpi6r17446q67212312,2025-04-14_18h06.05.224,Congruent,CC7.png,19,Right,Yes,12.1708,38.0,20.0,19,10,TRUE
wpi6r17446q67212312,2025-04-14_18h06.05.224,Congruent,CC1.png,20,Left,Yes,16.7674,97.0,12.0,29,4,FALSE
wpi6r17446q67212312,2025-04-14_18h06.05.224,Congruent,CC12.png,21,Right,No,17.0733,73.0,12.0,73,12,TRUE
wpi6r17446q67212312,2025-04-14_18h06.05.224,Congruent,CC10.png,22,Right,No,11.2073,37.0,16.0,37,16,TRUE
wpi6r17446q67212312,2025-04-14_18h06.05.224,Congruent,CC9.png,23,Right,Yes,54.8415,117.0,21.0,43,14,FALSE
wpi6r17446q67212312,2025-04-14_18h06.05.224,Congruent,CC6.png,24,Left,No,17.049,37.0,30.0,37,30,TRUE
wpi6t173k3427113063,2024-12-05_14h47.47.431,Congruent,P8.png,1,Right,Yes,27.021,76.0,40.0,41,20,FALSE
wpi6t173k3427113063,2024-12-05_14h47.47.431,Congruent,P7.png,2,Right,Yes,13.896,67.0,9.0,67,9,TRUE
wpi6t173k3427113063,2024-12-05_14h47.47.431,Congruent,P11.png,3,Right,No,15.151,23.0,18.0,23,18,TRUE
wpi6t173k3427113063,2024-12-05_14h47.47.431,Congruent,P10.png,4,Right,No,19.026,43.0,12.0,43,12,TRUE
wpi6t173k3427113063,2024-12-05_14h47.47.431,Congruent,P4.png,5,Left,No,12.345,47.0,24.0,71,12,FALSE
wpi6t173k3427113063,2024-12-05_14h47.47.431,Congruent,P5.png,6,Left,No,15.783,31.0,24.0,31,24,TRUE
wpi6t173k3427113063,2024-12-05_14h47.47.431,Congruent,P6.png,7,Left,No,14.333,98.0,48.0,49,24,TRUE
wpi6t173k3427113063,2024-12-05_14h47.47.431,Congruent,P2.png,8,Left,Yes,31.672,46.0,15.0,28,15,FALSE
wpi6t173k3427113063,2024-12-05_14h47.47.431,Congruent,P3.png,9,Left,Yes,22.711,21.0,20.0,21,20,TRUE
wpi6t173k3427113063,2024-12-05_14h47.47.431,Congruent,P9.png,10,Right,Yes,20.108,33.0,14.0,33,14,TRUE
wpi6t173k3427113063,2024-12-05_14h47.47.431,Congruent,P12.png,11,Right,No,15.871,18.0,144.0,51,28,FALSE
wpi6t173k3427113063,2024-12-05_14h47.47.431,Congruent,P1.png,12,Left,Yes,15.417,31.0,20.0,31,20,TRUE
wpi6t173k3427113063,2024-12-05_14h47.47.431,Congruent,CC2.png,13,Left,Yes,20.758,41.0,21.0,41,21,TRUE
wpi6t173k3427113063,2024-12-05_14h47.47.431,Congruent,CC4.png,14,Left,No,13.575,21.0,8.0,49,16,FALSE
wpi6t173k3427113063,2024-12-05_14h47.47.431,Congruent,CC8.png,15,Right,Yes,22.934,50.0,42.0,25,21,TRUE
wpi6t173k3427113063,2024-12-05_14h47.47.431,Congruent,CC10.png,16,Right,No,15.634,37.0,16.0,37,16,TRUE
wpi6t173k3427113063,2024-12-05_14h47.47.431,Congruent,CC9.png,17,Right,Yes,11.424,18.0,14.0,43,14,FALSE
wpi6t173k3427113063,2024-12-05_14h47.47.431,Congruent,CC6.png,18,Left,No,16.084,37.0,30.0,37,30,TRUE
wpi6t173k3427113063,2024-12-05_14h47.47.431,Congruent,CC1.png,19,Left,Yes,14.267,29.0,4.0,29,4,TRUE
wpi6t173k3427113063,2024-12-05_14h47.47.431,Congruent,CC11.png,20,Right,No,15.321,19.0,24.0,19,24,TRUE
wpi6t173k3427113063,2024-12-05_14h47.47.431,Congruent,CC12.png,21,Right,No,24.928,146.0,24.0,73,12,TRUE
wpi6t173k3427113063,2024-12-05_14h47.47.431,Congruent,CC7.png,22,Right,Yes,27.909,57.0,30.0,19,10,TRUE
wpi6t173k3427113063,2024-12-05_14h47.47.431,Congruent,CC5.png,23,Left,No,12.371,29.0,18.0,29,18,TRUE
wpi6t173k3427113063,2024-12-05_14h47.47.431,Congruent,CC3.png,24,Left,Yes,20.429,86.0,36.0,89,36,FALSE
wpi6t17m46413387483,2025-05-04_23h07.38.074,Congruent,P6.png,1,Left,No,64.3754,49.0,24.0,49,24,TRUE
wpi6t17m46413387483,2025-05-04_23h07.38.074,Congruent,P2.png,2,Left,Yes,45.6933,28.0,15.0,28,15,TRUE
wpi6t17m46413387483,2025-05-04_23h07.38.074,Congruent,P8.png,3,Right,Yes,40.5461,41.0,20.0,41,20,TRUE
wpi6t17m46413387483,2025-05-04_23h07.38.074,Congruent,P3.png,4,Left,Yes,23.3068,25.0,20.0,21,20,FALSE
wpi6t17m46413387483,2025-05-04_23h07.38.074,Congruent,P10.png,5,Right,No,15.4569,20.0,12.0,43,12,FALSE
wpi6t17m46413387483,2025-05-04_23h07.38.074,Congruent,P5.png,6,Left,No,32.185,31.0,24.0,31,24,TRUE
wpi6t17m46413387483,2025-05-04_23h07.38.074,Congruent,P1.png,7,Left,Yes,20.7887,31.0,20.0,31,20,TRUE
wpi6t17m46413387483,2025-05-04_23h07.38.074,Congruent,P9.png,8,Right,Yes,31.9704,33.0,14.0,33,14,TRUE
wpi6t17m46413387483,2025-05-04_23h07.38.074,Congruent,P11.png,9,Right,No,45.1115,23.0,18.0,23,18,TRUE
wpi6t17m46413387483,2025-05-04_23h07.38.074,Congruent,P12.png,10,Right,No,67.0358,66.0,28.0,51,28,FALSE
wpi6t17m46413387483,2025-05-04_23h07.38.074,Congruent,P4.png,11,Left,No,13.9227,71.0,12.0,71,12,TRUE
wpi6t17m46413387483,2025-05-04_23h07.38.074,Congruent,P7.png,12,Right,Yes,22.8944,67.0,9.0,67,9,TRUE
wpi6t17m46413387483,2025-05-04_23h07.38.074,Congruent,CC1.png,13,Left,Yes,14.8941,29.0,4.0,29,4,TRUE
wpi6t17m46413387483,2025-05-04_23h07.38.074,Congruent,CC2.png,14,Left,Yes,55.8415,41.0,21.0,41,21,TRUE
wpi6t17m46413387483,2025-05-04_23h07.38.074,Congruent,CC8.png,15,Right,Yes,22.8705,25.0,21.0,25,21,TRUE
wpi6t17m46413387483,2025-05-04_23h07.38.074,Congruent,CC3.png,16,Left,Yes,31.6207,89.0,36.0,89,36,TRUE
wpi6t17m46413387483,2025-05-04_23h07.38.074,Congruent,CC7.png,17,Right,Yes,18.2865,19.0,10.0,19,10,TRUE
wpi6t17m46413387483,2025-05-04_23h07.38.074,Congruent,CC10.png,18,Right,No,13.0257,37.0,16.0,37,16,TRUE
wpi6t17m46413387483,2025-05-04_23h07.38.074,Congruent,CC12.png,19,Right,No,43.6632,73.0,12.0,73,12,TRUE
wpi6t17m46413387483,2025-05-04_23h07.38.074,Congruent,CC6.png,20,Left,No,25.3367,37.0,30.0,37,30,TRUE
wpi6t17m46413387483,2025-05-04_23h07.38.074,Congruent,CC4.png,21,Left,No,14.3572,49.0,16.0,49,16,TRUE
wpi6t17m46413387483,2025-05-04_23h07.38.074,Congruent,CC9.png,22,Right,Yes,31.2522,43.0,14.0,43,14,TRUE
wpi6t17m46413387483,2025-05-04_23h07.38.074,Congruent,CC11.png,23,Right,No,28.5007,19.0,24.0,19,24,TRUE
wpi6t17m46413387483,2025-05-04_23h07.38.074,Congruent,CC5.png,24,Left,No,25.8935,29.0,18.0,29,18,TRUE
wpi6v17454312111y06,2025-04-23_14h23.39.629,Congruent,P6.png,1,Left,No,34.4864,1.0,2.0,49,24,FALSE
wpi6v17454312111y06,2025-04-23_14h23.39.629,Congruent,P4.png,2,Left,No,42.9554,50.0,12.0,71,12,FALSE
wpi6v17454312111y06,2025-04-23_14h23.39.629,Congruent,P3.png,3,Left,Yes,35.4807,17.0,20.0,21,20,FALSE
wpi6v17454312111y06,2025-04-23_14h23.39.629,Congruent,P1.png,4,Left,Yes,31.5889,31.0,20.0,31,20,TRUE
wpi6v17454312111y06,2025-04-23_14h23.39.629,Congruent,P10.png,5,Right,No,25.6371,24.0,18.0,43,12,FALSE
wpi6v17454312111y06,2025-04-23_14h23.39.629,Congruent,P7.png,6,Right,Yes,38.3957,67.0,9.0,67,9,TRUE
wpi6v17454312111y06,2025-04-23_14h23.39.629,Congruent,P5.png,7,Left,No,11.98,34.0,23.0,31,24,FALSE
wpi6v17454312111y06,2025-04-23_14h23.39.629,Congruent,P11.png,8,Right,No,25.579,24.0,12.0,23,18,FALSE
wpi6v17454312111y06,2025-04-23_14h23.39.629,Congruent,P2.png,9,Left,Yes,4.4512,34.0,21.0,28,15,FALSE
wpi6v17454312111y06,2025-04-23_14h23.39.629,Congruent,P9.png,10,Right,Yes,8.2796,67.0,12.0,33,14,FALSE
wpi6v17454312111y06,2025-04-23_14h23.39.629,Congruent,P12.png,11,Right,No,3.5409,45.0,21.0,51,28,FALSE
wpi6v17454312111y06,2025-04-23_14h23.39.629,Congruent,P8.png,12,Right,Yes,3.5221,56.0,22.0,41,20,FALSE
wpi6v17454312111y06,2025-04-23_14h23.39.629,Congruent,CC6.png,13,Left,No,29.2531,8.0,15.0,37,30,FALSE
wpi6v17454312111y06,2025-04-23_14h23.39.629,Congruent,CC11.png,14,Right,No,10.4714,3.0,8.0,19,24,FALSE
wpi6v17454312111y06,2025-04-23_14h23.39.629,Congruent,CC9.png,15,Right,Yes,8.8683,12.0,21.0,43,14,FALSE
wpi6v17454312111y06,2025-04-23_14h23.39.629,Congruent,CC5.png,16,Left,No,7.6011,5.0,6.0,29,18,FALSE
wpi6v17454312111y06,2025-04-23_14h23.39.629,Congruent,CC8.png,17,Right,Yes,8.589,12.0,14.0,25,21,FALSE
wpi6v17454312111y06,2025-04-23_14h23.39.629,Congruent,CC2.png,18,Left,Yes,5.6129,18.0,14.0,41,21,FALSE
wpi6v17454312111y06,2025-04-23_14h23.39.629,Congruent,CC7.png,19,Right,Yes,6.3837,24.0,20.0,19,10,FALSE
wpi6v17454312111y06,2025-04-23_14h23.39.629,Congruent,CC1.png,20,Left,Yes,12.0802,45.0,12.0,29,4,FALSE
wpi6v17454312111y06,2025-04-23_14h23.39.629,Congruent,CC10.png,21,Right,No,5.2767,15.0,8.0,37,16,FALSE
wpi6v17454312111y06,2025-04-23_14h23.39.629,Congruent,CC3.png,22,Left,Yes,6.9825,40.0,18.0,89,36,FALSE
wpi6v17454312111y06,2025-04-23_14h23.39.629,Congruent,CC12.png,23,Right,No,6.2551,35.0,6.0,73,12,FALSE
wpi6v17454312111y06,2025-04-23_14h23.39.629,Congruent,CC4.png,24,Left,No,8.9639,21.0,8.0,49,16,FALSE
wpi6v1o731016901691,2024-11-07_17h21.49.850,Incongruent,P4.png,1,Left,No,88.2866,63,12,71,12,FALSE
wpi6v1o731016901691,2024-11-07_17h21.49.850,Incongruent,P1.png,2,Left,Yes,55.7949,53,20,31,20,FALSE
wpi6v1o731016901691,2024-11-07_17h21.49.850,Incongruent,P8.png,3,Right,Yes,76.9614,605,20,41,20,FALSE
wpi6v1o731016901691,2024-11-07_17h21.49.850,Incongruent,P2.png,4,Left,Yes,323.5796,?,?,28,15,FALSE
wpi6v1o731016901691,2024-11-07_17h21.49.850,Incongruent,P12.png,5,Right,No,155.7928,1722,28,51,28,FALSE
wpi6v1o731016901691,2024-11-07_17h21.49.850,Incongruent,P7.png,6,Right,Yes,70.7563,2832,18,67,9,FALSE
wpi6v1o731016901691,2024-11-07_17h21.49.850,Incongruent,P10.png,7,Right,No,44.6444,165,6,43,12,FALSE
wpi6v1o731016901691,2024-11-07_17h21.49.850,Incongruent,P5.png,8,Left,No,141.0149,1344,24,31,24,FALSE
wpi6v1o731016901691,2024-11-07_17h21.49.850,Incongruent,P6.png,9,Left,No,42.6568,288,12,49,24,FALSE
wpi6v1o731016901691,2024-11-07_17h21.49.850,Incongruent,P9.png,10,Right,Yes,17.4104,?,?,33,14,FALSE
wpi6v1o731016901691,2024-11-07_17h21.49.850,Incongruent,P11.png,11,Right,No,69.8653,342,18,23,18,FALSE
wpi6v1o731016901691,2024-11-07_17h21.49.850,Incongruent,P3.png,12,Left,Yes,21.6774,?,?,21,20,FALSE
wpi6v1o731016901691,2024-11-07_17h21.49.850,Incongruent,IC4.png,13,Left,No,55.0857,1026,16,49,16,FALSE
wpi6v1o731016901691,2024-11-07_17h21.49.850,Incongruent,IC8.png,14,Right,Yes,131.043,?,?,25,21,FALSE
wpi6v1o731016901691,2024-11-07_17h21.49.850,Incongruent,IC12.png,15,Right,No,68.7154,900,12,73,12,FALSE
wpi6v1o731016901691,2024-11-07_17h21.49.850,Incongruent,IC2.png,16,Left,Yes,5.58,?,?,41,21,FALSE
wpi6v1o731016901691,2024-11-07_17h21.49.850,Incongruent,IC5.png,17,Left,No,34.8148,900,18,29,18,FALSE
wpi6v1o731016901691,2024-11-07_17h21.49.850,Incongruent,IC9.png,18,Right,Yes,4.0638,?,?,43,14,FALSE
wpi6v1o731016901691,2024-11-07_17h21.49.850,Incongruent,IC3.png,19,Left,Yes,25.4643,?,?,89,36,FALSE
wpi6v1o731016901691,2024-11-07_17h21.49.850,Incongruent,IC7.png,20,Right,Yes,53.6473,690,20,19,10,FALSE
wpi6v1o731016901691,2024-11-07_17h21.49.850,Incongruent,IC6.png,21,Left,No,45.696,181,30,37,30,FALSE
wpi6v1o731016901691,2024-11-07_17h21.49.850,Incongruent,IC10.png,22,Right,No,56.614,648,16,37,16,FALSE
wpi6v1o731016901691,2024-11-07_17h21.49.850,Incongruent,IC1.png,23,Left,Yes,100.4123,2244,24,29,4,FALSE
wpi6v1o731016901691,2024-11-07_17h21.49.850,Incongruent,IC11.png,24,Right,No,72.8103,12,1,19,24,FALSE
wpi6w17461b34984811,2025-05-01_17h47.34.005,Congruent,P8.png,1,Right,Yes,56.0876,41.0,20.0,41,20,TRUE
wpi6w17461b34984811,2025-05-01_17h47.34.005,Congruent,P5.png,2,Left,No,17.6965,31.0,24.0,31,24,TRUE
wpi6w17461b34984811,2025-05-01_17h47.34.005,Congruent,P12.png,3,Right,No,29.6259,51.0,28.0,51,28,TRUE
wpi6w17461b34984811,2025-05-01_17h47.34.005,Congruent,P7.png,4,Right,Yes,20.0308,134.0,18.0,67,9,TRUE
wpi6w17461b34984811,2025-05-01_17h47.34.005,Congruent,P9.png,5,Right,Yes,48.2532,99.0,42.0,33,14,TRUE
wpi6w17461b34984811,2025-05-01_17h47.34.005,Congruent,P1.png,6,Left,Yes,12.8853,31.0,20.0,31,20,TRUE
wpi6w17461b34984811,2025-05-01_17h47.34.005,Congruent,P6.png,7,Left,No,22.1835,29.0,24.0,49,24,FALSE
wpi6w17461b34984811,2025-05-01_17h47.34.005,Congruent,P2.png,8,Left,Yes,67.636,112.0,60.0,28,15,TRUE
wpi6w17461b34984811,2025-05-01_17h47.34.005,Congruent,P3.png,9,Left,Yes,46.9068,63.0,60.0,21,20,TRUE
wpi6w17461b34984811,2025-05-01_17h47.34.005,Congruent,P11.png,10,Right,No,28.7396,23.0,18.0,23,18,TRUE
wpi6w17461b34984811,2025-05-01_17h47.34.005,Congruent,P10.png,11,Right,No,14.5141,43.0,12.0,43,12,TRUE
wpi6w17461b34984811,2025-05-01_17h47.34.005,Congruent,P4.png,12,Left,No,13.4468,71.0,12.0,71,12,TRUE
wpi6w17461b34984811,2025-05-01_17h47.34.005,Congruent,CC8.png,13,Right,Yes,51.8054,26.0,42.0,25,21,FALSE
wpi6w17461b34984811,2025-05-01_17h47.34.005,Congruent,CC5.png,14,Left,No,26.1605,29.0,18.0,29,18,TRUE
wpi6w17461b34984811,2025-05-01_17h47.34.005,Congruent,CC9.png,15,Right,Yes,80.2664,129.0,42.0,43,14,TRUE
wpi6w17461b34984811,2025-05-01_17h47.34.005,Congruent,CC6.png,16,Left,No,21.126,37.0,30.0,37,30,TRUE
wpi6w17461b34984811,2025-05-01_17h47.34.005,Congruent,CC10.png,17,Right,No,13.3143,37.0,16.0,37,16,TRUE
wpi6w17461b34984811,2025-05-01_17h47.34.005,Congruent,CC12.png,18,Right,No,19.9037,73.0,12.0,73,12,TRUE
wpi6w17461b34984811,2025-05-01_17h47.34.005,Congruent,CC4.png,19,Left,No,13.1713,49.0,16.0,49,16,TRUE
wpi6w17461b34984811,2025-05-01_17h47.34.005,Congruent,CC3.png,20,Left,Yes,23.1232,89.0,36.0,89,36,TRUE
wpi6w17461b34984811,2025-05-01_17h47.34.005,Congruent,CC11.png,21,Right,No,15.5103,19.0,24.0,19,24,TRUE
wpi6w17461b34984811,2025-05-01_17h47.34.005,Congruent,CC2.png,22,Left,Yes,46.7108,82.0,42.0,41,21,TRUE
wpi6w17461b34984811,2025-05-01_17h47.34.005,Congruent,CC1.png,23,Left,Yes,18.8347,87.0,12.0,29,4,TRUE
wpi6w17461b34984811,2025-05-01_17h47.34.005,Congruent,CC7.png,24,Right,Yes,11.9824,38.0,20.0,19,10,TRUE
wpi6y173o3868476910,2024-12-10_18h06.33.679,Incongruent,P2.png,1,Left,Yes,105.1735,28.0,15.0,28,15,TRUE
wpi6y173o3868476910,2024-12-10_18h06.33.679,Incongruent,P8.png,2,Right,Yes,46.1138,41.0,20.0,41,20,TRUE
wpi6y173o3868476910,2024-12-10_18h06.33.679,Incongruent,P4.png,3,Left,No,31.1382,71.0,12.0,71,12,TRUE
wpi6y173o3868476910,2024-12-10_18h06.33.679,Incongruent,P7.png,4,Right,Yes,60.5461,149.0,18.0,67,9,FALSE
wpi6y173o3868476910,2024-12-10_18h06.33.679,Incongruent,P3.png,5,Left,Yes,150.4942,63.0,60.0,21,20,TRUE
wpi6y173o3868476910,2024-12-10_18h06.33.679,Incongruent,P6.png,6,Left,No,48.5749,49.0,24.0,49,24,TRUE
wpi6y173o3868476910,2024-12-10_18h06.33.679,Incongruent,P12.png,7,Right,No,35.8262,51.0,28.0,51,28,TRUE
wpi6y173o3868476910,2024-12-10_18h06.33.679,Incongruent,P10.png,8,Right,No,19.2653,43.0,12.0,43,12,TRUE
wpi6y173o3868476910,2024-12-10_18h06.33.679,Incongruent,P11.png,9,Right,No,29.5769,23.0,18.0,23,18,TRUE
wpi6y173o3868476910,2024-12-10_18h06.33.679,Incongruent,P5.png,10,Left,No,22.2266,31.0,24.0,31,24,TRUE
wpi6y173o3868476910,2024-12-10_18h06.33.679,Incongruent,P9.png,11,Right,Yes,49.3297,99.0,42.0,33,14,TRUE
wpi6y173o3868476910,2024-12-10_18h06.33.679,Incongruent,P1.png,12,Left,Yes,15.124,31.0,20.0,31,20,TRUE
wpi6y173o3868476910,2024-12-10_18h06.33.679,Incongruent,IC12.png,13,Right,No,34.9391,73.0,12.0,73,12,TRUE
wpi6y173o3868476910,2024-12-10_18h06.33.679,Incongruent,IC11.png,14,Right,No,28.5272,19.0,24.0,19,24,TRUE
wpi6y173o3868476910,2024-12-10_18h06.33.679,Incongruent,IC8.png,15,Right,Yes,95.1515,50.0,42.0,25,21,TRUE
wpi6y173o3868476910,2024-12-10_18h06.33.679,Incongruent,IC9.png,16,Right,Yes,50.6909,129.0,42.0,43,14,TRUE
wpi6y173o3868476910,2024-12-10_18h06.33.679,Incongruent,IC6.png,17,Left,No,40.4756,37.0,30.0,37,30,TRUE
wpi6y173o3868476910,2024-12-10_18h06.33.679,Incongruent,IC4.png,18,Left,No,17.3433,49.0,16.0,49,16,TRUE
wpi6y173o3868476910,2024-12-10_18h06.33.679,Incongruent,IC5.png,19,Left,No,16.5943,29.0,18.0,29,18,TRUE
wpi6y173o3868476910,2024-12-10_18h06.33.679,Incongruent,IC2.png,20,Left,Yes,70.8125,82.0,42.0,41,21,TRUE
wpi6y173o3868476910,2024-12-10_18h06.33.679,Incongruent,IC3.png,21,Left,Yes,28.2259,89.0,36.0,89,36,TRUE
wpi6y173o3868476910,2024-12-10_18h06.33.679,Incongruent,IC7.png,22,Right,Yes,21.8258,38.0,20.0,19,10,TRUE
wpi6y173o3868476910,2024-12-10_18h06.33.679,Incongruent,IC10.png,23,Right,No,13.7308,37.0,16.0,37,16,TRUE
wpi6y173o3868476910,2024-12-10_18h06.33.679,Incongruent,IC1.png,24,Left,Yes,30.2428,87.0,12.0,29,4,TRUE
